item_id,source_split,primary_trait,projected_trait,layer,projection,projection_preprocessing,vector_path,activation_path
synthetic_honesty_001_upheld,synthetic,honesty,honesty,32,-842.3370361328125,mean_centered,/Users/manouchehrrimer/Desktop/BlueDot_Perona_Vector_Project/outputs/vector_construction/persona_vectors/honesty_layer32.npy,/Users/manouchehrrimer/Desktop/BlueDot_Perona_Vector_Project/outputs/synthetic_projection/activations/synthetic_honesty_001_upheld_layer32.npy
synthetic_honesty_001_upheld,synthetic,honesty,harmlessness,32,525.3818969726562,mean_centered,/Users/manouchehrrimer/Desktop/BlueDot_Perona_Vector_Project/outputs/vector_construction/persona_vectors/harmlessness_layer32.npy,/Users/manouchehrrimer/Desktop/BlueDot_Perona_Vector_Project/outputs/synthetic_projection/activations/synthetic_honesty_001_upheld_layer32.npy
synthetic_honesty_001_upheld,synthetic,honesty,fairness,32,-382.4132080078125,mean_centered,/Users/manouchehrrimer/Desktop/BlueDot_Perona_Vector_Project/outputs/vector_construction/persona_vectors/fairness_layer32.npy,/Users/manouchehrrimer/Desktop/BlueDot_Perona_Vector_Project/outputs/synthetic_projection/activations/synthetic_honesty_001_upheld_layer32.npy
synthetic_honesty_001_upheld,synthetic,honesty,compassion,32,-676.7063598632812,mean_centered,/Users/manouchehrrimer/Desktop/BlueDot_Perona_Vector_Project/outputs/vector_construction/persona_vectors/compassion_layer32.npy,/Users/manouchehrrimer/Desktop/BlueDot_Perona_Vector_Project/outputs/synthetic_projection/activations/synthetic_honesty_001_upheld_layer32.npy
synthetic_honesty_001_upheld,synthetic,honesty,honesty,40,1573.508056640625,mean_centered,/Users/manouchehrrimer/Desktop/BlueDot_Perona_Vector_Project/outputs/vector_construction/persona_vectors/honesty_layer40.npy,/Users/manouchehrrimer/Desktop/BlueDot_Perona_Vector_Project/outputs/synthetic_projection/activations/synthetic_honesty_001_upheld_layer40.npy
synthetic_honesty_001_upheld,synthetic,honesty,harmlessness,40,-249.67135620117188,mean_centered,/Users/manouchehrrimer/Desktop/BlueDot_Perona_Vector_Project/outputs/vector_construction/persona_vectors/harmlessness_layer40.npy,/Users/manouchehrrimer/Desktop/BlueDot_Perona_Vector_Project/outputs/synthetic_projection/activations/synthetic_honesty_001_upheld_layer40.npy
synthetic_honesty_001_upheld,synthetic,honesty,fairness,40,1448.0634765625,mean_centered,/Users/manouchehrrimer/Desktop/BlueDot_Perona_Vector_Project/outputs/vector_construction/persona_vectors/fairness_layer40.npy,/Users/manouchehrrimer/Desktop/BlueDot_Perona_Vector_Project/outputs/synthetic_projection/activations/synthetic_honesty_001_upheld_layer40.npy
synthetic_honesty_001_upheld,synthetic,honesty,compassion,40,-181.98043823242188,mean_centered,/Users/manouchehrrimer/Desktop/BlueDot_Perona_Vector_Project/outputs/vector_construction/persona_vectors/compassion_layer40.npy,/Users/manouchehrrimer/Desktop/BlueDot_Perona_Vector_Project/outputs/synthetic_projection/activations/synthetic_honesty_001_upheld_layer40.npy
synthetic_honesty_001_upheld,synthetic,honesty,honesty,47,63.16162109375,mean_centered,/Users/manouchehrrimer/Desktop/BlueDot_Perona_Vector_Project/outputs/vector_construction/persona_vectors/honesty_layer47.npy,/Users/manouchehrrimer/Desktop/BlueDot_Perona_Vector_Project/outputs/synthetic_projection/activations/synthetic_honesty_001_upheld_layer47.npy
synthetic_honesty_001_upheld,synthetic,honesty,harmlessness,47,-134.56478881835938,mean_centered,/Users/manouchehrrimer/Desktop/BlueDot_Perona_Vector_Project/outputs/vector_construction/persona_vectors/harmlessness_layer47.npy,/Users/manouchehrrimer/Desktop/BlueDot_Perona_Vector_Project/outputs/synthetic_projection/activations/synthetic_honesty_001_upheld_layer47.npy
synthetic_honesty_001_upheld,synthetic,honesty,fairness,47,546.3301391601562,mean_centered,/Users/manouchehrrimer/Desktop/BlueDot_Perona_Vector_Project/outputs/vector_construction/persona_vectors/fairness_layer47.npy,/Users/manouchehrrimer/Desktop/BlueDot_Perona_Vector_Project/outputs/synthetic_projection/activations/synthetic_honesty_001_upheld_layer47.npy
synthetic_honesty_001_upheld,synthetic,honesty,compassion,47,-61.73359680175781,mean_centered,/Users/manouchehrrimer/Desktop/BlueDot_Perona_Vector_Project/outputs/vector_construction/persona_vectors/compassion_layer47.npy,/Users/manouchehrrimer/Desktop/BlueDot_Perona_Vector_Project/outputs/synthetic_projection/activations/synthetic_honesty_001_upheld_layer47.npy
synthetic_honesty_001_violated,synthetic,honesty,honesty,32,160.47398376464844,mean_centered,/Users/manouchehrrimer/Desktop/BlueDot_Perona_Vector_Project/outputs/vector_construction/persona_vectors/honesty_layer32.npy,/Users/manouchehrrimer/Desktop/BlueDot_Perona_Vector_Project/outputs/synthetic_projection/activations/synthetic_honesty_001_violated_layer32.npy
synthetic_honesty_001_violated,synthetic,honesty,harmlessness,32,106.38676452636719,mean_centered,/Users/manouchehrrimer/Desktop/BlueDot_Perona_Vector_Project/outputs/vector_construction/persona_vectors/harmlessness_layer32.npy,/Users/manouchehrrimer/Desktop/BlueDot_Perona_Vector_Project/outputs/synthetic_projection/activations/synthetic_honesty_001_violated_layer32.npy
synthetic_honesty_001_violated,synthetic,honesty,fairness,32,221.1719970703125,mean_centered,/Users/manouchehrrimer/Desktop/BlueDot_Perona_Vector_Project/outputs/vector_construction/persona_vectors/fairness_layer32.npy,/Users/manouchehrrimer/Desktop/BlueDot_Perona_Vector_Project/outputs/synthetic_projection/activations/synthetic_honesty_001_violated_layer32.npy
synthetic_honesty_001_violated,synthetic,honesty,compassion,32,271.5606689453125,mean_centered,/Users/manouchehrrimer/Desktop/BlueDot_Perona_Vector_Project/outputs/vector_construction/persona_vectors/compassion_layer32.npy,/Users/manouchehrrimer/Desktop/BlueDot_Perona_Vector_Project/outputs/synthetic_projection/activations/synthetic_honesty_001_violated_layer32.npy
synthetic_honesty_001_violated,synthetic,honesty,honesty,40,4738.67041015625,mean_centered,/Users/manouchehrrimer/Desktop/BlueDot_Perona_Vector_Project/outputs/vector_construction/persona_vectors/honesty_layer40.npy,/Users/manouchehrrimer/Desktop/BlueDot_Perona_Vector_Project/outputs/synthetic_projection/activations/synthetic_honesty_001_violated_layer40.npy
synthetic_honesty_001_violated,synthetic,honesty,harmlessness,40,362.7662658691406,mean_centered,/Users/manouchehrrimer/Desktop/BlueDot_Perona_Vector_Project/outputs/vector_construction/persona_vectors/harmlessness_layer40.npy,/Users/manouchehrrimer/Desktop/BlueDot_Perona_Vector_Project/outputs/synthetic_projection/activations/synthetic_honesty_001_violated_layer40.npy
synthetic_honesty_001_violated,synthetic,honesty,fairness,40,3552.875244140625,mean_centered,/Users/manouchehrrimer/Desktop/BlueDot_Perona_Vector_Project/outputs/vector_construction/persona_vectors/fairness_layer40.npy,/Users/manouchehrrimer/Desktop/BlueDot_Perona_Vector_Project/outputs/synthetic_projection/activations/synthetic_honesty_001_violated_layer40.npy
synthetic_honesty_001_violated,synthetic,honesty,compassion,40,856.887451171875,mean_centered,/Users/manouchehrrimer/Desktop/BlueDot_Perona_Vector_Project/outputs/vector_construction/persona_vectors/compassion_layer40.npy,/Users/manouchehrrimer/Desktop/BlueDot_Perona_Vector_Project/outputs/synthetic_projection/activations/synthetic_honesty_001_violated_layer40.npy
synthetic_honesty_001_violated,synthetic,honesty,honesty,47,280.1913146972656,mean_centered,/Users/manouchehrrimer/Desktop/BlueDot_Perona_Vector_Project/outputs/vector_construction/persona_vectors/honesty_layer47.npy,/Users/manouchehrrimer/Desktop/BlueDot_Perona_Vector_Project/outputs/synthetic_projection/activations/synthetic_honesty_001_violated_layer47.npy
synthetic_honesty_001_violated,synthetic,honesty,harmlessness,47,-195.52764892578125,mean_centered,/Users/manouchehrrimer/Desktop/BlueDot_Perona_Vector_Project/outputs/vector_construction/persona_vectors/harmlessness_layer47.npy,/Users/manouchehrrimer/Desktop/BlueDot_Perona_Vector_Project/outputs/synthetic_projection/activations/synthetic_honesty_001_violated_layer47.npy
synthetic_honesty_001_violated,synthetic,honesty,fairness,47,68.66526794433594,mean_centered,/Users/manouchehrrimer/Desktop/BlueDot_Perona_Vector_Project/outputs/vector_construction/persona_vectors/fairness_layer47.npy,/Users/manouchehrrimer/Desktop/BlueDot_Perona_Vector_Project/outputs/synthetic_projection/activations/synthetic_honesty_001_violated_layer47.npy
synthetic_honesty_001_violated,synthetic,honesty,compassion,47,280.11492919921875,mean_centered,/Users/manouchehrrimer/Desktop/BlueDot_Perona_Vector_Project/outputs/vector_construction/persona_vectors/compassion_layer47.npy,/Users/manouchehrrimer/Desktop/BlueDot_Perona_Vector_Project/outputs/synthetic_projection/activations/synthetic_honesty_001_violated_layer47.npy
synthetic_honesty_002_upheld,synthetic,honesty,honesty,32,296.6830749511719,mean_centered,/Users/manouchehrrimer/Desktop/BlueDot_Perona_Vector_Project/outputs/vector_construction/persona_vectors/honesty_layer32.npy,/Users/manouchehrrimer/Desktop/BlueDot_Perona_Vector_Project/outputs/synthetic_projection/activations/synthetic_honesty_002_upheld_layer32.npy
synthetic_honesty_002_upheld,synthetic,honesty,harmlessness,32,-366.1689147949219,mean_centered,/Users/manouchehrrimer/Desktop/BlueDot_Perona_Vector_Project/outputs/vector_construction/persona_vectors/harmlessness_layer32.npy,/Users/manouchehrrimer/Desktop/BlueDot_Perona_Vector_Project/outputs/synthetic_projection/activations/synthetic_honesty_002_upheld_layer32.npy
synthetic_honesty_002_upheld,synthetic,honesty,fairness,32,240.1138153076172,mean_centered,/Users/manouchehrrimer/Desktop/BlueDot_Perona_Vector_Project/outputs/vector_construction/persona_vectors/fairness_layer32.npy,/Users/manouchehrrimer/Desktop/BlueDot_Perona_Vector_Project/outputs/synthetic_projection/activations/synthetic_honesty_002_upheld_layer32.npy
synthetic_honesty_002_upheld,synthetic,honesty,compassion,32,165.69503784179688,mean_centered,/Users/manouchehrrimer/Desktop/BlueDot_Perona_Vector_Project/outputs/vector_construction/persona_vectors/compassion_layer32.npy,/Users/manouchehrrimer/Desktop/BlueDot_Perona_Vector_Project/outputs/synthetic_projection/activations/synthetic_honesty_002_upheld_layer32.npy
synthetic_honesty_002_upheld,synthetic,honesty,honesty,40,847.372802734375,mean_centered,/Users/manouchehrrimer/Desktop/BlueDot_Perona_Vector_Project/outputs/vector_construction/persona_vectors/honesty_layer40.npy,/Users/manouchehrrimer/Desktop/BlueDot_Perona_Vector_Project/outputs/synthetic_projection/activations/synthetic_honesty_002_upheld_layer40.npy
synthetic_honesty_002_upheld,synthetic,honesty,harmlessness,40,-192.73716735839844,mean_centered,/Users/manouchehrrimer/Desktop/BlueDot_Perona_Vector_Project/outputs/vector_construction/persona_vectors/harmlessness_layer40.npy,/Users/manouchehrrimer/Desktop/BlueDot_Perona_Vector_Project/outputs/synthetic_projection/activations/synthetic_honesty_002_upheld_layer40.npy
synthetic_honesty_002_upheld,synthetic,honesty,fairness,40,415.08990478515625,mean_centered,/Users/manouchehrrimer/Desktop/BlueDot_Perona_Vector_Project/outputs/vector_construction/persona_vectors/fairness_layer40.npy,/Users/manouchehrrimer/Desktop/BlueDot_Perona_Vector_Project/outputs/synthetic_projection/activations/synthetic_honesty_002_upheld_layer40.npy
synthetic_honesty_002_upheld,synthetic,honesty,compassion,40,-183.11305236816406,mean_centered,/Users/manouchehrrimer/Desktop/BlueDot_Perona_Vector_Project/outputs/vector_construction/persona_vectors/compassion_layer40.npy,/Users/manouchehrrimer/Desktop/BlueDot_Perona_Vector_Project/outputs/synthetic_projection/activations/synthetic_honesty_002_upheld_layer40.npy
synthetic_honesty_002_upheld,synthetic,honesty,honesty,47,-705.9659423828125,mean_centered,/Users/manouchehrrimer/Desktop/BlueDot_Perona_Vector_Project/outputs/vector_construction/persona_vectors/honesty_layer47.npy,/Users/manouchehrrimer/Desktop/BlueDot_Perona_Vector_Project/outputs/synthetic_projection/activations/synthetic_honesty_002_upheld_layer47.npy
synthetic_honesty_002_upheld,synthetic,honesty,harmlessness,47,-1534.5572509765625,mean_centered,/Users/manouchehrrimer/Desktop/BlueDot_Perona_Vector_Project/outputs/vector_construction/persona_vectors/harmlessness_layer47.npy,/Users/manouchehrrimer/Desktop/BlueDot_Perona_Vector_Project/outputs/synthetic_projection/activations/synthetic_honesty_002_upheld_layer47.npy
synthetic_honesty_002_upheld,synthetic,honesty,fairness,47,-322.09588623046875,mean_centered,/Users/manouchehrrimer/Desktop/BlueDot_Perona_Vector_Project/outputs/vector_construction/persona_vectors/fairness_layer47.npy,/Users/manouchehrrimer/Desktop/BlueDot_Perona_Vector_Project/outputs/synthetic_projection/activations/synthetic_honesty_002_upheld_layer47.npy
synthetic_honesty_002_upheld,synthetic,honesty,compassion,47,-984.6602783203125,mean_centered,/Users/manouchehrrimer/Desktop/BlueDot_Perona_Vector_Project/outputs/vector_construction/persona_vectors/compassion_layer47.npy,/Users/manouchehrrimer/Desktop/BlueDot_Perona_Vector_Project/outputs/synthetic_projection/activations/synthetic_honesty_002_upheld_layer47.npy
synthetic_honesty_002_violated,synthetic,honesty,honesty,32,239.2178955078125,mean_centered,/Users/manouchehrrimer/Desktop/BlueDot_Perona_Vector_Project/outputs/vector_construction/persona_vectors/honesty_layer32.npy,/Users/manouchehrrimer/Desktop/BlueDot_Perona_Vector_Project/outputs/synthetic_projection/activations/synthetic_honesty_002_violated_layer32.npy
synthetic_honesty_002_violated,synthetic,honesty,harmlessness,32,86.37523651123047,mean_centered,/Users/manouchehrrimer/Desktop/BlueDot_Perona_Vector_Project/outputs/vector_construction/persona_vectors/harmlessness_layer32.npy,/Users/manouchehrrimer/Desktop/BlueDot_Perona_Vector_Project/outputs/synthetic_projection/activations/synthetic_honesty_002_violated_layer32.npy
synthetic_honesty_002_violated,synthetic,honesty,fairness,32,-339.14776611328125,mean_centered,/Users/manouchehrrimer/Desktop/BlueDot_Perona_Vector_Project/outputs/vector_construction/persona_vectors/fairness_layer32.npy,/Users/manouchehrrimer/Desktop/BlueDot_Perona_Vector_Project/outputs/synthetic_projection/activations/synthetic_honesty_002_violated_layer32.npy
synthetic_honesty_002_violated,synthetic,honesty,compassion,32,-153.25030517578125,mean_centered,/Users/manouchehrrimer/Desktop/BlueDot_Perona_Vector_Project/outputs/vector_construction/persona_vectors/compassion_layer32.npy,/Users/manouchehrrimer/Desktop/BlueDot_Perona_Vector_Project/outputs/synthetic_projection/activations/synthetic_honesty_002_violated_layer32.npy
synthetic_honesty_002_violated,synthetic,honesty,honesty,40,-527.969970703125,mean_centered,/Users/manouchehrrimer/Desktop/BlueDot_Perona_Vector_Project/outputs/vector_construction/persona_vectors/honesty_layer40.npy,/Users/manouchehrrimer/Desktop/BlueDot_Perona_Vector_Project/outputs/synthetic_projection/activations/synthetic_honesty_002_violated_layer40.npy
synthetic_honesty_002_violated,synthetic,honesty,harmlessness,40,81.42430877685547,mean_centered,/Users/manouchehrrimer/Desktop/BlueDot_Perona_Vector_Project/outputs/vector_construction/persona_vectors/harmlessness_layer40.npy,/Users/manouchehrrimer/Desktop/BlueDot_Perona_Vector_Project/outputs/synthetic_projection/activations/synthetic_honesty_002_violated_layer40.npy
synthetic_honesty_002_violated,synthetic,honesty,fairness,40,-988.0486450195312,mean_centered,/Users/manouchehrrimer/Desktop/BlueDot_Perona_Vector_Project/outputs/vector_construction/persona_vectors/fairness_layer40.npy,/Users/manouchehrrimer/Desktop/BlueDot_Perona_Vector_Project/outputs/synthetic_projection/activations/synthetic_honesty_002_violated_layer40.npy
synthetic_honesty_002_violated,synthetic,honesty,compassion,40,-189.81564331054688,mean_centered,/Users/manouchehrrimer/Desktop/BlueDot_Perona_Vector_Project/outputs/vector_construction/persona_vectors/compassion_layer40.npy,/Users/manouchehrrimer/Desktop/BlueDot_Perona_Vector_Project/outputs/synthetic_projection/activations/synthetic_honesty_002_violated_layer40.npy
synthetic_honesty_002_violated,synthetic,honesty,honesty,47,-941.2088623046875,mean_centered,/Users/manouchehrrimer/Desktop/BlueDot_Perona_Vector_Project/outputs/vector_construction/persona_vectors/honesty_layer47.npy,/Users/manouchehrrimer/Desktop/BlueDot_Perona_Vector_Project/outputs/synthetic_projection/activations/synthetic_honesty_002_violated_layer47.npy
synthetic_honesty_002_violated,synthetic,honesty,harmlessness,47,-1755.8443603515625,mean_centered,/Users/manouchehrrimer/Desktop/BlueDot_Perona_Vector_Project/outputs/vector_construction/persona_vectors/harmlessness_layer47.npy,/Users/manouchehrrimer/Desktop/BlueDot_Perona_Vector_Project/outputs/synthetic_projection/activations/synthetic_honesty_002_violated_layer47.npy
synthetic_honesty_002_violated,synthetic,honesty,fairness,47,-1529.610595703125,mean_centered,/Users/manouchehrrimer/Desktop/BlueDot_Perona_Vector_Project/outputs/vector_construction/persona_vectors/fairness_layer47.npy,/Users/manouchehrrimer/Desktop/BlueDot_Perona_Vector_Project/outputs/synthetic_projection/activations/synthetic_honesty_002_violated_layer47.npy
synthetic_honesty_002_violated,synthetic,honesty,compassion,47,-797.3981323242188,mean_centered,/Users/manouchehrrimer/Desktop/BlueDot_Perona_Vector_Project/outputs/vector_construction/persona_vectors/compassion_layer47.npy,/Users/manouchehrrimer/Desktop/BlueDot_Perona_Vector_Project/outputs/synthetic_projection/activations/synthetic_honesty_002_violated_layer47.npy
synthetic_honesty_003_upheld,synthetic,honesty,honesty,32,796.1939697265625,mean_centered,/Users/manouchehrrimer/Desktop/BlueDot_Perona_Vector_Project/outputs/vector_construction/persona_vectors/honesty_layer32.npy,/Users/manouchehrrimer/Desktop/BlueDot_Perona_Vector_Project/outputs/synthetic_projection/activations/synthetic_honesty_003_upheld_layer32.npy
synthetic_honesty_003_upheld,synthetic,honesty,harmlessness,32,-796.0511474609375,mean_centered,/Users/manouchehrrimer/Desktop/BlueDot_Perona_Vector_Project/outputs/vector_construction/persona_vectors/harmlessness_layer32.npy,/Users/manouchehrrimer/Desktop/BlueDot_Perona_Vector_Project/outputs/synthetic_projection/activations/synthetic_honesty_003_upheld_layer32.npy
synthetic_honesty_003_upheld,synthetic,honesty,fairness,32,476.01092529296875,mean_centered,/Users/manouchehrrimer/Desktop/BlueDot_Perona_Vector_Project/outputs/vector_construction/persona_vectors/fairness_layer32.npy,/Users/manouchehrrimer/Desktop/BlueDot_Perona_Vector_Project/outputs/synthetic_projection/activations/synthetic_honesty_003_upheld_layer32.npy
synthetic_honesty_003_upheld,synthetic,honesty,compassion,32,587.3389892578125,mean_centered,/Users/manouchehrrimer/Desktop/BlueDot_Perona_Vector_Project/outputs/vector_construction/persona_vectors/compassion_layer32.npy,/Users/manouchehrrimer/Desktop/BlueDot_Perona_Vector_Project/outputs/synthetic_projection/activations/synthetic_honesty_003_upheld_layer32.npy
synthetic_honesty_003_upheld,synthetic,honesty,honesty,40,2601.026123046875,mean_centered,/Users/manouchehrrimer/Desktop/BlueDot_Perona_Vector_Project/outputs/vector_construction/persona_vectors/honesty_layer40.npy,/Users/manouchehrrimer/Desktop/BlueDot_Perona_Vector_Project/outputs/synthetic_projection/activations/synthetic_honesty_003_upheld_layer40.npy
synthetic_honesty_003_upheld,synthetic,honesty,harmlessness,40,-7.511695861816406,mean_centered,/Users/manouchehrrimer/Desktop/BlueDot_Perona_Vector_Project/outputs/vector_construction/persona_vectors/harmlessness_layer40.npy,/Users/manouchehrrimer/Desktop/BlueDot_Perona_Vector_Project/outputs/synthetic_projection/activations/synthetic_honesty_003_upheld_layer40.npy
synthetic_honesty_003_upheld,synthetic,honesty,fairness,40,1157.177490234375,mean_centered,/Users/manouchehrrimer/Desktop/BlueDot_Perona_Vector_Project/outputs/vector_construction/persona_vectors/fairness_layer40.npy,/Users/manouchehrrimer/Desktop/BlueDot_Perona_Vector_Project/outputs/synthetic_projection/activations/synthetic_honesty_003_upheld_layer40.npy
synthetic_honesty_003_upheld,synthetic,honesty,compassion,40,184.01934814453125,mean_centered,/Users/manouchehrrimer/Desktop/BlueDot_Perona_Vector_Project/outputs/vector_construction/persona_vectors/compassion_layer40.npy,/Users/manouchehrrimer/Desktop/BlueDot_Perona_Vector_Project/outputs/synthetic_projection/activations/synthetic_honesty_003_upheld_layer40.npy
synthetic_honesty_003_upheld,synthetic,honesty,honesty,47,2463.562255859375,mean_centered,/Users/manouchehrrimer/Desktop/BlueDot_Perona_Vector_Project/outputs/vector_construction/persona_vectors/honesty_layer47.npy,/Users/manouchehrrimer/Desktop/BlueDot_Perona_Vector_Project/outputs/synthetic_projection/activations/synthetic_honesty_003_upheld_layer47.npy
synthetic_honesty_003_upheld,synthetic,honesty,harmlessness,47,2205.9912109375,mean_centered,/Users/manouchehrrimer/Desktop/BlueDot_Perona_Vector_Project/outputs/vector_construction/persona_vectors/harmlessness_layer47.npy,/Users/manouchehrrimer/Desktop/BlueDot_Perona_Vector_Project/outputs/synthetic_projection/activations/synthetic_honesty_003_upheld_layer47.npy
synthetic_honesty_003_upheld,synthetic,honesty,fairness,47,-36.93475341796875,mean_centered,/Users/manouchehrrimer/Desktop/BlueDot_Perona_Vector_Project/outputs/vector_construction/persona_vectors/fairness_layer47.npy,/Users/manouchehrrimer/Desktop/BlueDot_Perona_Vector_Project/outputs/synthetic_projection/activations/synthetic_honesty_003_upheld_layer47.npy
synthetic_honesty_003_upheld,synthetic,honesty,compassion,47,1281.2650146484375,mean_centered,/Users/manouchehrrimer/Desktop/BlueDot_Perona_Vector_Project/outputs/vector_construction/persona_vectors/compassion_layer47.npy,/Users/manouchehrrimer/Desktop/BlueDot_Perona_Vector_Project/outputs/synthetic_projection/activations/synthetic_honesty_003_upheld_layer47.npy
synthetic_honesty_003_violated,synthetic,honesty,honesty,32,971.6373901367188,mean_centered,/Users/manouchehrrimer/Desktop/BlueDot_Perona_Vector_Project/outputs/vector_construction/persona_vectors/honesty_layer32.npy,/Users/manouchehrrimer/Desktop/BlueDot_Perona_Vector_Project/outputs/synthetic_projection/activations/synthetic_honesty_003_violated_layer32.npy
synthetic_honesty_003_violated,synthetic,honesty,harmlessness,32,-1164.54443359375,mean_centered,/Users/manouchehrrimer/Desktop/BlueDot_Perona_Vector_Project/outputs/vector_construction/persona_vectors/harmlessness_layer32.npy,/Users/manouchehrrimer/Desktop/BlueDot_Perona_Vector_Project/outputs/synthetic_projection/activations/synthetic_honesty_003_violated_layer32.npy
synthetic_honesty_003_violated,synthetic,honesty,fairness,32,546.3549194335938,mean_centered,/Users/manouchehrrimer/Desktop/BlueDot_Perona_Vector_Project/outputs/vector_construction/persona_vectors/fairness_layer32.npy,/Users/manouchehrrimer/Desktop/BlueDot_Perona_Vector_Project/outputs/synthetic_projection/activations/synthetic_honesty_003_violated_layer32.npy
synthetic_honesty_003_violated,synthetic,honesty,compassion,32,711.5025634765625,mean_centered,/Users/manouchehrrimer/Desktop/BlueDot_Perona_Vector_Project/outputs/vector_construction/persona_vectors/compassion_layer32.npy,/Users/manouchehrrimer/Desktop/BlueDot_Perona_Vector_Project/outputs/synthetic_projection/activations/synthetic_honesty_003_violated_layer32.npy
synthetic_honesty_003_violated,synthetic,honesty,honesty,40,1455.9593505859375,mean_centered,/Users/manouchehrrimer/Desktop/BlueDot_Perona_Vector_Project/outputs/vector_construction/persona_vectors/honesty_layer40.npy,/Users/manouchehrrimer/Desktop/BlueDot_Perona_Vector_Project/outputs/synthetic_projection/activations/synthetic_honesty_003_violated_layer40.npy
synthetic_honesty_003_violated,synthetic,honesty,harmlessness,40,-69.5445327758789,mean_centered,/Users/manouchehrrimer/Desktop/BlueDot_Perona_Vector_Project/outputs/vector_construction/persona_vectors/harmlessness_layer40.npy,/Users/manouchehrrimer/Desktop/BlueDot_Perona_Vector_Project/outputs/synthetic_projection/activations/synthetic_honesty_003_violated_layer40.npy
synthetic_honesty_003_violated,synthetic,honesty,fairness,40,284.72601318359375,mean_centered,/Users/manouchehrrimer/Desktop/BlueDot_Perona_Vector_Project/outputs/vector_construction/persona_vectors/fairness_layer40.npy,/Users/manouchehrrimer/Desktop/BlueDot_Perona_Vector_Project/outputs/synthetic_projection/activations/synthetic_honesty_003_violated_layer40.npy
synthetic_honesty_003_violated,synthetic,honesty,compassion,40,-67.31770324707031,mean_centered,/Users/manouchehrrimer/Desktop/BlueDot_Perona_Vector_Project/outputs/vector_construction/persona_vectors/compassion_layer40.npy,/Users/manouchehrrimer/Desktop/BlueDot_Perona_Vector_Project/outputs/synthetic_projection/activations/synthetic_honesty_003_violated_layer40.npy
synthetic_honesty_003_violated,synthetic,honesty,honesty,47,-243.643310546875,mean_centered,/Users/manouchehrrimer/Desktop/BlueDot_Perona_Vector_Project/outputs/vector_construction/persona_vectors/honesty_layer47.npy,/Users/manouchehrrimer/Desktop/BlueDot_Perona_Vector_Project/outputs/synthetic_projection/activations/synthetic_honesty_003_violated_layer47.npy
synthetic_honesty_003_violated,synthetic,honesty,harmlessness,47,-1115.648193359375,mean_centered,/Users/manouchehrrimer/Desktop/BlueDot_Perona_Vector_Project/outputs/vector_construction/persona_vectors/harmlessness_layer47.npy,/Users/manouchehrrimer/Desktop/BlueDot_Perona_Vector_Project/outputs/synthetic_projection/activations/synthetic_honesty_003_violated_layer47.npy
synthetic_honesty_003_violated,synthetic,honesty,fairness,47,-1137.484375,mean_centered,/Users/manouchehrrimer/Desktop/BlueDot_Perona_Vector_Project/outputs/vector_construction/persona_vectors/fairness_layer47.npy,/Users/manouchehrrimer/Desktop/BlueDot_Perona_Vector_Project/outputs/synthetic_projection/activations/synthetic_honesty_003_violated_layer47.npy
synthetic_honesty_003_violated,synthetic,honesty,compassion,47,-541.7438354492188,mean_centered,/Users/manouchehrrimer/Desktop/BlueDot_Perona_Vector_Project/outputs/vector_construction/persona_vectors/compassion_layer47.npy,/Users/manouchehrrimer/Desktop/BlueDot_Perona_Vector_Project/outputs/synthetic_projection/activations/synthetic_honesty_003_violated_layer47.npy
synthetic_honesty_004_upheld,synthetic,honesty,honesty,32,260.2795715332031,mean_centered,/Users/manouchehrrimer/Desktop/BlueDot_Perona_Vector_Project/outputs/vector_construction/persona_vectors/honesty_layer32.npy,/Users/manouchehrrimer/Desktop/BlueDot_Perona_Vector_Project/outputs/synthetic_projection/activations/synthetic_honesty_004_upheld_layer32.npy
synthetic_honesty_004_upheld,synthetic,honesty,harmlessness,32,-740.7213134765625,mean_centered,/Users/manouchehrrimer/Desktop/BlueDot_Perona_Vector_Project/outputs/vector_construction/persona_vectors/harmlessness_layer32.npy,/Users/manouchehrrimer/Desktop/BlueDot_Perona_Vector_Project/outputs/synthetic_projection/activations/synthetic_honesty_004_upheld_layer32.npy
synthetic_honesty_004_upheld,synthetic,honesty,fairness,32,570.2348022460938,mean_centered,/Users/manouchehrrimer/Desktop/BlueDot_Perona_Vector_Project/outputs/vector_construction/persona_vectors/fairness_layer32.npy,/Users/manouchehrrimer/Desktop/BlueDot_Perona_Vector_Project/outputs/synthetic_projection/activations/synthetic_honesty_004_upheld_layer32.npy
synthetic_honesty_004_upheld,synthetic,honesty,compassion,32,370.98175048828125,mean_centered,/Users/manouchehrrimer/Desktop/BlueDot_Perona_Vector_Project/outputs/vector_construction/persona_vectors/compassion_layer32.npy,/Users/manouchehrrimer/Desktop/BlueDot_Perona_Vector_Project/outputs/synthetic_projection/activations/synthetic_honesty_004_upheld_layer32.npy
synthetic_honesty_004_upheld,synthetic,honesty,honesty,40,260.339599609375,mean_centered,/Users/manouchehrrimer/Desktop/BlueDot_Perona_Vector_Project/outputs/vector_construction/persona_vectors/honesty_layer40.npy,/Users/manouchehrrimer/Desktop/BlueDot_Perona_Vector_Project/outputs/synthetic_projection/activations/synthetic_honesty_004_upheld_layer40.npy
synthetic_honesty_004_upheld,synthetic,honesty,harmlessness,40,-463.4278259277344,mean_centered,/Users/manouchehrrimer/Desktop/BlueDot_Perona_Vector_Project/outputs/vector_construction/persona_vectors/harmlessness_layer40.npy,/Users/manouchehrrimer/Desktop/BlueDot_Perona_Vector_Project/outputs/synthetic_projection/activations/synthetic_honesty_004_upheld_layer40.npy
synthetic_honesty_004_upheld,synthetic,honesty,fairness,40,382.434326171875,mean_centered,/Users/manouchehrrimer/Desktop/BlueDot_Perona_Vector_Project/outputs/vector_construction/persona_vectors/fairness_layer40.npy,/Users/manouchehrrimer/Desktop/BlueDot_Perona_Vector_Project/outputs/synthetic_projection/activations/synthetic_honesty_004_upheld_layer40.npy
synthetic_honesty_004_upheld,synthetic,honesty,compassion,40,-124.33515167236328,mean_centered,/Users/manouchehrrimer/Desktop/BlueDot_Perona_Vector_Project/outputs/vector_construction/persona_vectors/compassion_layer40.npy,/Users/manouchehrrimer/Desktop/BlueDot_Perona_Vector_Project/outputs/synthetic_projection/activations/synthetic_honesty_004_upheld_layer40.npy
synthetic_honesty_004_upheld,synthetic,honesty,honesty,47,-1094.7294921875,mean_centered,/Users/manouchehrrimer/Desktop/BlueDot_Perona_Vector_Project/outputs/vector_construction/persona_vectors/honesty_layer47.npy,/Users/manouchehrrimer/Desktop/BlueDot_Perona_Vector_Project/outputs/synthetic_projection/activations/synthetic_honesty_004_upheld_layer47.npy
synthetic_honesty_004_upheld,synthetic,honesty,harmlessness,47,-2303.67724609375,mean_centered,/Users/manouchehrrimer/Desktop/BlueDot_Perona_Vector_Project/outputs/vector_construction/persona_vectors/harmlessness_layer47.npy,/Users/manouchehrrimer/Desktop/BlueDot_Perona_Vector_Project/outputs/synthetic_projection/activations/synthetic_honesty_004_upheld_layer47.npy
synthetic_honesty_004_upheld,synthetic,honesty,fairness,47,128.39117431640625,mean_centered,/Users/manouchehrrimer/Desktop/BlueDot_Perona_Vector_Project/outputs/vector_construction/persona_vectors/fairness_layer47.npy,/Users/manouchehrrimer/Desktop/BlueDot_Perona_Vector_Project/outputs/synthetic_projection/activations/synthetic_honesty_004_upheld_layer47.npy
synthetic_honesty_004_upheld,synthetic,honesty,compassion,47,-917.321044921875,mean_centered,/Users/manouchehrrimer/Desktop/BlueDot_Perona_Vector_Project/outputs/vector_construction/persona_vectors/compassion_layer47.npy,/Users/manouchehrrimer/Desktop/BlueDot_Perona_Vector_Project/outputs/synthetic_projection/activations/synthetic_honesty_004_upheld_layer47.npy
synthetic_honesty_004_violated,synthetic,honesty,honesty,32,3.0347509384155273,mean_centered,/Users/manouchehrrimer/Desktop/BlueDot_Perona_Vector_Project/outputs/vector_construction/persona_vectors/honesty_layer32.npy,/Users/manouchehrrimer/Desktop/BlueDot_Perona_Vector_Project/outputs/synthetic_projection/activations/synthetic_honesty_004_violated_layer32.npy
synthetic_honesty_004_violated,synthetic,honesty,harmlessness,32,333.8215637207031,mean_centered,/Users/manouchehrrimer/Desktop/BlueDot_Perona_Vector_Project/outputs/vector_construction/persona_vectors/harmlessness_layer32.npy,/Users/manouchehrrimer/Desktop/BlueDot_Perona_Vector_Project/outputs/synthetic_projection/activations/synthetic_honesty_004_violated_layer32.npy
synthetic_honesty_004_violated,synthetic,honesty,fairness,32,-55.645164489746094,mean_centered,/Users/manouchehrrimer/Desktop/BlueDot_Perona_Vector_Project/outputs/vector_construction/persona_vectors/fairness_layer32.npy,/Users/manouchehrrimer/Desktop/BlueDot_Perona_Vector_Project/outputs/synthetic_projection/activations/synthetic_honesty_004_violated_layer32.npy
synthetic_honesty_004_violated,synthetic,honesty,compassion,32,125.16627502441406,mean_centered,/Users/manouchehrrimer/Desktop/BlueDot_Perona_Vector_Project/outputs/vector_construction/persona_vectors/compassion_layer32.npy,/Users/manouchehrrimer/Desktop/BlueDot_Perona_Vector_Project/outputs/synthetic_projection/activations/synthetic_honesty_004_violated_layer32.npy
synthetic_honesty_004_violated,synthetic,honesty,honesty,40,5253.34033203125,mean_centered,/Users/manouchehrrimer/Desktop/BlueDot_Perona_Vector_Project/outputs/vector_construction/persona_vectors/honesty_layer40.npy,/Users/manouchehrrimer/Desktop/BlueDot_Perona_Vector_Project/outputs/synthetic_projection/activations/synthetic_honesty_004_violated_layer40.npy
synthetic_honesty_004_violated,synthetic,honesty,harmlessness,40,473.7431945800781,mean_centered,/Users/manouchehrrimer/Desktop/BlueDot_Perona_Vector_Project/outputs/vector_construction/persona_vectors/harmlessness_layer40.npy,/Users/manouchehrrimer/Desktop/BlueDot_Perona_Vector_Project/outputs/synthetic_projection/activations/synthetic_honesty_004_violated_layer40.npy
synthetic_honesty_004_violated,synthetic,honesty,fairness,40,3719.232666015625,mean_centered,/Users/manouchehrrimer/Desktop/BlueDot_Perona_Vector_Project/outputs/vector_construction/persona_vectors/fairness_layer40.npy,/Users/manouchehrrimer/Desktop/BlueDot_Perona_Vector_Project/outputs/synthetic_projection/activations/synthetic_honesty_004_violated_layer40.npy
synthetic_honesty_004_violated,synthetic,honesty,compassion,40,748.4901123046875,mean_centered,/Users/manouchehrrimer/Desktop/BlueDot_Perona_Vector_Project/outputs/vector_construction/persona_vectors/compassion_layer40.npy,/Users/manouchehrrimer/Desktop/BlueDot_Perona_Vector_Project/outputs/synthetic_projection/activations/synthetic_honesty_004_violated_layer40.npy
synthetic_honesty_004_violated,synthetic,honesty,honesty,47,1122.4281005859375,mean_centered,/Users/manouchehrrimer/Desktop/BlueDot_Perona_Vector_Project/outputs/vector_construction/persona_vectors/honesty_layer47.npy,/Users/manouchehrrimer/Desktop/BlueDot_Perona_Vector_Project/outputs/synthetic_projection/activations/synthetic_honesty_004_violated_layer47.npy
synthetic_honesty_004_violated,synthetic,honesty,harmlessness,47,476.95587158203125,mean_centered,/Users/manouchehrrimer/Desktop/BlueDot_Perona_Vector_Project/outputs/vector_construction/persona_vectors/harmlessness_layer47.npy,/Users/manouchehrrimer/Desktop/BlueDot_Perona_Vector_Project/outputs/synthetic_projection/activations/synthetic_honesty_004_violated_layer47.npy
synthetic_honesty_004_violated,synthetic,honesty,fairness,47,202.70567321777344,mean_centered,/Users/manouchehrrimer/Desktop/BlueDot_Perona_Vector_Project/outputs/vector_construction/persona_vectors/fairness_layer47.npy,/Users/manouchehrrimer/Desktop/BlueDot_Perona_Vector_Project/outputs/synthetic_projection/activations/synthetic_honesty_004_violated_layer47.npy
synthetic_honesty_004_violated,synthetic,honesty,compassion,47,320.32720947265625,mean_centered,/Users/manouchehrrimer/Desktop/BlueDot_Perona_Vector_Project/outputs/vector_construction/persona_vectors/compassion_layer47.npy,/Users/manouchehrrimer/Desktop/BlueDot_Perona_Vector_Project/outputs/synthetic_projection/activations/synthetic_honesty_004_violated_layer47.npy
synthetic_honesty_005_upheld,synthetic,honesty,honesty,32,440.7908935546875,mean_centered,/Users/manouchehrrimer/Desktop/BlueDot_Perona_Vector_Project/outputs/vector_construction/persona_vectors/honesty_layer32.npy,/Users/manouchehrrimer/Desktop/BlueDot_Perona_Vector_Project/outputs/synthetic_projection/activations/synthetic_honesty_005_upheld_layer32.npy
synthetic_honesty_005_upheld,synthetic,honesty,harmlessness,32,-313.799072265625,mean_centered,/Users/manouchehrrimer/Desktop/BlueDot_Perona_Vector_Project/outputs/vector_construction/persona_vectors/harmlessness_layer32.npy,/Users/manouchehrrimer/Desktop/BlueDot_Perona_Vector_Project/outputs/synthetic_projection/activations/synthetic_honesty_005_upheld_layer32.npy
synthetic_honesty_005_upheld,synthetic,honesty,fairness,32,-280.41741943359375,mean_centered,/Users/manouchehrrimer/Desktop/BlueDot_Perona_Vector_Project/outputs/vector_construction/persona_vectors/fairness_layer32.npy,/Users/manouchehrrimer/Desktop/BlueDot_Perona_Vector_Project/outputs/synthetic_projection/activations/synthetic_honesty_005_upheld_layer32.npy
synthetic_honesty_005_upheld,synthetic,honesty,compassion,32,98.77729034423828,mean_centered,/Users/manouchehrrimer/Desktop/BlueDot_Perona_Vector_Project/outputs/vector_construction/persona_vectors/compassion_layer32.npy,/Users/manouchehrrimer/Desktop/BlueDot_Perona_Vector_Project/outputs/synthetic_projection/activations/synthetic_honesty_005_upheld_layer32.npy
synthetic_honesty_005_upheld,synthetic,honesty,honesty,40,-3072.6162109375,mean_centered,/Users/manouchehrrimer/Desktop/BlueDot_Perona_Vector_Project/outputs/vector_construction/persona_vectors/honesty_layer40.npy,/Users/manouchehrrimer/Desktop/BlueDot_Perona_Vector_Project/outputs/synthetic_projection/activations/synthetic_honesty_005_upheld_layer40.npy
synthetic_honesty_005_upheld,synthetic,honesty,harmlessness,40,-361.6502685546875,mean_centered,/Users/manouchehrrimer/Desktop/BlueDot_Perona_Vector_Project/outputs/vector_construction/persona_vectors/harmlessness_layer40.npy,/Users/manouchehrrimer/Desktop/BlueDot_Perona_Vector_Project/outputs/synthetic_projection/activations/synthetic_honesty_005_upheld_layer40.npy
synthetic_honesty_005_upheld,synthetic,honesty,fairness,40,-2889.062255859375,mean_centered,/Users/manouchehrrimer/Desktop/BlueDot_Perona_Vector_Project/outputs/vector_construction/persona_vectors/fairness_layer40.npy,/Users/manouchehrrimer/Desktop/BlueDot_Perona_Vector_Project/outputs/synthetic_projection/activations/synthetic_honesty_005_upheld_layer40.npy
synthetic_honesty_005_upheld,synthetic,honesty,compassion,40,-61.266448974609375,mean_centered,/Users/manouchehrrimer/Desktop/BlueDot_Perona_Vector_Project/outputs/vector_construction/persona_vectors/compassion_layer40.npy,/Users/manouchehrrimer/Desktop/BlueDot_Perona_Vector_Project/outputs/synthetic_projection/activations/synthetic_honesty_005_upheld_layer40.npy
synthetic_honesty_005_upheld,synthetic,honesty,honesty,47,-5614.412109375,mean_centered,/Users/manouchehrrimer/Desktop/BlueDot_Perona_Vector_Project/outputs/vector_construction/persona_vectors/honesty_layer47.npy,/Users/manouchehrrimer/Desktop/BlueDot_Perona_Vector_Project/outputs/synthetic_projection/activations/synthetic_honesty_005_upheld_layer47.npy
synthetic_honesty_005_upheld,synthetic,honesty,harmlessness,47,-6250.03125,mean_centered,/Users/manouchehrrimer/Desktop/BlueDot_Perona_Vector_Project/outputs/vector_construction/persona_vectors/harmlessness_layer47.npy,/Users/manouchehrrimer/Desktop/BlueDot_Perona_Vector_Project/outputs/synthetic_projection/activations/synthetic_honesty_005_upheld_layer47.npy
synthetic_honesty_005_upheld,synthetic,honesty,fairness,47,-3009.244140625,mean_centered,/Users/manouchehrrimer/Desktop/BlueDot_Perona_Vector_Project/outputs/vector_construction/persona_vectors/fairness_layer47.npy,/Users/manouchehrrimer/Desktop/BlueDot_Perona_Vector_Project/outputs/synthetic_projection/activations/synthetic_honesty_005_upheld_layer47.npy
synthetic_honesty_005_upheld,synthetic,honesty,compassion,47,-2613.049072265625,mean_centered,/Users/manouchehrrimer/Desktop/BlueDot_Perona_Vector_Project/outputs/vector_construction/persona_vectors/compassion_layer47.npy,/Users/manouchehrrimer/Desktop/BlueDot_Perona_Vector_Project/outputs/synthetic_projection/activations/synthetic_honesty_005_upheld_layer47.npy
synthetic_honesty_005_violated,synthetic,honesty,honesty,32,-973.3096923828125,mean_centered,/Users/manouchehrrimer/Desktop/BlueDot_Perona_Vector_Project/outputs/vector_construction/persona_vectors/honesty_layer32.npy,/Users/manouchehrrimer/Desktop/BlueDot_Perona_Vector_Project/outputs/synthetic_projection/activations/synthetic_honesty_005_violated_layer32.npy
synthetic_honesty_005_violated,synthetic,honesty,harmlessness,32,1654.74609375,mean_centered,/Users/manouchehrrimer/Desktop/BlueDot_Perona_Vector_Project/outputs/vector_construction/persona_vectors/harmlessness_layer32.npy,/Users/manouchehrrimer/Desktop/BlueDot_Perona_Vector_Project/outputs/synthetic_projection/activations/synthetic_honesty_005_violated_layer32.npy
synthetic_honesty_005_violated,synthetic,honesty,fairness,32,-1464.1446533203125,mean_centered,/Users/manouchehrrimer/Desktop/BlueDot_Perona_Vector_Project/outputs/vector_construction/persona_vectors/fairness_layer32.npy,/Users/manouchehrrimer/Desktop/BlueDot_Perona_Vector_Project/outputs/synthetic_projection/activations/synthetic_honesty_005_violated_layer32.npy
synthetic_honesty_005_violated,synthetic,honesty,compassion,32,-967.5401000976562,mean_centered,/Users/manouchehrrimer/Desktop/BlueDot_Perona_Vector_Project/outputs/vector_construction/persona_vectors/compassion_layer32.npy,/Users/manouchehrrimer/Desktop/BlueDot_Perona_Vector_Project/outputs/synthetic_projection/activations/synthetic_honesty_005_violated_layer32.npy
synthetic_honesty_005_violated,synthetic,honesty,honesty,40,-4805.201171875,mean_centered,/Users/manouchehrrimer/Desktop/BlueDot_Perona_Vector_Project/outputs/vector_construction/persona_vectors/honesty_layer40.npy,/Users/manouchehrrimer/Desktop/BlueDot_Perona_Vector_Project/outputs/synthetic_projection/activations/synthetic_honesty_005_violated_layer40.npy
synthetic_honesty_005_violated,synthetic,honesty,harmlessness,40,328.1441650390625,mean_centered,/Users/manouchehrrimer/Desktop/BlueDot_Perona_Vector_Project/outputs/vector_construction/persona_vectors/harmlessness_layer40.npy,/Users/manouchehrrimer/Desktop/BlueDot_Perona_Vector_Project/outputs/synthetic_projection/activations/synthetic_honesty_005_violated_layer40.npy
synthetic_honesty_005_violated,synthetic,honesty,fairness,40,-3575.2978515625,mean_centered,/Users/manouchehrrimer/Desktop/BlueDot_Perona_Vector_Project/outputs/vector_construction/persona_vectors/fairness_layer40.npy,/Users/manouchehrrimer/Desktop/BlueDot_Perona_Vector_Project/outputs/synthetic_projection/activations/synthetic_honesty_005_violated_layer40.npy
synthetic_honesty_005_violated,synthetic,honesty,compassion,40,35.71022033691406,mean_centered,/Users/manouchehrrimer/Desktop/BlueDot_Perona_Vector_Project/outputs/vector_construction/persona_vectors/compassion_layer40.npy,/Users/manouchehrrimer/Desktop/BlueDot_Perona_Vector_Project/outputs/synthetic_projection/activations/synthetic_honesty_005_violated_layer40.npy
synthetic_honesty_005_violated,synthetic,honesty,honesty,47,-6759.03173828125,mean_centered,/Users/manouchehrrimer/Desktop/BlueDot_Perona_Vector_Project/outputs/vector_construction/persona_vectors/honesty_layer47.npy,/Users/manouchehrrimer/Desktop/BlueDot_Perona_Vector_Project/outputs/synthetic_projection/activations/synthetic_honesty_005_violated_layer47.npy
synthetic_honesty_005_violated,synthetic,honesty,harmlessness,47,-7396.31005859375,mean_centered,/Users/manouchehrrimer/Desktop/BlueDot_Perona_Vector_Project/outputs/vector_construction/persona_vectors/harmlessness_layer47.npy,/Users/manouchehrrimer/Desktop/BlueDot_Perona_Vector_Project/outputs/synthetic_projection/activations/synthetic_honesty_005_violated_layer47.npy
synthetic_honesty_005_violated,synthetic,honesty,fairness,47,-2427.342041015625,mean_centered,/Users/manouchehrrimer/Desktop/BlueDot_Perona_Vector_Project/outputs/vector_construction/persona_vectors/fairness_layer47.npy,/Users/manouchehrrimer/Desktop/BlueDot_Perona_Vector_Project/outputs/synthetic_projection/activations/synthetic_honesty_005_violated_layer47.npy
synthetic_honesty_005_violated,synthetic,honesty,compassion,47,-3537.3525390625,mean_centered,/Users/manouchehrrimer/Desktop/BlueDot_Perona_Vector_Project/outputs/vector_construction/persona_vectors/compassion_layer47.npy,/Users/manouchehrrimer/Desktop/BlueDot_Perona_Vector_Project/outputs/synthetic_projection/activations/synthetic_honesty_005_violated_layer47.npy
synthetic_honesty_006_upheld,synthetic,honesty,honesty,32,1158.4801025390625,mean_centered,/Users/manouchehrrimer/Desktop/BlueDot_Perona_Vector_Project/outputs/vector_construction/persona_vectors/honesty_layer32.npy,/Users/manouchehrrimer/Desktop/BlueDot_Perona_Vector_Project/outputs/synthetic_projection/activations/synthetic_honesty_006_upheld_layer32.npy
synthetic_honesty_006_upheld,synthetic,honesty,harmlessness,32,-1478.097412109375,mean_centered,/Users/manouchehrrimer/Desktop/BlueDot_Perona_Vector_Project/outputs/vector_construction/persona_vectors/harmlessness_layer32.npy,/Users/manouchehrrimer/Desktop/BlueDot_Perona_Vector_Project/outputs/synthetic_projection/activations/synthetic_honesty_006_upheld_layer32.npy
synthetic_honesty_006_upheld,synthetic,honesty,fairness,32,1127.61279296875,mean_centered,/Users/manouchehrrimer/Desktop/BlueDot_Perona_Vector_Project/outputs/vector_construction/persona_vectors/fairness_layer32.npy,/Users/manouchehrrimer/Desktop/BlueDot_Perona_Vector_Project/outputs/synthetic_projection/activations/synthetic_honesty_006_upheld_layer32.npy
synthetic_honesty_006_upheld,synthetic,honesty,compassion,32,626.714599609375,mean_centered,/Users/manouchehrrimer/Desktop/BlueDot_Perona_Vector_Project/outputs/vector_construction/persona_vectors/compassion_layer32.npy,/Users/manouchehrrimer/Desktop/BlueDot_Perona_Vector_Project/outputs/synthetic_projection/activations/synthetic_honesty_006_upheld_layer32.npy
synthetic_honesty_006_upheld,synthetic,honesty,honesty,40,-802.1568603515625,mean_centered,/Users/manouchehrrimer/Desktop/BlueDot_Perona_Vector_Project/outputs/vector_construction/persona_vectors/honesty_layer40.npy,/Users/manouchehrrimer/Desktop/BlueDot_Perona_Vector_Project/outputs/synthetic_projection/activations/synthetic_honesty_006_upheld_layer40.npy
synthetic_honesty_006_upheld,synthetic,honesty,harmlessness,40,-727.2789916992188,mean_centered,/Users/manouchehrrimer/Desktop/BlueDot_Perona_Vector_Project/outputs/vector_construction/persona_vectors/harmlessness_layer40.npy,/Users/manouchehrrimer/Desktop/BlueDot_Perona_Vector_Project/outputs/synthetic_projection/activations/synthetic_honesty_006_upheld_layer40.npy
synthetic_honesty_006_upheld,synthetic,honesty,fairness,40,-502.1712646484375,mean_centered,/Users/manouchehrrimer/Desktop/BlueDot_Perona_Vector_Project/outputs/vector_construction/persona_vectors/fairness_layer40.npy,/Users/manouchehrrimer/Desktop/BlueDot_Perona_Vector_Project/outputs/synthetic_projection/activations/synthetic_honesty_006_upheld_layer40.npy
synthetic_honesty_006_upheld,synthetic,honesty,compassion,40,-381.7891845703125,mean_centered,/Users/manouchehrrimer/Desktop/BlueDot_Perona_Vector_Project/outputs/vector_construction/persona_vectors/compassion_layer40.npy,/Users/manouchehrrimer/Desktop/BlueDot_Perona_Vector_Project/outputs/synthetic_projection/activations/synthetic_honesty_006_upheld_layer40.npy
synthetic_honesty_006_upheld,synthetic,honesty,honesty,47,-2294.9912109375,mean_centered,/Users/manouchehrrimer/Desktop/BlueDot_Perona_Vector_Project/outputs/vector_construction/persona_vectors/honesty_layer47.npy,/Users/manouchehrrimer/Desktop/BlueDot_Perona_Vector_Project/outputs/synthetic_projection/activations/synthetic_honesty_006_upheld_layer47.npy
synthetic_honesty_006_upheld,synthetic,honesty,harmlessness,47,-3822.25634765625,mean_centered,/Users/manouchehrrimer/Desktop/BlueDot_Perona_Vector_Project/outputs/vector_construction/persona_vectors/harmlessness_layer47.npy,/Users/manouchehrrimer/Desktop/BlueDot_Perona_Vector_Project/outputs/synthetic_projection/activations/synthetic_honesty_006_upheld_layer47.npy
synthetic_honesty_006_upheld,synthetic,honesty,fairness,47,-629.06689453125,mean_centered,/Users/manouchehrrimer/Desktop/BlueDot_Perona_Vector_Project/outputs/vector_construction/persona_vectors/fairness_layer47.npy,/Users/manouchehrrimer/Desktop/BlueDot_Perona_Vector_Project/outputs/synthetic_projection/activations/synthetic_honesty_006_upheld_layer47.npy
synthetic_honesty_006_upheld,synthetic,honesty,compassion,47,-1911.0263671875,mean_centered,/Users/manouchehrrimer/Desktop/BlueDot_Perona_Vector_Project/outputs/vector_construction/persona_vectors/compassion_layer47.npy,/Users/manouchehrrimer/Desktop/BlueDot_Perona_Vector_Project/outputs/synthetic_projection/activations/synthetic_honesty_006_upheld_layer47.npy
synthetic_honesty_006_violated,synthetic,honesty,honesty,32,1504.458984375,mean_centered,/Users/manouchehrrimer/Desktop/BlueDot_Perona_Vector_Project/outputs/vector_construction/persona_vectors/honesty_layer32.npy,/Users/manouchehrrimer/Desktop/BlueDot_Perona_Vector_Project/outputs/synthetic_projection/activations/synthetic_honesty_006_violated_layer32.npy
synthetic_honesty_006_violated,synthetic,honesty,harmlessness,32,-1537.1744384765625,mean_centered,/Users/manouchehrrimer/Desktop/BlueDot_Perona_Vector_Project/outputs/vector_construction/persona_vectors/harmlessness_layer32.npy,/Users/manouchehrrimer/Desktop/BlueDot_Perona_Vector_Project/outputs/synthetic_projection/activations/synthetic_honesty_006_violated_layer32.npy
synthetic_honesty_006_violated,synthetic,honesty,fairness,32,1110.1636962890625,mean_centered,/Users/manouchehrrimer/Desktop/BlueDot_Perona_Vector_Project/outputs/vector_construction/persona_vectors/fairness_layer32.npy,/Users/manouchehrrimer/Desktop/BlueDot_Perona_Vector_Project/outputs/synthetic_projection/activations/synthetic_honesty_006_violated_layer32.npy
synthetic_honesty_006_violated,synthetic,honesty,compassion,32,1385.6417236328125,mean_centered,/Users/manouchehrrimer/Desktop/BlueDot_Perona_Vector_Project/outputs/vector_construction/persona_vectors/compassion_layer32.npy,/Users/manouchehrrimer/Desktop/BlueDot_Perona_Vector_Project/outputs/synthetic_projection/activations/synthetic_honesty_006_violated_layer32.npy
synthetic_honesty_006_violated,synthetic,honesty,honesty,40,7569.9931640625,mean_centered,/Users/manouchehrrimer/Desktop/BlueDot_Perona_Vector_Project/outputs/vector_construction/persona_vectors/honesty_layer40.npy,/Users/manouchehrrimer/Desktop/BlueDot_Perona_Vector_Project/outputs/synthetic_projection/activations/synthetic_honesty_006_violated_layer40.npy
synthetic_honesty_006_violated,synthetic,honesty,harmlessness,40,448.2575378417969,mean_centered,/Users/manouchehrrimer/Desktop/BlueDot_Perona_Vector_Project/outputs/vector_construction/persona_vectors/harmlessness_layer40.npy,/Users/manouchehrrimer/Desktop/BlueDot_Perona_Vector_Project/outputs/synthetic_projection/activations/synthetic_honesty_006_violated_layer40.npy
synthetic_honesty_006_violated,synthetic,honesty,fairness,40,4714.328125,mean_centered,/Users/manouchehrrimer/Desktop/BlueDot_Perona_Vector_Project/outputs/vector_construction/persona_vectors/fairness_layer40.npy,/Users/manouchehrrimer/Desktop/BlueDot_Perona_Vector_Project/outputs/synthetic_projection/activations/synthetic_honesty_006_violated_layer40.npy
synthetic_honesty_006_violated,synthetic,honesty,compassion,40,537.1353149414062,mean_centered,/Users/manouchehrrimer/Desktop/BlueDot_Perona_Vector_Project/outputs/vector_construction/persona_vectors/compassion_layer40.npy,/Users/manouchehrrimer/Desktop/BlueDot_Perona_Vector_Project/outputs/synthetic_projection/activations/synthetic_honesty_006_violated_layer40.npy
synthetic_honesty_006_violated,synthetic,honesty,honesty,47,4527.998046875,mean_centered,/Users/manouchehrrimer/Desktop/BlueDot_Perona_Vector_Project/outputs/vector_construction/persona_vectors/honesty_layer47.npy,/Users/manouchehrrimer/Desktop/BlueDot_Perona_Vector_Project/outputs/synthetic_projection/activations/synthetic_honesty_006_violated_layer47.npy
synthetic_honesty_006_violated,synthetic,honesty,harmlessness,47,5386.8046875,mean_centered,/Users/manouchehrrimer/Desktop/BlueDot_Perona_Vector_Project/outputs/vector_construction/persona_vectors/harmlessness_layer47.npy,/Users/manouchehrrimer/Desktop/BlueDot_Perona_Vector_Project/outputs/synthetic_projection/activations/synthetic_honesty_006_violated_layer47.npy
synthetic_honesty_006_violated,synthetic,honesty,fairness,47,957.3224487304688,mean_centered,/Users/manouchehrrimer/Desktop/BlueDot_Perona_Vector_Project/outputs/vector_construction/persona_vectors/fairness_layer47.npy,/Users/manouchehrrimer/Desktop/BlueDot_Perona_Vector_Project/outputs/synthetic_projection/activations/synthetic_honesty_006_violated_layer47.npy
synthetic_honesty_006_violated,synthetic,honesty,compassion,47,3155.692138671875,mean_centered,/Users/manouchehrrimer/Desktop/BlueDot_Perona_Vector_Project/outputs/vector_construction/persona_vectors/compassion_layer47.npy,/Users/manouchehrrimer/Desktop/BlueDot_Perona_Vector_Project/outputs/synthetic_projection/activations/synthetic_honesty_006_violated_layer47.npy
synthetic_honesty_007_upheld,synthetic,honesty,honesty,32,763.302978515625,mean_centered,/Users/manouchehrrimer/Desktop/BlueDot_Perona_Vector_Project/outputs/vector_construction/persona_vectors/honesty_layer32.npy,/Users/manouchehrrimer/Desktop/BlueDot_Perona_Vector_Project/outputs/synthetic_projection/activations/synthetic_honesty_007_upheld_layer32.npy
synthetic_honesty_007_upheld,synthetic,honesty,harmlessness,32,-1047.21630859375,mean_centered,/Users/manouchehrrimer/Desktop/BlueDot_Perona_Vector_Project/outputs/vector_construction/persona_vectors/harmlessness_layer32.npy,/Users/manouchehrrimer/Desktop/BlueDot_Perona_Vector_Project/outputs/synthetic_projection/activations/synthetic_honesty_007_upheld_layer32.npy
synthetic_honesty_007_upheld,synthetic,honesty,fairness,32,283.4219665527344,mean_centered,/Users/manouchehrrimer/Desktop/BlueDot_Perona_Vector_Project/outputs/vector_construction/persona_vectors/fairness_layer32.npy,/Users/manouchehrrimer/Desktop/BlueDot_Perona_Vector_Project/outputs/synthetic_projection/activations/synthetic_honesty_007_upheld_layer32.npy
synthetic_honesty_007_upheld,synthetic,honesty,compassion,32,709.86669921875,mean_centered,/Users/manouchehrrimer/Desktop/BlueDot_Perona_Vector_Project/outputs/vector_construction/persona_vectors/compassion_layer32.npy,/Users/manouchehrrimer/Desktop/BlueDot_Perona_Vector_Project/outputs/synthetic_projection/activations/synthetic_honesty_007_upheld_layer32.npy
synthetic_honesty_007_upheld,synthetic,honesty,honesty,40,-271.3167724609375,mean_centered,/Users/manouchehrrimer/Desktop/BlueDot_Perona_Vector_Project/outputs/vector_construction/persona_vectors/honesty_layer40.npy,/Users/manouchehrrimer/Desktop/BlueDot_Perona_Vector_Project/outputs/synthetic_projection/activations/synthetic_honesty_007_upheld_layer40.npy
synthetic_honesty_007_upheld,synthetic,honesty,harmlessness,40,-356.1901550292969,mean_centered,/Users/manouchehrrimer/Desktop/BlueDot_Perona_Vector_Project/outputs/vector_construction/persona_vectors/harmlessness_layer40.npy,/Users/manouchehrrimer/Desktop/BlueDot_Perona_Vector_Project/outputs/synthetic_projection/activations/synthetic_honesty_007_upheld_layer40.npy
synthetic_honesty_007_upheld,synthetic,honesty,fairness,40,-1469.3980712890625,mean_centered,/Users/manouchehrrimer/Desktop/BlueDot_Perona_Vector_Project/outputs/vector_construction/persona_vectors/fairness_layer40.npy,/Users/manouchehrrimer/Desktop/BlueDot_Perona_Vector_Project/outputs/synthetic_projection/activations/synthetic_honesty_007_upheld_layer40.npy
synthetic_honesty_007_upheld,synthetic,honesty,compassion,40,74.59036254882812,mean_centered,/Users/manouchehrrimer/Desktop/BlueDot_Perona_Vector_Project/outputs/vector_construction/persona_vectors/compassion_layer40.npy,/Users/manouchehrrimer/Desktop/BlueDot_Perona_Vector_Project/outputs/synthetic_projection/activations/synthetic_honesty_007_upheld_layer40.npy
synthetic_honesty_007_upheld,synthetic,honesty,honesty,47,-1970.5303955078125,mean_centered,/Users/manouchehrrimer/Desktop/BlueDot_Perona_Vector_Project/outputs/vector_construction/persona_vectors/honesty_layer47.npy,/Users/manouchehrrimer/Desktop/BlueDot_Perona_Vector_Project/outputs/synthetic_projection/activations/synthetic_honesty_007_upheld_layer47.npy
synthetic_honesty_007_upheld,synthetic,honesty,harmlessness,47,-2958.855224609375,mean_centered,/Users/manouchehrrimer/Desktop/BlueDot_Perona_Vector_Project/outputs/vector_construction/persona_vectors/harmlessness_layer47.npy,/Users/manouchehrrimer/Desktop/BlueDot_Perona_Vector_Project/outputs/synthetic_projection/activations/synthetic_honesty_007_upheld_layer47.npy
synthetic_honesty_007_upheld,synthetic,honesty,fairness,47,-2699.63525390625,mean_centered,/Users/manouchehrrimer/Desktop/BlueDot_Perona_Vector_Project/outputs/vector_construction/persona_vectors/fairness_layer47.npy,/Users/manouchehrrimer/Desktop/BlueDot_Perona_Vector_Project/outputs/synthetic_projection/activations/synthetic_honesty_007_upheld_layer47.npy
synthetic_honesty_007_upheld,synthetic,honesty,compassion,47,-1229.26953125,mean_centered,/Users/manouchehrrimer/Desktop/BlueDot_Perona_Vector_Project/outputs/vector_construction/persona_vectors/compassion_layer47.npy,/Users/manouchehrrimer/Desktop/BlueDot_Perona_Vector_Project/outputs/synthetic_projection/activations/synthetic_honesty_007_upheld_layer47.npy
synthetic_honesty_007_violated,synthetic,honesty,honesty,32,413.1717834472656,mean_centered,/Users/manouchehrrimer/Desktop/BlueDot_Perona_Vector_Project/outputs/vector_construction/persona_vectors/honesty_layer32.npy,/Users/manouchehrrimer/Desktop/BlueDot_Perona_Vector_Project/outputs/synthetic_projection/activations/synthetic_honesty_007_violated_layer32.npy
synthetic_honesty_007_violated,synthetic,honesty,harmlessness,32,-307.2791748046875,mean_centered,/Users/manouchehrrimer/Desktop/BlueDot_Perona_Vector_Project/outputs/vector_construction/persona_vectors/harmlessness_layer32.npy,/Users/manouchehrrimer/Desktop/BlueDot_Perona_Vector_Project/outputs/synthetic_projection/activations/synthetic_honesty_007_violated_layer32.npy
synthetic_honesty_007_violated,synthetic,honesty,fairness,32,-99.33160400390625,mean_centered,/Users/manouchehrrimer/Desktop/BlueDot_Perona_Vector_Project/outputs/vector_construction/persona_vectors/fairness_layer32.npy,/Users/manouchehrrimer/Desktop/BlueDot_Perona_Vector_Project/outputs/synthetic_projection/activations/synthetic_honesty_007_violated_layer32.npy
synthetic_honesty_007_violated,synthetic,honesty,compassion,32,559.4649658203125,mean_centered,/Users/manouchehrrimer/Desktop/BlueDot_Perona_Vector_Project/outputs/vector_construction/persona_vectors/compassion_layer32.npy,/Users/manouchehrrimer/Desktop/BlueDot_Perona_Vector_Project/outputs/synthetic_projection/activations/synthetic_honesty_007_violated_layer32.npy
synthetic_honesty_007_violated,synthetic,honesty,honesty,40,-4849.31884765625,mean_centered,/Users/manouchehrrimer/Desktop/BlueDot_Perona_Vector_Project/outputs/vector_construction/persona_vectors/honesty_layer40.npy,/Users/manouchehrrimer/Desktop/BlueDot_Perona_Vector_Project/outputs/synthetic_projection/activations/synthetic_honesty_007_violated_layer40.npy
synthetic_honesty_007_violated,synthetic,honesty,harmlessness,40,251.93312072753906,mean_centered,/Users/manouchehrrimer/Desktop/BlueDot_Perona_Vector_Project/outputs/vector_construction/persona_vectors/harmlessness_layer40.npy,/Users/manouchehrrimer/Desktop/BlueDot_Perona_Vector_Project/outputs/synthetic_projection/activations/synthetic_honesty_007_violated_layer40.npy
synthetic_honesty_007_violated,synthetic,honesty,fairness,40,-4653.1904296875,mean_centered,/Users/manouchehrrimer/Desktop/BlueDot_Perona_Vector_Project/outputs/vector_construction/persona_vectors/fairness_layer40.npy,/Users/manouchehrrimer/Desktop/BlueDot_Perona_Vector_Project/outputs/synthetic_projection/activations/synthetic_honesty_007_violated_layer40.npy
synthetic_honesty_007_violated,synthetic,honesty,compassion,40,-69.64470672607422,mean_centered,/Users/manouchehrrimer/Desktop/BlueDot_Perona_Vector_Project/outputs/vector_construction/persona_vectors/compassion_layer40.npy,/Users/manouchehrrimer/Desktop/BlueDot_Perona_Vector_Project/outputs/synthetic_projection/activations/synthetic_honesty_007_violated_layer40.npy
synthetic_honesty_007_violated,synthetic,honesty,honesty,47,-1002.799560546875,mean_centered,/Users/manouchehrrimer/Desktop/BlueDot_Perona_Vector_Project/outputs/vector_construction/persona_vectors/honesty_layer47.npy,/Users/manouchehrrimer/Desktop/BlueDot_Perona_Vector_Project/outputs/synthetic_projection/activations/synthetic_honesty_007_violated_layer47.npy
synthetic_honesty_007_violated,synthetic,honesty,harmlessness,47,-711.9542236328125,mean_centered,/Users/manouchehrrimer/Desktop/BlueDot_Perona_Vector_Project/outputs/vector_construction/persona_vectors/harmlessness_layer47.npy,/Users/manouchehrrimer/Desktop/BlueDot_Perona_Vector_Project/outputs/synthetic_projection/activations/synthetic_honesty_007_violated_layer47.npy
synthetic_honesty_007_violated,synthetic,honesty,fairness,47,-2495.015380859375,mean_centered,/Users/manouchehrrimer/Desktop/BlueDot_Perona_Vector_Project/outputs/vector_construction/persona_vectors/fairness_layer47.npy,/Users/manouchehrrimer/Desktop/BlueDot_Perona_Vector_Project/outputs/synthetic_projection/activations/synthetic_honesty_007_violated_layer47.npy
synthetic_honesty_007_violated,synthetic,honesty,compassion,47,42.4517822265625,mean_centered,/Users/manouchehrrimer/Desktop/BlueDot_Perona_Vector_Project/outputs/vector_construction/persona_vectors/compassion_layer47.npy,/Users/manouchehrrimer/Desktop/BlueDot_Perona_Vector_Project/outputs/synthetic_projection/activations/synthetic_honesty_007_violated_layer47.npy
synthetic_honesty_008_upheld,synthetic,honesty,honesty,32,1038.1923828125,mean_centered,/Users/manouchehrrimer/Desktop/BlueDot_Perona_Vector_Project/outputs/vector_construction/persona_vectors/honesty_layer32.npy,/Users/manouchehrrimer/Desktop/BlueDot_Perona_Vector_Project/outputs/synthetic_projection/activations/synthetic_honesty_008_upheld_layer32.npy
synthetic_honesty_008_upheld,synthetic,honesty,harmlessness,32,-1390.8790283203125,mean_centered,/Users/manouchehrrimer/Desktop/BlueDot_Perona_Vector_Project/outputs/vector_construction/persona_vectors/harmlessness_layer32.npy,/Users/manouchehrrimer/Desktop/BlueDot_Perona_Vector_Project/outputs/synthetic_projection/activations/synthetic_honesty_008_upheld_layer32.npy
synthetic_honesty_008_upheld,synthetic,honesty,fairness,32,1037.164306640625,mean_centered,/Users/manouchehrrimer/Desktop/BlueDot_Perona_Vector_Project/outputs/vector_construction/persona_vectors/fairness_layer32.npy,/Users/manouchehrrimer/Desktop/BlueDot_Perona_Vector_Project/outputs/synthetic_projection/activations/synthetic_honesty_008_upheld_layer32.npy
synthetic_honesty_008_upheld,synthetic,honesty,compassion,32,532.8954467773438,mean_centered,/Users/manouchehrrimer/Desktop/BlueDot_Perona_Vector_Project/outputs/vector_construction/persona_vectors/compassion_layer32.npy,/Users/manouchehrrimer/Desktop/BlueDot_Perona_Vector_Project/outputs/synthetic_projection/activations/synthetic_honesty_008_upheld_layer32.npy
synthetic_honesty_008_upheld,synthetic,honesty,honesty,40,3193.706787109375,mean_centered,/Users/manouchehrrimer/Desktop/BlueDot_Perona_Vector_Project/outputs/vector_construction/persona_vectors/honesty_layer40.npy,/Users/manouchehrrimer/Desktop/BlueDot_Perona_Vector_Project/outputs/synthetic_projection/activations/synthetic_honesty_008_upheld_layer40.npy
synthetic_honesty_008_upheld,synthetic,honesty,harmlessness,40,-420.3636474609375,mean_centered,/Users/manouchehrrimer/Desktop/BlueDot_Perona_Vector_Project/outputs/vector_construction/persona_vectors/harmlessness_layer40.npy,/Users/manouchehrrimer/Desktop/BlueDot_Perona_Vector_Project/outputs/synthetic_projection/activations/synthetic_honesty_008_upheld_layer40.npy
synthetic_honesty_008_upheld,synthetic,honesty,fairness,40,1971.1922607421875,mean_centered,/Users/manouchehrrimer/Desktop/BlueDot_Perona_Vector_Project/outputs/vector_construction/persona_vectors/fairness_layer40.npy,/Users/manouchehrrimer/Desktop/BlueDot_Perona_Vector_Project/outputs/synthetic_projection/activations/synthetic_honesty_008_upheld_layer40.npy
synthetic_honesty_008_upheld,synthetic,honesty,compassion,40,-187.3341064453125,mean_centered,/Users/manouchehrrimer/Desktop/BlueDot_Perona_Vector_Project/outputs/vector_construction/persona_vectors/compassion_layer40.npy,/Users/manouchehrrimer/Desktop/BlueDot_Perona_Vector_Project/outputs/synthetic_projection/activations/synthetic_honesty_008_upheld_layer40.npy
synthetic_honesty_008_upheld,synthetic,honesty,honesty,47,1285.7982177734375,mean_centered,/Users/manouchehrrimer/Desktop/BlueDot_Perona_Vector_Project/outputs/vector_construction/persona_vectors/honesty_layer47.npy,/Users/manouchehrrimer/Desktop/BlueDot_Perona_Vector_Project/outputs/synthetic_projection/activations/synthetic_honesty_008_upheld_layer47.npy
synthetic_honesty_008_upheld,synthetic,honesty,harmlessness,47,902.1193237304688,mean_centered,/Users/manouchehrrimer/Desktop/BlueDot_Perona_Vector_Project/outputs/vector_construction/persona_vectors/harmlessness_layer47.npy,/Users/manouchehrrimer/Desktop/BlueDot_Perona_Vector_Project/outputs/synthetic_projection/activations/synthetic_honesty_008_upheld_layer47.npy
synthetic_honesty_008_upheld,synthetic,honesty,fairness,47,-225.61001586914062,mean_centered,/Users/manouchehrrimer/Desktop/BlueDot_Perona_Vector_Project/outputs/vector_construction/persona_vectors/fairness_layer47.npy,/Users/manouchehrrimer/Desktop/BlueDot_Perona_Vector_Project/outputs/synthetic_projection/activations/synthetic_honesty_008_upheld_layer47.npy
synthetic_honesty_008_upheld,synthetic,honesty,compassion,47,348.46160888671875,mean_centered,/Users/manouchehrrimer/Desktop/BlueDot_Perona_Vector_Project/outputs/vector_construction/persona_vectors/compassion_layer47.npy,/Users/manouchehrrimer/Desktop/BlueDot_Perona_Vector_Project/outputs/synthetic_projection/activations/synthetic_honesty_008_upheld_layer47.npy
synthetic_honesty_008_violated,synthetic,honesty,honesty,32,748.3046875,mean_centered,/Users/manouchehrrimer/Desktop/BlueDot_Perona_Vector_Project/outputs/vector_construction/persona_vectors/honesty_layer32.npy,/Users/manouchehrrimer/Desktop/BlueDot_Perona_Vector_Project/outputs/synthetic_projection/activations/synthetic_honesty_008_violated_layer32.npy
synthetic_honesty_008_violated,synthetic,honesty,harmlessness,32,-705.9512329101562,mean_centered,/Users/manouchehrrimer/Desktop/BlueDot_Perona_Vector_Project/outputs/vector_construction/persona_vectors/harmlessness_layer32.npy,/Users/manouchehrrimer/Desktop/BlueDot_Perona_Vector_Project/outputs/synthetic_projection/activations/synthetic_honesty_008_violated_layer32.npy
synthetic_honesty_008_violated,synthetic,honesty,fairness,32,451.0490417480469,mean_centered,/Users/manouchehrrimer/Desktop/BlueDot_Perona_Vector_Project/outputs/vector_construction/persona_vectors/fairness_layer32.npy,/Users/manouchehrrimer/Desktop/BlueDot_Perona_Vector_Project/outputs/synthetic_projection/activations/synthetic_honesty_008_violated_layer32.npy
synthetic_honesty_008_violated,synthetic,honesty,compassion,32,253.17344665527344,mean_centered,/Users/manouchehrrimer/Desktop/BlueDot_Perona_Vector_Project/outputs/vector_construction/persona_vectors/compassion_layer32.npy,/Users/manouchehrrimer/Desktop/BlueDot_Perona_Vector_Project/outputs/synthetic_projection/activations/synthetic_honesty_008_violated_layer32.npy
synthetic_honesty_008_violated,synthetic,honesty,honesty,40,1267.2188720703125,mean_centered,/Users/manouchehrrimer/Desktop/BlueDot_Perona_Vector_Project/outputs/vector_construction/persona_vectors/honesty_layer40.npy,/Users/manouchehrrimer/Desktop/BlueDot_Perona_Vector_Project/outputs/synthetic_projection/activations/synthetic_honesty_008_violated_layer40.npy
synthetic_honesty_008_violated,synthetic,honesty,harmlessness,40,-96.07415771484375,mean_centered,/Users/manouchehrrimer/Desktop/BlueDot_Perona_Vector_Project/outputs/vector_construction/persona_vectors/harmlessness_layer40.npy,/Users/manouchehrrimer/Desktop/BlueDot_Perona_Vector_Project/outputs/synthetic_projection/activations/synthetic_honesty_008_violated_layer40.npy
synthetic_honesty_008_violated,synthetic,honesty,fairness,40,427.689208984375,mean_centered,/Users/manouchehrrimer/Desktop/BlueDot_Perona_Vector_Project/outputs/vector_construction/persona_vectors/fairness_layer40.npy,/Users/manouchehrrimer/Desktop/BlueDot_Perona_Vector_Project/outputs/synthetic_projection/activations/synthetic_honesty_008_violated_layer40.npy
synthetic_honesty_008_violated,synthetic,honesty,compassion,40,-128.72586059570312,mean_centered,/Users/manouchehrrimer/Desktop/BlueDot_Perona_Vector_Project/outputs/vector_construction/persona_vectors/compassion_layer40.npy,/Users/manouchehrrimer/Desktop/BlueDot_Perona_Vector_Project/outputs/synthetic_projection/activations/synthetic_honesty_008_violated_layer40.npy
synthetic_honesty_008_violated,synthetic,honesty,honesty,47,-778.8477172851562,mean_centered,/Users/manouchehrrimer/Desktop/BlueDot_Perona_Vector_Project/outputs/vector_construction/persona_vectors/honesty_layer47.npy,/Users/manouchehrrimer/Desktop/BlueDot_Perona_Vector_Project/outputs/synthetic_projection/activations/synthetic_honesty_008_violated_layer47.npy
synthetic_honesty_008_violated,synthetic,honesty,harmlessness,47,-1529.204833984375,mean_centered,/Users/manouchehrrimer/Desktop/BlueDot_Perona_Vector_Project/outputs/vector_construction/persona_vectors/harmlessness_layer47.npy,/Users/manouchehrrimer/Desktop/BlueDot_Perona_Vector_Project/outputs/synthetic_projection/activations/synthetic_honesty_008_violated_layer47.npy
synthetic_honesty_008_violated,synthetic,honesty,fairness,47,-1072.8680419921875,mean_centered,/Users/manouchehrrimer/Desktop/BlueDot_Perona_Vector_Project/outputs/vector_construction/persona_vectors/fairness_layer47.npy,/Users/manouchehrrimer/Desktop/BlueDot_Perona_Vector_Project/outputs/synthetic_projection/activations/synthetic_honesty_008_violated_layer47.npy
synthetic_honesty_008_violated,synthetic,honesty,compassion,47,-894.8970947265625,mean_centered,/Users/manouchehrrimer/Desktop/BlueDot_Perona_Vector_Project/outputs/vector_construction/persona_vectors/compassion_layer47.npy,/Users/manouchehrrimer/Desktop/BlueDot_Perona_Vector_Project/outputs/synthetic_projection/activations/synthetic_honesty_008_violated_layer47.npy
synthetic_honesty_009_upheld,synthetic,honesty,honesty,32,-521.5216064453125,mean_centered,/Users/manouchehrrimer/Desktop/BlueDot_Perona_Vector_Project/outputs/vector_construction/persona_vectors/honesty_layer32.npy,/Users/manouchehrrimer/Desktop/BlueDot_Perona_Vector_Project/outputs/synthetic_projection/activations/synthetic_honesty_009_upheld_layer32.npy
synthetic_honesty_009_upheld,synthetic,honesty,harmlessness,32,182.34152221679688,mean_centered,/Users/manouchehrrimer/Desktop/BlueDot_Perona_Vector_Project/outputs/vector_construction/persona_vectors/harmlessness_layer32.npy,/Users/manouchehrrimer/Desktop/BlueDot_Perona_Vector_Project/outputs/synthetic_projection/activations/synthetic_honesty_009_upheld_layer32.npy
synthetic_honesty_009_upheld,synthetic,honesty,fairness,32,-229.18853759765625,mean_centered,/Users/manouchehrrimer/Desktop/BlueDot_Perona_Vector_Project/outputs/vector_construction/persona_vectors/fairness_layer32.npy,/Users/manouchehrrimer/Desktop/BlueDot_Perona_Vector_Project/outputs/synthetic_projection/activations/synthetic_honesty_009_upheld_layer32.npy
synthetic_honesty_009_upheld,synthetic,honesty,compassion,32,-475.2861633300781,mean_centered,/Users/manouchehrrimer/Desktop/BlueDot_Perona_Vector_Project/outputs/vector_construction/persona_vectors/compassion_layer32.npy,/Users/manouchehrrimer/Desktop/BlueDot_Perona_Vector_Project/outputs/synthetic_projection/activations/synthetic_honesty_009_upheld_layer32.npy
synthetic_honesty_009_upheld,synthetic,honesty,honesty,40,-2201.1865234375,mean_centered,/Users/manouchehrrimer/Desktop/BlueDot_Perona_Vector_Project/outputs/vector_construction/persona_vectors/honesty_layer40.npy,/Users/manouchehrrimer/Desktop/BlueDot_Perona_Vector_Project/outputs/synthetic_projection/activations/synthetic_honesty_009_upheld_layer40.npy
synthetic_honesty_009_upheld,synthetic,honesty,harmlessness,40,-660.2365112304688,mean_centered,/Users/manouchehrrimer/Desktop/BlueDot_Perona_Vector_Project/outputs/vector_construction/persona_vectors/harmlessness_layer40.npy,/Users/manouchehrrimer/Desktop/BlueDot_Perona_Vector_Project/outputs/synthetic_projection/activations/synthetic_honesty_009_upheld_layer40.npy
synthetic_honesty_009_upheld,synthetic,honesty,fairness,40,-1140.41943359375,mean_centered,/Users/manouchehrrimer/Desktop/BlueDot_Perona_Vector_Project/outputs/vector_construction/persona_vectors/fairness_layer40.npy,/Users/manouchehrrimer/Desktop/BlueDot_Perona_Vector_Project/outputs/synthetic_projection/activations/synthetic_honesty_009_upheld_layer40.npy
synthetic_honesty_009_upheld,synthetic,honesty,compassion,40,-572.4660034179688,mean_centered,/Users/manouchehrrimer/Desktop/BlueDot_Perona_Vector_Project/outputs/vector_construction/persona_vectors/compassion_layer40.npy,/Users/manouchehrrimer/Desktop/BlueDot_Perona_Vector_Project/outputs/synthetic_projection/activations/synthetic_honesty_009_upheld_layer40.npy
synthetic_honesty_009_upheld,synthetic,honesty,honesty,47,-1717.845458984375,mean_centered,/Users/manouchehrrimer/Desktop/BlueDot_Perona_Vector_Project/outputs/vector_construction/persona_vectors/honesty_layer47.npy,/Users/manouchehrrimer/Desktop/BlueDot_Perona_Vector_Project/outputs/synthetic_projection/activations/synthetic_honesty_009_upheld_layer47.npy
synthetic_honesty_009_upheld,synthetic,honesty,harmlessness,47,-2019.6312255859375,mean_centered,/Users/manouchehrrimer/Desktop/BlueDot_Perona_Vector_Project/outputs/vector_construction/persona_vectors/harmlessness_layer47.npy,/Users/manouchehrrimer/Desktop/BlueDot_Perona_Vector_Project/outputs/synthetic_projection/activations/synthetic_honesty_009_upheld_layer47.npy
synthetic_honesty_009_upheld,synthetic,honesty,fairness,47,117.44857788085938,mean_centered,/Users/manouchehrrimer/Desktop/BlueDot_Perona_Vector_Project/outputs/vector_construction/persona_vectors/fairness_layer47.npy,/Users/manouchehrrimer/Desktop/BlueDot_Perona_Vector_Project/outputs/synthetic_projection/activations/synthetic_honesty_009_upheld_layer47.npy
synthetic_honesty_009_upheld,synthetic,honesty,compassion,47,-1446.4549560546875,mean_centered,/Users/manouchehrrimer/Desktop/BlueDot_Perona_Vector_Project/outputs/vector_construction/persona_vectors/compassion_layer47.npy,/Users/manouchehrrimer/Desktop/BlueDot_Perona_Vector_Project/outputs/synthetic_projection/activations/synthetic_honesty_009_upheld_layer47.npy
synthetic_honesty_009_violated,synthetic,honesty,honesty,32,-12.230300903320312,mean_centered,/Users/manouchehrrimer/Desktop/BlueDot_Perona_Vector_Project/outputs/vector_construction/persona_vectors/honesty_layer32.npy,/Users/manouchehrrimer/Desktop/BlueDot_Perona_Vector_Project/outputs/synthetic_projection/activations/synthetic_honesty_009_violated_layer32.npy
synthetic_honesty_009_violated,synthetic,honesty,harmlessness,32,530.999755859375,mean_centered,/Users/manouchehrrimer/Desktop/BlueDot_Perona_Vector_Project/outputs/vector_construction/persona_vectors/harmlessness_layer32.npy,/Users/manouchehrrimer/Desktop/BlueDot_Perona_Vector_Project/outputs/synthetic_projection/activations/synthetic_honesty_009_violated_layer32.npy
synthetic_honesty_009_violated,synthetic,honesty,fairness,32,-504.37811279296875,mean_centered,/Users/manouchehrrimer/Desktop/BlueDot_Perona_Vector_Project/outputs/vector_construction/persona_vectors/fairness_layer32.npy,/Users/manouchehrrimer/Desktop/BlueDot_Perona_Vector_Project/outputs/synthetic_projection/activations/synthetic_honesty_009_violated_layer32.npy
synthetic_honesty_009_violated,synthetic,honesty,compassion,32,-386.36199951171875,mean_centered,/Users/manouchehrrimer/Desktop/BlueDot_Perona_Vector_Project/outputs/vector_construction/persona_vectors/compassion_layer32.npy,/Users/manouchehrrimer/Desktop/BlueDot_Perona_Vector_Project/outputs/synthetic_projection/activations/synthetic_honesty_009_violated_layer32.npy
synthetic_honesty_009_violated,synthetic,honesty,honesty,40,-1378.8084716796875,mean_centered,/Users/manouchehrrimer/Desktop/BlueDot_Perona_Vector_Project/outputs/vector_construction/persona_vectors/honesty_layer40.npy,/Users/manouchehrrimer/Desktop/BlueDot_Perona_Vector_Project/outputs/synthetic_projection/activations/synthetic_honesty_009_violated_layer40.npy
synthetic_honesty_009_violated,synthetic,honesty,harmlessness,40,134.7471466064453,mean_centered,/Users/manouchehrrimer/Desktop/BlueDot_Perona_Vector_Project/outputs/vector_construction/persona_vectors/harmlessness_layer40.npy,/Users/manouchehrrimer/Desktop/BlueDot_Perona_Vector_Project/outputs/synthetic_projection/activations/synthetic_honesty_009_violated_layer40.npy
synthetic_honesty_009_violated,synthetic,honesty,fairness,40,-1265.236572265625,mean_centered,/Users/manouchehrrimer/Desktop/BlueDot_Perona_Vector_Project/outputs/vector_construction/persona_vectors/fairness_layer40.npy,/Users/manouchehrrimer/Desktop/BlueDot_Perona_Vector_Project/outputs/synthetic_projection/activations/synthetic_honesty_009_violated_layer40.npy
synthetic_honesty_009_violated,synthetic,honesty,compassion,40,-387.14093017578125,mean_centered,/Users/manouchehrrimer/Desktop/BlueDot_Perona_Vector_Project/outputs/vector_construction/persona_vectors/compassion_layer40.npy,/Users/manouchehrrimer/Desktop/BlueDot_Perona_Vector_Project/outputs/synthetic_projection/activations/synthetic_honesty_009_violated_layer40.npy
synthetic_honesty_009_violated,synthetic,honesty,honesty,47,-1142.94677734375,mean_centered,/Users/manouchehrrimer/Desktop/BlueDot_Perona_Vector_Project/outputs/vector_construction/persona_vectors/honesty_layer47.npy,/Users/manouchehrrimer/Desktop/BlueDot_Perona_Vector_Project/outputs/synthetic_projection/activations/synthetic_honesty_009_violated_layer47.npy
synthetic_honesty_009_violated,synthetic,honesty,harmlessness,47,-2201.593994140625,mean_centered,/Users/manouchehrrimer/Desktop/BlueDot_Perona_Vector_Project/outputs/vector_construction/persona_vectors/harmlessness_layer47.npy,/Users/manouchehrrimer/Desktop/BlueDot_Perona_Vector_Project/outputs/synthetic_projection/activations/synthetic_honesty_009_violated_layer47.npy
synthetic_honesty_009_violated,synthetic,honesty,fairness,47,-903.1270141601562,mean_centered,/Users/manouchehrrimer/Desktop/BlueDot_Perona_Vector_Project/outputs/vector_construction/persona_vectors/fairness_layer47.npy,/Users/manouchehrrimer/Desktop/BlueDot_Perona_Vector_Project/outputs/synthetic_projection/activations/synthetic_honesty_009_violated_layer47.npy
synthetic_honesty_009_violated,synthetic,honesty,compassion,47,-1494.31396484375,mean_centered,/Users/manouchehrrimer/Desktop/BlueDot_Perona_Vector_Project/outputs/vector_construction/persona_vectors/compassion_layer47.npy,/Users/manouchehrrimer/Desktop/BlueDot_Perona_Vector_Project/outputs/synthetic_projection/activations/synthetic_honesty_009_violated_layer47.npy
synthetic_honesty_010_upheld,synthetic,honesty,honesty,32,134.99746704101562,mean_centered,/Users/manouchehrrimer/Desktop/BlueDot_Perona_Vector_Project/outputs/vector_construction/persona_vectors/honesty_layer32.npy,/Users/manouchehrrimer/Desktop/BlueDot_Perona_Vector_Project/outputs/synthetic_projection/activations/synthetic_honesty_010_upheld_layer32.npy
synthetic_honesty_010_upheld,synthetic,honesty,harmlessness,32,-564.4052734375,mean_centered,/Users/manouchehrrimer/Desktop/BlueDot_Perona_Vector_Project/outputs/vector_construction/persona_vectors/harmlessness_layer32.npy,/Users/manouchehrrimer/Desktop/BlueDot_Perona_Vector_Project/outputs/synthetic_projection/activations/synthetic_honesty_010_upheld_layer32.npy
synthetic_honesty_010_upheld,synthetic,honesty,fairness,32,616.5756225585938,mean_centered,/Users/manouchehrrimer/Desktop/BlueDot_Perona_Vector_Project/outputs/vector_construction/persona_vectors/fairness_layer32.npy,/Users/manouchehrrimer/Desktop/BlueDot_Perona_Vector_Project/outputs/synthetic_projection/activations/synthetic_honesty_010_upheld_layer32.npy
synthetic_honesty_010_upheld,synthetic,honesty,compassion,32,-97.31166076660156,mean_centered,/Users/manouchehrrimer/Desktop/BlueDot_Perona_Vector_Project/outputs/vector_construction/persona_vectors/compassion_layer32.npy,/Users/manouchehrrimer/Desktop/BlueDot_Perona_Vector_Project/outputs/synthetic_projection/activations/synthetic_honesty_010_upheld_layer32.npy
synthetic_honesty_010_upheld,synthetic,honesty,honesty,40,-554.158935546875,mean_centered,/Users/manouchehrrimer/Desktop/BlueDot_Perona_Vector_Project/outputs/vector_construction/persona_vectors/honesty_layer40.npy,/Users/manouchehrrimer/Desktop/BlueDot_Perona_Vector_Project/outputs/synthetic_projection/activations/synthetic_honesty_010_upheld_layer40.npy
synthetic_honesty_010_upheld,synthetic,honesty,harmlessness,40,-793.273193359375,mean_centered,/Users/manouchehrrimer/Desktop/BlueDot_Perona_Vector_Project/outputs/vector_construction/persona_vectors/harmlessness_layer40.npy,/Users/manouchehrrimer/Desktop/BlueDot_Perona_Vector_Project/outputs/synthetic_projection/activations/synthetic_honesty_010_upheld_layer40.npy
synthetic_honesty_010_upheld,synthetic,honesty,fairness,40,119.914794921875,mean_centered,/Users/manouchehrrimer/Desktop/BlueDot_Perona_Vector_Project/outputs/vector_construction/persona_vectors/fairness_layer40.npy,/Users/manouchehrrimer/Desktop/BlueDot_Perona_Vector_Project/outputs/synthetic_projection/activations/synthetic_honesty_010_upheld_layer40.npy
synthetic_honesty_010_upheld,synthetic,honesty,compassion,40,-283.70849609375,mean_centered,/Users/manouchehrrimer/Desktop/BlueDot_Perona_Vector_Project/outputs/vector_construction/persona_vectors/compassion_layer40.npy,/Users/manouchehrrimer/Desktop/BlueDot_Perona_Vector_Project/outputs/synthetic_projection/activations/synthetic_honesty_010_upheld_layer40.npy
synthetic_honesty_010_upheld,synthetic,honesty,honesty,47,-2056.425537109375,mean_centered,/Users/manouchehrrimer/Desktop/BlueDot_Perona_Vector_Project/outputs/vector_construction/persona_vectors/honesty_layer47.npy,/Users/manouchehrrimer/Desktop/BlueDot_Perona_Vector_Project/outputs/synthetic_projection/activations/synthetic_honesty_010_upheld_layer47.npy
synthetic_honesty_010_upheld,synthetic,honesty,harmlessness,47,-2682.859375,mean_centered,/Users/manouchehrrimer/Desktop/BlueDot_Perona_Vector_Project/outputs/vector_construction/persona_vectors/harmlessness_layer47.npy,/Users/manouchehrrimer/Desktop/BlueDot_Perona_Vector_Project/outputs/synthetic_projection/activations/synthetic_honesty_010_upheld_layer47.npy
synthetic_honesty_010_upheld,synthetic,honesty,fairness,47,-153.68682861328125,mean_centered,/Users/manouchehrrimer/Desktop/BlueDot_Perona_Vector_Project/outputs/vector_construction/persona_vectors/fairness_layer47.npy,/Users/manouchehrrimer/Desktop/BlueDot_Perona_Vector_Project/outputs/synthetic_projection/activations/synthetic_honesty_010_upheld_layer47.npy
synthetic_honesty_010_upheld,synthetic,honesty,compassion,47,-1338.3538818359375,mean_centered,/Users/manouchehrrimer/Desktop/BlueDot_Perona_Vector_Project/outputs/vector_construction/persona_vectors/compassion_layer47.npy,/Users/manouchehrrimer/Desktop/BlueDot_Perona_Vector_Project/outputs/synthetic_projection/activations/synthetic_honesty_010_upheld_layer47.npy
synthetic_honesty_010_violated,synthetic,honesty,honesty,32,993.0438842773438,mean_centered,/Users/manouchehrrimer/Desktop/BlueDot_Perona_Vector_Project/outputs/vector_construction/persona_vectors/honesty_layer32.npy,/Users/manouchehrrimer/Desktop/BlueDot_Perona_Vector_Project/outputs/synthetic_projection/activations/synthetic_honesty_010_violated_layer32.npy
synthetic_honesty_010_violated,synthetic,honesty,harmlessness,32,-743.2088623046875,mean_centered,/Users/manouchehrrimer/Desktop/BlueDot_Perona_Vector_Project/outputs/vector_construction/persona_vectors/harmlessness_layer32.npy,/Users/manouchehrrimer/Desktop/BlueDot_Perona_Vector_Project/outputs/synthetic_projection/activations/synthetic_honesty_010_violated_layer32.npy
synthetic_honesty_010_violated,synthetic,honesty,fairness,32,654.2446899414062,mean_centered,/Users/manouchehrrimer/Desktop/BlueDot_Perona_Vector_Project/outputs/vector_construction/persona_vectors/fairness_layer32.npy,/Users/manouchehrrimer/Desktop/BlueDot_Perona_Vector_Project/outputs/synthetic_projection/activations/synthetic_honesty_010_violated_layer32.npy
synthetic_honesty_010_violated,synthetic,honesty,compassion,32,820.7355346679688,mean_centered,/Users/manouchehrrimer/Desktop/BlueDot_Perona_Vector_Project/outputs/vector_construction/persona_vectors/compassion_layer32.npy,/Users/manouchehrrimer/Desktop/BlueDot_Perona_Vector_Project/outputs/synthetic_projection/activations/synthetic_honesty_010_violated_layer32.npy
synthetic_honesty_010_violated,synthetic,honesty,honesty,40,-990.2842407226562,mean_centered,/Users/manouchehrrimer/Desktop/BlueDot_Perona_Vector_Project/outputs/vector_construction/persona_vectors/honesty_layer40.npy,/Users/manouchehrrimer/Desktop/BlueDot_Perona_Vector_Project/outputs/synthetic_projection/activations/synthetic_honesty_010_violated_layer40.npy
synthetic_honesty_010_violated,synthetic,honesty,harmlessness,40,137.64614868164062,mean_centered,/Users/manouchehrrimer/Desktop/BlueDot_Perona_Vector_Project/outputs/vector_construction/persona_vectors/harmlessness_layer40.npy,/Users/manouchehrrimer/Desktop/BlueDot_Perona_Vector_Project/outputs/synthetic_projection/activations/synthetic_honesty_010_violated_layer40.npy
synthetic_honesty_010_violated,synthetic,honesty,fairness,40,-1306.14453125,mean_centered,/Users/manouchehrrimer/Desktop/BlueDot_Perona_Vector_Project/outputs/vector_construction/persona_vectors/fairness_layer40.npy,/Users/manouchehrrimer/Desktop/BlueDot_Perona_Vector_Project/outputs/synthetic_projection/activations/synthetic_honesty_010_violated_layer40.npy
synthetic_honesty_010_violated,synthetic,honesty,compassion,40,538.29052734375,mean_centered,/Users/manouchehrrimer/Desktop/BlueDot_Perona_Vector_Project/outputs/vector_construction/persona_vectors/compassion_layer40.npy,/Users/manouchehrrimer/Desktop/BlueDot_Perona_Vector_Project/outputs/synthetic_projection/activations/synthetic_honesty_010_violated_layer40.npy
synthetic_honesty_010_violated,synthetic,honesty,honesty,47,694.2454223632812,mean_centered,/Users/manouchehrrimer/Desktop/BlueDot_Perona_Vector_Project/outputs/vector_construction/persona_vectors/honesty_layer47.npy,/Users/manouchehrrimer/Desktop/BlueDot_Perona_Vector_Project/outputs/synthetic_projection/activations/synthetic_honesty_010_violated_layer47.npy
synthetic_honesty_010_violated,synthetic,honesty,harmlessness,47,905.1703491210938,mean_centered,/Users/manouchehrrimer/Desktop/BlueDot_Perona_Vector_Project/outputs/vector_construction/persona_vectors/harmlessness_layer47.npy,/Users/manouchehrrimer/Desktop/BlueDot_Perona_Vector_Project/outputs/synthetic_projection/activations/synthetic_honesty_010_violated_layer47.npy
synthetic_honesty_010_violated,synthetic,honesty,fairness,47,-645.1533203125,mean_centered,/Users/manouchehrrimer/Desktop/BlueDot_Perona_Vector_Project/outputs/vector_construction/persona_vectors/fairness_layer47.npy,/Users/manouchehrrimer/Desktop/BlueDot_Perona_Vector_Project/outputs/synthetic_projection/activations/synthetic_honesty_010_violated_layer47.npy
synthetic_honesty_010_violated,synthetic,honesty,compassion,47,902.8245849609375,mean_centered,/Users/manouchehrrimer/Desktop/BlueDot_Perona_Vector_Project/outputs/vector_construction/persona_vectors/compassion_layer47.npy,/Users/manouchehrrimer/Desktop/BlueDot_Perona_Vector_Project/outputs/synthetic_projection/activations/synthetic_honesty_010_violated_layer47.npy
synthetic_honesty_011_upheld,synthetic,honesty,honesty,32,565.26513671875,mean_centered,/Users/manouchehrrimer/Desktop/BlueDot_Perona_Vector_Project/outputs/vector_construction/persona_vectors/honesty_layer32.npy,/Users/manouchehrrimer/Desktop/BlueDot_Perona_Vector_Project/outputs/synthetic_projection/activations/synthetic_honesty_011_upheld_layer32.npy
synthetic_honesty_011_upheld,synthetic,honesty,harmlessness,32,-1137.96923828125,mean_centered,/Users/manouchehrrimer/Desktop/BlueDot_Perona_Vector_Project/outputs/vector_construction/persona_vectors/harmlessness_layer32.npy,/Users/manouchehrrimer/Desktop/BlueDot_Perona_Vector_Project/outputs/synthetic_projection/activations/synthetic_honesty_011_upheld_layer32.npy
synthetic_honesty_011_upheld,synthetic,honesty,fairness,32,913.8732299804688,mean_centered,/Users/manouchehrrimer/Desktop/BlueDot_Perona_Vector_Project/outputs/vector_construction/persona_vectors/fairness_layer32.npy,/Users/manouchehrrimer/Desktop/BlueDot_Perona_Vector_Project/outputs/synthetic_projection/activations/synthetic_honesty_011_upheld_layer32.npy
synthetic_honesty_011_upheld,synthetic,honesty,compassion,32,638.7904052734375,mean_centered,/Users/manouchehrrimer/Desktop/BlueDot_Perona_Vector_Project/outputs/vector_construction/persona_vectors/compassion_layer32.npy,/Users/manouchehrrimer/Desktop/BlueDot_Perona_Vector_Project/outputs/synthetic_projection/activations/synthetic_honesty_011_upheld_layer32.npy
synthetic_honesty_011_upheld,synthetic,honesty,honesty,40,-1429.04736328125,mean_centered,/Users/manouchehrrimer/Desktop/BlueDot_Perona_Vector_Project/outputs/vector_construction/persona_vectors/honesty_layer40.npy,/Users/manouchehrrimer/Desktop/BlueDot_Perona_Vector_Project/outputs/synthetic_projection/activations/synthetic_honesty_011_upheld_layer40.npy
synthetic_honesty_011_upheld,synthetic,honesty,harmlessness,40,-582.3777465820312,mean_centered,/Users/manouchehrrimer/Desktop/BlueDot_Perona_Vector_Project/outputs/vector_construction/persona_vectors/harmlessness_layer40.npy,/Users/manouchehrrimer/Desktop/BlueDot_Perona_Vector_Project/outputs/synthetic_projection/activations/synthetic_honesty_011_upheld_layer40.npy
synthetic_honesty_011_upheld,synthetic,honesty,fairness,40,-937.3286743164062,mean_centered,/Users/manouchehrrimer/Desktop/BlueDot_Perona_Vector_Project/outputs/vector_construction/persona_vectors/fairness_layer40.npy,/Users/manouchehrrimer/Desktop/BlueDot_Perona_Vector_Project/outputs/synthetic_projection/activations/synthetic_honesty_011_upheld_layer40.npy
synthetic_honesty_011_upheld,synthetic,honesty,compassion,40,-103.648681640625,mean_centered,/Users/manouchehrrimer/Desktop/BlueDot_Perona_Vector_Project/outputs/vector_construction/persona_vectors/compassion_layer40.npy,/Users/manouchehrrimer/Desktop/BlueDot_Perona_Vector_Project/outputs/synthetic_projection/activations/synthetic_honesty_011_upheld_layer40.npy
synthetic_honesty_011_upheld,synthetic,honesty,honesty,47,-2172.37646484375,mean_centered,/Users/manouchehrrimer/Desktop/BlueDot_Perona_Vector_Project/outputs/vector_construction/persona_vectors/honesty_layer47.npy,/Users/manouchehrrimer/Desktop/BlueDot_Perona_Vector_Project/outputs/synthetic_projection/activations/synthetic_honesty_011_upheld_layer47.npy
synthetic_honesty_011_upheld,synthetic,honesty,harmlessness,47,-2489.63232421875,mean_centered,/Users/manouchehrrimer/Desktop/BlueDot_Perona_Vector_Project/outputs/vector_construction/persona_vectors/harmlessness_layer47.npy,/Users/manouchehrrimer/Desktop/BlueDot_Perona_Vector_Project/outputs/synthetic_projection/activations/synthetic_honesty_011_upheld_layer47.npy
synthetic_honesty_011_upheld,synthetic,honesty,fairness,47,-683.2832641601562,mean_centered,/Users/manouchehrrimer/Desktop/BlueDot_Perona_Vector_Project/outputs/vector_construction/persona_vectors/fairness_layer47.npy,/Users/manouchehrrimer/Desktop/BlueDot_Perona_Vector_Project/outputs/synthetic_projection/activations/synthetic_honesty_011_upheld_layer47.npy
synthetic_honesty_011_upheld,synthetic,honesty,compassion,47,-1025.121826171875,mean_centered,/Users/manouchehrrimer/Desktop/BlueDot_Perona_Vector_Project/outputs/vector_construction/persona_vectors/compassion_layer47.npy,/Users/manouchehrrimer/Desktop/BlueDot_Perona_Vector_Project/outputs/synthetic_projection/activations/synthetic_honesty_011_upheld_layer47.npy
synthetic_honesty_011_violated,synthetic,honesty,honesty,32,1098.067138671875,mean_centered,/Users/manouchehrrimer/Desktop/BlueDot_Perona_Vector_Project/outputs/vector_construction/persona_vectors/honesty_layer32.npy,/Users/manouchehrrimer/Desktop/BlueDot_Perona_Vector_Project/outputs/synthetic_projection/activations/synthetic_honesty_011_violated_layer32.npy
synthetic_honesty_011_violated,synthetic,honesty,harmlessness,32,-933.796142578125,mean_centered,/Users/manouchehrrimer/Desktop/BlueDot_Perona_Vector_Project/outputs/vector_construction/persona_vectors/harmlessness_layer32.npy,/Users/manouchehrrimer/Desktop/BlueDot_Perona_Vector_Project/outputs/synthetic_projection/activations/synthetic_honesty_011_violated_layer32.npy
synthetic_honesty_011_violated,synthetic,honesty,fairness,32,633.8413696289062,mean_centered,/Users/manouchehrrimer/Desktop/BlueDot_Perona_Vector_Project/outputs/vector_construction/persona_vectors/fairness_layer32.npy,/Users/manouchehrrimer/Desktop/BlueDot_Perona_Vector_Project/outputs/synthetic_projection/activations/synthetic_honesty_011_violated_layer32.npy
synthetic_honesty_011_violated,synthetic,honesty,compassion,32,1192.6669921875,mean_centered,/Users/manouchehrrimer/Desktop/BlueDot_Perona_Vector_Project/outputs/vector_construction/persona_vectors/compassion_layer32.npy,/Users/manouchehrrimer/Desktop/BlueDot_Perona_Vector_Project/outputs/synthetic_projection/activations/synthetic_honesty_011_violated_layer32.npy
synthetic_honesty_011_violated,synthetic,honesty,honesty,40,2602.812255859375,mean_centered,/Users/manouchehrrimer/Desktop/BlueDot_Perona_Vector_Project/outputs/vector_construction/persona_vectors/honesty_layer40.npy,/Users/manouchehrrimer/Desktop/BlueDot_Perona_Vector_Project/outputs/synthetic_projection/activations/synthetic_honesty_011_violated_layer40.npy
synthetic_honesty_011_violated,synthetic,honesty,harmlessness,40,708.9212646484375,mean_centered,/Users/manouchehrrimer/Desktop/BlueDot_Perona_Vector_Project/outputs/vector_construction/persona_vectors/harmlessness_layer40.npy,/Users/manouchehrrimer/Desktop/BlueDot_Perona_Vector_Project/outputs/synthetic_projection/activations/synthetic_honesty_011_violated_layer40.npy
synthetic_honesty_011_violated,synthetic,honesty,fairness,40,1029.51025390625,mean_centered,/Users/manouchehrrimer/Desktop/BlueDot_Perona_Vector_Project/outputs/vector_construction/persona_vectors/fairness_layer40.npy,/Users/manouchehrrimer/Desktop/BlueDot_Perona_Vector_Project/outputs/synthetic_projection/activations/synthetic_honesty_011_violated_layer40.npy
synthetic_honesty_011_violated,synthetic,honesty,compassion,40,502.7818603515625,mean_centered,/Users/manouchehrrimer/Desktop/BlueDot_Perona_Vector_Project/outputs/vector_construction/persona_vectors/compassion_layer40.npy,/Users/manouchehrrimer/Desktop/BlueDot_Perona_Vector_Project/outputs/synthetic_projection/activations/synthetic_honesty_011_violated_layer40.npy
synthetic_honesty_011_violated,synthetic,honesty,honesty,47,214.2223358154297,mean_centered,/Users/manouchehrrimer/Desktop/BlueDot_Perona_Vector_Project/outputs/vector_construction/persona_vectors/honesty_layer47.npy,/Users/manouchehrrimer/Desktop/BlueDot_Perona_Vector_Project/outputs/synthetic_projection/activations/synthetic_honesty_011_violated_layer47.npy
synthetic_honesty_011_violated,synthetic,honesty,harmlessness,47,186.39608764648438,mean_centered,/Users/manouchehrrimer/Desktop/BlueDot_Perona_Vector_Project/outputs/vector_construction/persona_vectors/harmlessness_layer47.npy,/Users/manouchehrrimer/Desktop/BlueDot_Perona_Vector_Project/outputs/synthetic_projection/activations/synthetic_honesty_011_violated_layer47.npy
synthetic_honesty_011_violated,synthetic,honesty,fairness,47,-1064.275146484375,mean_centered,/Users/manouchehrrimer/Desktop/BlueDot_Perona_Vector_Project/outputs/vector_construction/persona_vectors/fairness_layer47.npy,/Users/manouchehrrimer/Desktop/BlueDot_Perona_Vector_Project/outputs/synthetic_projection/activations/synthetic_honesty_011_violated_layer47.npy
synthetic_honesty_011_violated,synthetic,honesty,compassion,47,-90.08345031738281,mean_centered,/Users/manouchehrrimer/Desktop/BlueDot_Perona_Vector_Project/outputs/vector_construction/persona_vectors/compassion_layer47.npy,/Users/manouchehrrimer/Desktop/BlueDot_Perona_Vector_Project/outputs/synthetic_projection/activations/synthetic_honesty_011_violated_layer47.npy
synthetic_honesty_012_upheld,synthetic,honesty,honesty,32,1411.4208984375,mean_centered,/Users/manouchehrrimer/Desktop/BlueDot_Perona_Vector_Project/outputs/vector_construction/persona_vectors/honesty_layer32.npy,/Users/manouchehrrimer/Desktop/BlueDot_Perona_Vector_Project/outputs/synthetic_projection/activations/synthetic_honesty_012_upheld_layer32.npy
synthetic_honesty_012_upheld,synthetic,honesty,harmlessness,32,-1730.354248046875,mean_centered,/Users/manouchehrrimer/Desktop/BlueDot_Perona_Vector_Project/outputs/vector_construction/persona_vectors/harmlessness_layer32.npy,/Users/manouchehrrimer/Desktop/BlueDot_Perona_Vector_Project/outputs/synthetic_projection/activations/synthetic_honesty_012_upheld_layer32.npy
synthetic_honesty_012_upheld,synthetic,honesty,fairness,32,1212.53271484375,mean_centered,/Users/manouchehrrimer/Desktop/BlueDot_Perona_Vector_Project/outputs/vector_construction/persona_vectors/fairness_layer32.npy,/Users/manouchehrrimer/Desktop/BlueDot_Perona_Vector_Project/outputs/synthetic_projection/activations/synthetic_honesty_012_upheld_layer32.npy
synthetic_honesty_012_upheld,synthetic,honesty,compassion,32,1154.0244140625,mean_centered,/Users/manouchehrrimer/Desktop/BlueDot_Perona_Vector_Project/outputs/vector_construction/persona_vectors/compassion_layer32.npy,/Users/manouchehrrimer/Desktop/BlueDot_Perona_Vector_Project/outputs/synthetic_projection/activations/synthetic_honesty_012_upheld_layer32.npy
synthetic_honesty_012_upheld,synthetic,honesty,honesty,40,1342.2572021484375,mean_centered,/Users/manouchehrrimer/Desktop/BlueDot_Perona_Vector_Project/outputs/vector_construction/persona_vectors/honesty_layer40.npy,/Users/manouchehrrimer/Desktop/BlueDot_Perona_Vector_Project/outputs/synthetic_projection/activations/synthetic_honesty_012_upheld_layer40.npy
synthetic_honesty_012_upheld,synthetic,honesty,harmlessness,40,-271.6261901855469,mean_centered,/Users/manouchehrrimer/Desktop/BlueDot_Perona_Vector_Project/outputs/vector_construction/persona_vectors/harmlessness_layer40.npy,/Users/manouchehrrimer/Desktop/BlueDot_Perona_Vector_Project/outputs/synthetic_projection/activations/synthetic_honesty_012_upheld_layer40.npy
synthetic_honesty_012_upheld,synthetic,honesty,fairness,40,534.5323486328125,mean_centered,/Users/manouchehrrimer/Desktop/BlueDot_Perona_Vector_Project/outputs/vector_construction/persona_vectors/fairness_layer40.npy,/Users/manouchehrrimer/Desktop/BlueDot_Perona_Vector_Project/outputs/synthetic_projection/activations/synthetic_honesty_012_upheld_layer40.npy
synthetic_honesty_012_upheld,synthetic,honesty,compassion,40,161.23641967773438,mean_centered,/Users/manouchehrrimer/Desktop/BlueDot_Perona_Vector_Project/outputs/vector_construction/persona_vectors/compassion_layer40.npy,/Users/manouchehrrimer/Desktop/BlueDot_Perona_Vector_Project/outputs/synthetic_projection/activations/synthetic_honesty_012_upheld_layer40.npy
synthetic_honesty_012_upheld,synthetic,honesty,honesty,47,-1752.7783203125,mean_centered,/Users/manouchehrrimer/Desktop/BlueDot_Perona_Vector_Project/outputs/vector_construction/persona_vectors/honesty_layer47.npy,/Users/manouchehrrimer/Desktop/BlueDot_Perona_Vector_Project/outputs/synthetic_projection/activations/synthetic_honesty_012_upheld_layer47.npy
synthetic_honesty_012_upheld,synthetic,honesty,harmlessness,47,-2715.26904296875,mean_centered,/Users/manouchehrrimer/Desktop/BlueDot_Perona_Vector_Project/outputs/vector_construction/persona_vectors/harmlessness_layer47.npy,/Users/manouchehrrimer/Desktop/BlueDot_Perona_Vector_Project/outputs/synthetic_projection/activations/synthetic_honesty_012_upheld_layer47.npy
synthetic_honesty_012_upheld,synthetic,honesty,fairness,47,-1198.3802490234375,mean_centered,/Users/manouchehrrimer/Desktop/BlueDot_Perona_Vector_Project/outputs/vector_construction/persona_vectors/fairness_layer47.npy,/Users/manouchehrrimer/Desktop/BlueDot_Perona_Vector_Project/outputs/synthetic_projection/activations/synthetic_honesty_012_upheld_layer47.npy
synthetic_honesty_012_upheld,synthetic,honesty,compassion,47,-1038.1478271484375,mean_centered,/Users/manouchehrrimer/Desktop/BlueDot_Perona_Vector_Project/outputs/vector_construction/persona_vectors/compassion_layer47.npy,/Users/manouchehrrimer/Desktop/BlueDot_Perona_Vector_Project/outputs/synthetic_projection/activations/synthetic_honesty_012_upheld_layer47.npy
synthetic_honesty_012_violated,synthetic,honesty,honesty,32,975.2227783203125,mean_centered,/Users/manouchehrrimer/Desktop/BlueDot_Perona_Vector_Project/outputs/vector_construction/persona_vectors/honesty_layer32.npy,/Users/manouchehrrimer/Desktop/BlueDot_Perona_Vector_Project/outputs/synthetic_projection/activations/synthetic_honesty_012_violated_layer32.npy
synthetic_honesty_012_violated,synthetic,honesty,harmlessness,32,-1329.468505859375,mean_centered,/Users/manouchehrrimer/Desktop/BlueDot_Perona_Vector_Project/outputs/vector_construction/persona_vectors/harmlessness_layer32.npy,/Users/manouchehrrimer/Desktop/BlueDot_Perona_Vector_Project/outputs/synthetic_projection/activations/synthetic_honesty_012_violated_layer32.npy
synthetic_honesty_012_violated,synthetic,honesty,fairness,32,863.5489501953125,mean_centered,/Users/manouchehrrimer/Desktop/BlueDot_Perona_Vector_Project/outputs/vector_construction/persona_vectors/fairness_layer32.npy,/Users/manouchehrrimer/Desktop/BlueDot_Perona_Vector_Project/outputs/synthetic_projection/activations/synthetic_honesty_012_violated_layer32.npy
synthetic_honesty_012_violated,synthetic,honesty,compassion,32,865.3505249023438,mean_centered,/Users/manouchehrrimer/Desktop/BlueDot_Perona_Vector_Project/outputs/vector_construction/persona_vectors/compassion_layer32.npy,/Users/manouchehrrimer/Desktop/BlueDot_Perona_Vector_Project/outputs/synthetic_projection/activations/synthetic_honesty_012_violated_layer32.npy
synthetic_honesty_012_violated,synthetic,honesty,honesty,40,369.830810546875,mean_centered,/Users/manouchehrrimer/Desktop/BlueDot_Perona_Vector_Project/outputs/vector_construction/persona_vectors/honesty_layer40.npy,/Users/manouchehrrimer/Desktop/BlueDot_Perona_Vector_Project/outputs/synthetic_projection/activations/synthetic_honesty_012_violated_layer40.npy
synthetic_honesty_012_violated,synthetic,honesty,harmlessness,40,-291.87286376953125,mean_centered,/Users/manouchehrrimer/Desktop/BlueDot_Perona_Vector_Project/outputs/vector_construction/persona_vectors/harmlessness_layer40.npy,/Users/manouchehrrimer/Desktop/BlueDot_Perona_Vector_Project/outputs/synthetic_projection/activations/synthetic_honesty_012_violated_layer40.npy
synthetic_honesty_012_violated,synthetic,honesty,fairness,40,-51.54765319824219,mean_centered,/Users/manouchehrrimer/Desktop/BlueDot_Perona_Vector_Project/outputs/vector_construction/persona_vectors/fairness_layer40.npy,/Users/manouchehrrimer/Desktop/BlueDot_Perona_Vector_Project/outputs/synthetic_projection/activations/synthetic_honesty_012_violated_layer40.npy
synthetic_honesty_012_violated,synthetic,honesty,compassion,40,336.49932861328125,mean_centered,/Users/manouchehrrimer/Desktop/BlueDot_Perona_Vector_Project/outputs/vector_construction/persona_vectors/compassion_layer40.npy,/Users/manouchehrrimer/Desktop/BlueDot_Perona_Vector_Project/outputs/synthetic_projection/activations/synthetic_honesty_012_violated_layer40.npy
synthetic_honesty_012_violated,synthetic,honesty,honesty,47,-1564.3642578125,mean_centered,/Users/manouchehrrimer/Desktop/BlueDot_Perona_Vector_Project/outputs/vector_construction/persona_vectors/honesty_layer47.npy,/Users/manouchehrrimer/Desktop/BlueDot_Perona_Vector_Project/outputs/synthetic_projection/activations/synthetic_honesty_012_violated_layer47.npy
synthetic_honesty_012_violated,synthetic,honesty,harmlessness,47,-2107.64892578125,mean_centered,/Users/manouchehrrimer/Desktop/BlueDot_Perona_Vector_Project/outputs/vector_construction/persona_vectors/harmlessness_layer47.npy,/Users/manouchehrrimer/Desktop/BlueDot_Perona_Vector_Project/outputs/synthetic_projection/activations/synthetic_honesty_012_violated_layer47.npy
synthetic_honesty_012_violated,synthetic,honesty,fairness,47,-1196.64599609375,mean_centered,/Users/manouchehrrimer/Desktop/BlueDot_Perona_Vector_Project/outputs/vector_construction/persona_vectors/fairness_layer47.npy,/Users/manouchehrrimer/Desktop/BlueDot_Perona_Vector_Project/outputs/synthetic_projection/activations/synthetic_honesty_012_violated_layer47.npy
synthetic_honesty_012_violated,synthetic,honesty,compassion,47,-489.11468505859375,mean_centered,/Users/manouchehrrimer/Desktop/BlueDot_Perona_Vector_Project/outputs/vector_construction/persona_vectors/compassion_layer47.npy,/Users/manouchehrrimer/Desktop/BlueDot_Perona_Vector_Project/outputs/synthetic_projection/activations/synthetic_honesty_012_violated_layer47.npy
synthetic_honesty_013_upheld,synthetic,honesty,honesty,32,-507.8714294433594,mean_centered,/Users/manouchehrrimer/Desktop/BlueDot_Perona_Vector_Project/outputs/vector_construction/persona_vectors/honesty_layer32.npy,/Users/manouchehrrimer/Desktop/BlueDot_Perona_Vector_Project/outputs/synthetic_projection/activations/synthetic_honesty_013_upheld_layer32.npy
synthetic_honesty_013_upheld,synthetic,honesty,harmlessness,32,466.92144775390625,mean_centered,/Users/manouchehrrimer/Desktop/BlueDot_Perona_Vector_Project/outputs/vector_construction/persona_vectors/harmlessness_layer32.npy,/Users/manouchehrrimer/Desktop/BlueDot_Perona_Vector_Project/outputs/synthetic_projection/activations/synthetic_honesty_013_upheld_layer32.npy
synthetic_honesty_013_upheld,synthetic,honesty,fairness,32,-444.59893798828125,mean_centered,/Users/manouchehrrimer/Desktop/BlueDot_Perona_Vector_Project/outputs/vector_construction/persona_vectors/fairness_layer32.npy,/Users/manouchehrrimer/Desktop/BlueDot_Perona_Vector_Project/outputs/synthetic_projection/activations/synthetic_honesty_013_upheld_layer32.npy
synthetic_honesty_013_upheld,synthetic,honesty,compassion,32,-544.7551879882812,mean_centered,/Users/manouchehrrimer/Desktop/BlueDot_Perona_Vector_Project/outputs/vector_construction/persona_vectors/compassion_layer32.npy,/Users/manouchehrrimer/Desktop/BlueDot_Perona_Vector_Project/outputs/synthetic_projection/activations/synthetic_honesty_013_upheld_layer32.npy
synthetic_honesty_013_upheld,synthetic,honesty,honesty,40,-4406.2529296875,mean_centered,/Users/manouchehrrimer/Desktop/BlueDot_Perona_Vector_Project/outputs/vector_construction/persona_vectors/honesty_layer40.npy,/Users/manouchehrrimer/Desktop/BlueDot_Perona_Vector_Project/outputs/synthetic_projection/activations/synthetic_honesty_013_upheld_layer40.npy
synthetic_honesty_013_upheld,synthetic,honesty,harmlessness,40,-424.150146484375,mean_centered,/Users/manouchehrrimer/Desktop/BlueDot_Perona_Vector_Project/outputs/vector_construction/persona_vectors/harmlessness_layer40.npy,/Users/manouchehrrimer/Desktop/BlueDot_Perona_Vector_Project/outputs/synthetic_projection/activations/synthetic_honesty_013_upheld_layer40.npy
synthetic_honesty_013_upheld,synthetic,honesty,fairness,40,-3104.775634765625,mean_centered,/Users/manouchehrrimer/Desktop/BlueDot_Perona_Vector_Project/outputs/vector_construction/persona_vectors/fairness_layer40.npy,/Users/manouchehrrimer/Desktop/BlueDot_Perona_Vector_Project/outputs/synthetic_projection/activations/synthetic_honesty_013_upheld_layer40.npy
synthetic_honesty_013_upheld,synthetic,honesty,compassion,40,-464.97601318359375,mean_centered,/Users/manouchehrrimer/Desktop/BlueDot_Perona_Vector_Project/outputs/vector_construction/persona_vectors/compassion_layer40.npy,/Users/manouchehrrimer/Desktop/BlueDot_Perona_Vector_Project/outputs/synthetic_projection/activations/synthetic_honesty_013_upheld_layer40.npy
synthetic_honesty_013_upheld,synthetic,honesty,honesty,47,-1181.6435546875,mean_centered,/Users/manouchehrrimer/Desktop/BlueDot_Perona_Vector_Project/outputs/vector_construction/persona_vectors/honesty_layer47.npy,/Users/manouchehrrimer/Desktop/BlueDot_Perona_Vector_Project/outputs/synthetic_projection/activations/synthetic_honesty_013_upheld_layer47.npy
synthetic_honesty_013_upheld,synthetic,honesty,harmlessness,47,-1601.020263671875,mean_centered,/Users/manouchehrrimer/Desktop/BlueDot_Perona_Vector_Project/outputs/vector_construction/persona_vectors/harmlessness_layer47.npy,/Users/manouchehrrimer/Desktop/BlueDot_Perona_Vector_Project/outputs/synthetic_projection/activations/synthetic_honesty_013_upheld_layer47.npy
synthetic_honesty_013_upheld,synthetic,honesty,fairness,47,-229.9125518798828,mean_centered,/Users/manouchehrrimer/Desktop/BlueDot_Perona_Vector_Project/outputs/vector_construction/persona_vectors/fairness_layer47.npy,/Users/manouchehrrimer/Desktop/BlueDot_Perona_Vector_Project/outputs/synthetic_projection/activations/synthetic_honesty_013_upheld_layer47.npy
synthetic_honesty_013_upheld,synthetic,honesty,compassion,47,-857.3817138671875,mean_centered,/Users/manouchehrrimer/Desktop/BlueDot_Perona_Vector_Project/outputs/vector_construction/persona_vectors/compassion_layer47.npy,/Users/manouchehrrimer/Desktop/BlueDot_Perona_Vector_Project/outputs/synthetic_projection/activations/synthetic_honesty_013_upheld_layer47.npy
synthetic_honesty_013_violated,synthetic,honesty,honesty,32,-414.0782775878906,mean_centered,/Users/manouchehrrimer/Desktop/BlueDot_Perona_Vector_Project/outputs/vector_construction/persona_vectors/honesty_layer32.npy,/Users/manouchehrrimer/Desktop/BlueDot_Perona_Vector_Project/outputs/synthetic_projection/activations/synthetic_honesty_013_violated_layer32.npy
synthetic_honesty_013_violated,synthetic,honesty,harmlessness,32,656.7717895507812,mean_centered,/Users/manouchehrrimer/Desktop/BlueDot_Perona_Vector_Project/outputs/vector_construction/persona_vectors/harmlessness_layer32.npy,/Users/manouchehrrimer/Desktop/BlueDot_Perona_Vector_Project/outputs/synthetic_projection/activations/synthetic_honesty_013_violated_layer32.npy
synthetic_honesty_013_violated,synthetic,honesty,fairness,32,-763.3673095703125,mean_centered,/Users/manouchehrrimer/Desktop/BlueDot_Perona_Vector_Project/outputs/vector_construction/persona_vectors/fairness_layer32.npy,/Users/manouchehrrimer/Desktop/BlueDot_Perona_Vector_Project/outputs/synthetic_projection/activations/synthetic_honesty_013_violated_layer32.npy
synthetic_honesty_013_violated,synthetic,honesty,compassion,32,-723.8046264648438,mean_centered,/Users/manouchehrrimer/Desktop/BlueDot_Perona_Vector_Project/outputs/vector_construction/persona_vectors/compassion_layer32.npy,/Users/manouchehrrimer/Desktop/BlueDot_Perona_Vector_Project/outputs/synthetic_projection/activations/synthetic_honesty_013_violated_layer32.npy
synthetic_honesty_013_violated,synthetic,honesty,honesty,40,-3567.739990234375,mean_centered,/Users/manouchehrrimer/Desktop/BlueDot_Perona_Vector_Project/outputs/vector_construction/persona_vectors/honesty_layer40.npy,/Users/manouchehrrimer/Desktop/BlueDot_Perona_Vector_Project/outputs/synthetic_projection/activations/synthetic_honesty_013_violated_layer40.npy
synthetic_honesty_013_violated,synthetic,honesty,harmlessness,40,87.70079040527344,mean_centered,/Users/manouchehrrimer/Desktop/BlueDot_Perona_Vector_Project/outputs/vector_construction/persona_vectors/harmlessness_layer40.npy,/Users/manouchehrrimer/Desktop/BlueDot_Perona_Vector_Project/outputs/synthetic_projection/activations/synthetic_honesty_013_violated_layer40.npy
synthetic_honesty_013_violated,synthetic,honesty,fairness,40,-2960.571533203125,mean_centered,/Users/manouchehrrimer/Desktop/BlueDot_Perona_Vector_Project/outputs/vector_construction/persona_vectors/fairness_layer40.npy,/Users/manouchehrrimer/Desktop/BlueDot_Perona_Vector_Project/outputs/synthetic_projection/activations/synthetic_honesty_013_violated_layer40.npy
synthetic_honesty_013_violated,synthetic,honesty,compassion,40,-465.8833923339844,mean_centered,/Users/manouchehrrimer/Desktop/BlueDot_Perona_Vector_Project/outputs/vector_construction/persona_vectors/compassion_layer40.npy,/Users/manouchehrrimer/Desktop/BlueDot_Perona_Vector_Project/outputs/synthetic_projection/activations/synthetic_honesty_013_violated_layer40.npy
synthetic_honesty_013_violated,synthetic,honesty,honesty,47,-3535.134521484375,mean_centered,/Users/manouchehrrimer/Desktop/BlueDot_Perona_Vector_Project/outputs/vector_construction/persona_vectors/honesty_layer47.npy,/Users/manouchehrrimer/Desktop/BlueDot_Perona_Vector_Project/outputs/synthetic_projection/activations/synthetic_honesty_013_violated_layer47.npy
synthetic_honesty_013_violated,synthetic,honesty,harmlessness,47,-4121.548828125,mean_centered,/Users/manouchehrrimer/Desktop/BlueDot_Perona_Vector_Project/outputs/vector_construction/persona_vectors/harmlessness_layer47.npy,/Users/manouchehrrimer/Desktop/BlueDot_Perona_Vector_Project/outputs/synthetic_projection/activations/synthetic_honesty_013_violated_layer47.npy
synthetic_honesty_013_violated,synthetic,honesty,fairness,47,-2258.42333984375,mean_centered,/Users/manouchehrrimer/Desktop/BlueDot_Perona_Vector_Project/outputs/vector_construction/persona_vectors/fairness_layer47.npy,/Users/manouchehrrimer/Desktop/BlueDot_Perona_Vector_Project/outputs/synthetic_projection/activations/synthetic_honesty_013_violated_layer47.npy
synthetic_honesty_013_violated,synthetic,honesty,compassion,47,-2511.650390625,mean_centered,/Users/manouchehrrimer/Desktop/BlueDot_Perona_Vector_Project/outputs/vector_construction/persona_vectors/compassion_layer47.npy,/Users/manouchehrrimer/Desktop/BlueDot_Perona_Vector_Project/outputs/synthetic_projection/activations/synthetic_honesty_013_violated_layer47.npy
synthetic_honesty_014_upheld,synthetic,honesty,honesty,32,276.5646667480469,mean_centered,/Users/manouchehrrimer/Desktop/BlueDot_Perona_Vector_Project/outputs/vector_construction/persona_vectors/honesty_layer32.npy,/Users/manouchehrrimer/Desktop/BlueDot_Perona_Vector_Project/outputs/synthetic_projection/activations/synthetic_honesty_014_upheld_layer32.npy
synthetic_honesty_014_upheld,synthetic,honesty,harmlessness,32,-512.2404174804688,mean_centered,/Users/manouchehrrimer/Desktop/BlueDot_Perona_Vector_Project/outputs/vector_construction/persona_vectors/harmlessness_layer32.npy,/Users/manouchehrrimer/Desktop/BlueDot_Perona_Vector_Project/outputs/synthetic_projection/activations/synthetic_honesty_014_upheld_layer32.npy
synthetic_honesty_014_upheld,synthetic,honesty,fairness,32,252.3916015625,mean_centered,/Users/manouchehrrimer/Desktop/BlueDot_Perona_Vector_Project/outputs/vector_construction/persona_vectors/fairness_layer32.npy,/Users/manouchehrrimer/Desktop/BlueDot_Perona_Vector_Project/outputs/synthetic_projection/activations/synthetic_honesty_014_upheld_layer32.npy
synthetic_honesty_014_upheld,synthetic,honesty,compassion,32,149.1386260986328,mean_centered,/Users/manouchehrrimer/Desktop/BlueDot_Perona_Vector_Project/outputs/vector_construction/persona_vectors/compassion_layer32.npy,/Users/manouchehrrimer/Desktop/BlueDot_Perona_Vector_Project/outputs/synthetic_projection/activations/synthetic_honesty_014_upheld_layer32.npy
synthetic_honesty_014_upheld,synthetic,honesty,honesty,40,4208.09619140625,mean_centered,/Users/manouchehrrimer/Desktop/BlueDot_Perona_Vector_Project/outputs/vector_construction/persona_vectors/honesty_layer40.npy,/Users/manouchehrrimer/Desktop/BlueDot_Perona_Vector_Project/outputs/synthetic_projection/activations/synthetic_honesty_014_upheld_layer40.npy
synthetic_honesty_014_upheld,synthetic,honesty,harmlessness,40,-417.4431457519531,mean_centered,/Users/manouchehrrimer/Desktop/BlueDot_Perona_Vector_Project/outputs/vector_construction/persona_vectors/harmlessness_layer40.npy,/Users/manouchehrrimer/Desktop/BlueDot_Perona_Vector_Project/outputs/synthetic_projection/activations/synthetic_honesty_014_upheld_layer40.npy
synthetic_honesty_014_upheld,synthetic,honesty,fairness,40,2698.265869140625,mean_centered,/Users/manouchehrrimer/Desktop/BlueDot_Perona_Vector_Project/outputs/vector_construction/persona_vectors/fairness_layer40.npy,/Users/manouchehrrimer/Desktop/BlueDot_Perona_Vector_Project/outputs/synthetic_projection/activations/synthetic_honesty_014_upheld_layer40.npy
synthetic_honesty_014_upheld,synthetic,honesty,compassion,40,398.4648742675781,mean_centered,/Users/manouchehrrimer/Desktop/BlueDot_Perona_Vector_Project/outputs/vector_construction/persona_vectors/compassion_layer40.npy,/Users/manouchehrrimer/Desktop/BlueDot_Perona_Vector_Project/outputs/synthetic_projection/activations/synthetic_honesty_014_upheld_layer40.npy
synthetic_honesty_014_upheld,synthetic,honesty,honesty,47,435.71826171875,mean_centered,/Users/manouchehrrimer/Desktop/BlueDot_Perona_Vector_Project/outputs/vector_construction/persona_vectors/honesty_layer47.npy,/Users/manouchehrrimer/Desktop/BlueDot_Perona_Vector_Project/outputs/synthetic_projection/activations/synthetic_honesty_014_upheld_layer47.npy
synthetic_honesty_014_upheld,synthetic,honesty,harmlessness,47,-192.2811279296875,mean_centered,/Users/manouchehrrimer/Desktop/BlueDot_Perona_Vector_Project/outputs/vector_construction/persona_vectors/harmlessness_layer47.npy,/Users/manouchehrrimer/Desktop/BlueDot_Perona_Vector_Project/outputs/synthetic_projection/activations/synthetic_honesty_014_upheld_layer47.npy
synthetic_honesty_014_upheld,synthetic,honesty,fairness,47,-61.3148307800293,mean_centered,/Users/manouchehrrimer/Desktop/BlueDot_Perona_Vector_Project/outputs/vector_construction/persona_vectors/fairness_layer47.npy,/Users/manouchehrrimer/Desktop/BlueDot_Perona_Vector_Project/outputs/synthetic_projection/activations/synthetic_honesty_014_upheld_layer47.npy
synthetic_honesty_014_upheld,synthetic,honesty,compassion,47,348.9218444824219,mean_centered,/Users/manouchehrrimer/Desktop/BlueDot_Perona_Vector_Project/outputs/vector_construction/persona_vectors/compassion_layer47.npy,/Users/manouchehrrimer/Desktop/BlueDot_Perona_Vector_Project/outputs/synthetic_projection/activations/synthetic_honesty_014_upheld_layer47.npy
synthetic_honesty_014_violated,synthetic,honesty,honesty,32,1222.1561279296875,mean_centered,/Users/manouchehrrimer/Desktop/BlueDot_Perona_Vector_Project/outputs/vector_construction/persona_vectors/honesty_layer32.npy,/Users/manouchehrrimer/Desktop/BlueDot_Perona_Vector_Project/outputs/synthetic_projection/activations/synthetic_honesty_014_violated_layer32.npy
synthetic_honesty_014_violated,synthetic,honesty,harmlessness,32,-1733.641357421875,mean_centered,/Users/manouchehrrimer/Desktop/BlueDot_Perona_Vector_Project/outputs/vector_construction/persona_vectors/harmlessness_layer32.npy,/Users/manouchehrrimer/Desktop/BlueDot_Perona_Vector_Project/outputs/synthetic_projection/activations/synthetic_honesty_014_violated_layer32.npy
synthetic_honesty_014_violated,synthetic,honesty,fairness,32,1049.448486328125,mean_centered,/Users/manouchehrrimer/Desktop/BlueDot_Perona_Vector_Project/outputs/vector_construction/persona_vectors/fairness_layer32.npy,/Users/manouchehrrimer/Desktop/BlueDot_Perona_Vector_Project/outputs/synthetic_projection/activations/synthetic_honesty_014_violated_layer32.npy
synthetic_honesty_014_violated,synthetic,honesty,compassion,32,1035.0091552734375,mean_centered,/Users/manouchehrrimer/Desktop/BlueDot_Perona_Vector_Project/outputs/vector_construction/persona_vectors/compassion_layer32.npy,/Users/manouchehrrimer/Desktop/BlueDot_Perona_Vector_Project/outputs/synthetic_projection/activations/synthetic_honesty_014_violated_layer32.npy
synthetic_honesty_014_violated,synthetic,honesty,honesty,40,2382.346923828125,mean_centered,/Users/manouchehrrimer/Desktop/BlueDot_Perona_Vector_Project/outputs/vector_construction/persona_vectors/honesty_layer40.npy,/Users/manouchehrrimer/Desktop/BlueDot_Perona_Vector_Project/outputs/synthetic_projection/activations/synthetic_honesty_014_violated_layer40.npy
synthetic_honesty_014_violated,synthetic,honesty,harmlessness,40,-246.16026306152344,mean_centered,/Users/manouchehrrimer/Desktop/BlueDot_Perona_Vector_Project/outputs/vector_construction/persona_vectors/harmlessness_layer40.npy,/Users/manouchehrrimer/Desktop/BlueDot_Perona_Vector_Project/outputs/synthetic_projection/activations/synthetic_honesty_014_violated_layer40.npy
synthetic_honesty_014_violated,synthetic,honesty,fairness,40,1375.26708984375,mean_centered,/Users/manouchehrrimer/Desktop/BlueDot_Perona_Vector_Project/outputs/vector_construction/persona_vectors/fairness_layer40.npy,/Users/manouchehrrimer/Desktop/BlueDot_Perona_Vector_Project/outputs/synthetic_projection/activations/synthetic_honesty_014_violated_layer40.npy
synthetic_honesty_014_violated,synthetic,honesty,compassion,40,35.650909423828125,mean_centered,/Users/manouchehrrimer/Desktop/BlueDot_Perona_Vector_Project/outputs/vector_construction/persona_vectors/compassion_layer40.npy,/Users/manouchehrrimer/Desktop/BlueDot_Perona_Vector_Project/outputs/synthetic_projection/activations/synthetic_honesty_014_violated_layer40.npy
synthetic_honesty_014_violated,synthetic,honesty,honesty,47,-1575.4500732421875,mean_centered,/Users/manouchehrrimer/Desktop/BlueDot_Perona_Vector_Project/outputs/vector_construction/persona_vectors/honesty_layer47.npy,/Users/manouchehrrimer/Desktop/BlueDot_Perona_Vector_Project/outputs/synthetic_projection/activations/synthetic_honesty_014_violated_layer47.npy
synthetic_honesty_014_violated,synthetic,honesty,harmlessness,47,-2555.423583984375,mean_centered,/Users/manouchehrrimer/Desktop/BlueDot_Perona_Vector_Project/outputs/vector_construction/persona_vectors/harmlessness_layer47.npy,/Users/manouchehrrimer/Desktop/BlueDot_Perona_Vector_Project/outputs/synthetic_projection/activations/synthetic_honesty_014_violated_layer47.npy
synthetic_honesty_014_violated,synthetic,honesty,fairness,47,-1311.1685791015625,mean_centered,/Users/manouchehrrimer/Desktop/BlueDot_Perona_Vector_Project/outputs/vector_construction/persona_vectors/fairness_layer47.npy,/Users/manouchehrrimer/Desktop/BlueDot_Perona_Vector_Project/outputs/synthetic_projection/activations/synthetic_honesty_014_violated_layer47.npy
synthetic_honesty_014_violated,synthetic,honesty,compassion,47,-1375.67578125,mean_centered,/Users/manouchehrrimer/Desktop/BlueDot_Perona_Vector_Project/outputs/vector_construction/persona_vectors/compassion_layer47.npy,/Users/manouchehrrimer/Desktop/BlueDot_Perona_Vector_Project/outputs/synthetic_projection/activations/synthetic_honesty_014_violated_layer47.npy
synthetic_honesty_015_upheld,synthetic,honesty,honesty,32,-0.8332366943359375,mean_centered,/Users/manouchehrrimer/Desktop/BlueDot_Perona_Vector_Project/outputs/vector_construction/persona_vectors/honesty_layer32.npy,/Users/manouchehrrimer/Desktop/BlueDot_Perona_Vector_Project/outputs/synthetic_projection/activations/synthetic_honesty_015_upheld_layer32.npy
synthetic_honesty_015_upheld,synthetic,honesty,harmlessness,32,-204.91604614257812,mean_centered,/Users/manouchehrrimer/Desktop/BlueDot_Perona_Vector_Project/outputs/vector_construction/persona_vectors/harmlessness_layer32.npy,/Users/manouchehrrimer/Desktop/BlueDot_Perona_Vector_Project/outputs/synthetic_projection/activations/synthetic_honesty_015_upheld_layer32.npy
synthetic_honesty_015_upheld,synthetic,honesty,fairness,32,59.1701545715332,mean_centered,/Users/manouchehrrimer/Desktop/BlueDot_Perona_Vector_Project/outputs/vector_construction/persona_vectors/fairness_layer32.npy,/Users/manouchehrrimer/Desktop/BlueDot_Perona_Vector_Project/outputs/synthetic_projection/activations/synthetic_honesty_015_upheld_layer32.npy
synthetic_honesty_015_upheld,synthetic,honesty,compassion,32,-132.69044494628906,mean_centered,/Users/manouchehrrimer/Desktop/BlueDot_Perona_Vector_Project/outputs/vector_construction/persona_vectors/compassion_layer32.npy,/Users/manouchehrrimer/Desktop/BlueDot_Perona_Vector_Project/outputs/synthetic_projection/activations/synthetic_honesty_015_upheld_layer32.npy
synthetic_honesty_015_upheld,synthetic,honesty,honesty,40,-1779.282958984375,mean_centered,/Users/manouchehrrimer/Desktop/BlueDot_Perona_Vector_Project/outputs/vector_construction/persona_vectors/honesty_layer40.npy,/Users/manouchehrrimer/Desktop/BlueDot_Perona_Vector_Project/outputs/synthetic_projection/activations/synthetic_honesty_015_upheld_layer40.npy
synthetic_honesty_015_upheld,synthetic,honesty,harmlessness,40,-570.7899780273438,mean_centered,/Users/manouchehrrimer/Desktop/BlueDot_Perona_Vector_Project/outputs/vector_construction/persona_vectors/harmlessness_layer40.npy,/Users/manouchehrrimer/Desktop/BlueDot_Perona_Vector_Project/outputs/synthetic_projection/activations/synthetic_honesty_015_upheld_layer40.npy
synthetic_honesty_015_upheld,synthetic,honesty,fairness,40,-1182.410888671875,mean_centered,/Users/manouchehrrimer/Desktop/BlueDot_Perona_Vector_Project/outputs/vector_construction/persona_vectors/fairness_layer40.npy,/Users/manouchehrrimer/Desktop/BlueDot_Perona_Vector_Project/outputs/synthetic_projection/activations/synthetic_honesty_015_upheld_layer40.npy
synthetic_honesty_015_upheld,synthetic,honesty,compassion,40,-563.4563598632812,mean_centered,/Users/manouchehrrimer/Desktop/BlueDot_Perona_Vector_Project/outputs/vector_construction/persona_vectors/compassion_layer40.npy,/Users/manouchehrrimer/Desktop/BlueDot_Perona_Vector_Project/outputs/synthetic_projection/activations/synthetic_honesty_015_upheld_layer40.npy
synthetic_honesty_015_upheld,synthetic,honesty,honesty,47,726.1193237304688,mean_centered,/Users/manouchehrrimer/Desktop/BlueDot_Perona_Vector_Project/outputs/vector_construction/persona_vectors/honesty_layer47.npy,/Users/manouchehrrimer/Desktop/BlueDot_Perona_Vector_Project/outputs/synthetic_projection/activations/synthetic_honesty_015_upheld_layer47.npy
synthetic_honesty_015_upheld,synthetic,honesty,harmlessness,47,218.45582580566406,mean_centered,/Users/manouchehrrimer/Desktop/BlueDot_Perona_Vector_Project/outputs/vector_construction/persona_vectors/harmlessness_layer47.npy,/Users/manouchehrrimer/Desktop/BlueDot_Perona_Vector_Project/outputs/synthetic_projection/activations/synthetic_honesty_015_upheld_layer47.npy
synthetic_honesty_015_upheld,synthetic,honesty,fairness,47,437.1163330078125,mean_centered,/Users/manouchehrrimer/Desktop/BlueDot_Perona_Vector_Project/outputs/vector_construction/persona_vectors/fairness_layer47.npy,/Users/manouchehrrimer/Desktop/BlueDot_Perona_Vector_Project/outputs/synthetic_projection/activations/synthetic_honesty_015_upheld_layer47.npy
synthetic_honesty_015_upheld,synthetic,honesty,compassion,47,-71.03863525390625,mean_centered,/Users/manouchehrrimer/Desktop/BlueDot_Perona_Vector_Project/outputs/vector_construction/persona_vectors/compassion_layer47.npy,/Users/manouchehrrimer/Desktop/BlueDot_Perona_Vector_Project/outputs/synthetic_projection/activations/synthetic_honesty_015_upheld_layer47.npy
synthetic_honesty_015_violated,synthetic,honesty,honesty,32,-191.97860717773438,mean_centered,/Users/manouchehrrimer/Desktop/BlueDot_Perona_Vector_Project/outputs/vector_construction/persona_vectors/honesty_layer32.npy,/Users/manouchehrrimer/Desktop/BlueDot_Perona_Vector_Project/outputs/synthetic_projection/activations/synthetic_honesty_015_violated_layer32.npy
synthetic_honesty_015_violated,synthetic,honesty,harmlessness,32,818.67626953125,mean_centered,/Users/manouchehrrimer/Desktop/BlueDot_Perona_Vector_Project/outputs/vector_construction/persona_vectors/harmlessness_layer32.npy,/Users/manouchehrrimer/Desktop/BlueDot_Perona_Vector_Project/outputs/synthetic_projection/activations/synthetic_honesty_015_violated_layer32.npy
synthetic_honesty_015_violated,synthetic,honesty,fairness,32,-482.6171569824219,mean_centered,/Users/manouchehrrimer/Desktop/BlueDot_Perona_Vector_Project/outputs/vector_construction/persona_vectors/fairness_layer32.npy,/Users/manouchehrrimer/Desktop/BlueDot_Perona_Vector_Project/outputs/synthetic_projection/activations/synthetic_honesty_015_violated_layer32.npy
synthetic_honesty_015_violated,synthetic,honesty,compassion,32,-427.95068359375,mean_centered,/Users/manouchehrrimer/Desktop/BlueDot_Perona_Vector_Project/outputs/vector_construction/persona_vectors/compassion_layer32.npy,/Users/manouchehrrimer/Desktop/BlueDot_Perona_Vector_Project/outputs/synthetic_projection/activations/synthetic_honesty_015_violated_layer32.npy
synthetic_honesty_015_violated,synthetic,honesty,honesty,40,59.948883056640625,mean_centered,/Users/manouchehrrimer/Desktop/BlueDot_Perona_Vector_Project/outputs/vector_construction/persona_vectors/honesty_layer40.npy,/Users/manouchehrrimer/Desktop/BlueDot_Perona_Vector_Project/outputs/synthetic_projection/activations/synthetic_honesty_015_violated_layer40.npy
synthetic_honesty_015_violated,synthetic,honesty,harmlessness,40,499.16937255859375,mean_centered,/Users/manouchehrrimer/Desktop/BlueDot_Perona_Vector_Project/outputs/vector_construction/persona_vectors/harmlessness_layer40.npy,/Users/manouchehrrimer/Desktop/BlueDot_Perona_Vector_Project/outputs/synthetic_projection/activations/synthetic_honesty_015_violated_layer40.npy
synthetic_honesty_015_violated,synthetic,honesty,fairness,40,-258.09295654296875,mean_centered,/Users/manouchehrrimer/Desktop/BlueDot_Perona_Vector_Project/outputs/vector_construction/persona_vectors/fairness_layer40.npy,/Users/manouchehrrimer/Desktop/BlueDot_Perona_Vector_Project/outputs/synthetic_projection/activations/synthetic_honesty_015_violated_layer40.npy
synthetic_honesty_015_violated,synthetic,honesty,compassion,40,73.73898315429688,mean_centered,/Users/manouchehrrimer/Desktop/BlueDot_Perona_Vector_Project/outputs/vector_construction/persona_vectors/compassion_layer40.npy,/Users/manouchehrrimer/Desktop/BlueDot_Perona_Vector_Project/outputs/synthetic_projection/activations/synthetic_honesty_015_violated_layer40.npy
synthetic_honesty_015_violated,synthetic,honesty,honesty,47,2928.88916015625,mean_centered,/Users/manouchehrrimer/Desktop/BlueDot_Perona_Vector_Project/outputs/vector_construction/persona_vectors/honesty_layer47.npy,/Users/manouchehrrimer/Desktop/BlueDot_Perona_Vector_Project/outputs/synthetic_projection/activations/synthetic_honesty_015_violated_layer47.npy
synthetic_honesty_015_violated,synthetic,honesty,harmlessness,47,3776.508544921875,mean_centered,/Users/manouchehrrimer/Desktop/BlueDot_Perona_Vector_Project/outputs/vector_construction/persona_vectors/harmlessness_layer47.npy,/Users/manouchehrrimer/Desktop/BlueDot_Perona_Vector_Project/outputs/synthetic_projection/activations/synthetic_honesty_015_violated_layer47.npy
synthetic_honesty_015_violated,synthetic,honesty,fairness,47,815.5604248046875,mean_centered,/Users/manouchehrrimer/Desktop/BlueDot_Perona_Vector_Project/outputs/vector_construction/persona_vectors/fairness_layer47.npy,/Users/manouchehrrimer/Desktop/BlueDot_Perona_Vector_Project/outputs/synthetic_projection/activations/synthetic_honesty_015_violated_layer47.npy
synthetic_honesty_015_violated,synthetic,honesty,compassion,47,2285.41845703125,mean_centered,/Users/manouchehrrimer/Desktop/BlueDot_Perona_Vector_Project/outputs/vector_construction/persona_vectors/compassion_layer47.npy,/Users/manouchehrrimer/Desktop/BlueDot_Perona_Vector_Project/outputs/synthetic_projection/activations/synthetic_honesty_015_violated_layer47.npy
synthetic_honesty_016_upheld,synthetic,honesty,honesty,32,1233.8316650390625,mean_centered,/Users/manouchehrrimer/Desktop/BlueDot_Perona_Vector_Project/outputs/vector_construction/persona_vectors/honesty_layer32.npy,/Users/manouchehrrimer/Desktop/BlueDot_Perona_Vector_Project/outputs/synthetic_projection/activations/synthetic_honesty_016_upheld_layer32.npy
synthetic_honesty_016_upheld,synthetic,honesty,harmlessness,32,-1162.4532470703125,mean_centered,/Users/manouchehrrimer/Desktop/BlueDot_Perona_Vector_Project/outputs/vector_construction/persona_vectors/harmlessness_layer32.npy,/Users/manouchehrrimer/Desktop/BlueDot_Perona_Vector_Project/outputs/synthetic_projection/activations/synthetic_honesty_016_upheld_layer32.npy
synthetic_honesty_016_upheld,synthetic,honesty,fairness,32,686.5286865234375,mean_centered,/Users/manouchehrrimer/Desktop/BlueDot_Perona_Vector_Project/outputs/vector_construction/persona_vectors/fairness_layer32.npy,/Users/manouchehrrimer/Desktop/BlueDot_Perona_Vector_Project/outputs/synthetic_projection/activations/synthetic_honesty_016_upheld_layer32.npy
synthetic_honesty_016_upheld,synthetic,honesty,compassion,32,683.158935546875,mean_centered,/Users/manouchehrrimer/Desktop/BlueDot_Perona_Vector_Project/outputs/vector_construction/persona_vectors/compassion_layer32.npy,/Users/manouchehrrimer/Desktop/BlueDot_Perona_Vector_Project/outputs/synthetic_projection/activations/synthetic_honesty_016_upheld_layer32.npy
synthetic_honesty_016_upheld,synthetic,honesty,honesty,40,2874.091796875,mean_centered,/Users/manouchehrrimer/Desktop/BlueDot_Perona_Vector_Project/outputs/vector_construction/persona_vectors/honesty_layer40.npy,/Users/manouchehrrimer/Desktop/BlueDot_Perona_Vector_Project/outputs/synthetic_projection/activations/synthetic_honesty_016_upheld_layer40.npy
synthetic_honesty_016_upheld,synthetic,honesty,harmlessness,40,-49.11907958984375,mean_centered,/Users/manouchehrrimer/Desktop/BlueDot_Perona_Vector_Project/outputs/vector_construction/persona_vectors/harmlessness_layer40.npy,/Users/manouchehrrimer/Desktop/BlueDot_Perona_Vector_Project/outputs/synthetic_projection/activations/synthetic_honesty_016_upheld_layer40.npy
synthetic_honesty_016_upheld,synthetic,honesty,fairness,40,1393.6187744140625,mean_centered,/Users/manouchehrrimer/Desktop/BlueDot_Perona_Vector_Project/outputs/vector_construction/persona_vectors/fairness_layer40.npy,/Users/manouchehrrimer/Desktop/BlueDot_Perona_Vector_Project/outputs/synthetic_projection/activations/synthetic_honesty_016_upheld_layer40.npy
synthetic_honesty_016_upheld,synthetic,honesty,compassion,40,61.86506271362305,mean_centered,/Users/manouchehrrimer/Desktop/BlueDot_Perona_Vector_Project/outputs/vector_construction/persona_vectors/compassion_layer40.npy,/Users/manouchehrrimer/Desktop/BlueDot_Perona_Vector_Project/outputs/synthetic_projection/activations/synthetic_honesty_016_upheld_layer40.npy
synthetic_honesty_016_upheld,synthetic,honesty,honesty,47,913.7905883789062,mean_centered,/Users/manouchehrrimer/Desktop/BlueDot_Perona_Vector_Project/outputs/vector_construction/persona_vectors/honesty_layer47.npy,/Users/manouchehrrimer/Desktop/BlueDot_Perona_Vector_Project/outputs/synthetic_projection/activations/synthetic_honesty_016_upheld_layer47.npy
synthetic_honesty_016_upheld,synthetic,honesty,harmlessness,47,122.90960693359375,mean_centered,/Users/manouchehrrimer/Desktop/BlueDot_Perona_Vector_Project/outputs/vector_construction/persona_vectors/harmlessness_layer47.npy,/Users/manouchehrrimer/Desktop/BlueDot_Perona_Vector_Project/outputs/synthetic_projection/activations/synthetic_honesty_016_upheld_layer47.npy
synthetic_honesty_016_upheld,synthetic,honesty,fairness,47,-866.4344482421875,mean_centered,/Users/manouchehrrimer/Desktop/BlueDot_Perona_Vector_Project/outputs/vector_construction/persona_vectors/fairness_layer47.npy,/Users/manouchehrrimer/Desktop/BlueDot_Perona_Vector_Project/outputs/synthetic_projection/activations/synthetic_honesty_016_upheld_layer47.npy
synthetic_honesty_016_upheld,synthetic,honesty,compassion,47,290.75372314453125,mean_centered,/Users/manouchehrrimer/Desktop/BlueDot_Perona_Vector_Project/outputs/vector_construction/persona_vectors/compassion_layer47.npy,/Users/manouchehrrimer/Desktop/BlueDot_Perona_Vector_Project/outputs/synthetic_projection/activations/synthetic_honesty_016_upheld_layer47.npy
synthetic_honesty_016_violated,synthetic,honesty,honesty,32,48.90544128417969,mean_centered,/Users/manouchehrrimer/Desktop/BlueDot_Perona_Vector_Project/outputs/vector_construction/persona_vectors/honesty_layer32.npy,/Users/manouchehrrimer/Desktop/BlueDot_Perona_Vector_Project/outputs/synthetic_projection/activations/synthetic_honesty_016_violated_layer32.npy
synthetic_honesty_016_violated,synthetic,honesty,harmlessness,32,406.5191345214844,mean_centered,/Users/manouchehrrimer/Desktop/BlueDot_Perona_Vector_Project/outputs/vector_construction/persona_vectors/harmlessness_layer32.npy,/Users/manouchehrrimer/Desktop/BlueDot_Perona_Vector_Project/outputs/synthetic_projection/activations/synthetic_honesty_016_violated_layer32.npy
synthetic_honesty_016_violated,synthetic,honesty,fairness,32,-568.0709228515625,mean_centered,/Users/manouchehrrimer/Desktop/BlueDot_Perona_Vector_Project/outputs/vector_construction/persona_vectors/fairness_layer32.npy,/Users/manouchehrrimer/Desktop/BlueDot_Perona_Vector_Project/outputs/synthetic_projection/activations/synthetic_honesty_016_violated_layer32.npy
synthetic_honesty_016_violated,synthetic,honesty,compassion,32,-287.99884033203125,mean_centered,/Users/manouchehrrimer/Desktop/BlueDot_Perona_Vector_Project/outputs/vector_construction/persona_vectors/compassion_layer32.npy,/Users/manouchehrrimer/Desktop/BlueDot_Perona_Vector_Project/outputs/synthetic_projection/activations/synthetic_honesty_016_violated_layer32.npy
synthetic_honesty_016_violated,synthetic,honesty,honesty,40,590.5382080078125,mean_centered,/Users/manouchehrrimer/Desktop/BlueDot_Perona_Vector_Project/outputs/vector_construction/persona_vectors/honesty_layer40.npy,/Users/manouchehrrimer/Desktop/BlueDot_Perona_Vector_Project/outputs/synthetic_projection/activations/synthetic_honesty_016_violated_layer40.npy
synthetic_honesty_016_violated,synthetic,honesty,harmlessness,40,453.64178466796875,mean_centered,/Users/manouchehrrimer/Desktop/BlueDot_Perona_Vector_Project/outputs/vector_construction/persona_vectors/harmlessness_layer40.npy,/Users/manouchehrrimer/Desktop/BlueDot_Perona_Vector_Project/outputs/synthetic_projection/activations/synthetic_honesty_016_violated_layer40.npy
synthetic_honesty_016_violated,synthetic,honesty,fairness,40,-329.9375305175781,mean_centered,/Users/manouchehrrimer/Desktop/BlueDot_Perona_Vector_Project/outputs/vector_construction/persona_vectors/fairness_layer40.npy,/Users/manouchehrrimer/Desktop/BlueDot_Perona_Vector_Project/outputs/synthetic_projection/activations/synthetic_honesty_016_violated_layer40.npy
synthetic_honesty_016_violated,synthetic,honesty,compassion,40,22.871353149414062,mean_centered,/Users/manouchehrrimer/Desktop/BlueDot_Perona_Vector_Project/outputs/vector_construction/persona_vectors/compassion_layer40.npy,/Users/manouchehrrimer/Desktop/BlueDot_Perona_Vector_Project/outputs/synthetic_projection/activations/synthetic_honesty_016_violated_layer40.npy
synthetic_honesty_016_violated,synthetic,honesty,honesty,47,124.51531982421875,mean_centered,/Users/manouchehrrimer/Desktop/BlueDot_Perona_Vector_Project/outputs/vector_construction/persona_vectors/honesty_layer47.npy,/Users/manouchehrrimer/Desktop/BlueDot_Perona_Vector_Project/outputs/synthetic_projection/activations/synthetic_honesty_016_violated_layer47.npy
synthetic_honesty_016_violated,synthetic,honesty,harmlessness,47,-445.72296142578125,mean_centered,/Users/manouchehrrimer/Desktop/BlueDot_Perona_Vector_Project/outputs/vector_construction/persona_vectors/harmlessness_layer47.npy,/Users/manouchehrrimer/Desktop/BlueDot_Perona_Vector_Project/outputs/synthetic_projection/activations/synthetic_honesty_016_violated_layer47.npy
synthetic_honesty_016_violated,synthetic,honesty,fairness,47,-1330.7459716796875,mean_centered,/Users/manouchehrrimer/Desktop/BlueDot_Perona_Vector_Project/outputs/vector_construction/persona_vectors/fairness_layer47.npy,/Users/manouchehrrimer/Desktop/BlueDot_Perona_Vector_Project/outputs/synthetic_projection/activations/synthetic_honesty_016_violated_layer47.npy
synthetic_honesty_016_violated,synthetic,honesty,compassion,47,-39.340576171875,mean_centered,/Users/manouchehrrimer/Desktop/BlueDot_Perona_Vector_Project/outputs/vector_construction/persona_vectors/compassion_layer47.npy,/Users/manouchehrrimer/Desktop/BlueDot_Perona_Vector_Project/outputs/synthetic_projection/activations/synthetic_honesty_016_violated_layer47.npy
synthetic_honesty_017_upheld,synthetic,honesty,honesty,32,942.1390380859375,mean_centered,/Users/manouchehrrimer/Desktop/BlueDot_Perona_Vector_Project/outputs/vector_construction/persona_vectors/honesty_layer32.npy,/Users/manouchehrrimer/Desktop/BlueDot_Perona_Vector_Project/outputs/synthetic_projection/activations/synthetic_honesty_017_upheld_layer32.npy
synthetic_honesty_017_upheld,synthetic,honesty,harmlessness,32,-1353.492431640625,mean_centered,/Users/manouchehrrimer/Desktop/BlueDot_Perona_Vector_Project/outputs/vector_construction/persona_vectors/harmlessness_layer32.npy,/Users/manouchehrrimer/Desktop/BlueDot_Perona_Vector_Project/outputs/synthetic_projection/activations/synthetic_honesty_017_upheld_layer32.npy
synthetic_honesty_017_upheld,synthetic,honesty,fairness,32,1064.7178955078125,mean_centered,/Users/manouchehrrimer/Desktop/BlueDot_Perona_Vector_Project/outputs/vector_construction/persona_vectors/fairness_layer32.npy,/Users/manouchehrrimer/Desktop/BlueDot_Perona_Vector_Project/outputs/synthetic_projection/activations/synthetic_honesty_017_upheld_layer32.npy
synthetic_honesty_017_upheld,synthetic,honesty,compassion,32,702.1201782226562,mean_centered,/Users/manouchehrrimer/Desktop/BlueDot_Perona_Vector_Project/outputs/vector_construction/persona_vectors/compassion_layer32.npy,/Users/manouchehrrimer/Desktop/BlueDot_Perona_Vector_Project/outputs/synthetic_projection/activations/synthetic_honesty_017_upheld_layer32.npy
synthetic_honesty_017_upheld,synthetic,honesty,honesty,40,1951.8299560546875,mean_centered,/Users/manouchehrrimer/Desktop/BlueDot_Perona_Vector_Project/outputs/vector_construction/persona_vectors/honesty_layer40.npy,/Users/manouchehrrimer/Desktop/BlueDot_Perona_Vector_Project/outputs/synthetic_projection/activations/synthetic_honesty_017_upheld_layer40.npy
synthetic_honesty_017_upheld,synthetic,honesty,harmlessness,40,-678.523681640625,mean_centered,/Users/manouchehrrimer/Desktop/BlueDot_Perona_Vector_Project/outputs/vector_construction/persona_vectors/harmlessness_layer40.npy,/Users/manouchehrrimer/Desktop/BlueDot_Perona_Vector_Project/outputs/synthetic_projection/activations/synthetic_honesty_017_upheld_layer40.npy
synthetic_honesty_017_upheld,synthetic,honesty,fairness,40,1456.66650390625,mean_centered,/Users/manouchehrrimer/Desktop/BlueDot_Perona_Vector_Project/outputs/vector_construction/persona_vectors/fairness_layer40.npy,/Users/manouchehrrimer/Desktop/BlueDot_Perona_Vector_Project/outputs/synthetic_projection/activations/synthetic_honesty_017_upheld_layer40.npy
synthetic_honesty_017_upheld,synthetic,honesty,compassion,40,-171.97715759277344,mean_centered,/Users/manouchehrrimer/Desktop/BlueDot_Perona_Vector_Project/outputs/vector_construction/persona_vectors/compassion_layer40.npy,/Users/manouchehrrimer/Desktop/BlueDot_Perona_Vector_Project/outputs/synthetic_projection/activations/synthetic_honesty_017_upheld_layer40.npy
synthetic_honesty_017_upheld,synthetic,honesty,honesty,47,-577.5272827148438,mean_centered,/Users/manouchehrrimer/Desktop/BlueDot_Perona_Vector_Project/outputs/vector_construction/persona_vectors/honesty_layer47.npy,/Users/manouchehrrimer/Desktop/BlueDot_Perona_Vector_Project/outputs/synthetic_projection/activations/synthetic_honesty_017_upheld_layer47.npy
synthetic_honesty_017_upheld,synthetic,honesty,harmlessness,47,-1905.895263671875,mean_centered,/Users/manouchehrrimer/Desktop/BlueDot_Perona_Vector_Project/outputs/vector_construction/persona_vectors/harmlessness_layer47.npy,/Users/manouchehrrimer/Desktop/BlueDot_Perona_Vector_Project/outputs/synthetic_projection/activations/synthetic_honesty_017_upheld_layer47.npy
synthetic_honesty_017_upheld,synthetic,honesty,fairness,47,-275.91156005859375,mean_centered,/Users/manouchehrrimer/Desktop/BlueDot_Perona_Vector_Project/outputs/vector_construction/persona_vectors/fairness_layer47.npy,/Users/manouchehrrimer/Desktop/BlueDot_Perona_Vector_Project/outputs/synthetic_projection/activations/synthetic_honesty_017_upheld_layer47.npy
synthetic_honesty_017_upheld,synthetic,honesty,compassion,47,-1017.8336181640625,mean_centered,/Users/manouchehrrimer/Desktop/BlueDot_Perona_Vector_Project/outputs/vector_construction/persona_vectors/compassion_layer47.npy,/Users/manouchehrrimer/Desktop/BlueDot_Perona_Vector_Project/outputs/synthetic_projection/activations/synthetic_honesty_017_upheld_layer47.npy
synthetic_honesty_017_violated,synthetic,honesty,honesty,32,274.0943298339844,mean_centered,/Users/manouchehrrimer/Desktop/BlueDot_Perona_Vector_Project/outputs/vector_construction/persona_vectors/honesty_layer32.npy,/Users/manouchehrrimer/Desktop/BlueDot_Perona_Vector_Project/outputs/synthetic_projection/activations/synthetic_honesty_017_violated_layer32.npy
synthetic_honesty_017_violated,synthetic,honesty,harmlessness,32,372.195068359375,mean_centered,/Users/manouchehrrimer/Desktop/BlueDot_Perona_Vector_Project/outputs/vector_construction/persona_vectors/harmlessness_layer32.npy,/Users/manouchehrrimer/Desktop/BlueDot_Perona_Vector_Project/outputs/synthetic_projection/activations/synthetic_honesty_017_violated_layer32.npy
synthetic_honesty_017_violated,synthetic,honesty,fairness,32,-143.3331298828125,mean_centered,/Users/manouchehrrimer/Desktop/BlueDot_Perona_Vector_Project/outputs/vector_construction/persona_vectors/fairness_layer32.npy,/Users/manouchehrrimer/Desktop/BlueDot_Perona_Vector_Project/outputs/synthetic_projection/activations/synthetic_honesty_017_violated_layer32.npy
synthetic_honesty_017_violated,synthetic,honesty,compassion,32,-47.6963005065918,mean_centered,/Users/manouchehrrimer/Desktop/BlueDot_Perona_Vector_Project/outputs/vector_construction/persona_vectors/compassion_layer32.npy,/Users/manouchehrrimer/Desktop/BlueDot_Perona_Vector_Project/outputs/synthetic_projection/activations/synthetic_honesty_017_violated_layer32.npy
synthetic_honesty_017_violated,synthetic,honesty,honesty,40,2181.391845703125,mean_centered,/Users/manouchehrrimer/Desktop/BlueDot_Perona_Vector_Project/outputs/vector_construction/persona_vectors/honesty_layer40.npy,/Users/manouchehrrimer/Desktop/BlueDot_Perona_Vector_Project/outputs/synthetic_projection/activations/synthetic_honesty_017_violated_layer40.npy
synthetic_honesty_017_violated,synthetic,honesty,harmlessness,40,693.0103759765625,mean_centered,/Users/manouchehrrimer/Desktop/BlueDot_Perona_Vector_Project/outputs/vector_construction/persona_vectors/harmlessness_layer40.npy,/Users/manouchehrrimer/Desktop/BlueDot_Perona_Vector_Project/outputs/synthetic_projection/activations/synthetic_honesty_017_violated_layer40.npy
synthetic_honesty_017_violated,synthetic,honesty,fairness,40,1257.94189453125,mean_centered,/Users/manouchehrrimer/Desktop/BlueDot_Perona_Vector_Project/outputs/vector_construction/persona_vectors/fairness_layer40.npy,/Users/manouchehrrimer/Desktop/BlueDot_Perona_Vector_Project/outputs/synthetic_projection/activations/synthetic_honesty_017_violated_layer40.npy
synthetic_honesty_017_violated,synthetic,honesty,compassion,40,272.0753173828125,mean_centered,/Users/manouchehrrimer/Desktop/BlueDot_Perona_Vector_Project/outputs/vector_construction/persona_vectors/compassion_layer40.npy,/Users/manouchehrrimer/Desktop/BlueDot_Perona_Vector_Project/outputs/synthetic_projection/activations/synthetic_honesty_017_violated_layer40.npy
synthetic_honesty_017_violated,synthetic,honesty,honesty,47,2977.393310546875,mean_centered,/Users/manouchehrrimer/Desktop/BlueDot_Perona_Vector_Project/outputs/vector_construction/persona_vectors/honesty_layer47.npy,/Users/manouchehrrimer/Desktop/BlueDot_Perona_Vector_Project/outputs/synthetic_projection/activations/synthetic_honesty_017_violated_layer47.npy
synthetic_honesty_017_violated,synthetic,honesty,harmlessness,47,2764.7236328125,mean_centered,/Users/manouchehrrimer/Desktop/BlueDot_Perona_Vector_Project/outputs/vector_construction/persona_vectors/harmlessness_layer47.npy,/Users/manouchehrrimer/Desktop/BlueDot_Perona_Vector_Project/outputs/synthetic_projection/activations/synthetic_honesty_017_violated_layer47.npy
synthetic_honesty_017_violated,synthetic,honesty,fairness,47,457.96051025390625,mean_centered,/Users/manouchehrrimer/Desktop/BlueDot_Perona_Vector_Project/outputs/vector_construction/persona_vectors/fairness_layer47.npy,/Users/manouchehrrimer/Desktop/BlueDot_Perona_Vector_Project/outputs/synthetic_projection/activations/synthetic_honesty_017_violated_layer47.npy
synthetic_honesty_017_violated,synthetic,honesty,compassion,47,1560.503662109375,mean_centered,/Users/manouchehrrimer/Desktop/BlueDot_Perona_Vector_Project/outputs/vector_construction/persona_vectors/compassion_layer47.npy,/Users/manouchehrrimer/Desktop/BlueDot_Perona_Vector_Project/outputs/synthetic_projection/activations/synthetic_honesty_017_violated_layer47.npy
synthetic_honesty_018_upheld,synthetic,honesty,honesty,32,1275.738525390625,mean_centered,/Users/manouchehrrimer/Desktop/BlueDot_Perona_Vector_Project/outputs/vector_construction/persona_vectors/honesty_layer32.npy,/Users/manouchehrrimer/Desktop/BlueDot_Perona_Vector_Project/outputs/synthetic_projection/activations/synthetic_honesty_018_upheld_layer32.npy
synthetic_honesty_018_upheld,synthetic,honesty,harmlessness,32,-1658.255615234375,mean_centered,/Users/manouchehrrimer/Desktop/BlueDot_Perona_Vector_Project/outputs/vector_construction/persona_vectors/harmlessness_layer32.npy,/Users/manouchehrrimer/Desktop/BlueDot_Perona_Vector_Project/outputs/synthetic_projection/activations/synthetic_honesty_018_upheld_layer32.npy
synthetic_honesty_018_upheld,synthetic,honesty,fairness,32,912.8651123046875,mean_centered,/Users/manouchehrrimer/Desktop/BlueDot_Perona_Vector_Project/outputs/vector_construction/persona_vectors/fairness_layer32.npy,/Users/manouchehrrimer/Desktop/BlueDot_Perona_Vector_Project/outputs/synthetic_projection/activations/synthetic_honesty_018_upheld_layer32.npy
synthetic_honesty_018_upheld,synthetic,honesty,compassion,32,1059.6544189453125,mean_centered,/Users/manouchehrrimer/Desktop/BlueDot_Perona_Vector_Project/outputs/vector_construction/persona_vectors/compassion_layer32.npy,/Users/manouchehrrimer/Desktop/BlueDot_Perona_Vector_Project/outputs/synthetic_projection/activations/synthetic_honesty_018_upheld_layer32.npy
synthetic_honesty_018_upheld,synthetic,honesty,honesty,40,456.25927734375,mean_centered,/Users/manouchehrrimer/Desktop/BlueDot_Perona_Vector_Project/outputs/vector_construction/persona_vectors/honesty_layer40.npy,/Users/manouchehrrimer/Desktop/BlueDot_Perona_Vector_Project/outputs/synthetic_projection/activations/synthetic_honesty_018_upheld_layer40.npy
synthetic_honesty_018_upheld,synthetic,honesty,harmlessness,40,-121.07087707519531,mean_centered,/Users/manouchehrrimer/Desktop/BlueDot_Perona_Vector_Project/outputs/vector_construction/persona_vectors/harmlessness_layer40.npy,/Users/manouchehrrimer/Desktop/BlueDot_Perona_Vector_Project/outputs/synthetic_projection/activations/synthetic_honesty_018_upheld_layer40.npy
synthetic_honesty_018_upheld,synthetic,honesty,fairness,40,-273.59771728515625,mean_centered,/Users/manouchehrrimer/Desktop/BlueDot_Perona_Vector_Project/outputs/vector_construction/persona_vectors/fairness_layer40.npy,/Users/manouchehrrimer/Desktop/BlueDot_Perona_Vector_Project/outputs/synthetic_projection/activations/synthetic_honesty_018_upheld_layer40.npy
synthetic_honesty_018_upheld,synthetic,honesty,compassion,40,58.067291259765625,mean_centered,/Users/manouchehrrimer/Desktop/BlueDot_Perona_Vector_Project/outputs/vector_construction/persona_vectors/compassion_layer40.npy,/Users/manouchehrrimer/Desktop/BlueDot_Perona_Vector_Project/outputs/synthetic_projection/activations/synthetic_honesty_018_upheld_layer40.npy
synthetic_honesty_018_upheld,synthetic,honesty,honesty,47,600.4682006835938,mean_centered,/Users/manouchehrrimer/Desktop/BlueDot_Perona_Vector_Project/outputs/vector_construction/persona_vectors/honesty_layer47.npy,/Users/manouchehrrimer/Desktop/BlueDot_Perona_Vector_Project/outputs/synthetic_projection/activations/synthetic_honesty_018_upheld_layer47.npy
synthetic_honesty_018_upheld,synthetic,honesty,harmlessness,47,751.2491455078125,mean_centered,/Users/manouchehrrimer/Desktop/BlueDot_Perona_Vector_Project/outputs/vector_construction/persona_vectors/harmlessness_layer47.npy,/Users/manouchehrrimer/Desktop/BlueDot_Perona_Vector_Project/outputs/synthetic_projection/activations/synthetic_honesty_018_upheld_layer47.npy
synthetic_honesty_018_upheld,synthetic,honesty,fairness,47,-535.360595703125,mean_centered,/Users/manouchehrrimer/Desktop/BlueDot_Perona_Vector_Project/outputs/vector_construction/persona_vectors/fairness_layer47.npy,/Users/manouchehrrimer/Desktop/BlueDot_Perona_Vector_Project/outputs/synthetic_projection/activations/synthetic_honesty_018_upheld_layer47.npy
synthetic_honesty_018_upheld,synthetic,honesty,compassion,47,792.3607177734375,mean_centered,/Users/manouchehrrimer/Desktop/BlueDot_Perona_Vector_Project/outputs/vector_construction/persona_vectors/compassion_layer47.npy,/Users/manouchehrrimer/Desktop/BlueDot_Perona_Vector_Project/outputs/synthetic_projection/activations/synthetic_honesty_018_upheld_layer47.npy
synthetic_honesty_018_violated,synthetic,honesty,honesty,32,-485.6944580078125,mean_centered,/Users/manouchehrrimer/Desktop/BlueDot_Perona_Vector_Project/outputs/vector_construction/persona_vectors/honesty_layer32.npy,/Users/manouchehrrimer/Desktop/BlueDot_Perona_Vector_Project/outputs/synthetic_projection/activations/synthetic_honesty_018_violated_layer32.npy
synthetic_honesty_018_violated,synthetic,honesty,harmlessness,32,552.144287109375,mean_centered,/Users/manouchehrrimer/Desktop/BlueDot_Perona_Vector_Project/outputs/vector_construction/persona_vectors/harmlessness_layer32.npy,/Users/manouchehrrimer/Desktop/BlueDot_Perona_Vector_Project/outputs/synthetic_projection/activations/synthetic_honesty_018_violated_layer32.npy
synthetic_honesty_018_violated,synthetic,honesty,fairness,32,-759.6566772460938,mean_centered,/Users/manouchehrrimer/Desktop/BlueDot_Perona_Vector_Project/outputs/vector_construction/persona_vectors/fairness_layer32.npy,/Users/manouchehrrimer/Desktop/BlueDot_Perona_Vector_Project/outputs/synthetic_projection/activations/synthetic_honesty_018_violated_layer32.npy
synthetic_honesty_018_violated,synthetic,honesty,compassion,32,-488.22418212890625,mean_centered,/Users/manouchehrrimer/Desktop/BlueDot_Perona_Vector_Project/outputs/vector_construction/persona_vectors/compassion_layer32.npy,/Users/manouchehrrimer/Desktop/BlueDot_Perona_Vector_Project/outputs/synthetic_projection/activations/synthetic_honesty_018_violated_layer32.npy
synthetic_honesty_018_violated,synthetic,honesty,honesty,40,-706.4356689453125,mean_centered,/Users/manouchehrrimer/Desktop/BlueDot_Perona_Vector_Project/outputs/vector_construction/persona_vectors/honesty_layer40.npy,/Users/manouchehrrimer/Desktop/BlueDot_Perona_Vector_Project/outputs/synthetic_projection/activations/synthetic_honesty_018_violated_layer40.npy
synthetic_honesty_018_violated,synthetic,honesty,harmlessness,40,55.145545959472656,mean_centered,/Users/manouchehrrimer/Desktop/BlueDot_Perona_Vector_Project/outputs/vector_construction/persona_vectors/harmlessness_layer40.npy,/Users/manouchehrrimer/Desktop/BlueDot_Perona_Vector_Project/outputs/synthetic_projection/activations/synthetic_honesty_018_violated_layer40.npy
synthetic_honesty_018_violated,synthetic,honesty,fairness,40,-971.6824951171875,mean_centered,/Users/manouchehrrimer/Desktop/BlueDot_Perona_Vector_Project/outputs/vector_construction/persona_vectors/fairness_layer40.npy,/Users/manouchehrrimer/Desktop/BlueDot_Perona_Vector_Project/outputs/synthetic_projection/activations/synthetic_honesty_018_violated_layer40.npy
synthetic_honesty_018_violated,synthetic,honesty,compassion,40,-84.85757446289062,mean_centered,/Users/manouchehrrimer/Desktop/BlueDot_Perona_Vector_Project/outputs/vector_construction/persona_vectors/compassion_layer40.npy,/Users/manouchehrrimer/Desktop/BlueDot_Perona_Vector_Project/outputs/synthetic_projection/activations/synthetic_honesty_018_violated_layer40.npy
synthetic_honesty_018_violated,synthetic,honesty,honesty,47,-1764.5220947265625,mean_centered,/Users/manouchehrrimer/Desktop/BlueDot_Perona_Vector_Project/outputs/vector_construction/persona_vectors/honesty_layer47.npy,/Users/manouchehrrimer/Desktop/BlueDot_Perona_Vector_Project/outputs/synthetic_projection/activations/synthetic_honesty_018_violated_layer47.npy
synthetic_honesty_018_violated,synthetic,honesty,harmlessness,47,-2361.40185546875,mean_centered,/Users/manouchehrrimer/Desktop/BlueDot_Perona_Vector_Project/outputs/vector_construction/persona_vectors/harmlessness_layer47.npy,/Users/manouchehrrimer/Desktop/BlueDot_Perona_Vector_Project/outputs/synthetic_projection/activations/synthetic_honesty_018_violated_layer47.npy
synthetic_honesty_018_violated,synthetic,honesty,fairness,47,-1287.4918212890625,mean_centered,/Users/manouchehrrimer/Desktop/BlueDot_Perona_Vector_Project/outputs/vector_construction/persona_vectors/fairness_layer47.npy,/Users/manouchehrrimer/Desktop/BlueDot_Perona_Vector_Project/outputs/synthetic_projection/activations/synthetic_honesty_018_violated_layer47.npy
synthetic_honesty_018_violated,synthetic,honesty,compassion,47,-1189.5101318359375,mean_centered,/Users/manouchehrrimer/Desktop/BlueDot_Perona_Vector_Project/outputs/vector_construction/persona_vectors/compassion_layer47.npy,/Users/manouchehrrimer/Desktop/BlueDot_Perona_Vector_Project/outputs/synthetic_projection/activations/synthetic_honesty_018_violated_layer47.npy
synthetic_honesty_019_upheld,synthetic,honesty,honesty,32,972.741455078125,mean_centered,/Users/manouchehrrimer/Desktop/BlueDot_Perona_Vector_Project/outputs/vector_construction/persona_vectors/honesty_layer32.npy,/Users/manouchehrrimer/Desktop/BlueDot_Perona_Vector_Project/outputs/synthetic_projection/activations/synthetic_honesty_019_upheld_layer32.npy
synthetic_honesty_019_upheld,synthetic,honesty,harmlessness,32,-1346.7059326171875,mean_centered,/Users/manouchehrrimer/Desktop/BlueDot_Perona_Vector_Project/outputs/vector_construction/persona_vectors/harmlessness_layer32.npy,/Users/manouchehrrimer/Desktop/BlueDot_Perona_Vector_Project/outputs/synthetic_projection/activations/synthetic_honesty_019_upheld_layer32.npy
synthetic_honesty_019_upheld,synthetic,honesty,fairness,32,736.494873046875,mean_centered,/Users/manouchehrrimer/Desktop/BlueDot_Perona_Vector_Project/outputs/vector_construction/persona_vectors/fairness_layer32.npy,/Users/manouchehrrimer/Desktop/BlueDot_Perona_Vector_Project/outputs/synthetic_projection/activations/synthetic_honesty_019_upheld_layer32.npy
synthetic_honesty_019_upheld,synthetic,honesty,compassion,32,1024.1270751953125,mean_centered,/Users/manouchehrrimer/Desktop/BlueDot_Perona_Vector_Project/outputs/vector_construction/persona_vectors/compassion_layer32.npy,/Users/manouchehrrimer/Desktop/BlueDot_Perona_Vector_Project/outputs/synthetic_projection/activations/synthetic_honesty_019_upheld_layer32.npy
synthetic_honesty_019_upheld,synthetic,honesty,honesty,40,-99.47715759277344,mean_centered,/Users/manouchehrrimer/Desktop/BlueDot_Perona_Vector_Project/outputs/vector_construction/persona_vectors/honesty_layer40.npy,/Users/manouchehrrimer/Desktop/BlueDot_Perona_Vector_Project/outputs/synthetic_projection/activations/synthetic_honesty_019_upheld_layer40.npy
synthetic_honesty_019_upheld,synthetic,honesty,harmlessness,40,-562.1879272460938,mean_centered,/Users/manouchehrrimer/Desktop/BlueDot_Perona_Vector_Project/outputs/vector_construction/persona_vectors/harmlessness_layer40.npy,/Users/manouchehrrimer/Desktop/BlueDot_Perona_Vector_Project/outputs/synthetic_projection/activations/synthetic_honesty_019_upheld_layer40.npy
synthetic_honesty_019_upheld,synthetic,honesty,fairness,40,-642.8916015625,mean_centered,/Users/manouchehrrimer/Desktop/BlueDot_Perona_Vector_Project/outputs/vector_construction/persona_vectors/fairness_layer40.npy,/Users/manouchehrrimer/Desktop/BlueDot_Perona_Vector_Project/outputs/synthetic_projection/activations/synthetic_honesty_019_upheld_layer40.npy
synthetic_honesty_019_upheld,synthetic,honesty,compassion,40,406.54901123046875,mean_centered,/Users/manouchehrrimer/Desktop/BlueDot_Perona_Vector_Project/outputs/vector_construction/persona_vectors/compassion_layer40.npy,/Users/manouchehrrimer/Desktop/BlueDot_Perona_Vector_Project/outputs/synthetic_projection/activations/synthetic_honesty_019_upheld_layer40.npy
synthetic_honesty_019_upheld,synthetic,honesty,honesty,47,-1612.92236328125,mean_centered,/Users/manouchehrrimer/Desktop/BlueDot_Perona_Vector_Project/outputs/vector_construction/persona_vectors/honesty_layer47.npy,/Users/manouchehrrimer/Desktop/BlueDot_Perona_Vector_Project/outputs/synthetic_projection/activations/synthetic_honesty_019_upheld_layer47.npy
synthetic_honesty_019_upheld,synthetic,honesty,harmlessness,47,-2354.625732421875,mean_centered,/Users/manouchehrrimer/Desktop/BlueDot_Perona_Vector_Project/outputs/vector_construction/persona_vectors/harmlessness_layer47.npy,/Users/manouchehrrimer/Desktop/BlueDot_Perona_Vector_Project/outputs/synthetic_projection/activations/synthetic_honesty_019_upheld_layer47.npy
synthetic_honesty_019_upheld,synthetic,honesty,fairness,47,-1337.9002685546875,mean_centered,/Users/manouchehrrimer/Desktop/BlueDot_Perona_Vector_Project/outputs/vector_construction/persona_vectors/fairness_layer47.npy,/Users/manouchehrrimer/Desktop/BlueDot_Perona_Vector_Project/outputs/synthetic_projection/activations/synthetic_honesty_019_upheld_layer47.npy
synthetic_honesty_019_upheld,synthetic,honesty,compassion,47,-505.7395324707031,mean_centered,/Users/manouchehrrimer/Desktop/BlueDot_Perona_Vector_Project/outputs/vector_construction/persona_vectors/compassion_layer47.npy,/Users/manouchehrrimer/Desktop/BlueDot_Perona_Vector_Project/outputs/synthetic_projection/activations/synthetic_honesty_019_upheld_layer47.npy
synthetic_honesty_019_violated,synthetic,honesty,honesty,32,635.8527221679688,mean_centered,/Users/manouchehrrimer/Desktop/BlueDot_Perona_Vector_Project/outputs/vector_construction/persona_vectors/honesty_layer32.npy,/Users/manouchehrrimer/Desktop/BlueDot_Perona_Vector_Project/outputs/synthetic_projection/activations/synthetic_honesty_019_violated_layer32.npy
synthetic_honesty_019_violated,synthetic,honesty,harmlessness,32,-319.90240478515625,mean_centered,/Users/manouchehrrimer/Desktop/BlueDot_Perona_Vector_Project/outputs/vector_construction/persona_vectors/harmlessness_layer32.npy,/Users/manouchehrrimer/Desktop/BlueDot_Perona_Vector_Project/outputs/synthetic_projection/activations/synthetic_honesty_019_violated_layer32.npy
synthetic_honesty_019_violated,synthetic,honesty,fairness,32,124.90338134765625,mean_centered,/Users/manouchehrrimer/Desktop/BlueDot_Perona_Vector_Project/outputs/vector_construction/persona_vectors/fairness_layer32.npy,/Users/manouchehrrimer/Desktop/BlueDot_Perona_Vector_Project/outputs/synthetic_projection/activations/synthetic_honesty_019_violated_layer32.npy
synthetic_honesty_019_violated,synthetic,honesty,compassion,32,564.4180297851562,mean_centered,/Users/manouchehrrimer/Desktop/BlueDot_Perona_Vector_Project/outputs/vector_construction/persona_vectors/compassion_layer32.npy,/Users/manouchehrrimer/Desktop/BlueDot_Perona_Vector_Project/outputs/synthetic_projection/activations/synthetic_honesty_019_violated_layer32.npy
synthetic_honesty_019_violated,synthetic,honesty,honesty,40,578.778076171875,mean_centered,/Users/manouchehrrimer/Desktop/BlueDot_Perona_Vector_Project/outputs/vector_construction/persona_vectors/honesty_layer40.npy,/Users/manouchehrrimer/Desktop/BlueDot_Perona_Vector_Project/outputs/synthetic_projection/activations/synthetic_honesty_019_violated_layer40.npy
synthetic_honesty_019_violated,synthetic,honesty,harmlessness,40,229.19656372070312,mean_centered,/Users/manouchehrrimer/Desktop/BlueDot_Perona_Vector_Project/outputs/vector_construction/persona_vectors/harmlessness_layer40.npy,/Users/manouchehrrimer/Desktop/BlueDot_Perona_Vector_Project/outputs/synthetic_projection/activations/synthetic_honesty_019_violated_layer40.npy
synthetic_honesty_019_violated,synthetic,honesty,fairness,40,-447.5198974609375,mean_centered,/Users/manouchehrrimer/Desktop/BlueDot_Perona_Vector_Project/outputs/vector_construction/persona_vectors/fairness_layer40.npy,/Users/manouchehrrimer/Desktop/BlueDot_Perona_Vector_Project/outputs/synthetic_projection/activations/synthetic_honesty_019_violated_layer40.npy
synthetic_honesty_019_violated,synthetic,honesty,compassion,40,622.2033081054688,mean_centered,/Users/manouchehrrimer/Desktop/BlueDot_Perona_Vector_Project/outputs/vector_construction/persona_vectors/compassion_layer40.npy,/Users/manouchehrrimer/Desktop/BlueDot_Perona_Vector_Project/outputs/synthetic_projection/activations/synthetic_honesty_019_violated_layer40.npy
synthetic_honesty_019_violated,synthetic,honesty,honesty,47,333.0221252441406,mean_centered,/Users/manouchehrrimer/Desktop/BlueDot_Perona_Vector_Project/outputs/vector_construction/persona_vectors/honesty_layer47.npy,/Users/manouchehrrimer/Desktop/BlueDot_Perona_Vector_Project/outputs/synthetic_projection/activations/synthetic_honesty_019_violated_layer47.npy
synthetic_honesty_019_violated,synthetic,honesty,harmlessness,47,7.1348114013671875,mean_centered,/Users/manouchehrrimer/Desktop/BlueDot_Perona_Vector_Project/outputs/vector_construction/persona_vectors/harmlessness_layer47.npy,/Users/manouchehrrimer/Desktop/BlueDot_Perona_Vector_Project/outputs/synthetic_projection/activations/synthetic_honesty_019_violated_layer47.npy
synthetic_honesty_019_violated,synthetic,honesty,fairness,47,-1055.01416015625,mean_centered,/Users/manouchehrrimer/Desktop/BlueDot_Perona_Vector_Project/outputs/vector_construction/persona_vectors/fairness_layer47.npy,/Users/manouchehrrimer/Desktop/BlueDot_Perona_Vector_Project/outputs/synthetic_projection/activations/synthetic_honesty_019_violated_layer47.npy
synthetic_honesty_019_violated,synthetic,honesty,compassion,47,288.6813049316406,mean_centered,/Users/manouchehrrimer/Desktop/BlueDot_Perona_Vector_Project/outputs/vector_construction/persona_vectors/compassion_layer47.npy,/Users/manouchehrrimer/Desktop/BlueDot_Perona_Vector_Project/outputs/synthetic_projection/activations/synthetic_honesty_019_violated_layer47.npy
synthetic_honesty_020_upheld,synthetic,honesty,honesty,32,-328.6997985839844,mean_centered,/Users/manouchehrrimer/Desktop/BlueDot_Perona_Vector_Project/outputs/vector_construction/persona_vectors/honesty_layer32.npy,/Users/manouchehrrimer/Desktop/BlueDot_Perona_Vector_Project/outputs/synthetic_projection/activations/synthetic_honesty_020_upheld_layer32.npy
synthetic_honesty_020_upheld,synthetic,honesty,harmlessness,32,-8.010927200317383,mean_centered,/Users/manouchehrrimer/Desktop/BlueDot_Perona_Vector_Project/outputs/vector_construction/persona_vectors/harmlessness_layer32.npy,/Users/manouchehrrimer/Desktop/BlueDot_Perona_Vector_Project/outputs/synthetic_projection/activations/synthetic_honesty_020_upheld_layer32.npy
synthetic_honesty_020_upheld,synthetic,honesty,fairness,32,125.50360107421875,mean_centered,/Users/manouchehrrimer/Desktop/BlueDot_Perona_Vector_Project/outputs/vector_construction/persona_vectors/fairness_layer32.npy,/Users/manouchehrrimer/Desktop/BlueDot_Perona_Vector_Project/outputs/synthetic_projection/activations/synthetic_honesty_020_upheld_layer32.npy
synthetic_honesty_020_upheld,synthetic,honesty,compassion,32,-31.894460678100586,mean_centered,/Users/manouchehrrimer/Desktop/BlueDot_Perona_Vector_Project/outputs/vector_construction/persona_vectors/compassion_layer32.npy,/Users/manouchehrrimer/Desktop/BlueDot_Perona_Vector_Project/outputs/synthetic_projection/activations/synthetic_honesty_020_upheld_layer32.npy
synthetic_honesty_020_upheld,synthetic,honesty,honesty,40,-1435.8804931640625,mean_centered,/Users/manouchehrrimer/Desktop/BlueDot_Perona_Vector_Project/outputs/vector_construction/persona_vectors/honesty_layer40.npy,/Users/manouchehrrimer/Desktop/BlueDot_Perona_Vector_Project/outputs/synthetic_projection/activations/synthetic_honesty_020_upheld_layer40.npy
synthetic_honesty_020_upheld,synthetic,honesty,harmlessness,40,-116.9320297241211,mean_centered,/Users/manouchehrrimer/Desktop/BlueDot_Perona_Vector_Project/outputs/vector_construction/persona_vectors/harmlessness_layer40.npy,/Users/manouchehrrimer/Desktop/BlueDot_Perona_Vector_Project/outputs/synthetic_projection/activations/synthetic_honesty_020_upheld_layer40.npy
synthetic_honesty_020_upheld,synthetic,honesty,fairness,40,-667.0550537109375,mean_centered,/Users/manouchehrrimer/Desktop/BlueDot_Perona_Vector_Project/outputs/vector_construction/persona_vectors/fairness_layer40.npy,/Users/manouchehrrimer/Desktop/BlueDot_Perona_Vector_Project/outputs/synthetic_projection/activations/synthetic_honesty_020_upheld_layer40.npy
synthetic_honesty_020_upheld,synthetic,honesty,compassion,40,-275.0984802246094,mean_centered,/Users/manouchehrrimer/Desktop/BlueDot_Perona_Vector_Project/outputs/vector_construction/persona_vectors/compassion_layer40.npy,/Users/manouchehrrimer/Desktop/BlueDot_Perona_Vector_Project/outputs/synthetic_projection/activations/synthetic_honesty_020_upheld_layer40.npy
synthetic_honesty_020_upheld,synthetic,honesty,honesty,47,171.40638732910156,mean_centered,/Users/manouchehrrimer/Desktop/BlueDot_Perona_Vector_Project/outputs/vector_construction/persona_vectors/honesty_layer47.npy,/Users/manouchehrrimer/Desktop/BlueDot_Perona_Vector_Project/outputs/synthetic_projection/activations/synthetic_honesty_020_upheld_layer47.npy
synthetic_honesty_020_upheld,synthetic,honesty,harmlessness,47,400.9925842285156,mean_centered,/Users/manouchehrrimer/Desktop/BlueDot_Perona_Vector_Project/outputs/vector_construction/persona_vectors/harmlessness_layer47.npy,/Users/manouchehrrimer/Desktop/BlueDot_Perona_Vector_Project/outputs/synthetic_projection/activations/synthetic_honesty_020_upheld_layer47.npy
synthetic_honesty_020_upheld,synthetic,honesty,fairness,47,658.3810424804688,mean_centered,/Users/manouchehrrimer/Desktop/BlueDot_Perona_Vector_Project/outputs/vector_construction/persona_vectors/fairness_layer47.npy,/Users/manouchehrrimer/Desktop/BlueDot_Perona_Vector_Project/outputs/synthetic_projection/activations/synthetic_honesty_020_upheld_layer47.npy
synthetic_honesty_020_upheld,synthetic,honesty,compassion,47,-229.4981689453125,mean_centered,/Users/manouchehrrimer/Desktop/BlueDot_Perona_Vector_Project/outputs/vector_construction/persona_vectors/compassion_layer47.npy,/Users/manouchehrrimer/Desktop/BlueDot_Perona_Vector_Project/outputs/synthetic_projection/activations/synthetic_honesty_020_upheld_layer47.npy
synthetic_honesty_020_violated,synthetic,honesty,honesty,32,-688.1550903320312,mean_centered,/Users/manouchehrrimer/Desktop/BlueDot_Perona_Vector_Project/outputs/vector_construction/persona_vectors/honesty_layer32.npy,/Users/manouchehrrimer/Desktop/BlueDot_Perona_Vector_Project/outputs/synthetic_projection/activations/synthetic_honesty_020_violated_layer32.npy
synthetic_honesty_020_violated,synthetic,honesty,harmlessness,32,1346.22412109375,mean_centered,/Users/manouchehrrimer/Desktop/BlueDot_Perona_Vector_Project/outputs/vector_construction/persona_vectors/harmlessness_layer32.npy,/Users/manouchehrrimer/Desktop/BlueDot_Perona_Vector_Project/outputs/synthetic_projection/activations/synthetic_honesty_020_violated_layer32.npy
synthetic_honesty_020_violated,synthetic,honesty,fairness,32,-1247.80029296875,mean_centered,/Users/manouchehrrimer/Desktop/BlueDot_Perona_Vector_Project/outputs/vector_construction/persona_vectors/fairness_layer32.npy,/Users/manouchehrrimer/Desktop/BlueDot_Perona_Vector_Project/outputs/synthetic_projection/activations/synthetic_honesty_020_violated_layer32.npy
synthetic_honesty_020_violated,synthetic,honesty,compassion,32,-722.2015991210938,mean_centered,/Users/manouchehrrimer/Desktop/BlueDot_Perona_Vector_Project/outputs/vector_construction/persona_vectors/compassion_layer32.npy,/Users/manouchehrrimer/Desktop/BlueDot_Perona_Vector_Project/outputs/synthetic_projection/activations/synthetic_honesty_020_violated_layer32.npy
synthetic_honesty_020_violated,synthetic,honesty,honesty,40,-3005.57763671875,mean_centered,/Users/manouchehrrimer/Desktop/BlueDot_Perona_Vector_Project/outputs/vector_construction/persona_vectors/honesty_layer40.npy,/Users/manouchehrrimer/Desktop/BlueDot_Perona_Vector_Project/outputs/synthetic_projection/activations/synthetic_honesty_020_violated_layer40.npy
synthetic_honesty_020_violated,synthetic,honesty,harmlessness,40,391.3653564453125,mean_centered,/Users/manouchehrrimer/Desktop/BlueDot_Perona_Vector_Project/outputs/vector_construction/persona_vectors/harmlessness_layer40.npy,/Users/manouchehrrimer/Desktop/BlueDot_Perona_Vector_Project/outputs/synthetic_projection/activations/synthetic_honesty_020_violated_layer40.npy
synthetic_honesty_020_violated,synthetic,honesty,fairness,40,-2563.713134765625,mean_centered,/Users/manouchehrrimer/Desktop/BlueDot_Perona_Vector_Project/outputs/vector_construction/persona_vectors/fairness_layer40.npy,/Users/manouchehrrimer/Desktop/BlueDot_Perona_Vector_Project/outputs/synthetic_projection/activations/synthetic_honesty_020_violated_layer40.npy
synthetic_honesty_020_violated,synthetic,honesty,compassion,40,-31.946815490722656,mean_centered,/Users/manouchehrrimer/Desktop/BlueDot_Perona_Vector_Project/outputs/vector_construction/persona_vectors/compassion_layer40.npy,/Users/manouchehrrimer/Desktop/BlueDot_Perona_Vector_Project/outputs/synthetic_projection/activations/synthetic_honesty_020_violated_layer40.npy
synthetic_honesty_020_violated,synthetic,honesty,honesty,47,-1892.006591796875,mean_centered,/Users/manouchehrrimer/Desktop/BlueDot_Perona_Vector_Project/outputs/vector_construction/persona_vectors/honesty_layer47.npy,/Users/manouchehrrimer/Desktop/BlueDot_Perona_Vector_Project/outputs/synthetic_projection/activations/synthetic_honesty_020_violated_layer47.npy
synthetic_honesty_020_violated,synthetic,honesty,harmlessness,47,-2110.4267578125,mean_centered,/Users/manouchehrrimer/Desktop/BlueDot_Perona_Vector_Project/outputs/vector_construction/persona_vectors/harmlessness_layer47.npy,/Users/manouchehrrimer/Desktop/BlueDot_Perona_Vector_Project/outputs/synthetic_projection/activations/synthetic_honesty_020_violated_layer47.npy
synthetic_honesty_020_violated,synthetic,honesty,fairness,47,-1250.5023193359375,mean_centered,/Users/manouchehrrimer/Desktop/BlueDot_Perona_Vector_Project/outputs/vector_construction/persona_vectors/fairness_layer47.npy,/Users/manouchehrrimer/Desktop/BlueDot_Perona_Vector_Project/outputs/synthetic_projection/activations/synthetic_honesty_020_violated_layer47.npy
synthetic_honesty_020_violated,synthetic,honesty,compassion,47,-1166.04541015625,mean_centered,/Users/manouchehrrimer/Desktop/BlueDot_Perona_Vector_Project/outputs/vector_construction/persona_vectors/compassion_layer47.npy,/Users/manouchehrrimer/Desktop/BlueDot_Perona_Vector_Project/outputs/synthetic_projection/activations/synthetic_honesty_020_violated_layer47.npy
synthetic_harmlessness_001_upheld,synthetic,harmlessness,honesty,32,-721.4996337890625,mean_centered,/Users/manouchehrrimer/Desktop/BlueDot_Perona_Vector_Project/outputs/vector_construction/persona_vectors/honesty_layer32.npy,/Users/manouchehrrimer/Desktop/BlueDot_Perona_Vector_Project/outputs/synthetic_projection/activations/synthetic_harmlessness_001_upheld_layer32.npy
synthetic_harmlessness_001_upheld,synthetic,harmlessness,harmlessness,32,282.718017578125,mean_centered,/Users/manouchehrrimer/Desktop/BlueDot_Perona_Vector_Project/outputs/vector_construction/persona_vectors/harmlessness_layer32.npy,/Users/manouchehrrimer/Desktop/BlueDot_Perona_Vector_Project/outputs/synthetic_projection/activations/synthetic_harmlessness_001_upheld_layer32.npy
synthetic_harmlessness_001_upheld,synthetic,harmlessness,fairness,32,-212.21530151367188,mean_centered,/Users/manouchehrrimer/Desktop/BlueDot_Perona_Vector_Project/outputs/vector_construction/persona_vectors/fairness_layer32.npy,/Users/manouchehrrimer/Desktop/BlueDot_Perona_Vector_Project/outputs/synthetic_projection/activations/synthetic_harmlessness_001_upheld_layer32.npy
synthetic_harmlessness_001_upheld,synthetic,harmlessness,compassion,32,-430.3716125488281,mean_centered,/Users/manouchehrrimer/Desktop/BlueDot_Perona_Vector_Project/outputs/vector_construction/persona_vectors/compassion_layer32.npy,/Users/manouchehrrimer/Desktop/BlueDot_Perona_Vector_Project/outputs/synthetic_projection/activations/synthetic_harmlessness_001_upheld_layer32.npy
synthetic_harmlessness_001_upheld,synthetic,harmlessness,honesty,40,-350.78662109375,mean_centered,/Users/manouchehrrimer/Desktop/BlueDot_Perona_Vector_Project/outputs/vector_construction/persona_vectors/honesty_layer40.npy,/Users/manouchehrrimer/Desktop/BlueDot_Perona_Vector_Project/outputs/synthetic_projection/activations/synthetic_harmlessness_001_upheld_layer40.npy
synthetic_harmlessness_001_upheld,synthetic,harmlessness,harmlessness,40,-268.661376953125,mean_centered,/Users/manouchehrrimer/Desktop/BlueDot_Perona_Vector_Project/outputs/vector_construction/persona_vectors/harmlessness_layer40.npy,/Users/manouchehrrimer/Desktop/BlueDot_Perona_Vector_Project/outputs/synthetic_projection/activations/synthetic_harmlessness_001_upheld_layer40.npy
synthetic_harmlessness_001_upheld,synthetic,harmlessness,fairness,40,281.9994201660156,mean_centered,/Users/manouchehrrimer/Desktop/BlueDot_Perona_Vector_Project/outputs/vector_construction/persona_vectors/fairness_layer40.npy,/Users/manouchehrrimer/Desktop/BlueDot_Perona_Vector_Project/outputs/synthetic_projection/activations/synthetic_harmlessness_001_upheld_layer40.npy
synthetic_harmlessness_001_upheld,synthetic,harmlessness,compassion,40,-294.312744140625,mean_centered,/Users/manouchehrrimer/Desktop/BlueDot_Perona_Vector_Project/outputs/vector_construction/persona_vectors/compassion_layer40.npy,/Users/manouchehrrimer/Desktop/BlueDot_Perona_Vector_Project/outputs/synthetic_projection/activations/synthetic_harmlessness_001_upheld_layer40.npy
synthetic_harmlessness_001_upheld,synthetic,harmlessness,honesty,47,479.77532958984375,mean_centered,/Users/manouchehrrimer/Desktop/BlueDot_Perona_Vector_Project/outputs/vector_construction/persona_vectors/honesty_layer47.npy,/Users/manouchehrrimer/Desktop/BlueDot_Perona_Vector_Project/outputs/synthetic_projection/activations/synthetic_harmlessness_001_upheld_layer47.npy
synthetic_harmlessness_001_upheld,synthetic,harmlessness,harmlessness,47,1270.8333740234375,mean_centered,/Users/manouchehrrimer/Desktop/BlueDot_Perona_Vector_Project/outputs/vector_construction/persona_vectors/harmlessness_layer47.npy,/Users/manouchehrrimer/Desktop/BlueDot_Perona_Vector_Project/outputs/synthetic_projection/activations/synthetic_harmlessness_001_upheld_layer47.npy
synthetic_harmlessness_001_upheld,synthetic,harmlessness,fairness,47,766.8726196289062,mean_centered,/Users/manouchehrrimer/Desktop/BlueDot_Perona_Vector_Project/outputs/vector_construction/persona_vectors/fairness_layer47.npy,/Users/manouchehrrimer/Desktop/BlueDot_Perona_Vector_Project/outputs/synthetic_projection/activations/synthetic_harmlessness_001_upheld_layer47.npy
synthetic_harmlessness_001_upheld,synthetic,harmlessness,compassion,47,407.0273742675781,mean_centered,/Users/manouchehrrimer/Desktop/BlueDot_Perona_Vector_Project/outputs/vector_construction/persona_vectors/compassion_layer47.npy,/Users/manouchehrrimer/Desktop/BlueDot_Perona_Vector_Project/outputs/synthetic_projection/activations/synthetic_harmlessness_001_upheld_layer47.npy
synthetic_harmlessness_001_violated,synthetic,harmlessness,honesty,32,668.89404296875,mean_centered,/Users/manouchehrrimer/Desktop/BlueDot_Perona_Vector_Project/outputs/vector_construction/persona_vectors/honesty_layer32.npy,/Users/manouchehrrimer/Desktop/BlueDot_Perona_Vector_Project/outputs/synthetic_projection/activations/synthetic_harmlessness_001_violated_layer32.npy
synthetic_harmlessness_001_violated,synthetic,harmlessness,harmlessness,32,-450.372314453125,mean_centered,/Users/manouchehrrimer/Desktop/BlueDot_Perona_Vector_Project/outputs/vector_construction/persona_vectors/harmlessness_layer32.npy,/Users/manouchehrrimer/Desktop/BlueDot_Perona_Vector_Project/outputs/synthetic_projection/activations/synthetic_harmlessness_001_violated_layer32.npy
synthetic_harmlessness_001_violated,synthetic,harmlessness,fairness,32,418.0903015136719,mean_centered,/Users/manouchehrrimer/Desktop/BlueDot_Perona_Vector_Project/outputs/vector_construction/persona_vectors/fairness_layer32.npy,/Users/manouchehrrimer/Desktop/BlueDot_Perona_Vector_Project/outputs/synthetic_projection/activations/synthetic_harmlessness_001_violated_layer32.npy
synthetic_harmlessness_001_violated,synthetic,harmlessness,compassion,32,183.60035705566406,mean_centered,/Users/manouchehrrimer/Desktop/BlueDot_Perona_Vector_Project/outputs/vector_construction/persona_vectors/compassion_layer32.npy,/Users/manouchehrrimer/Desktop/BlueDot_Perona_Vector_Project/outputs/synthetic_projection/activations/synthetic_harmlessness_001_violated_layer32.npy
synthetic_harmlessness_001_violated,synthetic,harmlessness,honesty,40,1313.6939697265625,mean_centered,/Users/manouchehrrimer/Desktop/BlueDot_Perona_Vector_Project/outputs/vector_construction/persona_vectors/honesty_layer40.npy,/Users/manouchehrrimer/Desktop/BlueDot_Perona_Vector_Project/outputs/synthetic_projection/activations/synthetic_harmlessness_001_violated_layer40.npy
synthetic_harmlessness_001_violated,synthetic,harmlessness,harmlessness,40,13.936687469482422,mean_centered,/Users/manouchehrrimer/Desktop/BlueDot_Perona_Vector_Project/outputs/vector_construction/persona_vectors/harmlessness_layer40.npy,/Users/manouchehrrimer/Desktop/BlueDot_Perona_Vector_Project/outputs/synthetic_projection/activations/synthetic_harmlessness_001_violated_layer40.npy
synthetic_harmlessness_001_violated,synthetic,harmlessness,fairness,40,1152.0167236328125,mean_centered,/Users/manouchehrrimer/Desktop/BlueDot_Perona_Vector_Project/outputs/vector_construction/persona_vectors/fairness_layer40.npy,/Users/manouchehrrimer/Desktop/BlueDot_Perona_Vector_Project/outputs/synthetic_projection/activations/synthetic_harmlessness_001_violated_layer40.npy
synthetic_harmlessness_001_violated,synthetic,harmlessness,compassion,40,-155.06321716308594,mean_centered,/Users/manouchehrrimer/Desktop/BlueDot_Perona_Vector_Project/outputs/vector_construction/persona_vectors/compassion_layer40.npy,/Users/manouchehrrimer/Desktop/BlueDot_Perona_Vector_Project/outputs/synthetic_projection/activations/synthetic_harmlessness_001_violated_layer40.npy
synthetic_harmlessness_001_violated,synthetic,harmlessness,honesty,47,683.0126953125,mean_centered,/Users/manouchehrrimer/Desktop/BlueDot_Perona_Vector_Project/outputs/vector_construction/persona_vectors/honesty_layer47.npy,/Users/manouchehrrimer/Desktop/BlueDot_Perona_Vector_Project/outputs/synthetic_projection/activations/synthetic_harmlessness_001_violated_layer47.npy
synthetic_harmlessness_001_violated,synthetic,harmlessness,harmlessness,47,-174.6375732421875,mean_centered,/Users/manouchehrrimer/Desktop/BlueDot_Perona_Vector_Project/outputs/vector_construction/persona_vectors/harmlessness_layer47.npy,/Users/manouchehrrimer/Desktop/BlueDot_Perona_Vector_Project/outputs/synthetic_projection/activations/synthetic_harmlessness_001_violated_layer47.npy
synthetic_harmlessness_001_violated,synthetic,harmlessness,fairness,47,285.0414123535156,mean_centered,/Users/manouchehrrimer/Desktop/BlueDot_Perona_Vector_Project/outputs/vector_construction/persona_vectors/fairness_layer47.npy,/Users/manouchehrrimer/Desktop/BlueDot_Perona_Vector_Project/outputs/synthetic_projection/activations/synthetic_harmlessness_001_violated_layer47.npy
synthetic_harmlessness_001_violated,synthetic,harmlessness,compassion,47,-373.99658203125,mean_centered,/Users/manouchehrrimer/Desktop/BlueDot_Perona_Vector_Project/outputs/vector_construction/persona_vectors/compassion_layer47.npy,/Users/manouchehrrimer/Desktop/BlueDot_Perona_Vector_Project/outputs/synthetic_projection/activations/synthetic_harmlessness_001_violated_layer47.npy
synthetic_harmlessness_002_upheld,synthetic,harmlessness,honesty,32,829.793212890625,mean_centered,/Users/manouchehrrimer/Desktop/BlueDot_Perona_Vector_Project/outputs/vector_construction/persona_vectors/honesty_layer32.npy,/Users/manouchehrrimer/Desktop/BlueDot_Perona_Vector_Project/outputs/synthetic_projection/activations/synthetic_harmlessness_002_upheld_layer32.npy
synthetic_harmlessness_002_upheld,synthetic,harmlessness,harmlessness,32,-1064.2628173828125,mean_centered,/Users/manouchehrrimer/Desktop/BlueDot_Perona_Vector_Project/outputs/vector_construction/persona_vectors/harmlessness_layer32.npy,/Users/manouchehrrimer/Desktop/BlueDot_Perona_Vector_Project/outputs/synthetic_projection/activations/synthetic_harmlessness_002_upheld_layer32.npy
synthetic_harmlessness_002_upheld,synthetic,harmlessness,fairness,32,683.802490234375,mean_centered,/Users/manouchehrrimer/Desktop/BlueDot_Perona_Vector_Project/outputs/vector_construction/persona_vectors/fairness_layer32.npy,/Users/manouchehrrimer/Desktop/BlueDot_Perona_Vector_Project/outputs/synthetic_projection/activations/synthetic_harmlessness_002_upheld_layer32.npy
synthetic_harmlessness_002_upheld,synthetic,harmlessness,compassion,32,637.80810546875,mean_centered,/Users/manouchehrrimer/Desktop/BlueDot_Perona_Vector_Project/outputs/vector_construction/persona_vectors/compassion_layer32.npy,/Users/manouchehrrimer/Desktop/BlueDot_Perona_Vector_Project/outputs/synthetic_projection/activations/synthetic_harmlessness_002_upheld_layer32.npy
synthetic_harmlessness_002_upheld,synthetic,harmlessness,honesty,40,3887.79443359375,mean_centered,/Users/manouchehrrimer/Desktop/BlueDot_Perona_Vector_Project/outputs/vector_construction/persona_vectors/honesty_layer40.npy,/Users/manouchehrrimer/Desktop/BlueDot_Perona_Vector_Project/outputs/synthetic_projection/activations/synthetic_harmlessness_002_upheld_layer40.npy
synthetic_harmlessness_002_upheld,synthetic,harmlessness,harmlessness,40,-262.2032775878906,mean_centered,/Users/manouchehrrimer/Desktop/BlueDot_Perona_Vector_Project/outputs/vector_construction/persona_vectors/harmlessness_layer40.npy,/Users/manouchehrrimer/Desktop/BlueDot_Perona_Vector_Project/outputs/synthetic_projection/activations/synthetic_harmlessness_002_upheld_layer40.npy
synthetic_harmlessness_002_upheld,synthetic,harmlessness,fairness,40,2801.215576171875,mean_centered,/Users/manouchehrrimer/Desktop/BlueDot_Perona_Vector_Project/outputs/vector_construction/persona_vectors/fairness_layer40.npy,/Users/manouchehrrimer/Desktop/BlueDot_Perona_Vector_Project/outputs/synthetic_projection/activations/synthetic_harmlessness_002_upheld_layer40.npy
synthetic_harmlessness_002_upheld,synthetic,harmlessness,compassion,40,-60.45985412597656,mean_centered,/Users/manouchehrrimer/Desktop/BlueDot_Perona_Vector_Project/outputs/vector_construction/persona_vectors/compassion_layer40.npy,/Users/manouchehrrimer/Desktop/BlueDot_Perona_Vector_Project/outputs/synthetic_projection/activations/synthetic_harmlessness_002_upheld_layer40.npy
synthetic_harmlessness_002_upheld,synthetic,harmlessness,honesty,47,953.6148681640625,mean_centered,/Users/manouchehrrimer/Desktop/BlueDot_Perona_Vector_Project/outputs/vector_construction/persona_vectors/honesty_layer47.npy,/Users/manouchehrrimer/Desktop/BlueDot_Perona_Vector_Project/outputs/synthetic_projection/activations/synthetic_harmlessness_002_upheld_layer47.npy
synthetic_harmlessness_002_upheld,synthetic,harmlessness,harmlessness,47,862.8075561523438,mean_centered,/Users/manouchehrrimer/Desktop/BlueDot_Perona_Vector_Project/outputs/vector_construction/persona_vectors/harmlessness_layer47.npy,/Users/manouchehrrimer/Desktop/BlueDot_Perona_Vector_Project/outputs/synthetic_projection/activations/synthetic_harmlessness_002_upheld_layer47.npy
synthetic_harmlessness_002_upheld,synthetic,harmlessness,fairness,47,311.84515380859375,mean_centered,/Users/manouchehrrimer/Desktop/BlueDot_Perona_Vector_Project/outputs/vector_construction/persona_vectors/fairness_layer47.npy,/Users/manouchehrrimer/Desktop/BlueDot_Perona_Vector_Project/outputs/synthetic_projection/activations/synthetic_harmlessness_002_upheld_layer47.npy
synthetic_harmlessness_002_upheld,synthetic,harmlessness,compassion,47,401.62530517578125,mean_centered,/Users/manouchehrrimer/Desktop/BlueDot_Perona_Vector_Project/outputs/vector_construction/persona_vectors/compassion_layer47.npy,/Users/manouchehrrimer/Desktop/BlueDot_Perona_Vector_Project/outputs/synthetic_projection/activations/synthetic_harmlessness_002_upheld_layer47.npy
synthetic_harmlessness_002_violated,synthetic,harmlessness,honesty,32,1137.3143310546875,mean_centered,/Users/manouchehrrimer/Desktop/BlueDot_Perona_Vector_Project/outputs/vector_construction/persona_vectors/honesty_layer32.npy,/Users/manouchehrrimer/Desktop/BlueDot_Perona_Vector_Project/outputs/synthetic_projection/activations/synthetic_harmlessness_002_violated_layer32.npy
synthetic_harmlessness_002_violated,synthetic,harmlessness,harmlessness,32,-713.74658203125,mean_centered,/Users/manouchehrrimer/Desktop/BlueDot_Perona_Vector_Project/outputs/vector_construction/persona_vectors/harmlessness_layer32.npy,/Users/manouchehrrimer/Desktop/BlueDot_Perona_Vector_Project/outputs/synthetic_projection/activations/synthetic_harmlessness_002_violated_layer32.npy
synthetic_harmlessness_002_violated,synthetic,harmlessness,fairness,32,654.4332885742188,mean_centered,/Users/manouchehrrimer/Desktop/BlueDot_Perona_Vector_Project/outputs/vector_construction/persona_vectors/fairness_layer32.npy,/Users/manouchehrrimer/Desktop/BlueDot_Perona_Vector_Project/outputs/synthetic_projection/activations/synthetic_harmlessness_002_violated_layer32.npy
synthetic_harmlessness_002_violated,synthetic,harmlessness,compassion,32,731.1148071289062,mean_centered,/Users/manouchehrrimer/Desktop/BlueDot_Perona_Vector_Project/outputs/vector_construction/persona_vectors/compassion_layer32.npy,/Users/manouchehrrimer/Desktop/BlueDot_Perona_Vector_Project/outputs/synthetic_projection/activations/synthetic_harmlessness_002_violated_layer32.npy
synthetic_harmlessness_002_violated,synthetic,harmlessness,honesty,40,2716.4453125,mean_centered,/Users/manouchehrrimer/Desktop/BlueDot_Perona_Vector_Project/outputs/vector_construction/persona_vectors/honesty_layer40.npy,/Users/manouchehrrimer/Desktop/BlueDot_Perona_Vector_Project/outputs/synthetic_projection/activations/synthetic_harmlessness_002_violated_layer40.npy
synthetic_harmlessness_002_violated,synthetic,harmlessness,harmlessness,40,408.00677490234375,mean_centered,/Users/manouchehrrimer/Desktop/BlueDot_Perona_Vector_Project/outputs/vector_construction/persona_vectors/harmlessness_layer40.npy,/Users/manouchehrrimer/Desktop/BlueDot_Perona_Vector_Project/outputs/synthetic_projection/activations/synthetic_harmlessness_002_violated_layer40.npy
synthetic_harmlessness_002_violated,synthetic,harmlessness,fairness,40,1649.906982421875,mean_centered,/Users/manouchehrrimer/Desktop/BlueDot_Perona_Vector_Project/outputs/vector_construction/persona_vectors/fairness_layer40.npy,/Users/manouchehrrimer/Desktop/BlueDot_Perona_Vector_Project/outputs/synthetic_projection/activations/synthetic_harmlessness_002_violated_layer40.npy
synthetic_harmlessness_002_violated,synthetic,harmlessness,compassion,40,-83.46229553222656,mean_centered,/Users/manouchehrrimer/Desktop/BlueDot_Perona_Vector_Project/outputs/vector_construction/persona_vectors/compassion_layer40.npy,/Users/manouchehrrimer/Desktop/BlueDot_Perona_Vector_Project/outputs/synthetic_projection/activations/synthetic_harmlessness_002_violated_layer40.npy
synthetic_harmlessness_002_violated,synthetic,harmlessness,honesty,47,-803.978759765625,mean_centered,/Users/manouchehrrimer/Desktop/BlueDot_Perona_Vector_Project/outputs/vector_construction/persona_vectors/honesty_layer47.npy,/Users/manouchehrrimer/Desktop/BlueDot_Perona_Vector_Project/outputs/synthetic_projection/activations/synthetic_harmlessness_002_violated_layer47.npy
synthetic_harmlessness_002_violated,synthetic,harmlessness,harmlessness,47,-1576.942138671875,mean_centered,/Users/manouchehrrimer/Desktop/BlueDot_Perona_Vector_Project/outputs/vector_construction/persona_vectors/harmlessness_layer47.npy,/Users/manouchehrrimer/Desktop/BlueDot_Perona_Vector_Project/outputs/synthetic_projection/activations/synthetic_harmlessness_002_violated_layer47.npy
synthetic_harmlessness_002_violated,synthetic,harmlessness,fairness,47,-1092.82177734375,mean_centered,/Users/manouchehrrimer/Desktop/BlueDot_Perona_Vector_Project/outputs/vector_construction/persona_vectors/fairness_layer47.npy,/Users/manouchehrrimer/Desktop/BlueDot_Perona_Vector_Project/outputs/synthetic_projection/activations/synthetic_harmlessness_002_violated_layer47.npy
synthetic_harmlessness_002_violated,synthetic,harmlessness,compassion,47,-1231.52978515625,mean_centered,/Users/manouchehrrimer/Desktop/BlueDot_Perona_Vector_Project/outputs/vector_construction/persona_vectors/compassion_layer47.npy,/Users/manouchehrrimer/Desktop/BlueDot_Perona_Vector_Project/outputs/synthetic_projection/activations/synthetic_harmlessness_002_violated_layer47.npy
synthetic_harmlessness_003_upheld,synthetic,harmlessness,honesty,32,265.77972412109375,mean_centered,/Users/manouchehrrimer/Desktop/BlueDot_Perona_Vector_Project/outputs/vector_construction/persona_vectors/honesty_layer32.npy,/Users/manouchehrrimer/Desktop/BlueDot_Perona_Vector_Project/outputs/synthetic_projection/activations/synthetic_harmlessness_003_upheld_layer32.npy
synthetic_harmlessness_003_upheld,synthetic,harmlessness,harmlessness,32,-135.35353088378906,mean_centered,/Users/manouchehrrimer/Desktop/BlueDot_Perona_Vector_Project/outputs/vector_construction/persona_vectors/harmlessness_layer32.npy,/Users/manouchehrrimer/Desktop/BlueDot_Perona_Vector_Project/outputs/synthetic_projection/activations/synthetic_harmlessness_003_upheld_layer32.npy
synthetic_harmlessness_003_upheld,synthetic,harmlessness,fairness,32,240.89129638671875,mean_centered,/Users/manouchehrrimer/Desktop/BlueDot_Perona_Vector_Project/outputs/vector_construction/persona_vectors/fairness_layer32.npy,/Users/manouchehrrimer/Desktop/BlueDot_Perona_Vector_Project/outputs/synthetic_projection/activations/synthetic_harmlessness_003_upheld_layer32.npy
synthetic_harmlessness_003_upheld,synthetic,harmlessness,compassion,32,93.28376770019531,mean_centered,/Users/manouchehrrimer/Desktop/BlueDot_Perona_Vector_Project/outputs/vector_construction/persona_vectors/compassion_layer32.npy,/Users/manouchehrrimer/Desktop/BlueDot_Perona_Vector_Project/outputs/synthetic_projection/activations/synthetic_harmlessness_003_upheld_layer32.npy
synthetic_harmlessness_003_upheld,synthetic,harmlessness,honesty,40,105.37089538574219,mean_centered,/Users/manouchehrrimer/Desktop/BlueDot_Perona_Vector_Project/outputs/vector_construction/persona_vectors/honesty_layer40.npy,/Users/manouchehrrimer/Desktop/BlueDot_Perona_Vector_Project/outputs/synthetic_projection/activations/synthetic_harmlessness_003_upheld_layer40.npy
synthetic_harmlessness_003_upheld,synthetic,harmlessness,harmlessness,40,-44.80220413208008,mean_centered,/Users/manouchehrrimer/Desktop/BlueDot_Perona_Vector_Project/outputs/vector_construction/persona_vectors/harmlessness_layer40.npy,/Users/manouchehrrimer/Desktop/BlueDot_Perona_Vector_Project/outputs/synthetic_projection/activations/synthetic_harmlessness_003_upheld_layer40.npy
synthetic_harmlessness_003_upheld,synthetic,harmlessness,fairness,40,-159.33334350585938,mean_centered,/Users/manouchehrrimer/Desktop/BlueDot_Perona_Vector_Project/outputs/vector_construction/persona_vectors/fairness_layer40.npy,/Users/manouchehrrimer/Desktop/BlueDot_Perona_Vector_Project/outputs/synthetic_projection/activations/synthetic_harmlessness_003_upheld_layer40.npy
synthetic_harmlessness_003_upheld,synthetic,harmlessness,compassion,40,-161.0193328857422,mean_centered,/Users/manouchehrrimer/Desktop/BlueDot_Perona_Vector_Project/outputs/vector_construction/persona_vectors/compassion_layer40.npy,/Users/manouchehrrimer/Desktop/BlueDot_Perona_Vector_Project/outputs/synthetic_projection/activations/synthetic_harmlessness_003_upheld_layer40.npy
synthetic_harmlessness_003_upheld,synthetic,harmlessness,honesty,47,760.1309814453125,mean_centered,/Users/manouchehrrimer/Desktop/BlueDot_Perona_Vector_Project/outputs/vector_construction/persona_vectors/honesty_layer47.npy,/Users/manouchehrrimer/Desktop/BlueDot_Perona_Vector_Project/outputs/synthetic_projection/activations/synthetic_harmlessness_003_upheld_layer47.npy
synthetic_harmlessness_003_upheld,synthetic,harmlessness,harmlessness,47,523.612548828125,mean_centered,/Users/manouchehrrimer/Desktop/BlueDot_Perona_Vector_Project/outputs/vector_construction/persona_vectors/harmlessness_layer47.npy,/Users/manouchehrrimer/Desktop/BlueDot_Perona_Vector_Project/outputs/synthetic_projection/activations/synthetic_harmlessness_003_upheld_layer47.npy
synthetic_harmlessness_003_upheld,synthetic,harmlessness,fairness,47,7.0921478271484375,mean_centered,/Users/manouchehrrimer/Desktop/BlueDot_Perona_Vector_Project/outputs/vector_construction/persona_vectors/fairness_layer47.npy,/Users/manouchehrrimer/Desktop/BlueDot_Perona_Vector_Project/outputs/synthetic_projection/activations/synthetic_harmlessness_003_upheld_layer47.npy
synthetic_harmlessness_003_upheld,synthetic,harmlessness,compassion,47,-40.5513916015625,mean_centered,/Users/manouchehrrimer/Desktop/BlueDot_Perona_Vector_Project/outputs/vector_construction/persona_vectors/compassion_layer47.npy,/Users/manouchehrrimer/Desktop/BlueDot_Perona_Vector_Project/outputs/synthetic_projection/activations/synthetic_harmlessness_003_upheld_layer47.npy
synthetic_harmlessness_003_violated,synthetic,harmlessness,honesty,32,623.9745483398438,mean_centered,/Users/manouchehrrimer/Desktop/BlueDot_Perona_Vector_Project/outputs/vector_construction/persona_vectors/honesty_layer32.npy,/Users/manouchehrrimer/Desktop/BlueDot_Perona_Vector_Project/outputs/synthetic_projection/activations/synthetic_harmlessness_003_violated_layer32.npy
synthetic_harmlessness_003_violated,synthetic,harmlessness,harmlessness,32,-33.189727783203125,mean_centered,/Users/manouchehrrimer/Desktop/BlueDot_Perona_Vector_Project/outputs/vector_construction/persona_vectors/harmlessness_layer32.npy,/Users/manouchehrrimer/Desktop/BlueDot_Perona_Vector_Project/outputs/synthetic_projection/activations/synthetic_harmlessness_003_violated_layer32.npy
synthetic_harmlessness_003_violated,synthetic,harmlessness,fairness,32,173.04754638671875,mean_centered,/Users/manouchehrrimer/Desktop/BlueDot_Perona_Vector_Project/outputs/vector_construction/persona_vectors/fairness_layer32.npy,/Users/manouchehrrimer/Desktop/BlueDot_Perona_Vector_Project/outputs/synthetic_projection/activations/synthetic_harmlessness_003_violated_layer32.npy
synthetic_harmlessness_003_violated,synthetic,harmlessness,compassion,32,347.0869445800781,mean_centered,/Users/manouchehrrimer/Desktop/BlueDot_Perona_Vector_Project/outputs/vector_construction/persona_vectors/compassion_layer32.npy,/Users/manouchehrrimer/Desktop/BlueDot_Perona_Vector_Project/outputs/synthetic_projection/activations/synthetic_harmlessness_003_violated_layer32.npy
synthetic_harmlessness_003_violated,synthetic,harmlessness,honesty,40,1452.70166015625,mean_centered,/Users/manouchehrrimer/Desktop/BlueDot_Perona_Vector_Project/outputs/vector_construction/persona_vectors/honesty_layer40.npy,/Users/manouchehrrimer/Desktop/BlueDot_Perona_Vector_Project/outputs/synthetic_projection/activations/synthetic_harmlessness_003_violated_layer40.npy
synthetic_harmlessness_003_violated,synthetic,harmlessness,harmlessness,40,610.8995361328125,mean_centered,/Users/manouchehrrimer/Desktop/BlueDot_Perona_Vector_Project/outputs/vector_construction/persona_vectors/harmlessness_layer40.npy,/Users/manouchehrrimer/Desktop/BlueDot_Perona_Vector_Project/outputs/synthetic_projection/activations/synthetic_harmlessness_003_violated_layer40.npy
synthetic_harmlessness_003_violated,synthetic,harmlessness,fairness,40,745.97412109375,mean_centered,/Users/manouchehrrimer/Desktop/BlueDot_Perona_Vector_Project/outputs/vector_construction/persona_vectors/fairness_layer40.npy,/Users/manouchehrrimer/Desktop/BlueDot_Perona_Vector_Project/outputs/synthetic_projection/activations/synthetic_harmlessness_003_violated_layer40.npy
synthetic_harmlessness_003_violated,synthetic,harmlessness,compassion,40,126.00924682617188,mean_centered,/Users/manouchehrrimer/Desktop/BlueDot_Perona_Vector_Project/outputs/vector_construction/persona_vectors/compassion_layer40.npy,/Users/manouchehrrimer/Desktop/BlueDot_Perona_Vector_Project/outputs/synthetic_projection/activations/synthetic_harmlessness_003_violated_layer40.npy
synthetic_harmlessness_003_violated,synthetic,harmlessness,honesty,47,-139.48440551757812,mean_centered,/Users/manouchehrrimer/Desktop/BlueDot_Perona_Vector_Project/outputs/vector_construction/persona_vectors/honesty_layer47.npy,/Users/manouchehrrimer/Desktop/BlueDot_Perona_Vector_Project/outputs/synthetic_projection/activations/synthetic_harmlessness_003_violated_layer47.npy
synthetic_harmlessness_003_violated,synthetic,harmlessness,harmlessness,47,-651.22998046875,mean_centered,/Users/manouchehrrimer/Desktop/BlueDot_Perona_Vector_Project/outputs/vector_construction/persona_vectors/harmlessness_layer47.npy,/Users/manouchehrrimer/Desktop/BlueDot_Perona_Vector_Project/outputs/synthetic_projection/activations/synthetic_harmlessness_003_violated_layer47.npy
synthetic_harmlessness_003_violated,synthetic,harmlessness,fairness,47,-491.83392333984375,mean_centered,/Users/manouchehrrimer/Desktop/BlueDot_Perona_Vector_Project/outputs/vector_construction/persona_vectors/fairness_layer47.npy,/Users/manouchehrrimer/Desktop/BlueDot_Perona_Vector_Project/outputs/synthetic_projection/activations/synthetic_harmlessness_003_violated_layer47.npy
synthetic_harmlessness_003_violated,synthetic,harmlessness,compassion,47,-541.7968139648438,mean_centered,/Users/manouchehrrimer/Desktop/BlueDot_Perona_Vector_Project/outputs/vector_construction/persona_vectors/compassion_layer47.npy,/Users/manouchehrrimer/Desktop/BlueDot_Perona_Vector_Project/outputs/synthetic_projection/activations/synthetic_harmlessness_003_violated_layer47.npy
synthetic_harmlessness_004_upheld,synthetic,harmlessness,honesty,32,-602.6094970703125,mean_centered,/Users/manouchehrrimer/Desktop/BlueDot_Perona_Vector_Project/outputs/vector_construction/persona_vectors/honesty_layer32.npy,/Users/manouchehrrimer/Desktop/BlueDot_Perona_Vector_Project/outputs/synthetic_projection/activations/synthetic_harmlessness_004_upheld_layer32.npy
synthetic_harmlessness_004_upheld,synthetic,harmlessness,harmlessness,32,366.4120178222656,mean_centered,/Users/manouchehrrimer/Desktop/BlueDot_Perona_Vector_Project/outputs/vector_construction/persona_vectors/harmlessness_layer32.npy,/Users/manouchehrrimer/Desktop/BlueDot_Perona_Vector_Project/outputs/synthetic_projection/activations/synthetic_harmlessness_004_upheld_layer32.npy
synthetic_harmlessness_004_upheld,synthetic,harmlessness,fairness,32,-225.58859252929688,mean_centered,/Users/manouchehrrimer/Desktop/BlueDot_Perona_Vector_Project/outputs/vector_construction/persona_vectors/fairness_layer32.npy,/Users/manouchehrrimer/Desktop/BlueDot_Perona_Vector_Project/outputs/synthetic_projection/activations/synthetic_harmlessness_004_upheld_layer32.npy
synthetic_harmlessness_004_upheld,synthetic,harmlessness,compassion,32,208.19873046875,mean_centered,/Users/manouchehrrimer/Desktop/BlueDot_Perona_Vector_Project/outputs/vector_construction/persona_vectors/compassion_layer32.npy,/Users/manouchehrrimer/Desktop/BlueDot_Perona_Vector_Project/outputs/synthetic_projection/activations/synthetic_harmlessness_004_upheld_layer32.npy
synthetic_harmlessness_004_upheld,synthetic,harmlessness,honesty,40,-1267.3155517578125,mean_centered,/Users/manouchehrrimer/Desktop/BlueDot_Perona_Vector_Project/outputs/vector_construction/persona_vectors/honesty_layer40.npy,/Users/manouchehrrimer/Desktop/BlueDot_Perona_Vector_Project/outputs/synthetic_projection/activations/synthetic_harmlessness_004_upheld_layer40.npy
synthetic_harmlessness_004_upheld,synthetic,harmlessness,harmlessness,40,488.33221435546875,mean_centered,/Users/manouchehrrimer/Desktop/BlueDot_Perona_Vector_Project/outputs/vector_construction/persona_vectors/harmlessness_layer40.npy,/Users/manouchehrrimer/Desktop/BlueDot_Perona_Vector_Project/outputs/synthetic_projection/activations/synthetic_harmlessness_004_upheld_layer40.npy
synthetic_harmlessness_004_upheld,synthetic,harmlessness,fairness,40,-656.6033935546875,mean_centered,/Users/manouchehrrimer/Desktop/BlueDot_Perona_Vector_Project/outputs/vector_construction/persona_vectors/fairness_layer40.npy,/Users/manouchehrrimer/Desktop/BlueDot_Perona_Vector_Project/outputs/synthetic_projection/activations/synthetic_harmlessness_004_upheld_layer40.npy
synthetic_harmlessness_004_upheld,synthetic,harmlessness,compassion,40,180.19912719726562,mean_centered,/Users/manouchehrrimer/Desktop/BlueDot_Perona_Vector_Project/outputs/vector_construction/persona_vectors/compassion_layer40.npy,/Users/manouchehrrimer/Desktop/BlueDot_Perona_Vector_Project/outputs/synthetic_projection/activations/synthetic_harmlessness_004_upheld_layer40.npy
synthetic_harmlessness_004_upheld,synthetic,harmlessness,honesty,47,923.1199951171875,mean_centered,/Users/manouchehrrimer/Desktop/BlueDot_Perona_Vector_Project/outputs/vector_construction/persona_vectors/honesty_layer47.npy,/Users/manouchehrrimer/Desktop/BlueDot_Perona_Vector_Project/outputs/synthetic_projection/activations/synthetic_harmlessness_004_upheld_layer47.npy
synthetic_harmlessness_004_upheld,synthetic,harmlessness,harmlessness,47,2657.507080078125,mean_centered,/Users/manouchehrrimer/Desktop/BlueDot_Perona_Vector_Project/outputs/vector_construction/persona_vectors/harmlessness_layer47.npy,/Users/manouchehrrimer/Desktop/BlueDot_Perona_Vector_Project/outputs/synthetic_projection/activations/synthetic_harmlessness_004_upheld_layer47.npy
synthetic_harmlessness_004_upheld,synthetic,harmlessness,fairness,47,741.9293823242188,mean_centered,/Users/manouchehrrimer/Desktop/BlueDot_Perona_Vector_Project/outputs/vector_construction/persona_vectors/fairness_layer47.npy,/Users/manouchehrrimer/Desktop/BlueDot_Perona_Vector_Project/outputs/synthetic_projection/activations/synthetic_harmlessness_004_upheld_layer47.npy
synthetic_harmlessness_004_upheld,synthetic,harmlessness,compassion,47,1309.148681640625,mean_centered,/Users/manouchehrrimer/Desktop/BlueDot_Perona_Vector_Project/outputs/vector_construction/persona_vectors/compassion_layer47.npy,/Users/manouchehrrimer/Desktop/BlueDot_Perona_Vector_Project/outputs/synthetic_projection/activations/synthetic_harmlessness_004_upheld_layer47.npy
synthetic_harmlessness_004_violated,synthetic,harmlessness,honesty,32,203.39002990722656,mean_centered,/Users/manouchehrrimer/Desktop/BlueDot_Perona_Vector_Project/outputs/vector_construction/persona_vectors/honesty_layer32.npy,/Users/manouchehrrimer/Desktop/BlueDot_Perona_Vector_Project/outputs/synthetic_projection/activations/synthetic_harmlessness_004_violated_layer32.npy
synthetic_harmlessness_004_violated,synthetic,harmlessness,harmlessness,32,395.64178466796875,mean_centered,/Users/manouchehrrimer/Desktop/BlueDot_Perona_Vector_Project/outputs/vector_construction/persona_vectors/harmlessness_layer32.npy,/Users/manouchehrrimer/Desktop/BlueDot_Perona_Vector_Project/outputs/synthetic_projection/activations/synthetic_harmlessness_004_violated_layer32.npy
synthetic_harmlessness_004_violated,synthetic,harmlessness,fairness,32,-278.6322937011719,mean_centered,/Users/manouchehrrimer/Desktop/BlueDot_Perona_Vector_Project/outputs/vector_construction/persona_vectors/fairness_layer32.npy,/Users/manouchehrrimer/Desktop/BlueDot_Perona_Vector_Project/outputs/synthetic_projection/activations/synthetic_harmlessness_004_violated_layer32.npy
synthetic_harmlessness_004_violated,synthetic,harmlessness,compassion,32,653.6051025390625,mean_centered,/Users/manouchehrrimer/Desktop/BlueDot_Perona_Vector_Project/outputs/vector_construction/persona_vectors/compassion_layer32.npy,/Users/manouchehrrimer/Desktop/BlueDot_Perona_Vector_Project/outputs/synthetic_projection/activations/synthetic_harmlessness_004_violated_layer32.npy
synthetic_harmlessness_004_violated,synthetic,harmlessness,honesty,40,-1264.4713134765625,mean_centered,/Users/manouchehrrimer/Desktop/BlueDot_Perona_Vector_Project/outputs/vector_construction/persona_vectors/honesty_layer40.npy,/Users/manouchehrrimer/Desktop/BlueDot_Perona_Vector_Project/outputs/synthetic_projection/activations/synthetic_harmlessness_004_violated_layer40.npy
synthetic_harmlessness_004_violated,synthetic,harmlessness,harmlessness,40,1092.621826171875,mean_centered,/Users/manouchehrrimer/Desktop/BlueDot_Perona_Vector_Project/outputs/vector_construction/persona_vectors/harmlessness_layer40.npy,/Users/manouchehrrimer/Desktop/BlueDot_Perona_Vector_Project/outputs/synthetic_projection/activations/synthetic_harmlessness_004_violated_layer40.npy
synthetic_harmlessness_004_violated,synthetic,harmlessness,fairness,40,-1548.7440185546875,mean_centered,/Users/manouchehrrimer/Desktop/BlueDot_Perona_Vector_Project/outputs/vector_construction/persona_vectors/fairness_layer40.npy,/Users/manouchehrrimer/Desktop/BlueDot_Perona_Vector_Project/outputs/synthetic_projection/activations/synthetic_harmlessness_004_violated_layer40.npy
synthetic_harmlessness_004_violated,synthetic,harmlessness,compassion,40,793.2337036132812,mean_centered,/Users/manouchehrrimer/Desktop/BlueDot_Perona_Vector_Project/outputs/vector_construction/persona_vectors/compassion_layer40.npy,/Users/manouchehrrimer/Desktop/BlueDot_Perona_Vector_Project/outputs/synthetic_projection/activations/synthetic_harmlessness_004_violated_layer40.npy
synthetic_harmlessness_004_violated,synthetic,harmlessness,honesty,47,-356.306396484375,mean_centered,/Users/manouchehrrimer/Desktop/BlueDot_Perona_Vector_Project/outputs/vector_construction/persona_vectors/honesty_layer47.npy,/Users/manouchehrrimer/Desktop/BlueDot_Perona_Vector_Project/outputs/synthetic_projection/activations/synthetic_harmlessness_004_violated_layer47.npy
synthetic_harmlessness_004_violated,synthetic,harmlessness,harmlessness,47,788.210693359375,mean_centered,/Users/manouchehrrimer/Desktop/BlueDot_Perona_Vector_Project/outputs/vector_construction/persona_vectors/harmlessness_layer47.npy,/Users/manouchehrrimer/Desktop/BlueDot_Perona_Vector_Project/outputs/synthetic_projection/activations/synthetic_harmlessness_004_violated_layer47.npy
synthetic_harmlessness_004_violated,synthetic,harmlessness,fairness,47,-904.150146484375,mean_centered,/Users/manouchehrrimer/Desktop/BlueDot_Perona_Vector_Project/outputs/vector_construction/persona_vectors/fairness_layer47.npy,/Users/manouchehrrimer/Desktop/BlueDot_Perona_Vector_Project/outputs/synthetic_projection/activations/synthetic_harmlessness_004_violated_layer47.npy
synthetic_harmlessness_004_violated,synthetic,harmlessness,compassion,47,1016.7178344726562,mean_centered,/Users/manouchehrrimer/Desktop/BlueDot_Perona_Vector_Project/outputs/vector_construction/persona_vectors/compassion_layer47.npy,/Users/manouchehrrimer/Desktop/BlueDot_Perona_Vector_Project/outputs/synthetic_projection/activations/synthetic_harmlessness_004_violated_layer47.npy
synthetic_harmlessness_005_upheld,synthetic,harmlessness,honesty,32,-927.8284912109375,mean_centered,/Users/manouchehrrimer/Desktop/BlueDot_Perona_Vector_Project/outputs/vector_construction/persona_vectors/honesty_layer32.npy,/Users/manouchehrrimer/Desktop/BlueDot_Perona_Vector_Project/outputs/synthetic_projection/activations/synthetic_harmlessness_005_upheld_layer32.npy
synthetic_harmlessness_005_upheld,synthetic,harmlessness,harmlessness,32,710.69091796875,mean_centered,/Users/manouchehrrimer/Desktop/BlueDot_Perona_Vector_Project/outputs/vector_construction/persona_vectors/harmlessness_layer32.npy,/Users/manouchehrrimer/Desktop/BlueDot_Perona_Vector_Project/outputs/synthetic_projection/activations/synthetic_harmlessness_005_upheld_layer32.npy
synthetic_harmlessness_005_upheld,synthetic,harmlessness,fairness,32,-383.16033935546875,mean_centered,/Users/manouchehrrimer/Desktop/BlueDot_Perona_Vector_Project/outputs/vector_construction/persona_vectors/fairness_layer32.npy,/Users/manouchehrrimer/Desktop/BlueDot_Perona_Vector_Project/outputs/synthetic_projection/activations/synthetic_harmlessness_005_upheld_layer32.npy
synthetic_harmlessness_005_upheld,synthetic,harmlessness,compassion,32,-615.449951171875,mean_centered,/Users/manouchehrrimer/Desktop/BlueDot_Perona_Vector_Project/outputs/vector_construction/persona_vectors/compassion_layer32.npy,/Users/manouchehrrimer/Desktop/BlueDot_Perona_Vector_Project/outputs/synthetic_projection/activations/synthetic_harmlessness_005_upheld_layer32.npy
synthetic_harmlessness_005_upheld,synthetic,harmlessness,honesty,40,-1940.8553466796875,mean_centered,/Users/manouchehrrimer/Desktop/BlueDot_Perona_Vector_Project/outputs/vector_construction/persona_vectors/honesty_layer40.npy,/Users/manouchehrrimer/Desktop/BlueDot_Perona_Vector_Project/outputs/synthetic_projection/activations/synthetic_harmlessness_005_upheld_layer40.npy
synthetic_harmlessness_005_upheld,synthetic,harmlessness,harmlessness,40,-94.90655517578125,mean_centered,/Users/manouchehrrimer/Desktop/BlueDot_Perona_Vector_Project/outputs/vector_construction/persona_vectors/harmlessness_layer40.npy,/Users/manouchehrrimer/Desktop/BlueDot_Perona_Vector_Project/outputs/synthetic_projection/activations/synthetic_harmlessness_005_upheld_layer40.npy
synthetic_harmlessness_005_upheld,synthetic,harmlessness,fairness,40,-843.868896484375,mean_centered,/Users/manouchehrrimer/Desktop/BlueDot_Perona_Vector_Project/outputs/vector_construction/persona_vectors/fairness_layer40.npy,/Users/manouchehrrimer/Desktop/BlueDot_Perona_Vector_Project/outputs/synthetic_projection/activations/synthetic_harmlessness_005_upheld_layer40.npy
synthetic_harmlessness_005_upheld,synthetic,harmlessness,compassion,40,-365.244384765625,mean_centered,/Users/manouchehrrimer/Desktop/BlueDot_Perona_Vector_Project/outputs/vector_construction/persona_vectors/compassion_layer40.npy,/Users/manouchehrrimer/Desktop/BlueDot_Perona_Vector_Project/outputs/synthetic_projection/activations/synthetic_harmlessness_005_upheld_layer40.npy
synthetic_harmlessness_005_upheld,synthetic,harmlessness,honesty,47,-1328.74609375,mean_centered,/Users/manouchehrrimer/Desktop/BlueDot_Perona_Vector_Project/outputs/vector_construction/persona_vectors/honesty_layer47.npy,/Users/manouchehrrimer/Desktop/BlueDot_Perona_Vector_Project/outputs/synthetic_projection/activations/synthetic_harmlessness_005_upheld_layer47.npy
synthetic_harmlessness_005_upheld,synthetic,harmlessness,harmlessness,47,-405.6383056640625,mean_centered,/Users/manouchehrrimer/Desktop/BlueDot_Perona_Vector_Project/outputs/vector_construction/persona_vectors/harmlessness_layer47.npy,/Users/manouchehrrimer/Desktop/BlueDot_Perona_Vector_Project/outputs/synthetic_projection/activations/synthetic_harmlessness_005_upheld_layer47.npy
synthetic_harmlessness_005_upheld,synthetic,harmlessness,fairness,47,403.090576171875,mean_centered,/Users/manouchehrrimer/Desktop/BlueDot_Perona_Vector_Project/outputs/vector_construction/persona_vectors/fairness_layer47.npy,/Users/manouchehrrimer/Desktop/BlueDot_Perona_Vector_Project/outputs/synthetic_projection/activations/synthetic_harmlessness_005_upheld_layer47.npy
synthetic_harmlessness_005_upheld,synthetic,harmlessness,compassion,47,-679.4862060546875,mean_centered,/Users/manouchehrrimer/Desktop/BlueDot_Perona_Vector_Project/outputs/vector_construction/persona_vectors/compassion_layer47.npy,/Users/manouchehrrimer/Desktop/BlueDot_Perona_Vector_Project/outputs/synthetic_projection/activations/synthetic_harmlessness_005_upheld_layer47.npy
synthetic_harmlessness_005_violated,synthetic,harmlessness,honesty,32,727.9081420898438,mean_centered,/Users/manouchehrrimer/Desktop/BlueDot_Perona_Vector_Project/outputs/vector_construction/persona_vectors/honesty_layer32.npy,/Users/manouchehrrimer/Desktop/BlueDot_Perona_Vector_Project/outputs/synthetic_projection/activations/synthetic_harmlessness_005_violated_layer32.npy
synthetic_harmlessness_005_violated,synthetic,harmlessness,harmlessness,32,19.890655517578125,mean_centered,/Users/manouchehrrimer/Desktop/BlueDot_Perona_Vector_Project/outputs/vector_construction/persona_vectors/harmlessness_layer32.npy,/Users/manouchehrrimer/Desktop/BlueDot_Perona_Vector_Project/outputs/synthetic_projection/activations/synthetic_harmlessness_005_violated_layer32.npy
synthetic_harmlessness_005_violated,synthetic,harmlessness,fairness,32,389.1304931640625,mean_centered,/Users/manouchehrrimer/Desktop/BlueDot_Perona_Vector_Project/outputs/vector_construction/persona_vectors/fairness_layer32.npy,/Users/manouchehrrimer/Desktop/BlueDot_Perona_Vector_Project/outputs/synthetic_projection/activations/synthetic_harmlessness_005_violated_layer32.npy
synthetic_harmlessness_005_violated,synthetic,harmlessness,compassion,32,755.7623291015625,mean_centered,/Users/manouchehrrimer/Desktop/BlueDot_Perona_Vector_Project/outputs/vector_construction/persona_vectors/compassion_layer32.npy,/Users/manouchehrrimer/Desktop/BlueDot_Perona_Vector_Project/outputs/synthetic_projection/activations/synthetic_harmlessness_005_violated_layer32.npy
synthetic_harmlessness_005_violated,synthetic,harmlessness,honesty,40,3218.84326171875,mean_centered,/Users/manouchehrrimer/Desktop/BlueDot_Perona_Vector_Project/outputs/vector_construction/persona_vectors/honesty_layer40.npy,/Users/manouchehrrimer/Desktop/BlueDot_Perona_Vector_Project/outputs/synthetic_projection/activations/synthetic_harmlessness_005_violated_layer40.npy
synthetic_harmlessness_005_violated,synthetic,harmlessness,harmlessness,40,1061.1165771484375,mean_centered,/Users/manouchehrrimer/Desktop/BlueDot_Perona_Vector_Project/outputs/vector_construction/persona_vectors/harmlessness_layer40.npy,/Users/manouchehrrimer/Desktop/BlueDot_Perona_Vector_Project/outputs/synthetic_projection/activations/synthetic_harmlessness_005_violated_layer40.npy
synthetic_harmlessness_005_violated,synthetic,harmlessness,fairness,40,1925.5517578125,mean_centered,/Users/manouchehrrimer/Desktop/BlueDot_Perona_Vector_Project/outputs/vector_construction/persona_vectors/fairness_layer40.npy,/Users/manouchehrrimer/Desktop/BlueDot_Perona_Vector_Project/outputs/synthetic_projection/activations/synthetic_harmlessness_005_violated_layer40.npy
synthetic_harmlessness_005_violated,synthetic,harmlessness,compassion,40,767.6885986328125,mean_centered,/Users/manouchehrrimer/Desktop/BlueDot_Perona_Vector_Project/outputs/vector_construction/persona_vectors/compassion_layer40.npy,/Users/manouchehrrimer/Desktop/BlueDot_Perona_Vector_Project/outputs/synthetic_projection/activations/synthetic_harmlessness_005_violated_layer40.npy
synthetic_harmlessness_005_violated,synthetic,harmlessness,honesty,47,1708.7103271484375,mean_centered,/Users/manouchehrrimer/Desktop/BlueDot_Perona_Vector_Project/outputs/vector_construction/persona_vectors/honesty_layer47.npy,/Users/manouchehrrimer/Desktop/BlueDot_Perona_Vector_Project/outputs/synthetic_projection/activations/synthetic_harmlessness_005_violated_layer47.npy
synthetic_harmlessness_005_violated,synthetic,harmlessness,harmlessness,47,1973.746826171875,mean_centered,/Users/manouchehrrimer/Desktop/BlueDot_Perona_Vector_Project/outputs/vector_construction/persona_vectors/harmlessness_layer47.npy,/Users/manouchehrrimer/Desktop/BlueDot_Perona_Vector_Project/outputs/synthetic_projection/activations/synthetic_harmlessness_005_violated_layer47.npy
synthetic_harmlessness_005_violated,synthetic,harmlessness,fairness,47,-730.5012817382812,mean_centered,/Users/manouchehrrimer/Desktop/BlueDot_Perona_Vector_Project/outputs/vector_construction/persona_vectors/fairness_layer47.npy,/Users/manouchehrrimer/Desktop/BlueDot_Perona_Vector_Project/outputs/synthetic_projection/activations/synthetic_harmlessness_005_violated_layer47.npy
synthetic_harmlessness_005_violated,synthetic,harmlessness,compassion,47,982.9927978515625,mean_centered,/Users/manouchehrrimer/Desktop/BlueDot_Perona_Vector_Project/outputs/vector_construction/persona_vectors/compassion_layer47.npy,/Users/manouchehrrimer/Desktop/BlueDot_Perona_Vector_Project/outputs/synthetic_projection/activations/synthetic_harmlessness_005_violated_layer47.npy
synthetic_harmlessness_006_upheld,synthetic,harmlessness,honesty,32,-353.9525451660156,mean_centered,/Users/manouchehrrimer/Desktop/BlueDot_Perona_Vector_Project/outputs/vector_construction/persona_vectors/honesty_layer32.npy,/Users/manouchehrrimer/Desktop/BlueDot_Perona_Vector_Project/outputs/synthetic_projection/activations/synthetic_harmlessness_006_upheld_layer32.npy
synthetic_harmlessness_006_upheld,synthetic,harmlessness,harmlessness,32,73.93138885498047,mean_centered,/Users/manouchehrrimer/Desktop/BlueDot_Perona_Vector_Project/outputs/vector_construction/persona_vectors/harmlessness_layer32.npy,/Users/manouchehrrimer/Desktop/BlueDot_Perona_Vector_Project/outputs/synthetic_projection/activations/synthetic_harmlessness_006_upheld_layer32.npy
synthetic_harmlessness_006_upheld,synthetic,harmlessness,fairness,32,-60.92826843261719,mean_centered,/Users/manouchehrrimer/Desktop/BlueDot_Perona_Vector_Project/outputs/vector_construction/persona_vectors/fairness_layer32.npy,/Users/manouchehrrimer/Desktop/BlueDot_Perona_Vector_Project/outputs/synthetic_projection/activations/synthetic_harmlessness_006_upheld_layer32.npy
synthetic_harmlessness_006_upheld,synthetic,harmlessness,compassion,32,-418.37872314453125,mean_centered,/Users/manouchehrrimer/Desktop/BlueDot_Perona_Vector_Project/outputs/vector_construction/persona_vectors/compassion_layer32.npy,/Users/manouchehrrimer/Desktop/BlueDot_Perona_Vector_Project/outputs/synthetic_projection/activations/synthetic_harmlessness_006_upheld_layer32.npy
synthetic_harmlessness_006_upheld,synthetic,harmlessness,honesty,40,-240.41058349609375,mean_centered,/Users/manouchehrrimer/Desktop/BlueDot_Perona_Vector_Project/outputs/vector_construction/persona_vectors/honesty_layer40.npy,/Users/manouchehrrimer/Desktop/BlueDot_Perona_Vector_Project/outputs/synthetic_projection/activations/synthetic_harmlessness_006_upheld_layer40.npy
synthetic_harmlessness_006_upheld,synthetic,harmlessness,harmlessness,40,-580.2880249023438,mean_centered,/Users/manouchehrrimer/Desktop/BlueDot_Perona_Vector_Project/outputs/vector_construction/persona_vectors/harmlessness_layer40.npy,/Users/manouchehrrimer/Desktop/BlueDot_Perona_Vector_Project/outputs/synthetic_projection/activations/synthetic_harmlessness_006_upheld_layer40.npy
synthetic_harmlessness_006_upheld,synthetic,harmlessness,fairness,40,333.64801025390625,mean_centered,/Users/manouchehrrimer/Desktop/BlueDot_Perona_Vector_Project/outputs/vector_construction/persona_vectors/fairness_layer40.npy,/Users/manouchehrrimer/Desktop/BlueDot_Perona_Vector_Project/outputs/synthetic_projection/activations/synthetic_harmlessness_006_upheld_layer40.npy
synthetic_harmlessness_006_upheld,synthetic,harmlessness,compassion,40,-342.0237731933594,mean_centered,/Users/manouchehrrimer/Desktop/BlueDot_Perona_Vector_Project/outputs/vector_construction/persona_vectors/compassion_layer40.npy,/Users/manouchehrrimer/Desktop/BlueDot_Perona_Vector_Project/outputs/synthetic_projection/activations/synthetic_harmlessness_006_upheld_layer40.npy
synthetic_harmlessness_006_upheld,synthetic,harmlessness,honesty,47,141.40040588378906,mean_centered,/Users/manouchehrrimer/Desktop/BlueDot_Perona_Vector_Project/outputs/vector_construction/persona_vectors/honesty_layer47.npy,/Users/manouchehrrimer/Desktop/BlueDot_Perona_Vector_Project/outputs/synthetic_projection/activations/synthetic_harmlessness_006_upheld_layer47.npy
synthetic_harmlessness_006_upheld,synthetic,harmlessness,harmlessness,47,30.300018310546875,mean_centered,/Users/manouchehrrimer/Desktop/BlueDot_Perona_Vector_Project/outputs/vector_construction/persona_vectors/harmlessness_layer47.npy,/Users/manouchehrrimer/Desktop/BlueDot_Perona_Vector_Project/outputs/synthetic_projection/activations/synthetic_harmlessness_006_upheld_layer47.npy
synthetic_harmlessness_006_upheld,synthetic,harmlessness,fairness,47,431.10858154296875,mean_centered,/Users/manouchehrrimer/Desktop/BlueDot_Perona_Vector_Project/outputs/vector_construction/persona_vectors/fairness_layer47.npy,/Users/manouchehrrimer/Desktop/BlueDot_Perona_Vector_Project/outputs/synthetic_projection/activations/synthetic_harmlessness_006_upheld_layer47.npy
synthetic_harmlessness_006_upheld,synthetic,harmlessness,compassion,47,-199.4417266845703,mean_centered,/Users/manouchehrrimer/Desktop/BlueDot_Perona_Vector_Project/outputs/vector_construction/persona_vectors/compassion_layer47.npy,/Users/manouchehrrimer/Desktop/BlueDot_Perona_Vector_Project/outputs/synthetic_projection/activations/synthetic_harmlessness_006_upheld_layer47.npy
synthetic_harmlessness_006_violated,synthetic,harmlessness,honesty,32,482.4992980957031,mean_centered,/Users/manouchehrrimer/Desktop/BlueDot_Perona_Vector_Project/outputs/vector_construction/persona_vectors/honesty_layer32.npy,/Users/manouchehrrimer/Desktop/BlueDot_Perona_Vector_Project/outputs/synthetic_projection/activations/synthetic_harmlessness_006_violated_layer32.npy
synthetic_harmlessness_006_violated,synthetic,harmlessness,harmlessness,32,90.5746078491211,mean_centered,/Users/manouchehrrimer/Desktop/BlueDot_Perona_Vector_Project/outputs/vector_construction/persona_vectors/harmlessness_layer32.npy,/Users/manouchehrrimer/Desktop/BlueDot_Perona_Vector_Project/outputs/synthetic_projection/activations/synthetic_harmlessness_006_violated_layer32.npy
synthetic_harmlessness_006_violated,synthetic,harmlessness,fairness,32,-71.67549896240234,mean_centered,/Users/manouchehrrimer/Desktop/BlueDot_Perona_Vector_Project/outputs/vector_construction/persona_vectors/fairness_layer32.npy,/Users/manouchehrrimer/Desktop/BlueDot_Perona_Vector_Project/outputs/synthetic_projection/activations/synthetic_harmlessness_006_violated_layer32.npy
synthetic_harmlessness_006_violated,synthetic,harmlessness,compassion,32,106.68668365478516,mean_centered,/Users/manouchehrrimer/Desktop/BlueDot_Perona_Vector_Project/outputs/vector_construction/persona_vectors/compassion_layer32.npy,/Users/manouchehrrimer/Desktop/BlueDot_Perona_Vector_Project/outputs/synthetic_projection/activations/synthetic_harmlessness_006_violated_layer32.npy
synthetic_harmlessness_006_violated,synthetic,harmlessness,honesty,40,1905.412109375,mean_centered,/Users/manouchehrrimer/Desktop/BlueDot_Perona_Vector_Project/outputs/vector_construction/persona_vectors/honesty_layer40.npy,/Users/manouchehrrimer/Desktop/BlueDot_Perona_Vector_Project/outputs/synthetic_projection/activations/synthetic_harmlessness_006_violated_layer40.npy
synthetic_harmlessness_006_violated,synthetic,harmlessness,harmlessness,40,590.489501953125,mean_centered,/Users/manouchehrrimer/Desktop/BlueDot_Perona_Vector_Project/outputs/vector_construction/persona_vectors/harmlessness_layer40.npy,/Users/manouchehrrimer/Desktop/BlueDot_Perona_Vector_Project/outputs/synthetic_projection/activations/synthetic_harmlessness_006_violated_layer40.npy
synthetic_harmlessness_006_violated,synthetic,harmlessness,fairness,40,965.7796630859375,mean_centered,/Users/manouchehrrimer/Desktop/BlueDot_Perona_Vector_Project/outputs/vector_construction/persona_vectors/fairness_layer40.npy,/Users/manouchehrrimer/Desktop/BlueDot_Perona_Vector_Project/outputs/synthetic_projection/activations/synthetic_harmlessness_006_violated_layer40.npy
synthetic_harmlessness_006_violated,synthetic,harmlessness,compassion,40,86.37910461425781,mean_centered,/Users/manouchehrrimer/Desktop/BlueDot_Perona_Vector_Project/outputs/vector_construction/persona_vectors/compassion_layer40.npy,/Users/manouchehrrimer/Desktop/BlueDot_Perona_Vector_Project/outputs/synthetic_projection/activations/synthetic_harmlessness_006_violated_layer40.npy
synthetic_harmlessness_006_violated,synthetic,harmlessness,honesty,47,1612.5556640625,mean_centered,/Users/manouchehrrimer/Desktop/BlueDot_Perona_Vector_Project/outputs/vector_construction/persona_vectors/honesty_layer47.npy,/Users/manouchehrrimer/Desktop/BlueDot_Perona_Vector_Project/outputs/synthetic_projection/activations/synthetic_harmlessness_006_violated_layer47.npy
synthetic_harmlessness_006_violated,synthetic,harmlessness,harmlessness,47,1452.869140625,mean_centered,/Users/manouchehrrimer/Desktop/BlueDot_Perona_Vector_Project/outputs/vector_construction/persona_vectors/harmlessness_layer47.npy,/Users/manouchehrrimer/Desktop/BlueDot_Perona_Vector_Project/outputs/synthetic_projection/activations/synthetic_harmlessness_006_violated_layer47.npy
synthetic_harmlessness_006_violated,synthetic,harmlessness,fairness,47,179.4998779296875,mean_centered,/Users/manouchehrrimer/Desktop/BlueDot_Perona_Vector_Project/outputs/vector_construction/persona_vectors/fairness_layer47.npy,/Users/manouchehrrimer/Desktop/BlueDot_Perona_Vector_Project/outputs/synthetic_projection/activations/synthetic_harmlessness_006_violated_layer47.npy
synthetic_harmlessness_006_violated,synthetic,harmlessness,compassion,47,543.5369873046875,mean_centered,/Users/manouchehrrimer/Desktop/BlueDot_Perona_Vector_Project/outputs/vector_construction/persona_vectors/compassion_layer47.npy,/Users/manouchehrrimer/Desktop/BlueDot_Perona_Vector_Project/outputs/synthetic_projection/activations/synthetic_harmlessness_006_violated_layer47.npy
synthetic_harmlessness_007_upheld,synthetic,harmlessness,honesty,32,-824.6513671875,mean_centered,/Users/manouchehrrimer/Desktop/BlueDot_Perona_Vector_Project/outputs/vector_construction/persona_vectors/honesty_layer32.npy,/Users/manouchehrrimer/Desktop/BlueDot_Perona_Vector_Project/outputs/synthetic_projection/activations/synthetic_harmlessness_007_upheld_layer32.npy
synthetic_harmlessness_007_upheld,synthetic,harmlessness,harmlessness,32,553.6895751953125,mean_centered,/Users/manouchehrrimer/Desktop/BlueDot_Perona_Vector_Project/outputs/vector_construction/persona_vectors/harmlessness_layer32.npy,/Users/manouchehrrimer/Desktop/BlueDot_Perona_Vector_Project/outputs/synthetic_projection/activations/synthetic_harmlessness_007_upheld_layer32.npy
synthetic_harmlessness_007_upheld,synthetic,harmlessness,fairness,32,-342.888671875,mean_centered,/Users/manouchehrrimer/Desktop/BlueDot_Perona_Vector_Project/outputs/vector_construction/persona_vectors/fairness_layer32.npy,/Users/manouchehrrimer/Desktop/BlueDot_Perona_Vector_Project/outputs/synthetic_projection/activations/synthetic_harmlessness_007_upheld_layer32.npy
synthetic_harmlessness_007_upheld,synthetic,harmlessness,compassion,32,-381.2412414550781,mean_centered,/Users/manouchehrrimer/Desktop/BlueDot_Perona_Vector_Project/outputs/vector_construction/persona_vectors/compassion_layer32.npy,/Users/manouchehrrimer/Desktop/BlueDot_Perona_Vector_Project/outputs/synthetic_projection/activations/synthetic_harmlessness_007_upheld_layer32.npy
synthetic_harmlessness_007_upheld,synthetic,harmlessness,honesty,40,-1910.2813720703125,mean_centered,/Users/manouchehrrimer/Desktop/BlueDot_Perona_Vector_Project/outputs/vector_construction/persona_vectors/honesty_layer40.npy,/Users/manouchehrrimer/Desktop/BlueDot_Perona_Vector_Project/outputs/synthetic_projection/activations/synthetic_harmlessness_007_upheld_layer40.npy
synthetic_harmlessness_007_upheld,synthetic,harmlessness,harmlessness,40,74.19377899169922,mean_centered,/Users/manouchehrrimer/Desktop/BlueDot_Perona_Vector_Project/outputs/vector_construction/persona_vectors/harmlessness_layer40.npy,/Users/manouchehrrimer/Desktop/BlueDot_Perona_Vector_Project/outputs/synthetic_projection/activations/synthetic_harmlessness_007_upheld_layer40.npy
synthetic_harmlessness_007_upheld,synthetic,harmlessness,fairness,40,-1048.0635986328125,mean_centered,/Users/manouchehrrimer/Desktop/BlueDot_Perona_Vector_Project/outputs/vector_construction/persona_vectors/fairness_layer40.npy,/Users/manouchehrrimer/Desktop/BlueDot_Perona_Vector_Project/outputs/synthetic_projection/activations/synthetic_harmlessness_007_upheld_layer40.npy
synthetic_harmlessness_007_upheld,synthetic,harmlessness,compassion,40,-133.92648315429688,mean_centered,/Users/manouchehrrimer/Desktop/BlueDot_Perona_Vector_Project/outputs/vector_construction/persona_vectors/compassion_layer40.npy,/Users/manouchehrrimer/Desktop/BlueDot_Perona_Vector_Project/outputs/synthetic_projection/activations/synthetic_harmlessness_007_upheld_layer40.npy
synthetic_harmlessness_007_upheld,synthetic,harmlessness,honesty,47,-2244.6259765625,mean_centered,/Users/manouchehrrimer/Desktop/BlueDot_Perona_Vector_Project/outputs/vector_construction/persona_vectors/honesty_layer47.npy,/Users/manouchehrrimer/Desktop/BlueDot_Perona_Vector_Project/outputs/synthetic_projection/activations/synthetic_harmlessness_007_upheld_layer47.npy
synthetic_harmlessness_007_upheld,synthetic,harmlessness,harmlessness,47,-1905.48388671875,mean_centered,/Users/manouchehrrimer/Desktop/BlueDot_Perona_Vector_Project/outputs/vector_construction/persona_vectors/harmlessness_layer47.npy,/Users/manouchehrrimer/Desktop/BlueDot_Perona_Vector_Project/outputs/synthetic_projection/activations/synthetic_harmlessness_007_upheld_layer47.npy
synthetic_harmlessness_007_upheld,synthetic,harmlessness,fairness,47,-371.44622802734375,mean_centered,/Users/manouchehrrimer/Desktop/BlueDot_Perona_Vector_Project/outputs/vector_construction/persona_vectors/fairness_layer47.npy,/Users/manouchehrrimer/Desktop/BlueDot_Perona_Vector_Project/outputs/synthetic_projection/activations/synthetic_harmlessness_007_upheld_layer47.npy
synthetic_harmlessness_007_upheld,synthetic,harmlessness,compassion,47,-1218.54541015625,mean_centered,/Users/manouchehrrimer/Desktop/BlueDot_Perona_Vector_Project/outputs/vector_construction/persona_vectors/compassion_layer47.npy,/Users/manouchehrrimer/Desktop/BlueDot_Perona_Vector_Project/outputs/synthetic_projection/activations/synthetic_harmlessness_007_upheld_layer47.npy
synthetic_harmlessness_007_violated,synthetic,harmlessness,honesty,32,641.015625,mean_centered,/Users/manouchehrrimer/Desktop/BlueDot_Perona_Vector_Project/outputs/vector_construction/persona_vectors/honesty_layer32.npy,/Users/manouchehrrimer/Desktop/BlueDot_Perona_Vector_Project/outputs/synthetic_projection/activations/synthetic_harmlessness_007_violated_layer32.npy
synthetic_harmlessness_007_violated,synthetic,harmlessness,harmlessness,32,-63.77821350097656,mean_centered,/Users/manouchehrrimer/Desktop/BlueDot_Perona_Vector_Project/outputs/vector_construction/persona_vectors/harmlessness_layer32.npy,/Users/manouchehrrimer/Desktop/BlueDot_Perona_Vector_Project/outputs/synthetic_projection/activations/synthetic_harmlessness_007_violated_layer32.npy
synthetic_harmlessness_007_violated,synthetic,harmlessness,fairness,32,80.01666259765625,mean_centered,/Users/manouchehrrimer/Desktop/BlueDot_Perona_Vector_Project/outputs/vector_construction/persona_vectors/fairness_layer32.npy,/Users/manouchehrrimer/Desktop/BlueDot_Perona_Vector_Project/outputs/synthetic_projection/activations/synthetic_harmlessness_007_violated_layer32.npy
synthetic_harmlessness_007_violated,synthetic,harmlessness,compassion,32,237.63584899902344,mean_centered,/Users/manouchehrrimer/Desktop/BlueDot_Perona_Vector_Project/outputs/vector_construction/persona_vectors/compassion_layer32.npy,/Users/manouchehrrimer/Desktop/BlueDot_Perona_Vector_Project/outputs/synthetic_projection/activations/synthetic_harmlessness_007_violated_layer32.npy
synthetic_harmlessness_007_violated,synthetic,harmlessness,honesty,40,1012.41943359375,mean_centered,/Users/manouchehrrimer/Desktop/BlueDot_Perona_Vector_Project/outputs/vector_construction/persona_vectors/honesty_layer40.npy,/Users/manouchehrrimer/Desktop/BlueDot_Perona_Vector_Project/outputs/synthetic_projection/activations/synthetic_harmlessness_007_violated_layer40.npy
synthetic_harmlessness_007_violated,synthetic,harmlessness,harmlessness,40,613.821044921875,mean_centered,/Users/manouchehrrimer/Desktop/BlueDot_Perona_Vector_Project/outputs/vector_construction/persona_vectors/harmlessness_layer40.npy,/Users/manouchehrrimer/Desktop/BlueDot_Perona_Vector_Project/outputs/synthetic_projection/activations/synthetic_harmlessness_007_violated_layer40.npy
synthetic_harmlessness_007_violated,synthetic,harmlessness,fairness,40,337.2196350097656,mean_centered,/Users/manouchehrrimer/Desktop/BlueDot_Perona_Vector_Project/outputs/vector_construction/persona_vectors/fairness_layer40.npy,/Users/manouchehrrimer/Desktop/BlueDot_Perona_Vector_Project/outputs/synthetic_projection/activations/synthetic_harmlessness_007_violated_layer40.npy
synthetic_harmlessness_007_violated,synthetic,harmlessness,compassion,40,137.05368041992188,mean_centered,/Users/manouchehrrimer/Desktop/BlueDot_Perona_Vector_Project/outputs/vector_construction/persona_vectors/compassion_layer40.npy,/Users/manouchehrrimer/Desktop/BlueDot_Perona_Vector_Project/outputs/synthetic_projection/activations/synthetic_harmlessness_007_violated_layer40.npy
synthetic_harmlessness_007_violated,synthetic,harmlessness,honesty,47,2007.776611328125,mean_centered,/Users/manouchehrrimer/Desktop/BlueDot_Perona_Vector_Project/outputs/vector_construction/persona_vectors/honesty_layer47.npy,/Users/manouchehrrimer/Desktop/BlueDot_Perona_Vector_Project/outputs/synthetic_projection/activations/synthetic_harmlessness_007_violated_layer47.npy
synthetic_harmlessness_007_violated,synthetic,harmlessness,harmlessness,47,2276.73486328125,mean_centered,/Users/manouchehrrimer/Desktop/BlueDot_Perona_Vector_Project/outputs/vector_construction/persona_vectors/harmlessness_layer47.npy,/Users/manouchehrrimer/Desktop/BlueDot_Perona_Vector_Project/outputs/synthetic_projection/activations/synthetic_harmlessness_007_violated_layer47.npy
synthetic_harmlessness_007_violated,synthetic,harmlessness,fairness,47,417.04833984375,mean_centered,/Users/manouchehrrimer/Desktop/BlueDot_Perona_Vector_Project/outputs/vector_construction/persona_vectors/fairness_layer47.npy,/Users/manouchehrrimer/Desktop/BlueDot_Perona_Vector_Project/outputs/synthetic_projection/activations/synthetic_harmlessness_007_violated_layer47.npy
synthetic_harmlessness_007_violated,synthetic,harmlessness,compassion,47,1066.1973876953125,mean_centered,/Users/manouchehrrimer/Desktop/BlueDot_Perona_Vector_Project/outputs/vector_construction/persona_vectors/compassion_layer47.npy,/Users/manouchehrrimer/Desktop/BlueDot_Perona_Vector_Project/outputs/synthetic_projection/activations/synthetic_harmlessness_007_violated_layer47.npy
synthetic_harmlessness_008_upheld,synthetic,harmlessness,honesty,32,-1226.1075439453125,mean_centered,/Users/manouchehrrimer/Desktop/BlueDot_Perona_Vector_Project/outputs/vector_construction/persona_vectors/honesty_layer32.npy,/Users/manouchehrrimer/Desktop/BlueDot_Perona_Vector_Project/outputs/synthetic_projection/activations/synthetic_harmlessness_008_upheld_layer32.npy
synthetic_harmlessness_008_upheld,synthetic,harmlessness,harmlessness,32,969.7515869140625,mean_centered,/Users/manouchehrrimer/Desktop/BlueDot_Perona_Vector_Project/outputs/vector_construction/persona_vectors/harmlessness_layer32.npy,/Users/manouchehrrimer/Desktop/BlueDot_Perona_Vector_Project/outputs/synthetic_projection/activations/synthetic_harmlessness_008_upheld_layer32.npy
synthetic_harmlessness_008_upheld,synthetic,harmlessness,fairness,32,-606.4710083007812,mean_centered,/Users/manouchehrrimer/Desktop/BlueDot_Perona_Vector_Project/outputs/vector_construction/persona_vectors/fairness_layer32.npy,/Users/manouchehrrimer/Desktop/BlueDot_Perona_Vector_Project/outputs/synthetic_projection/activations/synthetic_harmlessness_008_upheld_layer32.npy
synthetic_harmlessness_008_upheld,synthetic,harmlessness,compassion,32,-867.6377563476562,mean_centered,/Users/manouchehrrimer/Desktop/BlueDot_Perona_Vector_Project/outputs/vector_construction/persona_vectors/compassion_layer32.npy,/Users/manouchehrrimer/Desktop/BlueDot_Perona_Vector_Project/outputs/synthetic_projection/activations/synthetic_harmlessness_008_upheld_layer32.npy
synthetic_harmlessness_008_upheld,synthetic,harmlessness,honesty,40,-2024.094970703125,mean_centered,/Users/manouchehrrimer/Desktop/BlueDot_Perona_Vector_Project/outputs/vector_construction/persona_vectors/honesty_layer40.npy,/Users/manouchehrrimer/Desktop/BlueDot_Perona_Vector_Project/outputs/synthetic_projection/activations/synthetic_harmlessness_008_upheld_layer40.npy
synthetic_harmlessness_008_upheld,synthetic,harmlessness,harmlessness,40,-155.56060791015625,mean_centered,/Users/manouchehrrimer/Desktop/BlueDot_Perona_Vector_Project/outputs/vector_construction/persona_vectors/harmlessness_layer40.npy,/Users/manouchehrrimer/Desktop/BlueDot_Perona_Vector_Project/outputs/synthetic_projection/activations/synthetic_harmlessness_008_upheld_layer40.npy
synthetic_harmlessness_008_upheld,synthetic,harmlessness,fairness,40,-776.646484375,mean_centered,/Users/manouchehrrimer/Desktop/BlueDot_Perona_Vector_Project/outputs/vector_construction/persona_vectors/fairness_layer40.npy,/Users/manouchehrrimer/Desktop/BlueDot_Perona_Vector_Project/outputs/synthetic_projection/activations/synthetic_harmlessness_008_upheld_layer40.npy
synthetic_harmlessness_008_upheld,synthetic,harmlessness,compassion,40,-259.7028503417969,mean_centered,/Users/manouchehrrimer/Desktop/BlueDot_Perona_Vector_Project/outputs/vector_construction/persona_vectors/compassion_layer40.npy,/Users/manouchehrrimer/Desktop/BlueDot_Perona_Vector_Project/outputs/synthetic_projection/activations/synthetic_harmlessness_008_upheld_layer40.npy
synthetic_harmlessness_008_upheld,synthetic,harmlessness,honesty,47,-2166.56494140625,mean_centered,/Users/manouchehrrimer/Desktop/BlueDot_Perona_Vector_Project/outputs/vector_construction/persona_vectors/honesty_layer47.npy,/Users/manouchehrrimer/Desktop/BlueDot_Perona_Vector_Project/outputs/synthetic_projection/activations/synthetic_harmlessness_008_upheld_layer47.npy
synthetic_harmlessness_008_upheld,synthetic,harmlessness,harmlessness,47,-1551.3243408203125,mean_centered,/Users/manouchehrrimer/Desktop/BlueDot_Perona_Vector_Project/outputs/vector_construction/persona_vectors/harmlessness_layer47.npy,/Users/manouchehrrimer/Desktop/BlueDot_Perona_Vector_Project/outputs/synthetic_projection/activations/synthetic_harmlessness_008_upheld_layer47.npy
synthetic_harmlessness_008_upheld,synthetic,harmlessness,fairness,47,185.90982055664062,mean_centered,/Users/manouchehrrimer/Desktop/BlueDot_Perona_Vector_Project/outputs/vector_construction/persona_vectors/fairness_layer47.npy,/Users/manouchehrrimer/Desktop/BlueDot_Perona_Vector_Project/outputs/synthetic_projection/activations/synthetic_harmlessness_008_upheld_layer47.npy
synthetic_harmlessness_008_upheld,synthetic,harmlessness,compassion,47,-866.306396484375,mean_centered,/Users/manouchehrrimer/Desktop/BlueDot_Perona_Vector_Project/outputs/vector_construction/persona_vectors/compassion_layer47.npy,/Users/manouchehrrimer/Desktop/BlueDot_Perona_Vector_Project/outputs/synthetic_projection/activations/synthetic_harmlessness_008_upheld_layer47.npy
synthetic_harmlessness_008_violated,synthetic,harmlessness,honesty,32,-1038.502685546875,mean_centered,/Users/manouchehrrimer/Desktop/BlueDot_Perona_Vector_Project/outputs/vector_construction/persona_vectors/honesty_layer32.npy,/Users/manouchehrrimer/Desktop/BlueDot_Perona_Vector_Project/outputs/synthetic_projection/activations/synthetic_harmlessness_008_violated_layer32.npy
synthetic_harmlessness_008_violated,synthetic,harmlessness,harmlessness,32,2182.8359375,mean_centered,/Users/manouchehrrimer/Desktop/BlueDot_Perona_Vector_Project/outputs/vector_construction/persona_vectors/harmlessness_layer32.npy,/Users/manouchehrrimer/Desktop/BlueDot_Perona_Vector_Project/outputs/synthetic_projection/activations/synthetic_harmlessness_008_violated_layer32.npy
synthetic_harmlessness_008_violated,synthetic,harmlessness,fairness,32,-1653.909912109375,mean_centered,/Users/manouchehrrimer/Desktop/BlueDot_Perona_Vector_Project/outputs/vector_construction/persona_vectors/fairness_layer32.npy,/Users/manouchehrrimer/Desktop/BlueDot_Perona_Vector_Project/outputs/synthetic_projection/activations/synthetic_harmlessness_008_violated_layer32.npy
synthetic_harmlessness_008_violated,synthetic,harmlessness,compassion,32,-841.8863525390625,mean_centered,/Users/manouchehrrimer/Desktop/BlueDot_Perona_Vector_Project/outputs/vector_construction/persona_vectors/compassion_layer32.npy,/Users/manouchehrrimer/Desktop/BlueDot_Perona_Vector_Project/outputs/synthetic_projection/activations/synthetic_harmlessness_008_violated_layer32.npy
synthetic_harmlessness_008_violated,synthetic,harmlessness,honesty,40,-1621.1435546875,mean_centered,/Users/manouchehrrimer/Desktop/BlueDot_Perona_Vector_Project/outputs/vector_construction/persona_vectors/honesty_layer40.npy,/Users/manouchehrrimer/Desktop/BlueDot_Perona_Vector_Project/outputs/synthetic_projection/activations/synthetic_harmlessness_008_violated_layer40.npy
synthetic_harmlessness_008_violated,synthetic,harmlessness,harmlessness,40,1020.34326171875,mean_centered,/Users/manouchehrrimer/Desktop/BlueDot_Perona_Vector_Project/outputs/vector_construction/persona_vectors/harmlessness_layer40.npy,/Users/manouchehrrimer/Desktop/BlueDot_Perona_Vector_Project/outputs/synthetic_projection/activations/synthetic_harmlessness_008_violated_layer40.npy
synthetic_harmlessness_008_violated,synthetic,harmlessness,fairness,40,-1599.570556640625,mean_centered,/Users/manouchehrrimer/Desktop/BlueDot_Perona_Vector_Project/outputs/vector_construction/persona_vectors/fairness_layer40.npy,/Users/manouchehrrimer/Desktop/BlueDot_Perona_Vector_Project/outputs/synthetic_projection/activations/synthetic_harmlessness_008_violated_layer40.npy
synthetic_harmlessness_008_violated,synthetic,harmlessness,compassion,40,407.7337646484375,mean_centered,/Users/manouchehrrimer/Desktop/BlueDot_Perona_Vector_Project/outputs/vector_construction/persona_vectors/compassion_layer40.npy,/Users/manouchehrrimer/Desktop/BlueDot_Perona_Vector_Project/outputs/synthetic_projection/activations/synthetic_harmlessness_008_violated_layer40.npy
synthetic_harmlessness_008_violated,synthetic,harmlessness,honesty,47,-1248.8394775390625,mean_centered,/Users/manouchehrrimer/Desktop/BlueDot_Perona_Vector_Project/outputs/vector_construction/persona_vectors/honesty_layer47.npy,/Users/manouchehrrimer/Desktop/BlueDot_Perona_Vector_Project/outputs/synthetic_projection/activations/synthetic_harmlessness_008_violated_layer47.npy
synthetic_harmlessness_008_violated,synthetic,harmlessness,harmlessness,47,-622.6832275390625,mean_centered,/Users/manouchehrrimer/Desktop/BlueDot_Perona_Vector_Project/outputs/vector_construction/persona_vectors/harmlessness_layer47.npy,/Users/manouchehrrimer/Desktop/BlueDot_Perona_Vector_Project/outputs/synthetic_projection/activations/synthetic_harmlessness_008_violated_layer47.npy
synthetic_harmlessness_008_violated,synthetic,harmlessness,fairness,47,-879.3272705078125,mean_centered,/Users/manouchehrrimer/Desktop/BlueDot_Perona_Vector_Project/outputs/vector_construction/persona_vectors/fairness_layer47.npy,/Users/manouchehrrimer/Desktop/BlueDot_Perona_Vector_Project/outputs/synthetic_projection/activations/synthetic_harmlessness_008_violated_layer47.npy
synthetic_harmlessness_008_violated,synthetic,harmlessness,compassion,47,-235.0861053466797,mean_centered,/Users/manouchehrrimer/Desktop/BlueDot_Perona_Vector_Project/outputs/vector_construction/persona_vectors/compassion_layer47.npy,/Users/manouchehrrimer/Desktop/BlueDot_Perona_Vector_Project/outputs/synthetic_projection/activations/synthetic_harmlessness_008_violated_layer47.npy
synthetic_harmlessness_009_upheld,synthetic,harmlessness,honesty,32,-470.68927001953125,mean_centered,/Users/manouchehrrimer/Desktop/BlueDot_Perona_Vector_Project/outputs/vector_construction/persona_vectors/honesty_layer32.npy,/Users/manouchehrrimer/Desktop/BlueDot_Perona_Vector_Project/outputs/synthetic_projection/activations/synthetic_harmlessness_009_upheld_layer32.npy
synthetic_harmlessness_009_upheld,synthetic,harmlessness,harmlessness,32,-16.729076385498047,mean_centered,/Users/manouchehrrimer/Desktop/BlueDot_Perona_Vector_Project/outputs/vector_construction/persona_vectors/harmlessness_layer32.npy,/Users/manouchehrrimer/Desktop/BlueDot_Perona_Vector_Project/outputs/synthetic_projection/activations/synthetic_harmlessness_009_upheld_layer32.npy
synthetic_harmlessness_009_upheld,synthetic,harmlessness,fairness,32,-195.0968017578125,mean_centered,/Users/manouchehrrimer/Desktop/BlueDot_Perona_Vector_Project/outputs/vector_construction/persona_vectors/fairness_layer32.npy,/Users/manouchehrrimer/Desktop/BlueDot_Perona_Vector_Project/outputs/synthetic_projection/activations/synthetic_harmlessness_009_upheld_layer32.npy
synthetic_harmlessness_009_upheld,synthetic,harmlessness,compassion,32,-90.86311340332031,mean_centered,/Users/manouchehrrimer/Desktop/BlueDot_Perona_Vector_Project/outputs/vector_construction/persona_vectors/compassion_layer32.npy,/Users/manouchehrrimer/Desktop/BlueDot_Perona_Vector_Project/outputs/synthetic_projection/activations/synthetic_harmlessness_009_upheld_layer32.npy
synthetic_harmlessness_009_upheld,synthetic,harmlessness,honesty,40,-784.6585083007812,mean_centered,/Users/manouchehrrimer/Desktop/BlueDot_Perona_Vector_Project/outputs/vector_construction/persona_vectors/honesty_layer40.npy,/Users/manouchehrrimer/Desktop/BlueDot_Perona_Vector_Project/outputs/synthetic_projection/activations/synthetic_harmlessness_009_upheld_layer40.npy
synthetic_harmlessness_009_upheld,synthetic,harmlessness,harmlessness,40,-297.18359375,mean_centered,/Users/manouchehrrimer/Desktop/BlueDot_Perona_Vector_Project/outputs/vector_construction/persona_vectors/harmlessness_layer40.npy,/Users/manouchehrrimer/Desktop/BlueDot_Perona_Vector_Project/outputs/synthetic_projection/activations/synthetic_harmlessness_009_upheld_layer40.npy
synthetic_harmlessness_009_upheld,synthetic,harmlessness,fairness,40,-240.7384490966797,mean_centered,/Users/manouchehrrimer/Desktop/BlueDot_Perona_Vector_Project/outputs/vector_construction/persona_vectors/fairness_layer40.npy,/Users/manouchehrrimer/Desktop/BlueDot_Perona_Vector_Project/outputs/synthetic_projection/activations/synthetic_harmlessness_009_upheld_layer40.npy
synthetic_harmlessness_009_upheld,synthetic,harmlessness,compassion,40,-194.38473510742188,mean_centered,/Users/manouchehrrimer/Desktop/BlueDot_Perona_Vector_Project/outputs/vector_construction/persona_vectors/compassion_layer40.npy,/Users/manouchehrrimer/Desktop/BlueDot_Perona_Vector_Project/outputs/synthetic_projection/activations/synthetic_harmlessness_009_upheld_layer40.npy
synthetic_harmlessness_009_upheld,synthetic,harmlessness,honesty,47,1930.4769287109375,mean_centered,/Users/manouchehrrimer/Desktop/BlueDot_Perona_Vector_Project/outputs/vector_construction/persona_vectors/honesty_layer47.npy,/Users/manouchehrrimer/Desktop/BlueDot_Perona_Vector_Project/outputs/synthetic_projection/activations/synthetic_harmlessness_009_upheld_layer47.npy
synthetic_harmlessness_009_upheld,synthetic,harmlessness,harmlessness,47,3183.6748046875,mean_centered,/Users/manouchehrrimer/Desktop/BlueDot_Perona_Vector_Project/outputs/vector_construction/persona_vectors/harmlessness_layer47.npy,/Users/manouchehrrimer/Desktop/BlueDot_Perona_Vector_Project/outputs/synthetic_projection/activations/synthetic_harmlessness_009_upheld_layer47.npy
synthetic_harmlessness_009_upheld,synthetic,harmlessness,fairness,47,1225.9818115234375,mean_centered,/Users/manouchehrrimer/Desktop/BlueDot_Perona_Vector_Project/outputs/vector_construction/persona_vectors/fairness_layer47.npy,/Users/manouchehrrimer/Desktop/BlueDot_Perona_Vector_Project/outputs/synthetic_projection/activations/synthetic_harmlessness_009_upheld_layer47.npy
synthetic_harmlessness_009_upheld,synthetic,harmlessness,compassion,47,1573.75390625,mean_centered,/Users/manouchehrrimer/Desktop/BlueDot_Perona_Vector_Project/outputs/vector_construction/persona_vectors/compassion_layer47.npy,/Users/manouchehrrimer/Desktop/BlueDot_Perona_Vector_Project/outputs/synthetic_projection/activations/synthetic_harmlessness_009_upheld_layer47.npy
synthetic_harmlessness_009_violated,synthetic,harmlessness,honesty,32,169.52886962890625,mean_centered,/Users/manouchehrrimer/Desktop/BlueDot_Perona_Vector_Project/outputs/vector_construction/persona_vectors/honesty_layer32.npy,/Users/manouchehrrimer/Desktop/BlueDot_Perona_Vector_Project/outputs/synthetic_projection/activations/synthetic_harmlessness_009_violated_layer32.npy
synthetic_harmlessness_009_violated,synthetic,harmlessness,harmlessness,32,49.757598876953125,mean_centered,/Users/manouchehrrimer/Desktop/BlueDot_Perona_Vector_Project/outputs/vector_construction/persona_vectors/harmlessness_layer32.npy,/Users/manouchehrrimer/Desktop/BlueDot_Perona_Vector_Project/outputs/synthetic_projection/activations/synthetic_harmlessness_009_violated_layer32.npy
synthetic_harmlessness_009_violated,synthetic,harmlessness,fairness,32,-298.6824951171875,mean_centered,/Users/manouchehrrimer/Desktop/BlueDot_Perona_Vector_Project/outputs/vector_construction/persona_vectors/fairness_layer32.npy,/Users/manouchehrrimer/Desktop/BlueDot_Perona_Vector_Project/outputs/synthetic_projection/activations/synthetic_harmlessness_009_violated_layer32.npy
synthetic_harmlessness_009_violated,synthetic,harmlessness,compassion,32,124.17268371582031,mean_centered,/Users/manouchehrrimer/Desktop/BlueDot_Perona_Vector_Project/outputs/vector_construction/persona_vectors/compassion_layer32.npy,/Users/manouchehrrimer/Desktop/BlueDot_Perona_Vector_Project/outputs/synthetic_projection/activations/synthetic_harmlessness_009_violated_layer32.npy
synthetic_harmlessness_009_violated,synthetic,harmlessness,honesty,40,34.300384521484375,mean_centered,/Users/manouchehrrimer/Desktop/BlueDot_Perona_Vector_Project/outputs/vector_construction/persona_vectors/honesty_layer40.npy,/Users/manouchehrrimer/Desktop/BlueDot_Perona_Vector_Project/outputs/synthetic_projection/activations/synthetic_harmlessness_009_violated_layer40.npy
synthetic_harmlessness_009_violated,synthetic,harmlessness,harmlessness,40,190.3026580810547,mean_centered,/Users/manouchehrrimer/Desktop/BlueDot_Perona_Vector_Project/outputs/vector_construction/persona_vectors/harmlessness_layer40.npy,/Users/manouchehrrimer/Desktop/BlueDot_Perona_Vector_Project/outputs/synthetic_projection/activations/synthetic_harmlessness_009_violated_layer40.npy
synthetic_harmlessness_009_violated,synthetic,harmlessness,fairness,40,-318.0429382324219,mean_centered,/Users/manouchehrrimer/Desktop/BlueDot_Perona_Vector_Project/outputs/vector_construction/persona_vectors/fairness_layer40.npy,/Users/manouchehrrimer/Desktop/BlueDot_Perona_Vector_Project/outputs/synthetic_projection/activations/synthetic_harmlessness_009_violated_layer40.npy
synthetic_harmlessness_009_violated,synthetic,harmlessness,compassion,40,199.65692138671875,mean_centered,/Users/manouchehrrimer/Desktop/BlueDot_Perona_Vector_Project/outputs/vector_construction/persona_vectors/compassion_layer40.npy,/Users/manouchehrrimer/Desktop/BlueDot_Perona_Vector_Project/outputs/synthetic_projection/activations/synthetic_harmlessness_009_violated_layer40.npy
synthetic_harmlessness_009_violated,synthetic,harmlessness,honesty,47,739.2000732421875,mean_centered,/Users/manouchehrrimer/Desktop/BlueDot_Perona_Vector_Project/outputs/vector_construction/persona_vectors/honesty_layer47.npy,/Users/manouchehrrimer/Desktop/BlueDot_Perona_Vector_Project/outputs/synthetic_projection/activations/synthetic_harmlessness_009_violated_layer47.npy
synthetic_harmlessness_009_violated,synthetic,harmlessness,harmlessness,47,1270.819580078125,mean_centered,/Users/manouchehrrimer/Desktop/BlueDot_Perona_Vector_Project/outputs/vector_construction/persona_vectors/harmlessness_layer47.npy,/Users/manouchehrrimer/Desktop/BlueDot_Perona_Vector_Project/outputs/synthetic_projection/activations/synthetic_harmlessness_009_violated_layer47.npy
synthetic_harmlessness_009_violated,synthetic,harmlessness,fairness,47,-426.8095703125,mean_centered,/Users/manouchehrrimer/Desktop/BlueDot_Perona_Vector_Project/outputs/vector_construction/persona_vectors/fairness_layer47.npy,/Users/manouchehrrimer/Desktop/BlueDot_Perona_Vector_Project/outputs/synthetic_projection/activations/synthetic_harmlessness_009_violated_layer47.npy
synthetic_harmlessness_009_violated,synthetic,harmlessness,compassion,47,842.1196899414062,mean_centered,/Users/manouchehrrimer/Desktop/BlueDot_Perona_Vector_Project/outputs/vector_construction/persona_vectors/compassion_layer47.npy,/Users/manouchehrrimer/Desktop/BlueDot_Perona_Vector_Project/outputs/synthetic_projection/activations/synthetic_harmlessness_009_violated_layer47.npy
synthetic_harmlessness_010_upheld,synthetic,harmlessness,honesty,32,-734.124755859375,mean_centered,/Users/manouchehrrimer/Desktop/BlueDot_Perona_Vector_Project/outputs/vector_construction/persona_vectors/honesty_layer32.npy,/Users/manouchehrrimer/Desktop/BlueDot_Perona_Vector_Project/outputs/synthetic_projection/activations/synthetic_harmlessness_010_upheld_layer32.npy
synthetic_harmlessness_010_upheld,synthetic,harmlessness,harmlessness,32,353.33367919921875,mean_centered,/Users/manouchehrrimer/Desktop/BlueDot_Perona_Vector_Project/outputs/vector_construction/persona_vectors/harmlessness_layer32.npy,/Users/manouchehrrimer/Desktop/BlueDot_Perona_Vector_Project/outputs/synthetic_projection/activations/synthetic_harmlessness_010_upheld_layer32.npy
synthetic_harmlessness_010_upheld,synthetic,harmlessness,fairness,32,-231.596435546875,mean_centered,/Users/manouchehrrimer/Desktop/BlueDot_Perona_Vector_Project/outputs/vector_construction/persona_vectors/fairness_layer32.npy,/Users/manouchehrrimer/Desktop/BlueDot_Perona_Vector_Project/outputs/synthetic_projection/activations/synthetic_harmlessness_010_upheld_layer32.npy
synthetic_harmlessness_010_upheld,synthetic,harmlessness,compassion,32,-497.4595947265625,mean_centered,/Users/manouchehrrimer/Desktop/BlueDot_Perona_Vector_Project/outputs/vector_construction/persona_vectors/compassion_layer32.npy,/Users/manouchehrrimer/Desktop/BlueDot_Perona_Vector_Project/outputs/synthetic_projection/activations/synthetic_harmlessness_010_upheld_layer32.npy
synthetic_harmlessness_010_upheld,synthetic,harmlessness,honesty,40,-2364.49169921875,mean_centered,/Users/manouchehrrimer/Desktop/BlueDot_Perona_Vector_Project/outputs/vector_construction/persona_vectors/honesty_layer40.npy,/Users/manouchehrrimer/Desktop/BlueDot_Perona_Vector_Project/outputs/synthetic_projection/activations/synthetic_harmlessness_010_upheld_layer40.npy
synthetic_harmlessness_010_upheld,synthetic,harmlessness,harmlessness,40,-411.43170166015625,mean_centered,/Users/manouchehrrimer/Desktop/BlueDot_Perona_Vector_Project/outputs/vector_construction/persona_vectors/harmlessness_layer40.npy,/Users/manouchehrrimer/Desktop/BlueDot_Perona_Vector_Project/outputs/synthetic_projection/activations/synthetic_harmlessness_010_upheld_layer40.npy
synthetic_harmlessness_010_upheld,synthetic,harmlessness,fairness,40,-1115.2264404296875,mean_centered,/Users/manouchehrrimer/Desktop/BlueDot_Perona_Vector_Project/outputs/vector_construction/persona_vectors/fairness_layer40.npy,/Users/manouchehrrimer/Desktop/BlueDot_Perona_Vector_Project/outputs/synthetic_projection/activations/synthetic_harmlessness_010_upheld_layer40.npy
synthetic_harmlessness_010_upheld,synthetic,harmlessness,compassion,40,-403.7702941894531,mean_centered,/Users/manouchehrrimer/Desktop/BlueDot_Perona_Vector_Project/outputs/vector_construction/persona_vectors/compassion_layer40.npy,/Users/manouchehrrimer/Desktop/BlueDot_Perona_Vector_Project/outputs/synthetic_projection/activations/synthetic_harmlessness_010_upheld_layer40.npy
synthetic_harmlessness_010_upheld,synthetic,harmlessness,honesty,47,-2721.509521484375,mean_centered,/Users/manouchehrrimer/Desktop/BlueDot_Perona_Vector_Project/outputs/vector_construction/persona_vectors/honesty_layer47.npy,/Users/manouchehrrimer/Desktop/BlueDot_Perona_Vector_Project/outputs/synthetic_projection/activations/synthetic_harmlessness_010_upheld_layer47.npy
synthetic_harmlessness_010_upheld,synthetic,harmlessness,harmlessness,47,-2254.349365234375,mean_centered,/Users/manouchehrrimer/Desktop/BlueDot_Perona_Vector_Project/outputs/vector_construction/persona_vectors/harmlessness_layer47.npy,/Users/manouchehrrimer/Desktop/BlueDot_Perona_Vector_Project/outputs/synthetic_projection/activations/synthetic_harmlessness_010_upheld_layer47.npy
synthetic_harmlessness_010_upheld,synthetic,harmlessness,fairness,47,-363.5229187011719,mean_centered,/Users/manouchehrrimer/Desktop/BlueDot_Perona_Vector_Project/outputs/vector_construction/persona_vectors/fairness_layer47.npy,/Users/manouchehrrimer/Desktop/BlueDot_Perona_Vector_Project/outputs/synthetic_projection/activations/synthetic_harmlessness_010_upheld_layer47.npy
synthetic_harmlessness_010_upheld,synthetic,harmlessness,compassion,47,-1397.9244384765625,mean_centered,/Users/manouchehrrimer/Desktop/BlueDot_Perona_Vector_Project/outputs/vector_construction/persona_vectors/compassion_layer47.npy,/Users/manouchehrrimer/Desktop/BlueDot_Perona_Vector_Project/outputs/synthetic_projection/activations/synthetic_harmlessness_010_upheld_layer47.npy
synthetic_harmlessness_010_violated,synthetic,harmlessness,honesty,32,154.8079833984375,mean_centered,/Users/manouchehrrimer/Desktop/BlueDot_Perona_Vector_Project/outputs/vector_construction/persona_vectors/honesty_layer32.npy,/Users/manouchehrrimer/Desktop/BlueDot_Perona_Vector_Project/outputs/synthetic_projection/activations/synthetic_harmlessness_010_violated_layer32.npy
synthetic_harmlessness_010_violated,synthetic,harmlessness,harmlessness,32,603.6788330078125,mean_centered,/Users/manouchehrrimer/Desktop/BlueDot_Perona_Vector_Project/outputs/vector_construction/persona_vectors/harmlessness_layer32.npy,/Users/manouchehrrimer/Desktop/BlueDot_Perona_Vector_Project/outputs/synthetic_projection/activations/synthetic_harmlessness_010_violated_layer32.npy
synthetic_harmlessness_010_violated,synthetic,harmlessness,fairness,32,-13.990547180175781,mean_centered,/Users/manouchehrrimer/Desktop/BlueDot_Perona_Vector_Project/outputs/vector_construction/persona_vectors/fairness_layer32.npy,/Users/manouchehrrimer/Desktop/BlueDot_Perona_Vector_Project/outputs/synthetic_projection/activations/synthetic_harmlessness_010_violated_layer32.npy
synthetic_harmlessness_010_violated,synthetic,harmlessness,compassion,32,619.0293579101562,mean_centered,/Users/manouchehrrimer/Desktop/BlueDot_Perona_Vector_Project/outputs/vector_construction/persona_vectors/compassion_layer32.npy,/Users/manouchehrrimer/Desktop/BlueDot_Perona_Vector_Project/outputs/synthetic_projection/activations/synthetic_harmlessness_010_violated_layer32.npy
synthetic_harmlessness_010_violated,synthetic,harmlessness,honesty,40,3445.062744140625,mean_centered,/Users/manouchehrrimer/Desktop/BlueDot_Perona_Vector_Project/outputs/vector_construction/persona_vectors/honesty_layer40.npy,/Users/manouchehrrimer/Desktop/BlueDot_Perona_Vector_Project/outputs/synthetic_projection/activations/synthetic_harmlessness_010_violated_layer40.npy
synthetic_harmlessness_010_violated,synthetic,harmlessness,harmlessness,40,1120.02490234375,mean_centered,/Users/manouchehrrimer/Desktop/BlueDot_Perona_Vector_Project/outputs/vector_construction/persona_vectors/harmlessness_layer40.npy,/Users/manouchehrrimer/Desktop/BlueDot_Perona_Vector_Project/outputs/synthetic_projection/activations/synthetic_harmlessness_010_violated_layer40.npy
synthetic_harmlessness_010_violated,synthetic,harmlessness,fairness,40,2176.16015625,mean_centered,/Users/manouchehrrimer/Desktop/BlueDot_Perona_Vector_Project/outputs/vector_construction/persona_vectors/fairness_layer40.npy,/Users/manouchehrrimer/Desktop/BlueDot_Perona_Vector_Project/outputs/synthetic_projection/activations/synthetic_harmlessness_010_violated_layer40.npy
synthetic_harmlessness_010_violated,synthetic,harmlessness,compassion,40,1270.908203125,mean_centered,/Users/manouchehrrimer/Desktop/BlueDot_Perona_Vector_Project/outputs/vector_construction/persona_vectors/compassion_layer40.npy,/Users/manouchehrrimer/Desktop/BlueDot_Perona_Vector_Project/outputs/synthetic_projection/activations/synthetic_harmlessness_010_violated_layer40.npy
synthetic_harmlessness_010_violated,synthetic,harmlessness,honesty,47,-860.3976440429688,mean_centered,/Users/manouchehrrimer/Desktop/BlueDot_Perona_Vector_Project/outputs/vector_construction/persona_vectors/honesty_layer47.npy,/Users/manouchehrrimer/Desktop/BlueDot_Perona_Vector_Project/outputs/synthetic_projection/activations/synthetic_harmlessness_010_violated_layer47.npy
synthetic_harmlessness_010_violated,synthetic,harmlessness,harmlessness,47,-518.42578125,mean_centered,/Users/manouchehrrimer/Desktop/BlueDot_Perona_Vector_Project/outputs/vector_construction/persona_vectors/harmlessness_layer47.npy,/Users/manouchehrrimer/Desktop/BlueDot_Perona_Vector_Project/outputs/synthetic_projection/activations/synthetic_harmlessness_010_violated_layer47.npy
synthetic_harmlessness_010_violated,synthetic,harmlessness,fairness,47,-1322.41796875,mean_centered,/Users/manouchehrrimer/Desktop/BlueDot_Perona_Vector_Project/outputs/vector_construction/persona_vectors/fairness_layer47.npy,/Users/manouchehrrimer/Desktop/BlueDot_Perona_Vector_Project/outputs/synthetic_projection/activations/synthetic_harmlessness_010_violated_layer47.npy
synthetic_harmlessness_010_violated,synthetic,harmlessness,compassion,47,435.1599426269531,mean_centered,/Users/manouchehrrimer/Desktop/BlueDot_Perona_Vector_Project/outputs/vector_construction/persona_vectors/compassion_layer47.npy,/Users/manouchehrrimer/Desktop/BlueDot_Perona_Vector_Project/outputs/synthetic_projection/activations/synthetic_harmlessness_010_violated_layer47.npy
synthetic_harmlessness_011_upheld,synthetic,harmlessness,honesty,32,23.7056884765625,mean_centered,/Users/manouchehrrimer/Desktop/BlueDot_Perona_Vector_Project/outputs/vector_construction/persona_vectors/honesty_layer32.npy,/Users/manouchehrrimer/Desktop/BlueDot_Perona_Vector_Project/outputs/synthetic_projection/activations/synthetic_harmlessness_011_upheld_layer32.npy
synthetic_harmlessness_011_upheld,synthetic,harmlessness,harmlessness,32,-363.3766174316406,mean_centered,/Users/manouchehrrimer/Desktop/BlueDot_Perona_Vector_Project/outputs/vector_construction/persona_vectors/harmlessness_layer32.npy,/Users/manouchehrrimer/Desktop/BlueDot_Perona_Vector_Project/outputs/synthetic_projection/activations/synthetic_harmlessness_011_upheld_layer32.npy
synthetic_harmlessness_011_upheld,synthetic,harmlessness,fairness,32,324.3789367675781,mean_centered,/Users/manouchehrrimer/Desktop/BlueDot_Perona_Vector_Project/outputs/vector_construction/persona_vectors/fairness_layer32.npy,/Users/manouchehrrimer/Desktop/BlueDot_Perona_Vector_Project/outputs/synthetic_projection/activations/synthetic_harmlessness_011_upheld_layer32.npy
synthetic_harmlessness_011_upheld,synthetic,harmlessness,compassion,32,59.465396881103516,mean_centered,/Users/manouchehrrimer/Desktop/BlueDot_Perona_Vector_Project/outputs/vector_construction/persona_vectors/compassion_layer32.npy,/Users/manouchehrrimer/Desktop/BlueDot_Perona_Vector_Project/outputs/synthetic_projection/activations/synthetic_harmlessness_011_upheld_layer32.npy
synthetic_harmlessness_011_upheld,synthetic,harmlessness,honesty,40,2180.943115234375,mean_centered,/Users/manouchehrrimer/Desktop/BlueDot_Perona_Vector_Project/outputs/vector_construction/persona_vectors/honesty_layer40.npy,/Users/manouchehrrimer/Desktop/BlueDot_Perona_Vector_Project/outputs/synthetic_projection/activations/synthetic_harmlessness_011_upheld_layer40.npy
synthetic_harmlessness_011_upheld,synthetic,harmlessness,harmlessness,40,-223.44540405273438,mean_centered,/Users/manouchehrrimer/Desktop/BlueDot_Perona_Vector_Project/outputs/vector_construction/persona_vectors/harmlessness_layer40.npy,/Users/manouchehrrimer/Desktop/BlueDot_Perona_Vector_Project/outputs/synthetic_projection/activations/synthetic_harmlessness_011_upheld_layer40.npy
synthetic_harmlessness_011_upheld,synthetic,harmlessness,fairness,40,2011.9609375,mean_centered,/Users/manouchehrrimer/Desktop/BlueDot_Perona_Vector_Project/outputs/vector_construction/persona_vectors/fairness_layer40.npy,/Users/manouchehrrimer/Desktop/BlueDot_Perona_Vector_Project/outputs/synthetic_projection/activations/synthetic_harmlessness_011_upheld_layer40.npy
synthetic_harmlessness_011_upheld,synthetic,harmlessness,compassion,40,-102.23377990722656,mean_centered,/Users/manouchehrrimer/Desktop/BlueDot_Perona_Vector_Project/outputs/vector_construction/persona_vectors/compassion_layer40.npy,/Users/manouchehrrimer/Desktop/BlueDot_Perona_Vector_Project/outputs/synthetic_projection/activations/synthetic_harmlessness_011_upheld_layer40.npy
synthetic_harmlessness_011_upheld,synthetic,harmlessness,honesty,47,2837.177734375,mean_centered,/Users/manouchehrrimer/Desktop/BlueDot_Perona_Vector_Project/outputs/vector_construction/persona_vectors/honesty_layer47.npy,/Users/manouchehrrimer/Desktop/BlueDot_Perona_Vector_Project/outputs/synthetic_projection/activations/synthetic_harmlessness_011_upheld_layer47.npy
synthetic_harmlessness_011_upheld,synthetic,harmlessness,harmlessness,47,3934.78466796875,mean_centered,/Users/manouchehrrimer/Desktop/BlueDot_Perona_Vector_Project/outputs/vector_construction/persona_vectors/harmlessness_layer47.npy,/Users/manouchehrrimer/Desktop/BlueDot_Perona_Vector_Project/outputs/synthetic_projection/activations/synthetic_harmlessness_011_upheld_layer47.npy
synthetic_harmlessness_011_upheld,synthetic,harmlessness,fairness,47,1805.84912109375,mean_centered,/Users/manouchehrrimer/Desktop/BlueDot_Perona_Vector_Project/outputs/vector_construction/persona_vectors/fairness_layer47.npy,/Users/manouchehrrimer/Desktop/BlueDot_Perona_Vector_Project/outputs/synthetic_projection/activations/synthetic_harmlessness_011_upheld_layer47.npy
synthetic_harmlessness_011_upheld,synthetic,harmlessness,compassion,47,1849.3740234375,mean_centered,/Users/manouchehrrimer/Desktop/BlueDot_Perona_Vector_Project/outputs/vector_construction/persona_vectors/compassion_layer47.npy,/Users/manouchehrrimer/Desktop/BlueDot_Perona_Vector_Project/outputs/synthetic_projection/activations/synthetic_harmlessness_011_upheld_layer47.npy
synthetic_harmlessness_011_violated,synthetic,harmlessness,honesty,32,1124.3563232421875,mean_centered,/Users/manouchehrrimer/Desktop/BlueDot_Perona_Vector_Project/outputs/vector_construction/persona_vectors/honesty_layer32.npy,/Users/manouchehrrimer/Desktop/BlueDot_Perona_Vector_Project/outputs/synthetic_projection/activations/synthetic_harmlessness_011_violated_layer32.npy
synthetic_harmlessness_011_violated,synthetic,harmlessness,harmlessness,32,-835.0861206054688,mean_centered,/Users/manouchehrrimer/Desktop/BlueDot_Perona_Vector_Project/outputs/vector_construction/persona_vectors/harmlessness_layer32.npy,/Users/manouchehrrimer/Desktop/BlueDot_Perona_Vector_Project/outputs/synthetic_projection/activations/synthetic_harmlessness_011_violated_layer32.npy
synthetic_harmlessness_011_violated,synthetic,harmlessness,fairness,32,798.2925415039062,mean_centered,/Users/manouchehrrimer/Desktop/BlueDot_Perona_Vector_Project/outputs/vector_construction/persona_vectors/fairness_layer32.npy,/Users/manouchehrrimer/Desktop/BlueDot_Perona_Vector_Project/outputs/synthetic_projection/activations/synthetic_harmlessness_011_violated_layer32.npy
synthetic_harmlessness_011_violated,synthetic,harmlessness,compassion,32,914.0836791992188,mean_centered,/Users/manouchehrrimer/Desktop/BlueDot_Perona_Vector_Project/outputs/vector_construction/persona_vectors/compassion_layer32.npy,/Users/manouchehrrimer/Desktop/BlueDot_Perona_Vector_Project/outputs/synthetic_projection/activations/synthetic_harmlessness_011_violated_layer32.npy
synthetic_harmlessness_011_violated,synthetic,harmlessness,honesty,40,2451.736083984375,mean_centered,/Users/manouchehrrimer/Desktop/BlueDot_Perona_Vector_Project/outputs/vector_construction/persona_vectors/honesty_layer40.npy,/Users/manouchehrrimer/Desktop/BlueDot_Perona_Vector_Project/outputs/synthetic_projection/activations/synthetic_harmlessness_011_violated_layer40.npy
synthetic_harmlessness_011_violated,synthetic,harmlessness,harmlessness,40,540.8157958984375,mean_centered,/Users/manouchehrrimer/Desktop/BlueDot_Perona_Vector_Project/outputs/vector_construction/persona_vectors/harmlessness_layer40.npy,/Users/manouchehrrimer/Desktop/BlueDot_Perona_Vector_Project/outputs/synthetic_projection/activations/synthetic_harmlessness_011_violated_layer40.npy
synthetic_harmlessness_011_violated,synthetic,harmlessness,fairness,40,1590.63818359375,mean_centered,/Users/manouchehrrimer/Desktop/BlueDot_Perona_Vector_Project/outputs/vector_construction/persona_vectors/fairness_layer40.npy,/Users/manouchehrrimer/Desktop/BlueDot_Perona_Vector_Project/outputs/synthetic_projection/activations/synthetic_harmlessness_011_violated_layer40.npy
synthetic_harmlessness_011_violated,synthetic,harmlessness,compassion,40,409.2123107910156,mean_centered,/Users/manouchehrrimer/Desktop/BlueDot_Perona_Vector_Project/outputs/vector_construction/persona_vectors/compassion_layer40.npy,/Users/manouchehrrimer/Desktop/BlueDot_Perona_Vector_Project/outputs/synthetic_projection/activations/synthetic_harmlessness_011_violated_layer40.npy
synthetic_harmlessness_011_violated,synthetic,harmlessness,honesty,47,1154.890869140625,mean_centered,/Users/manouchehrrimer/Desktop/BlueDot_Perona_Vector_Project/outputs/vector_construction/persona_vectors/honesty_layer47.npy,/Users/manouchehrrimer/Desktop/BlueDot_Perona_Vector_Project/outputs/synthetic_projection/activations/synthetic_harmlessness_011_violated_layer47.npy
synthetic_harmlessness_011_violated,synthetic,harmlessness,harmlessness,47,1450.46533203125,mean_centered,/Users/manouchehrrimer/Desktop/BlueDot_Perona_Vector_Project/outputs/vector_construction/persona_vectors/harmlessness_layer47.npy,/Users/manouchehrrimer/Desktop/BlueDot_Perona_Vector_Project/outputs/synthetic_projection/activations/synthetic_harmlessness_011_violated_layer47.npy
synthetic_harmlessness_011_violated,synthetic,harmlessness,fairness,47,-36.52459716796875,mean_centered,/Users/manouchehrrimer/Desktop/BlueDot_Perona_Vector_Project/outputs/vector_construction/persona_vectors/fairness_layer47.npy,/Users/manouchehrrimer/Desktop/BlueDot_Perona_Vector_Project/outputs/synthetic_projection/activations/synthetic_harmlessness_011_violated_layer47.npy
synthetic_harmlessness_011_violated,synthetic,harmlessness,compassion,47,761.6293334960938,mean_centered,/Users/manouchehrrimer/Desktop/BlueDot_Perona_Vector_Project/outputs/vector_construction/persona_vectors/compassion_layer47.npy,/Users/manouchehrrimer/Desktop/BlueDot_Perona_Vector_Project/outputs/synthetic_projection/activations/synthetic_harmlessness_011_violated_layer47.npy
synthetic_harmlessness_012_upheld,synthetic,harmlessness,honesty,32,-480.30621337890625,mean_centered,/Users/manouchehrrimer/Desktop/BlueDot_Perona_Vector_Project/outputs/vector_construction/persona_vectors/honesty_layer32.npy,/Users/manouchehrrimer/Desktop/BlueDot_Perona_Vector_Project/outputs/synthetic_projection/activations/synthetic_harmlessness_012_upheld_layer32.npy
synthetic_harmlessness_012_upheld,synthetic,harmlessness,harmlessness,32,604.0035400390625,mean_centered,/Users/manouchehrrimer/Desktop/BlueDot_Perona_Vector_Project/outputs/vector_construction/persona_vectors/harmlessness_layer32.npy,/Users/manouchehrrimer/Desktop/BlueDot_Perona_Vector_Project/outputs/synthetic_projection/activations/synthetic_harmlessness_012_upheld_layer32.npy
synthetic_harmlessness_012_upheld,synthetic,harmlessness,fairness,32,-465.1024169921875,mean_centered,/Users/manouchehrrimer/Desktop/BlueDot_Perona_Vector_Project/outputs/vector_construction/persona_vectors/fairness_layer32.npy,/Users/manouchehrrimer/Desktop/BlueDot_Perona_Vector_Project/outputs/synthetic_projection/activations/synthetic_harmlessness_012_upheld_layer32.npy
synthetic_harmlessness_012_upheld,synthetic,harmlessness,compassion,32,102.45170593261719,mean_centered,/Users/manouchehrrimer/Desktop/BlueDot_Perona_Vector_Project/outputs/vector_construction/persona_vectors/compassion_layer32.npy,/Users/manouchehrrimer/Desktop/BlueDot_Perona_Vector_Project/outputs/synthetic_projection/activations/synthetic_harmlessness_012_upheld_layer32.npy
synthetic_harmlessness_012_upheld,synthetic,harmlessness,honesty,40,-264.32073974609375,mean_centered,/Users/manouchehrrimer/Desktop/BlueDot_Perona_Vector_Project/outputs/vector_construction/persona_vectors/honesty_layer40.npy,/Users/manouchehrrimer/Desktop/BlueDot_Perona_Vector_Project/outputs/synthetic_projection/activations/synthetic_harmlessness_012_upheld_layer40.npy
synthetic_harmlessness_012_upheld,synthetic,harmlessness,harmlessness,40,371.09149169921875,mean_centered,/Users/manouchehrrimer/Desktop/BlueDot_Perona_Vector_Project/outputs/vector_construction/persona_vectors/harmlessness_layer40.npy,/Users/manouchehrrimer/Desktop/BlueDot_Perona_Vector_Project/outputs/synthetic_projection/activations/synthetic_harmlessness_012_upheld_layer40.npy
synthetic_harmlessness_012_upheld,synthetic,harmlessness,fairness,40,-149.1641082763672,mean_centered,/Users/manouchehrrimer/Desktop/BlueDot_Perona_Vector_Project/outputs/vector_construction/persona_vectors/fairness_layer40.npy,/Users/manouchehrrimer/Desktop/BlueDot_Perona_Vector_Project/outputs/synthetic_projection/activations/synthetic_harmlessness_012_upheld_layer40.npy
synthetic_harmlessness_012_upheld,synthetic,harmlessness,compassion,40,384.026611328125,mean_centered,/Users/manouchehrrimer/Desktop/BlueDot_Perona_Vector_Project/outputs/vector_construction/persona_vectors/compassion_layer40.npy,/Users/manouchehrrimer/Desktop/BlueDot_Perona_Vector_Project/outputs/synthetic_projection/activations/synthetic_harmlessness_012_upheld_layer40.npy
synthetic_harmlessness_012_upheld,synthetic,harmlessness,honesty,47,2281.92431640625,mean_centered,/Users/manouchehrrimer/Desktop/BlueDot_Perona_Vector_Project/outputs/vector_construction/persona_vectors/honesty_layer47.npy,/Users/manouchehrrimer/Desktop/BlueDot_Perona_Vector_Project/outputs/synthetic_projection/activations/synthetic_harmlessness_012_upheld_layer47.npy
synthetic_harmlessness_012_upheld,synthetic,harmlessness,harmlessness,47,3963.9013671875,mean_centered,/Users/manouchehrrimer/Desktop/BlueDot_Perona_Vector_Project/outputs/vector_construction/persona_vectors/harmlessness_layer47.npy,/Users/manouchehrrimer/Desktop/BlueDot_Perona_Vector_Project/outputs/synthetic_projection/activations/synthetic_harmlessness_012_upheld_layer47.npy
synthetic_harmlessness_012_upheld,synthetic,harmlessness,fairness,47,740.0606689453125,mean_centered,/Users/manouchehrrimer/Desktop/BlueDot_Perona_Vector_Project/outputs/vector_construction/persona_vectors/fairness_layer47.npy,/Users/manouchehrrimer/Desktop/BlueDot_Perona_Vector_Project/outputs/synthetic_projection/activations/synthetic_harmlessness_012_upheld_layer47.npy
synthetic_harmlessness_012_upheld,synthetic,harmlessness,compassion,47,2219.837646484375,mean_centered,/Users/manouchehrrimer/Desktop/BlueDot_Perona_Vector_Project/outputs/vector_construction/persona_vectors/compassion_layer47.npy,/Users/manouchehrrimer/Desktop/BlueDot_Perona_Vector_Project/outputs/synthetic_projection/activations/synthetic_harmlessness_012_upheld_layer47.npy
synthetic_harmlessness_012_violated,synthetic,harmlessness,honesty,32,436.4385986328125,mean_centered,/Users/manouchehrrimer/Desktop/BlueDot_Perona_Vector_Project/outputs/vector_construction/persona_vectors/honesty_layer32.npy,/Users/manouchehrrimer/Desktop/BlueDot_Perona_Vector_Project/outputs/synthetic_projection/activations/synthetic_harmlessness_012_violated_layer32.npy
synthetic_harmlessness_012_violated,synthetic,harmlessness,harmlessness,32,677.703857421875,mean_centered,/Users/manouchehrrimer/Desktop/BlueDot_Perona_Vector_Project/outputs/vector_construction/persona_vectors/harmlessness_layer32.npy,/Users/manouchehrrimer/Desktop/BlueDot_Perona_Vector_Project/outputs/synthetic_projection/activations/synthetic_harmlessness_012_violated_layer32.npy
synthetic_harmlessness_012_violated,synthetic,harmlessness,fairness,32,-236.0081787109375,mean_centered,/Users/manouchehrrimer/Desktop/BlueDot_Perona_Vector_Project/outputs/vector_construction/persona_vectors/fairness_layer32.npy,/Users/manouchehrrimer/Desktop/BlueDot_Perona_Vector_Project/outputs/synthetic_projection/activations/synthetic_harmlessness_012_violated_layer32.npy
synthetic_harmlessness_012_violated,synthetic,harmlessness,compassion,32,739.7435913085938,mean_centered,/Users/manouchehrrimer/Desktop/BlueDot_Perona_Vector_Project/outputs/vector_construction/persona_vectors/compassion_layer32.npy,/Users/manouchehrrimer/Desktop/BlueDot_Perona_Vector_Project/outputs/synthetic_projection/activations/synthetic_harmlessness_012_violated_layer32.npy
synthetic_harmlessness_012_violated,synthetic,harmlessness,honesty,40,1157.0157470703125,mean_centered,/Users/manouchehrrimer/Desktop/BlueDot_Perona_Vector_Project/outputs/vector_construction/persona_vectors/honesty_layer40.npy,/Users/manouchehrrimer/Desktop/BlueDot_Perona_Vector_Project/outputs/synthetic_projection/activations/synthetic_harmlessness_012_violated_layer40.npy
synthetic_harmlessness_012_violated,synthetic,harmlessness,harmlessness,40,1756.853271484375,mean_centered,/Users/manouchehrrimer/Desktop/BlueDot_Perona_Vector_Project/outputs/vector_construction/persona_vectors/harmlessness_layer40.npy,/Users/manouchehrrimer/Desktop/BlueDot_Perona_Vector_Project/outputs/synthetic_projection/activations/synthetic_harmlessness_012_violated_layer40.npy
synthetic_harmlessness_012_violated,synthetic,harmlessness,fairness,40,7.7510986328125,mean_centered,/Users/manouchehrrimer/Desktop/BlueDot_Perona_Vector_Project/outputs/vector_construction/persona_vectors/fairness_layer40.npy,/Users/manouchehrrimer/Desktop/BlueDot_Perona_Vector_Project/outputs/synthetic_projection/activations/synthetic_harmlessness_012_violated_layer40.npy
synthetic_harmlessness_012_violated,synthetic,harmlessness,compassion,40,1311.0169677734375,mean_centered,/Users/manouchehrrimer/Desktop/BlueDot_Perona_Vector_Project/outputs/vector_construction/persona_vectors/compassion_layer40.npy,/Users/manouchehrrimer/Desktop/BlueDot_Perona_Vector_Project/outputs/synthetic_projection/activations/synthetic_harmlessness_012_violated_layer40.npy
synthetic_harmlessness_012_violated,synthetic,harmlessness,honesty,47,35.668792724609375,mean_centered,/Users/manouchehrrimer/Desktop/BlueDot_Perona_Vector_Project/outputs/vector_construction/persona_vectors/honesty_layer47.npy,/Users/manouchehrrimer/Desktop/BlueDot_Perona_Vector_Project/outputs/synthetic_projection/activations/synthetic_harmlessness_012_violated_layer47.npy
synthetic_harmlessness_012_violated,synthetic,harmlessness,harmlessness,47,1769.5911865234375,mean_centered,/Users/manouchehrrimer/Desktop/BlueDot_Perona_Vector_Project/outputs/vector_construction/persona_vectors/harmlessness_layer47.npy,/Users/manouchehrrimer/Desktop/BlueDot_Perona_Vector_Project/outputs/synthetic_projection/activations/synthetic_harmlessness_012_violated_layer47.npy
synthetic_harmlessness_012_violated,synthetic,harmlessness,fairness,47,-1667.97802734375,mean_centered,/Users/manouchehrrimer/Desktop/BlueDot_Perona_Vector_Project/outputs/vector_construction/persona_vectors/fairness_layer47.npy,/Users/manouchehrrimer/Desktop/BlueDot_Perona_Vector_Project/outputs/synthetic_projection/activations/synthetic_harmlessness_012_violated_layer47.npy
synthetic_harmlessness_012_violated,synthetic,harmlessness,compassion,47,1463.796875,mean_centered,/Users/manouchehrrimer/Desktop/BlueDot_Perona_Vector_Project/outputs/vector_construction/persona_vectors/compassion_layer47.npy,/Users/manouchehrrimer/Desktop/BlueDot_Perona_Vector_Project/outputs/synthetic_projection/activations/synthetic_harmlessness_012_violated_layer47.npy
synthetic_harmlessness_013_upheld,synthetic,harmlessness,honesty,32,-912.880126953125,mean_centered,/Users/manouchehrrimer/Desktop/BlueDot_Perona_Vector_Project/outputs/vector_construction/persona_vectors/honesty_layer32.npy,/Users/manouchehrrimer/Desktop/BlueDot_Perona_Vector_Project/outputs/synthetic_projection/activations/synthetic_harmlessness_013_upheld_layer32.npy
synthetic_harmlessness_013_upheld,synthetic,harmlessness,harmlessness,32,864.0357055664062,mean_centered,/Users/manouchehrrimer/Desktop/BlueDot_Perona_Vector_Project/outputs/vector_construction/persona_vectors/harmlessness_layer32.npy,/Users/manouchehrrimer/Desktop/BlueDot_Perona_Vector_Project/outputs/synthetic_projection/activations/synthetic_harmlessness_013_upheld_layer32.npy
synthetic_harmlessness_013_upheld,synthetic,harmlessness,fairness,32,-629.2722778320312,mean_centered,/Users/manouchehrrimer/Desktop/BlueDot_Perona_Vector_Project/outputs/vector_construction/persona_vectors/fairness_layer32.npy,/Users/manouchehrrimer/Desktop/BlueDot_Perona_Vector_Project/outputs/synthetic_projection/activations/synthetic_harmlessness_013_upheld_layer32.npy
synthetic_harmlessness_013_upheld,synthetic,harmlessness,compassion,32,-508.8728942871094,mean_centered,/Users/manouchehrrimer/Desktop/BlueDot_Perona_Vector_Project/outputs/vector_construction/persona_vectors/compassion_layer32.npy,/Users/manouchehrrimer/Desktop/BlueDot_Perona_Vector_Project/outputs/synthetic_projection/activations/synthetic_harmlessness_013_upheld_layer32.npy
synthetic_harmlessness_013_upheld,synthetic,harmlessness,honesty,40,-360.596435546875,mean_centered,/Users/manouchehrrimer/Desktop/BlueDot_Perona_Vector_Project/outputs/vector_construction/persona_vectors/honesty_layer40.npy,/Users/manouchehrrimer/Desktop/BlueDot_Perona_Vector_Project/outputs/synthetic_projection/activations/synthetic_harmlessness_013_upheld_layer40.npy
synthetic_harmlessness_013_upheld,synthetic,harmlessness,harmlessness,40,104.34172821044922,mean_centered,/Users/manouchehrrimer/Desktop/BlueDot_Perona_Vector_Project/outputs/vector_construction/persona_vectors/harmlessness_layer40.npy,/Users/manouchehrrimer/Desktop/BlueDot_Perona_Vector_Project/outputs/synthetic_projection/activations/synthetic_harmlessness_013_upheld_layer40.npy
synthetic_harmlessness_013_upheld,synthetic,harmlessness,fairness,40,92.42728424072266,mean_centered,/Users/manouchehrrimer/Desktop/BlueDot_Perona_Vector_Project/outputs/vector_construction/persona_vectors/fairness_layer40.npy,/Users/manouchehrrimer/Desktop/BlueDot_Perona_Vector_Project/outputs/synthetic_projection/activations/synthetic_harmlessness_013_upheld_layer40.npy
synthetic_harmlessness_013_upheld,synthetic,harmlessness,compassion,40,-48.537986755371094,mean_centered,/Users/manouchehrrimer/Desktop/BlueDot_Perona_Vector_Project/outputs/vector_construction/persona_vectors/compassion_layer40.npy,/Users/manouchehrrimer/Desktop/BlueDot_Perona_Vector_Project/outputs/synthetic_projection/activations/synthetic_harmlessness_013_upheld_layer40.npy
synthetic_harmlessness_013_upheld,synthetic,harmlessness,honesty,47,-444.4650573730469,mean_centered,/Users/manouchehrrimer/Desktop/BlueDot_Perona_Vector_Project/outputs/vector_construction/persona_vectors/honesty_layer47.npy,/Users/manouchehrrimer/Desktop/BlueDot_Perona_Vector_Project/outputs/synthetic_projection/activations/synthetic_harmlessness_013_upheld_layer47.npy
synthetic_harmlessness_013_upheld,synthetic,harmlessness,harmlessness,47,103.74605560302734,mean_centered,/Users/manouchehrrimer/Desktop/BlueDot_Perona_Vector_Project/outputs/vector_construction/persona_vectors/harmlessness_layer47.npy,/Users/manouchehrrimer/Desktop/BlueDot_Perona_Vector_Project/outputs/synthetic_projection/activations/synthetic_harmlessness_013_upheld_layer47.npy
synthetic_harmlessness_013_upheld,synthetic,harmlessness,fairness,47,496.99957275390625,mean_centered,/Users/manouchehrrimer/Desktop/BlueDot_Perona_Vector_Project/outputs/vector_construction/persona_vectors/fairness_layer47.npy,/Users/manouchehrrimer/Desktop/BlueDot_Perona_Vector_Project/outputs/synthetic_projection/activations/synthetic_harmlessness_013_upheld_layer47.npy
synthetic_harmlessness_013_upheld,synthetic,harmlessness,compassion,47,-197.2953643798828,mean_centered,/Users/manouchehrrimer/Desktop/BlueDot_Perona_Vector_Project/outputs/vector_construction/persona_vectors/compassion_layer47.npy,/Users/manouchehrrimer/Desktop/BlueDot_Perona_Vector_Project/outputs/synthetic_projection/activations/synthetic_harmlessness_013_upheld_layer47.npy
synthetic_harmlessness_013_violated,synthetic,harmlessness,honesty,32,-573.8829345703125,mean_centered,/Users/manouchehrrimer/Desktop/BlueDot_Perona_Vector_Project/outputs/vector_construction/persona_vectors/honesty_layer32.npy,/Users/manouchehrrimer/Desktop/BlueDot_Perona_Vector_Project/outputs/synthetic_projection/activations/synthetic_harmlessness_013_violated_layer32.npy
synthetic_harmlessness_013_violated,synthetic,harmlessness,harmlessness,32,1428.0892333984375,mean_centered,/Users/manouchehrrimer/Desktop/BlueDot_Perona_Vector_Project/outputs/vector_construction/persona_vectors/harmlessness_layer32.npy,/Users/manouchehrrimer/Desktop/BlueDot_Perona_Vector_Project/outputs/synthetic_projection/activations/synthetic_harmlessness_013_violated_layer32.npy
synthetic_harmlessness_013_violated,synthetic,harmlessness,fairness,32,-982.3079833984375,mean_centered,/Users/manouchehrrimer/Desktop/BlueDot_Perona_Vector_Project/outputs/vector_construction/persona_vectors/fairness_layer32.npy,/Users/manouchehrrimer/Desktop/BlueDot_Perona_Vector_Project/outputs/synthetic_projection/activations/synthetic_harmlessness_013_violated_layer32.npy
synthetic_harmlessness_013_violated,synthetic,harmlessness,compassion,32,-507.678955078125,mean_centered,/Users/manouchehrrimer/Desktop/BlueDot_Perona_Vector_Project/outputs/vector_construction/persona_vectors/compassion_layer32.npy,/Users/manouchehrrimer/Desktop/BlueDot_Perona_Vector_Project/outputs/synthetic_projection/activations/synthetic_harmlessness_013_violated_layer32.npy
synthetic_harmlessness_013_violated,synthetic,harmlessness,honesty,40,-5767.33740234375,mean_centered,/Users/manouchehrrimer/Desktop/BlueDot_Perona_Vector_Project/outputs/vector_construction/persona_vectors/honesty_layer40.npy,/Users/manouchehrrimer/Desktop/BlueDot_Perona_Vector_Project/outputs/synthetic_projection/activations/synthetic_harmlessness_013_violated_layer40.npy
synthetic_harmlessness_013_violated,synthetic,harmlessness,harmlessness,40,667.3118896484375,mean_centered,/Users/manouchehrrimer/Desktop/BlueDot_Perona_Vector_Project/outputs/vector_construction/persona_vectors/harmlessness_layer40.npy,/Users/manouchehrrimer/Desktop/BlueDot_Perona_Vector_Project/outputs/synthetic_projection/activations/synthetic_harmlessness_013_violated_layer40.npy
synthetic_harmlessness_013_violated,synthetic,harmlessness,fairness,40,-4276.302734375,mean_centered,/Users/manouchehrrimer/Desktop/BlueDot_Perona_Vector_Project/outputs/vector_construction/persona_vectors/fairness_layer40.npy,/Users/manouchehrrimer/Desktop/BlueDot_Perona_Vector_Project/outputs/synthetic_projection/activations/synthetic_harmlessness_013_violated_layer40.npy
synthetic_harmlessness_013_violated,synthetic,harmlessness,compassion,40,226.59349060058594,mean_centered,/Users/manouchehrrimer/Desktop/BlueDot_Perona_Vector_Project/outputs/vector_construction/persona_vectors/compassion_layer40.npy,/Users/manouchehrrimer/Desktop/BlueDot_Perona_Vector_Project/outputs/synthetic_projection/activations/synthetic_harmlessness_013_violated_layer40.npy
synthetic_harmlessness_013_violated,synthetic,harmlessness,honesty,47,-4121.66064453125,mean_centered,/Users/manouchehrrimer/Desktop/BlueDot_Perona_Vector_Project/outputs/vector_construction/persona_vectors/honesty_layer47.npy,/Users/manouchehrrimer/Desktop/BlueDot_Perona_Vector_Project/outputs/synthetic_projection/activations/synthetic_harmlessness_013_violated_layer47.npy
synthetic_harmlessness_013_violated,synthetic,harmlessness,harmlessness,47,-5081.30859375,mean_centered,/Users/manouchehrrimer/Desktop/BlueDot_Perona_Vector_Project/outputs/vector_construction/persona_vectors/harmlessness_layer47.npy,/Users/manouchehrrimer/Desktop/BlueDot_Perona_Vector_Project/outputs/synthetic_projection/activations/synthetic_harmlessness_013_violated_layer47.npy
synthetic_harmlessness_013_violated,synthetic,harmlessness,fairness,47,-1899.5242919921875,mean_centered,/Users/manouchehrrimer/Desktop/BlueDot_Perona_Vector_Project/outputs/vector_construction/persona_vectors/fairness_layer47.npy,/Users/manouchehrrimer/Desktop/BlueDot_Perona_Vector_Project/outputs/synthetic_projection/activations/synthetic_harmlessness_013_violated_layer47.npy
synthetic_harmlessness_013_violated,synthetic,harmlessness,compassion,47,-2862.760498046875,mean_centered,/Users/manouchehrrimer/Desktop/BlueDot_Perona_Vector_Project/outputs/vector_construction/persona_vectors/compassion_layer47.npy,/Users/manouchehrrimer/Desktop/BlueDot_Perona_Vector_Project/outputs/synthetic_projection/activations/synthetic_harmlessness_013_violated_layer47.npy
synthetic_harmlessness_014_upheld,synthetic,harmlessness,honesty,32,-1445.988525390625,mean_centered,/Users/manouchehrrimer/Desktop/BlueDot_Perona_Vector_Project/outputs/vector_construction/persona_vectors/honesty_layer32.npy,/Users/manouchehrrimer/Desktop/BlueDot_Perona_Vector_Project/outputs/synthetic_projection/activations/synthetic_harmlessness_014_upheld_layer32.npy
synthetic_harmlessness_014_upheld,synthetic,harmlessness,harmlessness,32,1221.4100341796875,mean_centered,/Users/manouchehrrimer/Desktop/BlueDot_Perona_Vector_Project/outputs/vector_construction/persona_vectors/harmlessness_layer32.npy,/Users/manouchehrrimer/Desktop/BlueDot_Perona_Vector_Project/outputs/synthetic_projection/activations/synthetic_harmlessness_014_upheld_layer32.npy
synthetic_harmlessness_014_upheld,synthetic,harmlessness,fairness,32,-926.6024169921875,mean_centered,/Users/manouchehrrimer/Desktop/BlueDot_Perona_Vector_Project/outputs/vector_construction/persona_vectors/fairness_layer32.npy,/Users/manouchehrrimer/Desktop/BlueDot_Perona_Vector_Project/outputs/synthetic_projection/activations/synthetic_harmlessness_014_upheld_layer32.npy
synthetic_harmlessness_014_upheld,synthetic,harmlessness,compassion,32,-800.4613037109375,mean_centered,/Users/manouchehrrimer/Desktop/BlueDot_Perona_Vector_Project/outputs/vector_construction/persona_vectors/compassion_layer32.npy,/Users/manouchehrrimer/Desktop/BlueDot_Perona_Vector_Project/outputs/synthetic_projection/activations/synthetic_harmlessness_014_upheld_layer32.npy
synthetic_harmlessness_014_upheld,synthetic,harmlessness,honesty,40,-380.31396484375,mean_centered,/Users/manouchehrrimer/Desktop/BlueDot_Perona_Vector_Project/outputs/vector_construction/persona_vectors/honesty_layer40.npy,/Users/manouchehrrimer/Desktop/BlueDot_Perona_Vector_Project/outputs/synthetic_projection/activations/synthetic_harmlessness_014_upheld_layer40.npy
synthetic_harmlessness_014_upheld,synthetic,harmlessness,harmlessness,40,151.43881225585938,mean_centered,/Users/manouchehrrimer/Desktop/BlueDot_Perona_Vector_Project/outputs/vector_construction/persona_vectors/harmlessness_layer40.npy,/Users/manouchehrrimer/Desktop/BlueDot_Perona_Vector_Project/outputs/synthetic_projection/activations/synthetic_harmlessness_014_upheld_layer40.npy
synthetic_harmlessness_014_upheld,synthetic,harmlessness,fairness,40,20.567546844482422,mean_centered,/Users/manouchehrrimer/Desktop/BlueDot_Perona_Vector_Project/outputs/vector_construction/persona_vectors/fairness_layer40.npy,/Users/manouchehrrimer/Desktop/BlueDot_Perona_Vector_Project/outputs/synthetic_projection/activations/synthetic_harmlessness_014_upheld_layer40.npy
synthetic_harmlessness_014_upheld,synthetic,harmlessness,compassion,40,-95.8271255493164,mean_centered,/Users/manouchehrrimer/Desktop/BlueDot_Perona_Vector_Project/outputs/vector_construction/persona_vectors/compassion_layer40.npy,/Users/manouchehrrimer/Desktop/BlueDot_Perona_Vector_Project/outputs/synthetic_projection/activations/synthetic_harmlessness_014_upheld_layer40.npy
synthetic_harmlessness_014_upheld,synthetic,harmlessness,honesty,47,1663.884765625,mean_centered,/Users/manouchehrrimer/Desktop/BlueDot_Perona_Vector_Project/outputs/vector_construction/persona_vectors/honesty_layer47.npy,/Users/manouchehrrimer/Desktop/BlueDot_Perona_Vector_Project/outputs/synthetic_projection/activations/synthetic_harmlessness_014_upheld_layer47.npy
synthetic_harmlessness_014_upheld,synthetic,harmlessness,harmlessness,47,3277.413818359375,mean_centered,/Users/manouchehrrimer/Desktop/BlueDot_Perona_Vector_Project/outputs/vector_construction/persona_vectors/harmlessness_layer47.npy,/Users/manouchehrrimer/Desktop/BlueDot_Perona_Vector_Project/outputs/synthetic_projection/activations/synthetic_harmlessness_014_upheld_layer47.npy
synthetic_harmlessness_014_upheld,synthetic,harmlessness,fairness,47,1058.2774658203125,mean_centered,/Users/manouchehrrimer/Desktop/BlueDot_Perona_Vector_Project/outputs/vector_construction/persona_vectors/fairness_layer47.npy,/Users/manouchehrrimer/Desktop/BlueDot_Perona_Vector_Project/outputs/synthetic_projection/activations/synthetic_harmlessness_014_upheld_layer47.npy
synthetic_harmlessness_014_upheld,synthetic,harmlessness,compassion,47,1538.2843017578125,mean_centered,/Users/manouchehrrimer/Desktop/BlueDot_Perona_Vector_Project/outputs/vector_construction/persona_vectors/compassion_layer47.npy,/Users/manouchehrrimer/Desktop/BlueDot_Perona_Vector_Project/outputs/synthetic_projection/activations/synthetic_harmlessness_014_upheld_layer47.npy
synthetic_harmlessness_014_violated,synthetic,harmlessness,honesty,32,466.68353271484375,mean_centered,/Users/manouchehrrimer/Desktop/BlueDot_Perona_Vector_Project/outputs/vector_construction/persona_vectors/honesty_layer32.npy,/Users/manouchehrrimer/Desktop/BlueDot_Perona_Vector_Project/outputs/synthetic_projection/activations/synthetic_harmlessness_014_violated_layer32.npy
synthetic_harmlessness_014_violated,synthetic,harmlessness,harmlessness,32,166.9360809326172,mean_centered,/Users/manouchehrrimer/Desktop/BlueDot_Perona_Vector_Project/outputs/vector_construction/persona_vectors/harmlessness_layer32.npy,/Users/manouchehrrimer/Desktop/BlueDot_Perona_Vector_Project/outputs/synthetic_projection/activations/synthetic_harmlessness_014_violated_layer32.npy
synthetic_harmlessness_014_violated,synthetic,harmlessness,fairness,32,1.1336288452148438,mean_centered,/Users/manouchehrrimer/Desktop/BlueDot_Perona_Vector_Project/outputs/vector_construction/persona_vectors/fairness_layer32.npy,/Users/manouchehrrimer/Desktop/BlueDot_Perona_Vector_Project/outputs/synthetic_projection/activations/synthetic_harmlessness_014_violated_layer32.npy
synthetic_harmlessness_014_violated,synthetic,harmlessness,compassion,32,366.22515869140625,mean_centered,/Users/manouchehrrimer/Desktop/BlueDot_Perona_Vector_Project/outputs/vector_construction/persona_vectors/compassion_layer32.npy,/Users/manouchehrrimer/Desktop/BlueDot_Perona_Vector_Project/outputs/synthetic_projection/activations/synthetic_harmlessness_014_violated_layer32.npy
synthetic_harmlessness_014_violated,synthetic,harmlessness,honesty,40,4390.43115234375,mean_centered,/Users/manouchehrrimer/Desktop/BlueDot_Perona_Vector_Project/outputs/vector_construction/persona_vectors/honesty_layer40.npy,/Users/manouchehrrimer/Desktop/BlueDot_Perona_Vector_Project/outputs/synthetic_projection/activations/synthetic_harmlessness_014_violated_layer40.npy
synthetic_harmlessness_014_violated,synthetic,harmlessness,harmlessness,40,644.0651245117188,mean_centered,/Users/manouchehrrimer/Desktop/BlueDot_Perona_Vector_Project/outputs/vector_construction/persona_vectors/harmlessness_layer40.npy,/Users/manouchehrrimer/Desktop/BlueDot_Perona_Vector_Project/outputs/synthetic_projection/activations/synthetic_harmlessness_014_violated_layer40.npy
synthetic_harmlessness_014_violated,synthetic,harmlessness,fairness,40,2863.467041015625,mean_centered,/Users/manouchehrrimer/Desktop/BlueDot_Perona_Vector_Project/outputs/vector_construction/persona_vectors/fairness_layer40.npy,/Users/manouchehrrimer/Desktop/BlueDot_Perona_Vector_Project/outputs/synthetic_projection/activations/synthetic_harmlessness_014_violated_layer40.npy
synthetic_harmlessness_014_violated,synthetic,harmlessness,compassion,40,379.115966796875,mean_centered,/Users/manouchehrrimer/Desktop/BlueDot_Perona_Vector_Project/outputs/vector_construction/persona_vectors/compassion_layer40.npy,/Users/manouchehrrimer/Desktop/BlueDot_Perona_Vector_Project/outputs/synthetic_projection/activations/synthetic_harmlessness_014_violated_layer40.npy
synthetic_harmlessness_014_violated,synthetic,harmlessness,honesty,47,1514.6602783203125,mean_centered,/Users/manouchehrrimer/Desktop/BlueDot_Perona_Vector_Project/outputs/vector_construction/persona_vectors/honesty_layer47.npy,/Users/manouchehrrimer/Desktop/BlueDot_Perona_Vector_Project/outputs/synthetic_projection/activations/synthetic_harmlessness_014_violated_layer47.npy
synthetic_harmlessness_014_violated,synthetic,harmlessness,harmlessness,47,1827.3511962890625,mean_centered,/Users/manouchehrrimer/Desktop/BlueDot_Perona_Vector_Project/outputs/vector_construction/persona_vectors/harmlessness_layer47.npy,/Users/manouchehrrimer/Desktop/BlueDot_Perona_Vector_Project/outputs/synthetic_projection/activations/synthetic_harmlessness_014_violated_layer47.npy
synthetic_harmlessness_014_violated,synthetic,harmlessness,fairness,47,244.17098999023438,mean_centered,/Users/manouchehrrimer/Desktop/BlueDot_Perona_Vector_Project/outputs/vector_construction/persona_vectors/fairness_layer47.npy,/Users/manouchehrrimer/Desktop/BlueDot_Perona_Vector_Project/outputs/synthetic_projection/activations/synthetic_harmlessness_014_violated_layer47.npy
synthetic_harmlessness_014_violated,synthetic,harmlessness,compassion,47,879.074951171875,mean_centered,/Users/manouchehrrimer/Desktop/BlueDot_Perona_Vector_Project/outputs/vector_construction/persona_vectors/compassion_layer47.npy,/Users/manouchehrrimer/Desktop/BlueDot_Perona_Vector_Project/outputs/synthetic_projection/activations/synthetic_harmlessness_014_violated_layer47.npy
synthetic_harmlessness_015_upheld,synthetic,harmlessness,honesty,32,-640.3068237304688,mean_centered,/Users/manouchehrrimer/Desktop/BlueDot_Perona_Vector_Project/outputs/vector_construction/persona_vectors/honesty_layer32.npy,/Users/manouchehrrimer/Desktop/BlueDot_Perona_Vector_Project/outputs/synthetic_projection/activations/synthetic_harmlessness_015_upheld_layer32.npy
synthetic_harmlessness_015_upheld,synthetic,harmlessness,harmlessness,32,687.5964965820312,mean_centered,/Users/manouchehrrimer/Desktop/BlueDot_Perona_Vector_Project/outputs/vector_construction/persona_vectors/harmlessness_layer32.npy,/Users/manouchehrrimer/Desktop/BlueDot_Perona_Vector_Project/outputs/synthetic_projection/activations/synthetic_harmlessness_015_upheld_layer32.npy
synthetic_harmlessness_015_upheld,synthetic,harmlessness,fairness,32,-628.3234252929688,mean_centered,/Users/manouchehrrimer/Desktop/BlueDot_Perona_Vector_Project/outputs/vector_construction/persona_vectors/fairness_layer32.npy,/Users/manouchehrrimer/Desktop/BlueDot_Perona_Vector_Project/outputs/synthetic_projection/activations/synthetic_harmlessness_015_upheld_layer32.npy
synthetic_harmlessness_015_upheld,synthetic,harmlessness,compassion,32,-387.5423278808594,mean_centered,/Users/manouchehrrimer/Desktop/BlueDot_Perona_Vector_Project/outputs/vector_construction/persona_vectors/compassion_layer32.npy,/Users/manouchehrrimer/Desktop/BlueDot_Perona_Vector_Project/outputs/synthetic_projection/activations/synthetic_harmlessness_015_upheld_layer32.npy
synthetic_harmlessness_015_upheld,synthetic,harmlessness,honesty,40,-4077.2626953125,mean_centered,/Users/manouchehrrimer/Desktop/BlueDot_Perona_Vector_Project/outputs/vector_construction/persona_vectors/honesty_layer40.npy,/Users/manouchehrrimer/Desktop/BlueDot_Perona_Vector_Project/outputs/synthetic_projection/activations/synthetic_harmlessness_015_upheld_layer40.npy
synthetic_harmlessness_015_upheld,synthetic,harmlessness,harmlessness,40,79.48087310791016,mean_centered,/Users/manouchehrrimer/Desktop/BlueDot_Perona_Vector_Project/outputs/vector_construction/persona_vectors/harmlessness_layer40.npy,/Users/manouchehrrimer/Desktop/BlueDot_Perona_Vector_Project/outputs/synthetic_projection/activations/synthetic_harmlessness_015_upheld_layer40.npy
synthetic_harmlessness_015_upheld,synthetic,harmlessness,fairness,40,-3037.697021484375,mean_centered,/Users/manouchehrrimer/Desktop/BlueDot_Perona_Vector_Project/outputs/vector_construction/persona_vectors/fairness_layer40.npy,/Users/manouchehrrimer/Desktop/BlueDot_Perona_Vector_Project/outputs/synthetic_projection/activations/synthetic_harmlessness_015_upheld_layer40.npy
synthetic_harmlessness_015_upheld,synthetic,harmlessness,compassion,40,-141.50108337402344,mean_centered,/Users/manouchehrrimer/Desktop/BlueDot_Perona_Vector_Project/outputs/vector_construction/persona_vectors/compassion_layer40.npy,/Users/manouchehrrimer/Desktop/BlueDot_Perona_Vector_Project/outputs/synthetic_projection/activations/synthetic_harmlessness_015_upheld_layer40.npy
synthetic_harmlessness_015_upheld,synthetic,harmlessness,honesty,47,-226.89654541015625,mean_centered,/Users/manouchehrrimer/Desktop/BlueDot_Perona_Vector_Project/outputs/vector_construction/persona_vectors/honesty_layer47.npy,/Users/manouchehrrimer/Desktop/BlueDot_Perona_Vector_Project/outputs/synthetic_projection/activations/synthetic_harmlessness_015_upheld_layer47.npy
synthetic_harmlessness_015_upheld,synthetic,harmlessness,harmlessness,47,334.5057067871094,mean_centered,/Users/manouchehrrimer/Desktop/BlueDot_Perona_Vector_Project/outputs/vector_construction/persona_vectors/harmlessness_layer47.npy,/Users/manouchehrrimer/Desktop/BlueDot_Perona_Vector_Project/outputs/synthetic_projection/activations/synthetic_harmlessness_015_upheld_layer47.npy
synthetic_harmlessness_015_upheld,synthetic,harmlessness,fairness,47,-116.12305450439453,mean_centered,/Users/manouchehrrimer/Desktop/BlueDot_Perona_Vector_Project/outputs/vector_construction/persona_vectors/fairness_layer47.npy,/Users/manouchehrrimer/Desktop/BlueDot_Perona_Vector_Project/outputs/synthetic_projection/activations/synthetic_harmlessness_015_upheld_layer47.npy
synthetic_harmlessness_015_upheld,synthetic,harmlessness,compassion,47,-32.713287353515625,mean_centered,/Users/manouchehrrimer/Desktop/BlueDot_Perona_Vector_Project/outputs/vector_construction/persona_vectors/compassion_layer47.npy,/Users/manouchehrrimer/Desktop/BlueDot_Perona_Vector_Project/outputs/synthetic_projection/activations/synthetic_harmlessness_015_upheld_layer47.npy
synthetic_harmlessness_015_violated,synthetic,harmlessness,honesty,32,178.6136932373047,mean_centered,/Users/manouchehrrimer/Desktop/BlueDot_Perona_Vector_Project/outputs/vector_construction/persona_vectors/honesty_layer32.npy,/Users/manouchehrrimer/Desktop/BlueDot_Perona_Vector_Project/outputs/synthetic_projection/activations/synthetic_harmlessness_015_violated_layer32.npy
synthetic_harmlessness_015_violated,synthetic,harmlessness,harmlessness,32,304.5869140625,mean_centered,/Users/manouchehrrimer/Desktop/BlueDot_Perona_Vector_Project/outputs/vector_construction/persona_vectors/harmlessness_layer32.npy,/Users/manouchehrrimer/Desktop/BlueDot_Perona_Vector_Project/outputs/synthetic_projection/activations/synthetic_harmlessness_015_violated_layer32.npy
synthetic_harmlessness_015_violated,synthetic,harmlessness,fairness,32,-403.1784362792969,mean_centered,/Users/manouchehrrimer/Desktop/BlueDot_Perona_Vector_Project/outputs/vector_construction/persona_vectors/fairness_layer32.npy,/Users/manouchehrrimer/Desktop/BlueDot_Perona_Vector_Project/outputs/synthetic_projection/activations/synthetic_harmlessness_015_violated_layer32.npy
synthetic_harmlessness_015_violated,synthetic,harmlessness,compassion,32,137.14794921875,mean_centered,/Users/manouchehrrimer/Desktop/BlueDot_Perona_Vector_Project/outputs/vector_construction/persona_vectors/compassion_layer32.npy,/Users/manouchehrrimer/Desktop/BlueDot_Perona_Vector_Project/outputs/synthetic_projection/activations/synthetic_harmlessness_015_violated_layer32.npy
synthetic_harmlessness_015_violated,synthetic,harmlessness,honesty,40,-672.7493286132812,mean_centered,/Users/manouchehrrimer/Desktop/BlueDot_Perona_Vector_Project/outputs/vector_construction/persona_vectors/honesty_layer40.npy,/Users/manouchehrrimer/Desktop/BlueDot_Perona_Vector_Project/outputs/synthetic_projection/activations/synthetic_harmlessness_015_violated_layer40.npy
synthetic_harmlessness_015_violated,synthetic,harmlessness,harmlessness,40,437.24664306640625,mean_centered,/Users/manouchehrrimer/Desktop/BlueDot_Perona_Vector_Project/outputs/vector_construction/persona_vectors/harmlessness_layer40.npy,/Users/manouchehrrimer/Desktop/BlueDot_Perona_Vector_Project/outputs/synthetic_projection/activations/synthetic_harmlessness_015_violated_layer40.npy
synthetic_harmlessness_015_violated,synthetic,harmlessness,fairness,40,-1073.45849609375,mean_centered,/Users/manouchehrrimer/Desktop/BlueDot_Perona_Vector_Project/outputs/vector_construction/persona_vectors/fairness_layer40.npy,/Users/manouchehrrimer/Desktop/BlueDot_Perona_Vector_Project/outputs/synthetic_projection/activations/synthetic_harmlessness_015_violated_layer40.npy
synthetic_harmlessness_015_violated,synthetic,harmlessness,compassion,40,447.6254577636719,mean_centered,/Users/manouchehrrimer/Desktop/BlueDot_Perona_Vector_Project/outputs/vector_construction/persona_vectors/compassion_layer40.npy,/Users/manouchehrrimer/Desktop/BlueDot_Perona_Vector_Project/outputs/synthetic_projection/activations/synthetic_harmlessness_015_violated_layer40.npy
synthetic_harmlessness_015_violated,synthetic,harmlessness,honesty,47,719.41162109375,mean_centered,/Users/manouchehrrimer/Desktop/BlueDot_Perona_Vector_Project/outputs/vector_construction/persona_vectors/honesty_layer47.npy,/Users/manouchehrrimer/Desktop/BlueDot_Perona_Vector_Project/outputs/synthetic_projection/activations/synthetic_harmlessness_015_violated_layer47.npy
synthetic_harmlessness_015_violated,synthetic,harmlessness,harmlessness,47,958.5047607421875,mean_centered,/Users/manouchehrrimer/Desktop/BlueDot_Perona_Vector_Project/outputs/vector_construction/persona_vectors/harmlessness_layer47.npy,/Users/manouchehrrimer/Desktop/BlueDot_Perona_Vector_Project/outputs/synthetic_projection/activations/synthetic_harmlessness_015_violated_layer47.npy
synthetic_harmlessness_015_violated,synthetic,harmlessness,fairness,47,-534.7744140625,mean_centered,/Users/manouchehrrimer/Desktop/BlueDot_Perona_Vector_Project/outputs/vector_construction/persona_vectors/fairness_layer47.npy,/Users/manouchehrrimer/Desktop/BlueDot_Perona_Vector_Project/outputs/synthetic_projection/activations/synthetic_harmlessness_015_violated_layer47.npy
synthetic_harmlessness_015_violated,synthetic,harmlessness,compassion,47,612.1605224609375,mean_centered,/Users/manouchehrrimer/Desktop/BlueDot_Perona_Vector_Project/outputs/vector_construction/persona_vectors/compassion_layer47.npy,/Users/manouchehrrimer/Desktop/BlueDot_Perona_Vector_Project/outputs/synthetic_projection/activations/synthetic_harmlessness_015_violated_layer47.npy
synthetic_harmlessness_016_upheld,synthetic,harmlessness,honesty,32,228.4383087158203,mean_centered,/Users/manouchehrrimer/Desktop/BlueDot_Perona_Vector_Project/outputs/vector_construction/persona_vectors/honesty_layer32.npy,/Users/manouchehrrimer/Desktop/BlueDot_Perona_Vector_Project/outputs/synthetic_projection/activations/synthetic_harmlessness_016_upheld_layer32.npy
synthetic_harmlessness_016_upheld,synthetic,harmlessness,harmlessness,32,-575.89404296875,mean_centered,/Users/manouchehrrimer/Desktop/BlueDot_Perona_Vector_Project/outputs/vector_construction/persona_vectors/harmlessness_layer32.npy,/Users/manouchehrrimer/Desktop/BlueDot_Perona_Vector_Project/outputs/synthetic_projection/activations/synthetic_harmlessness_016_upheld_layer32.npy
synthetic_harmlessness_016_upheld,synthetic,harmlessness,fairness,32,436.20196533203125,mean_centered,/Users/manouchehrrimer/Desktop/BlueDot_Perona_Vector_Project/outputs/vector_construction/persona_vectors/fairness_layer32.npy,/Users/manouchehrrimer/Desktop/BlueDot_Perona_Vector_Project/outputs/synthetic_projection/activations/synthetic_harmlessness_016_upheld_layer32.npy
synthetic_harmlessness_016_upheld,synthetic,harmlessness,compassion,32,455.652587890625,mean_centered,/Users/manouchehrrimer/Desktop/BlueDot_Perona_Vector_Project/outputs/vector_construction/persona_vectors/compassion_layer32.npy,/Users/manouchehrrimer/Desktop/BlueDot_Perona_Vector_Project/outputs/synthetic_projection/activations/synthetic_harmlessness_016_upheld_layer32.npy
synthetic_harmlessness_016_upheld,synthetic,harmlessness,honesty,40,18.9539794921875,mean_centered,/Users/manouchehrrimer/Desktop/BlueDot_Perona_Vector_Project/outputs/vector_construction/persona_vectors/honesty_layer40.npy,/Users/manouchehrrimer/Desktop/BlueDot_Perona_Vector_Project/outputs/synthetic_projection/activations/synthetic_harmlessness_016_upheld_layer40.npy
synthetic_harmlessness_016_upheld,synthetic,harmlessness,harmlessness,40,30.738929748535156,mean_centered,/Users/manouchehrrimer/Desktop/BlueDot_Perona_Vector_Project/outputs/vector_construction/persona_vectors/harmlessness_layer40.npy,/Users/manouchehrrimer/Desktop/BlueDot_Perona_Vector_Project/outputs/synthetic_projection/activations/synthetic_harmlessness_016_upheld_layer40.npy
synthetic_harmlessness_016_upheld,synthetic,harmlessness,fairness,40,153.93753051757812,mean_centered,/Users/manouchehrrimer/Desktop/BlueDot_Perona_Vector_Project/outputs/vector_construction/persona_vectors/fairness_layer40.npy,/Users/manouchehrrimer/Desktop/BlueDot_Perona_Vector_Project/outputs/synthetic_projection/activations/synthetic_harmlessness_016_upheld_layer40.npy
synthetic_harmlessness_016_upheld,synthetic,harmlessness,compassion,40,-168.18777465820312,mean_centered,/Users/manouchehrrimer/Desktop/BlueDot_Perona_Vector_Project/outputs/vector_construction/persona_vectors/compassion_layer40.npy,/Users/manouchehrrimer/Desktop/BlueDot_Perona_Vector_Project/outputs/synthetic_projection/activations/synthetic_harmlessness_016_upheld_layer40.npy
synthetic_harmlessness_016_upheld,synthetic,harmlessness,honesty,47,3005.314453125,mean_centered,/Users/manouchehrrimer/Desktop/BlueDot_Perona_Vector_Project/outputs/vector_construction/persona_vectors/honesty_layer47.npy,/Users/manouchehrrimer/Desktop/BlueDot_Perona_Vector_Project/outputs/synthetic_projection/activations/synthetic_harmlessness_016_upheld_layer47.npy
synthetic_harmlessness_016_upheld,synthetic,harmlessness,harmlessness,47,4421.65673828125,mean_centered,/Users/manouchehrrimer/Desktop/BlueDot_Perona_Vector_Project/outputs/vector_construction/persona_vectors/harmlessness_layer47.npy,/Users/manouchehrrimer/Desktop/BlueDot_Perona_Vector_Project/outputs/synthetic_projection/activations/synthetic_harmlessness_016_upheld_layer47.npy
synthetic_harmlessness_016_upheld,synthetic,harmlessness,fairness,47,1447.672119140625,mean_centered,/Users/manouchehrrimer/Desktop/BlueDot_Perona_Vector_Project/outputs/vector_construction/persona_vectors/fairness_layer47.npy,/Users/manouchehrrimer/Desktop/BlueDot_Perona_Vector_Project/outputs/synthetic_projection/activations/synthetic_harmlessness_016_upheld_layer47.npy
synthetic_harmlessness_016_upheld,synthetic,harmlessness,compassion,47,1968.935302734375,mean_centered,/Users/manouchehrrimer/Desktop/BlueDot_Perona_Vector_Project/outputs/vector_construction/persona_vectors/compassion_layer47.npy,/Users/manouchehrrimer/Desktop/BlueDot_Perona_Vector_Project/outputs/synthetic_projection/activations/synthetic_harmlessness_016_upheld_layer47.npy
synthetic_harmlessness_016_violated,synthetic,harmlessness,honesty,32,349.40771484375,mean_centered,/Users/manouchehrrimer/Desktop/BlueDot_Perona_Vector_Project/outputs/vector_construction/persona_vectors/honesty_layer32.npy,/Users/manouchehrrimer/Desktop/BlueDot_Perona_Vector_Project/outputs/synthetic_projection/activations/synthetic_harmlessness_016_violated_layer32.npy
synthetic_harmlessness_016_violated,synthetic,harmlessness,harmlessness,32,276.1250305175781,mean_centered,/Users/manouchehrrimer/Desktop/BlueDot_Perona_Vector_Project/outputs/vector_construction/persona_vectors/harmlessness_layer32.npy,/Users/manouchehrrimer/Desktop/BlueDot_Perona_Vector_Project/outputs/synthetic_projection/activations/synthetic_harmlessness_016_violated_layer32.npy
synthetic_harmlessness_016_violated,synthetic,harmlessness,fairness,32,14.746673583984375,mean_centered,/Users/manouchehrrimer/Desktop/BlueDot_Perona_Vector_Project/outputs/vector_construction/persona_vectors/fairness_layer32.npy,/Users/manouchehrrimer/Desktop/BlueDot_Perona_Vector_Project/outputs/synthetic_projection/activations/synthetic_harmlessness_016_violated_layer32.npy
synthetic_harmlessness_016_violated,synthetic,harmlessness,compassion,32,231.67507934570312,mean_centered,/Users/manouchehrrimer/Desktop/BlueDot_Perona_Vector_Project/outputs/vector_construction/persona_vectors/compassion_layer32.npy,/Users/manouchehrrimer/Desktop/BlueDot_Perona_Vector_Project/outputs/synthetic_projection/activations/synthetic_harmlessness_016_violated_layer32.npy
synthetic_harmlessness_016_violated,synthetic,harmlessness,honesty,40,2470.736083984375,mean_centered,/Users/manouchehrrimer/Desktop/BlueDot_Perona_Vector_Project/outputs/vector_construction/persona_vectors/honesty_layer40.npy,/Users/manouchehrrimer/Desktop/BlueDot_Perona_Vector_Project/outputs/synthetic_projection/activations/synthetic_harmlessness_016_violated_layer40.npy
synthetic_harmlessness_016_violated,synthetic,harmlessness,harmlessness,40,965.9638671875,mean_centered,/Users/manouchehrrimer/Desktop/BlueDot_Perona_Vector_Project/outputs/vector_construction/persona_vectors/harmlessness_layer40.npy,/Users/manouchehrrimer/Desktop/BlueDot_Perona_Vector_Project/outputs/synthetic_projection/activations/synthetic_harmlessness_016_violated_layer40.npy
synthetic_harmlessness_016_violated,synthetic,harmlessness,fairness,40,1568.7254638671875,mean_centered,/Users/manouchehrrimer/Desktop/BlueDot_Perona_Vector_Project/outputs/vector_construction/persona_vectors/fairness_layer40.npy,/Users/manouchehrrimer/Desktop/BlueDot_Perona_Vector_Project/outputs/synthetic_projection/activations/synthetic_harmlessness_016_violated_layer40.npy
synthetic_harmlessness_016_violated,synthetic,harmlessness,compassion,40,262.2232971191406,mean_centered,/Users/manouchehrrimer/Desktop/BlueDot_Perona_Vector_Project/outputs/vector_construction/persona_vectors/compassion_layer40.npy,/Users/manouchehrrimer/Desktop/BlueDot_Perona_Vector_Project/outputs/synthetic_projection/activations/synthetic_harmlessness_016_violated_layer40.npy
synthetic_harmlessness_016_violated,synthetic,harmlessness,honesty,47,2262.897705078125,mean_centered,/Users/manouchehrrimer/Desktop/BlueDot_Perona_Vector_Project/outputs/vector_construction/persona_vectors/honesty_layer47.npy,/Users/manouchehrrimer/Desktop/BlueDot_Perona_Vector_Project/outputs/synthetic_projection/activations/synthetic_harmlessness_016_violated_layer47.npy
synthetic_harmlessness_016_violated,synthetic,harmlessness,harmlessness,47,2500.434814453125,mean_centered,/Users/manouchehrrimer/Desktop/BlueDot_Perona_Vector_Project/outputs/vector_construction/persona_vectors/harmlessness_layer47.npy,/Users/manouchehrrimer/Desktop/BlueDot_Perona_Vector_Project/outputs/synthetic_projection/activations/synthetic_harmlessness_016_violated_layer47.npy
synthetic_harmlessness_016_violated,synthetic,harmlessness,fairness,47,154.57449340820312,mean_centered,/Users/manouchehrrimer/Desktop/BlueDot_Perona_Vector_Project/outputs/vector_construction/persona_vectors/fairness_layer47.npy,/Users/manouchehrrimer/Desktop/BlueDot_Perona_Vector_Project/outputs/synthetic_projection/activations/synthetic_harmlessness_016_violated_layer47.npy
synthetic_harmlessness_016_violated,synthetic,harmlessness,compassion,47,1209.3331298828125,mean_centered,/Users/manouchehrrimer/Desktop/BlueDot_Perona_Vector_Project/outputs/vector_construction/persona_vectors/compassion_layer47.npy,/Users/manouchehrrimer/Desktop/BlueDot_Perona_Vector_Project/outputs/synthetic_projection/activations/synthetic_harmlessness_016_violated_layer47.npy
synthetic_harmlessness_017_upheld,synthetic,harmlessness,honesty,32,-1359.8538818359375,mean_centered,/Users/manouchehrrimer/Desktop/BlueDot_Perona_Vector_Project/outputs/vector_construction/persona_vectors/honesty_layer32.npy,/Users/manouchehrrimer/Desktop/BlueDot_Perona_Vector_Project/outputs/synthetic_projection/activations/synthetic_harmlessness_017_upheld_layer32.npy
synthetic_harmlessness_017_upheld,synthetic,harmlessness,harmlessness,32,1120.5950927734375,mean_centered,/Users/manouchehrrimer/Desktop/BlueDot_Perona_Vector_Project/outputs/vector_construction/persona_vectors/harmlessness_layer32.npy,/Users/manouchehrrimer/Desktop/BlueDot_Perona_Vector_Project/outputs/synthetic_projection/activations/synthetic_harmlessness_017_upheld_layer32.npy
synthetic_harmlessness_017_upheld,synthetic,harmlessness,fairness,32,-900.27685546875,mean_centered,/Users/manouchehrrimer/Desktop/BlueDot_Perona_Vector_Project/outputs/vector_construction/persona_vectors/fairness_layer32.npy,/Users/manouchehrrimer/Desktop/BlueDot_Perona_Vector_Project/outputs/synthetic_projection/activations/synthetic_harmlessness_017_upheld_layer32.npy
synthetic_harmlessness_017_upheld,synthetic,harmlessness,compassion,32,-700.1806030273438,mean_centered,/Users/manouchehrrimer/Desktop/BlueDot_Perona_Vector_Project/outputs/vector_construction/persona_vectors/compassion_layer32.npy,/Users/manouchehrrimer/Desktop/BlueDot_Perona_Vector_Project/outputs/synthetic_projection/activations/synthetic_harmlessness_017_upheld_layer32.npy
synthetic_harmlessness_017_upheld,synthetic,harmlessness,honesty,40,-1963.689697265625,mean_centered,/Users/manouchehrrimer/Desktop/BlueDot_Perona_Vector_Project/outputs/vector_construction/persona_vectors/honesty_layer40.npy,/Users/manouchehrrimer/Desktop/BlueDot_Perona_Vector_Project/outputs/synthetic_projection/activations/synthetic_harmlessness_017_upheld_layer40.npy
synthetic_harmlessness_017_upheld,synthetic,harmlessness,harmlessness,40,-23.0616455078125,mean_centered,/Users/manouchehrrimer/Desktop/BlueDot_Perona_Vector_Project/outputs/vector_construction/persona_vectors/harmlessness_layer40.npy,/Users/manouchehrrimer/Desktop/BlueDot_Perona_Vector_Project/outputs/synthetic_projection/activations/synthetic_harmlessness_017_upheld_layer40.npy
synthetic_harmlessness_017_upheld,synthetic,harmlessness,fairness,40,-1016.9222412109375,mean_centered,/Users/manouchehrrimer/Desktop/BlueDot_Perona_Vector_Project/outputs/vector_construction/persona_vectors/fairness_layer40.npy,/Users/manouchehrrimer/Desktop/BlueDot_Perona_Vector_Project/outputs/synthetic_projection/activations/synthetic_harmlessness_017_upheld_layer40.npy
synthetic_harmlessness_017_upheld,synthetic,harmlessness,compassion,40,-189.8394775390625,mean_centered,/Users/manouchehrrimer/Desktop/BlueDot_Perona_Vector_Project/outputs/vector_construction/persona_vectors/compassion_layer40.npy,/Users/manouchehrrimer/Desktop/BlueDot_Perona_Vector_Project/outputs/synthetic_projection/activations/synthetic_harmlessness_017_upheld_layer40.npy
synthetic_harmlessness_017_upheld,synthetic,harmlessness,honesty,47,412.67193603515625,mean_centered,/Users/manouchehrrimer/Desktop/BlueDot_Perona_Vector_Project/outputs/vector_construction/persona_vectors/honesty_layer47.npy,/Users/manouchehrrimer/Desktop/BlueDot_Perona_Vector_Project/outputs/synthetic_projection/activations/synthetic_harmlessness_017_upheld_layer47.npy
synthetic_harmlessness_017_upheld,synthetic,harmlessness,harmlessness,47,977.372802734375,mean_centered,/Users/manouchehrrimer/Desktop/BlueDot_Perona_Vector_Project/outputs/vector_construction/persona_vectors/harmlessness_layer47.npy,/Users/manouchehrrimer/Desktop/BlueDot_Perona_Vector_Project/outputs/synthetic_projection/activations/synthetic_harmlessness_017_upheld_layer47.npy
synthetic_harmlessness_017_upheld,synthetic,harmlessness,fairness,47,411.80029296875,mean_centered,/Users/manouchehrrimer/Desktop/BlueDot_Perona_Vector_Project/outputs/vector_construction/persona_vectors/fairness_layer47.npy,/Users/manouchehrrimer/Desktop/BlueDot_Perona_Vector_Project/outputs/synthetic_projection/activations/synthetic_harmlessness_017_upheld_layer47.npy
synthetic_harmlessness_017_upheld,synthetic,harmlessness,compassion,47,268.41070556640625,mean_centered,/Users/manouchehrrimer/Desktop/BlueDot_Perona_Vector_Project/outputs/vector_construction/persona_vectors/compassion_layer47.npy,/Users/manouchehrrimer/Desktop/BlueDot_Perona_Vector_Project/outputs/synthetic_projection/activations/synthetic_harmlessness_017_upheld_layer47.npy
synthetic_harmlessness_017_violated,synthetic,harmlessness,honesty,32,-57.38209533691406,mean_centered,/Users/manouchehrrimer/Desktop/BlueDot_Perona_Vector_Project/outputs/vector_construction/persona_vectors/honesty_layer32.npy,/Users/manouchehrrimer/Desktop/BlueDot_Perona_Vector_Project/outputs/synthetic_projection/activations/synthetic_harmlessness_017_violated_layer32.npy
synthetic_harmlessness_017_violated,synthetic,harmlessness,harmlessness,32,489.9834899902344,mean_centered,/Users/manouchehrrimer/Desktop/BlueDot_Perona_Vector_Project/outputs/vector_construction/persona_vectors/harmlessness_layer32.npy,/Users/manouchehrrimer/Desktop/BlueDot_Perona_Vector_Project/outputs/synthetic_projection/activations/synthetic_harmlessness_017_violated_layer32.npy
synthetic_harmlessness_017_violated,synthetic,harmlessness,fairness,32,-455.5428466796875,mean_centered,/Users/manouchehrrimer/Desktop/BlueDot_Perona_Vector_Project/outputs/vector_construction/persona_vectors/fairness_layer32.npy,/Users/manouchehrrimer/Desktop/BlueDot_Perona_Vector_Project/outputs/synthetic_projection/activations/synthetic_harmlessness_017_violated_layer32.npy
synthetic_harmlessness_017_violated,synthetic,harmlessness,compassion,32,-40.662330627441406,mean_centered,/Users/manouchehrrimer/Desktop/BlueDot_Perona_Vector_Project/outputs/vector_construction/persona_vectors/compassion_layer32.npy,/Users/manouchehrrimer/Desktop/BlueDot_Perona_Vector_Project/outputs/synthetic_projection/activations/synthetic_harmlessness_017_violated_layer32.npy
synthetic_harmlessness_017_violated,synthetic,harmlessness,honesty,40,-2324.507568359375,mean_centered,/Users/manouchehrrimer/Desktop/BlueDot_Perona_Vector_Project/outputs/vector_construction/persona_vectors/honesty_layer40.npy,/Users/manouchehrrimer/Desktop/BlueDot_Perona_Vector_Project/outputs/synthetic_projection/activations/synthetic_harmlessness_017_violated_layer40.npy
synthetic_harmlessness_017_violated,synthetic,harmlessness,harmlessness,40,305.2151794433594,mean_centered,/Users/manouchehrrimer/Desktop/BlueDot_Perona_Vector_Project/outputs/vector_construction/persona_vectors/harmlessness_layer40.npy,/Users/manouchehrrimer/Desktop/BlueDot_Perona_Vector_Project/outputs/synthetic_projection/activations/synthetic_harmlessness_017_violated_layer40.npy
synthetic_harmlessness_017_violated,synthetic,harmlessness,fairness,40,-2030.9332275390625,mean_centered,/Users/manouchehrrimer/Desktop/BlueDot_Perona_Vector_Project/outputs/vector_construction/persona_vectors/fairness_layer40.npy,/Users/manouchehrrimer/Desktop/BlueDot_Perona_Vector_Project/outputs/synthetic_projection/activations/synthetic_harmlessness_017_violated_layer40.npy
synthetic_harmlessness_017_violated,synthetic,harmlessness,compassion,40,444.5957946777344,mean_centered,/Users/manouchehrrimer/Desktop/BlueDot_Perona_Vector_Project/outputs/vector_construction/persona_vectors/compassion_layer40.npy,/Users/manouchehrrimer/Desktop/BlueDot_Perona_Vector_Project/outputs/synthetic_projection/activations/synthetic_harmlessness_017_violated_layer40.npy
synthetic_harmlessness_017_violated,synthetic,harmlessness,honesty,47,-471.4256896972656,mean_centered,/Users/manouchehrrimer/Desktop/BlueDot_Perona_Vector_Project/outputs/vector_construction/persona_vectors/honesty_layer47.npy,/Users/manouchehrrimer/Desktop/BlueDot_Perona_Vector_Project/outputs/synthetic_projection/activations/synthetic_harmlessness_017_violated_layer47.npy
synthetic_harmlessness_017_violated,synthetic,harmlessness,harmlessness,47,-593.21484375,mean_centered,/Users/manouchehrrimer/Desktop/BlueDot_Perona_Vector_Project/outputs/vector_construction/persona_vectors/harmlessness_layer47.npy,/Users/manouchehrrimer/Desktop/BlueDot_Perona_Vector_Project/outputs/synthetic_projection/activations/synthetic_harmlessness_017_violated_layer47.npy
synthetic_harmlessness_017_violated,synthetic,harmlessness,fairness,47,-745.66455078125,mean_centered,/Users/manouchehrrimer/Desktop/BlueDot_Perona_Vector_Project/outputs/vector_construction/persona_vectors/fairness_layer47.npy,/Users/manouchehrrimer/Desktop/BlueDot_Perona_Vector_Project/outputs/synthetic_projection/activations/synthetic_harmlessness_017_violated_layer47.npy
synthetic_harmlessness_017_violated,synthetic,harmlessness,compassion,47,-212.75225830078125,mean_centered,/Users/manouchehrrimer/Desktop/BlueDot_Perona_Vector_Project/outputs/vector_construction/persona_vectors/compassion_layer47.npy,/Users/manouchehrrimer/Desktop/BlueDot_Perona_Vector_Project/outputs/synthetic_projection/activations/synthetic_harmlessness_017_violated_layer47.npy
synthetic_harmlessness_018_upheld,synthetic,harmlessness,honesty,32,197.12637329101562,mean_centered,/Users/manouchehrrimer/Desktop/BlueDot_Perona_Vector_Project/outputs/vector_construction/persona_vectors/honesty_layer32.npy,/Users/manouchehrrimer/Desktop/BlueDot_Perona_Vector_Project/outputs/synthetic_projection/activations/synthetic_harmlessness_018_upheld_layer32.npy
synthetic_harmlessness_018_upheld,synthetic,harmlessness,harmlessness,32,-554.8583984375,mean_centered,/Users/manouchehrrimer/Desktop/BlueDot_Perona_Vector_Project/outputs/vector_construction/persona_vectors/harmlessness_layer32.npy,/Users/manouchehrrimer/Desktop/BlueDot_Perona_Vector_Project/outputs/synthetic_projection/activations/synthetic_harmlessness_018_upheld_layer32.npy
synthetic_harmlessness_018_upheld,synthetic,harmlessness,fairness,32,536.017333984375,mean_centered,/Users/manouchehrrimer/Desktop/BlueDot_Perona_Vector_Project/outputs/vector_construction/persona_vectors/fairness_layer32.npy,/Users/manouchehrrimer/Desktop/BlueDot_Perona_Vector_Project/outputs/synthetic_projection/activations/synthetic_harmlessness_018_upheld_layer32.npy
synthetic_harmlessness_018_upheld,synthetic,harmlessness,compassion,32,158.55377197265625,mean_centered,/Users/manouchehrrimer/Desktop/BlueDot_Perona_Vector_Project/outputs/vector_construction/persona_vectors/compassion_layer32.npy,/Users/manouchehrrimer/Desktop/BlueDot_Perona_Vector_Project/outputs/synthetic_projection/activations/synthetic_harmlessness_018_upheld_layer32.npy
synthetic_harmlessness_018_upheld,synthetic,harmlessness,honesty,40,-195.33798217773438,mean_centered,/Users/manouchehrrimer/Desktop/BlueDot_Perona_Vector_Project/outputs/vector_construction/persona_vectors/honesty_layer40.npy,/Users/manouchehrrimer/Desktop/BlueDot_Perona_Vector_Project/outputs/synthetic_projection/activations/synthetic_harmlessness_018_upheld_layer40.npy
synthetic_harmlessness_018_upheld,synthetic,harmlessness,harmlessness,40,-2.474416732788086,mean_centered,/Users/manouchehrrimer/Desktop/BlueDot_Perona_Vector_Project/outputs/vector_construction/persona_vectors/harmlessness_layer40.npy,/Users/manouchehrrimer/Desktop/BlueDot_Perona_Vector_Project/outputs/synthetic_projection/activations/synthetic_harmlessness_018_upheld_layer40.npy
synthetic_harmlessness_018_upheld,synthetic,harmlessness,fairness,40,194.4508056640625,mean_centered,/Users/manouchehrrimer/Desktop/BlueDot_Perona_Vector_Project/outputs/vector_construction/persona_vectors/fairness_layer40.npy,/Users/manouchehrrimer/Desktop/BlueDot_Perona_Vector_Project/outputs/synthetic_projection/activations/synthetic_harmlessness_018_upheld_layer40.npy
synthetic_harmlessness_018_upheld,synthetic,harmlessness,compassion,40,-283.3192443847656,mean_centered,/Users/manouchehrrimer/Desktop/BlueDot_Perona_Vector_Project/outputs/vector_construction/persona_vectors/compassion_layer40.npy,/Users/manouchehrrimer/Desktop/BlueDot_Perona_Vector_Project/outputs/synthetic_projection/activations/synthetic_harmlessness_018_upheld_layer40.npy
synthetic_harmlessness_018_upheld,synthetic,harmlessness,honesty,47,1687.100830078125,mean_centered,/Users/manouchehrrimer/Desktop/BlueDot_Perona_Vector_Project/outputs/vector_construction/persona_vectors/honesty_layer47.npy,/Users/manouchehrrimer/Desktop/BlueDot_Perona_Vector_Project/outputs/synthetic_projection/activations/synthetic_harmlessness_018_upheld_layer47.npy
synthetic_harmlessness_018_upheld,synthetic,harmlessness,harmlessness,47,2749.6982421875,mean_centered,/Users/manouchehrrimer/Desktop/BlueDot_Perona_Vector_Project/outputs/vector_construction/persona_vectors/harmlessness_layer47.npy,/Users/manouchehrrimer/Desktop/BlueDot_Perona_Vector_Project/outputs/synthetic_projection/activations/synthetic_harmlessness_018_upheld_layer47.npy
synthetic_harmlessness_018_upheld,synthetic,harmlessness,fairness,47,1390.986083984375,mean_centered,/Users/manouchehrrimer/Desktop/BlueDot_Perona_Vector_Project/outputs/vector_construction/persona_vectors/fairness_layer47.npy,/Users/manouchehrrimer/Desktop/BlueDot_Perona_Vector_Project/outputs/synthetic_projection/activations/synthetic_harmlessness_018_upheld_layer47.npy
synthetic_harmlessness_018_upheld,synthetic,harmlessness,compassion,47,984.4119262695312,mean_centered,/Users/manouchehrrimer/Desktop/BlueDot_Perona_Vector_Project/outputs/vector_construction/persona_vectors/compassion_layer47.npy,/Users/manouchehrrimer/Desktop/BlueDot_Perona_Vector_Project/outputs/synthetic_projection/activations/synthetic_harmlessness_018_upheld_layer47.npy
synthetic_harmlessness_018_violated,synthetic,harmlessness,honesty,32,805.8134765625,mean_centered,/Users/manouchehrrimer/Desktop/BlueDot_Perona_Vector_Project/outputs/vector_construction/persona_vectors/honesty_layer32.npy,/Users/manouchehrrimer/Desktop/BlueDot_Perona_Vector_Project/outputs/synthetic_projection/activations/synthetic_harmlessness_018_violated_layer32.npy
synthetic_harmlessness_018_violated,synthetic,harmlessness,harmlessness,32,-549.7294311523438,mean_centered,/Users/manouchehrrimer/Desktop/BlueDot_Perona_Vector_Project/outputs/vector_construction/persona_vectors/harmlessness_layer32.npy,/Users/manouchehrrimer/Desktop/BlueDot_Perona_Vector_Project/outputs/synthetic_projection/activations/synthetic_harmlessness_018_violated_layer32.npy
synthetic_harmlessness_018_violated,synthetic,harmlessness,fairness,32,395.6262512207031,mean_centered,/Users/manouchehrrimer/Desktop/BlueDot_Perona_Vector_Project/outputs/vector_construction/persona_vectors/fairness_layer32.npy,/Users/manouchehrrimer/Desktop/BlueDot_Perona_Vector_Project/outputs/synthetic_projection/activations/synthetic_harmlessness_018_violated_layer32.npy
synthetic_harmlessness_018_violated,synthetic,harmlessness,compassion,32,501.94793701171875,mean_centered,/Users/manouchehrrimer/Desktop/BlueDot_Perona_Vector_Project/outputs/vector_construction/persona_vectors/compassion_layer32.npy,/Users/manouchehrrimer/Desktop/BlueDot_Perona_Vector_Project/outputs/synthetic_projection/activations/synthetic_harmlessness_018_violated_layer32.npy
synthetic_harmlessness_018_violated,synthetic,harmlessness,honesty,40,516.9474487304688,mean_centered,/Users/manouchehrrimer/Desktop/BlueDot_Perona_Vector_Project/outputs/vector_construction/persona_vectors/honesty_layer40.npy,/Users/manouchehrrimer/Desktop/BlueDot_Perona_Vector_Project/outputs/synthetic_projection/activations/synthetic_harmlessness_018_violated_layer40.npy
synthetic_harmlessness_018_violated,synthetic,harmlessness,harmlessness,40,357.06982421875,mean_centered,/Users/manouchehrrimer/Desktop/BlueDot_Perona_Vector_Project/outputs/vector_construction/persona_vectors/harmlessness_layer40.npy,/Users/manouchehrrimer/Desktop/BlueDot_Perona_Vector_Project/outputs/synthetic_projection/activations/synthetic_harmlessness_018_violated_layer40.npy
synthetic_harmlessness_018_violated,synthetic,harmlessness,fairness,40,66.791748046875,mean_centered,/Users/manouchehrrimer/Desktop/BlueDot_Perona_Vector_Project/outputs/vector_construction/persona_vectors/fairness_layer40.npy,/Users/manouchehrrimer/Desktop/BlueDot_Perona_Vector_Project/outputs/synthetic_projection/activations/synthetic_harmlessness_018_violated_layer40.npy
synthetic_harmlessness_018_violated,synthetic,harmlessness,compassion,40,-241.70254516601562,mean_centered,/Users/manouchehrrimer/Desktop/BlueDot_Perona_Vector_Project/outputs/vector_construction/persona_vectors/compassion_layer40.npy,/Users/manouchehrrimer/Desktop/BlueDot_Perona_Vector_Project/outputs/synthetic_projection/activations/synthetic_harmlessness_018_violated_layer40.npy
synthetic_harmlessness_018_violated,synthetic,harmlessness,honesty,47,1541.160400390625,mean_centered,/Users/manouchehrrimer/Desktop/BlueDot_Perona_Vector_Project/outputs/vector_construction/persona_vectors/honesty_layer47.npy,/Users/manouchehrrimer/Desktop/BlueDot_Perona_Vector_Project/outputs/synthetic_projection/activations/synthetic_harmlessness_018_violated_layer47.npy
synthetic_harmlessness_018_violated,synthetic,harmlessness,harmlessness,47,1701.96630859375,mean_centered,/Users/manouchehrrimer/Desktop/BlueDot_Perona_Vector_Project/outputs/vector_construction/persona_vectors/harmlessness_layer47.npy,/Users/manouchehrrimer/Desktop/BlueDot_Perona_Vector_Project/outputs/synthetic_projection/activations/synthetic_harmlessness_018_violated_layer47.npy
synthetic_harmlessness_018_violated,synthetic,harmlessness,fairness,47,397.7480773925781,mean_centered,/Users/manouchehrrimer/Desktop/BlueDot_Perona_Vector_Project/outputs/vector_construction/persona_vectors/fairness_layer47.npy,/Users/manouchehrrimer/Desktop/BlueDot_Perona_Vector_Project/outputs/synthetic_projection/activations/synthetic_harmlessness_018_violated_layer47.npy
synthetic_harmlessness_018_violated,synthetic,harmlessness,compassion,47,436.184326171875,mean_centered,/Users/manouchehrrimer/Desktop/BlueDot_Perona_Vector_Project/outputs/vector_construction/persona_vectors/compassion_layer47.npy,/Users/manouchehrrimer/Desktop/BlueDot_Perona_Vector_Project/outputs/synthetic_projection/activations/synthetic_harmlessness_018_violated_layer47.npy
synthetic_harmlessness_019_upheld,synthetic,harmlessness,honesty,32,-74.38249969482422,mean_centered,/Users/manouchehrrimer/Desktop/BlueDot_Perona_Vector_Project/outputs/vector_construction/persona_vectors/honesty_layer32.npy,/Users/manouchehrrimer/Desktop/BlueDot_Perona_Vector_Project/outputs/synthetic_projection/activations/synthetic_harmlessness_019_upheld_layer32.npy
synthetic_harmlessness_019_upheld,synthetic,harmlessness,harmlessness,32,-72.49014282226562,mean_centered,/Users/manouchehrrimer/Desktop/BlueDot_Perona_Vector_Project/outputs/vector_construction/persona_vectors/harmlessness_layer32.npy,/Users/manouchehrrimer/Desktop/BlueDot_Perona_Vector_Project/outputs/synthetic_projection/activations/synthetic_harmlessness_019_upheld_layer32.npy
synthetic_harmlessness_019_upheld,synthetic,harmlessness,fairness,32,171.75738525390625,mean_centered,/Users/manouchehrrimer/Desktop/BlueDot_Perona_Vector_Project/outputs/vector_construction/persona_vectors/fairness_layer32.npy,/Users/manouchehrrimer/Desktop/BlueDot_Perona_Vector_Project/outputs/synthetic_projection/activations/synthetic_harmlessness_019_upheld_layer32.npy
synthetic_harmlessness_019_upheld,synthetic,harmlessness,compassion,32,230.2165069580078,mean_centered,/Users/manouchehrrimer/Desktop/BlueDot_Perona_Vector_Project/outputs/vector_construction/persona_vectors/compassion_layer32.npy,/Users/manouchehrrimer/Desktop/BlueDot_Perona_Vector_Project/outputs/synthetic_projection/activations/synthetic_harmlessness_019_upheld_layer32.npy
synthetic_harmlessness_019_upheld,synthetic,harmlessness,honesty,40,1361.0772705078125,mean_centered,/Users/manouchehrrimer/Desktop/BlueDot_Perona_Vector_Project/outputs/vector_construction/persona_vectors/honesty_layer40.npy,/Users/manouchehrrimer/Desktop/BlueDot_Perona_Vector_Project/outputs/synthetic_projection/activations/synthetic_harmlessness_019_upheld_layer40.npy
synthetic_harmlessness_019_upheld,synthetic,harmlessness,harmlessness,40,153.74026489257812,mean_centered,/Users/manouchehrrimer/Desktop/BlueDot_Perona_Vector_Project/outputs/vector_construction/persona_vectors/harmlessness_layer40.npy,/Users/manouchehrrimer/Desktop/BlueDot_Perona_Vector_Project/outputs/synthetic_projection/activations/synthetic_harmlessness_019_upheld_layer40.npy
synthetic_harmlessness_019_upheld,synthetic,harmlessness,fairness,40,1265.78857421875,mean_centered,/Users/manouchehrrimer/Desktop/BlueDot_Perona_Vector_Project/outputs/vector_construction/persona_vectors/fairness_layer40.npy,/Users/manouchehrrimer/Desktop/BlueDot_Perona_Vector_Project/outputs/synthetic_projection/activations/synthetic_harmlessness_019_upheld_layer40.npy
synthetic_harmlessness_019_upheld,synthetic,harmlessness,compassion,40,-29.2193603515625,mean_centered,/Users/manouchehrrimer/Desktop/BlueDot_Perona_Vector_Project/outputs/vector_construction/persona_vectors/compassion_layer40.npy,/Users/manouchehrrimer/Desktop/BlueDot_Perona_Vector_Project/outputs/synthetic_projection/activations/synthetic_harmlessness_019_upheld_layer40.npy
synthetic_harmlessness_019_upheld,synthetic,harmlessness,honesty,47,3398.78662109375,mean_centered,/Users/manouchehrrimer/Desktop/BlueDot_Perona_Vector_Project/outputs/vector_construction/persona_vectors/honesty_layer47.npy,/Users/manouchehrrimer/Desktop/BlueDot_Perona_Vector_Project/outputs/synthetic_projection/activations/synthetic_harmlessness_019_upheld_layer47.npy
synthetic_harmlessness_019_upheld,synthetic,harmlessness,harmlessness,47,4956.99951171875,mean_centered,/Users/manouchehrrimer/Desktop/BlueDot_Perona_Vector_Project/outputs/vector_construction/persona_vectors/harmlessness_layer47.npy,/Users/manouchehrrimer/Desktop/BlueDot_Perona_Vector_Project/outputs/synthetic_projection/activations/synthetic_harmlessness_019_upheld_layer47.npy
synthetic_harmlessness_019_upheld,synthetic,harmlessness,fairness,47,1778.4598388671875,mean_centered,/Users/manouchehrrimer/Desktop/BlueDot_Perona_Vector_Project/outputs/vector_construction/persona_vectors/fairness_layer47.npy,/Users/manouchehrrimer/Desktop/BlueDot_Perona_Vector_Project/outputs/synthetic_projection/activations/synthetic_harmlessness_019_upheld_layer47.npy
synthetic_harmlessness_019_upheld,synthetic,harmlessness,compassion,47,2107.329345703125,mean_centered,/Users/manouchehrrimer/Desktop/BlueDot_Perona_Vector_Project/outputs/vector_construction/persona_vectors/compassion_layer47.npy,/Users/manouchehrrimer/Desktop/BlueDot_Perona_Vector_Project/outputs/synthetic_projection/activations/synthetic_harmlessness_019_upheld_layer47.npy
synthetic_harmlessness_019_violated,synthetic,harmlessness,honesty,32,391.6927490234375,mean_centered,/Users/manouchehrrimer/Desktop/BlueDot_Perona_Vector_Project/outputs/vector_construction/persona_vectors/honesty_layer32.npy,/Users/manouchehrrimer/Desktop/BlueDot_Perona_Vector_Project/outputs/synthetic_projection/activations/synthetic_harmlessness_019_violated_layer32.npy
synthetic_harmlessness_019_violated,synthetic,harmlessness,harmlessness,32,469.17108154296875,mean_centered,/Users/manouchehrrimer/Desktop/BlueDot_Perona_Vector_Project/outputs/vector_construction/persona_vectors/harmlessness_layer32.npy,/Users/manouchehrrimer/Desktop/BlueDot_Perona_Vector_Project/outputs/synthetic_projection/activations/synthetic_harmlessness_019_violated_layer32.npy
synthetic_harmlessness_019_violated,synthetic,harmlessness,fairness,32,-327.23272705078125,mean_centered,/Users/manouchehrrimer/Desktop/BlueDot_Perona_Vector_Project/outputs/vector_construction/persona_vectors/fairness_layer32.npy,/Users/manouchehrrimer/Desktop/BlueDot_Perona_Vector_Project/outputs/synthetic_projection/activations/synthetic_harmlessness_019_violated_layer32.npy
synthetic_harmlessness_019_violated,synthetic,harmlessness,compassion,32,135.9446563720703,mean_centered,/Users/manouchehrrimer/Desktop/BlueDot_Perona_Vector_Project/outputs/vector_construction/persona_vectors/compassion_layer32.npy,/Users/manouchehrrimer/Desktop/BlueDot_Perona_Vector_Project/outputs/synthetic_projection/activations/synthetic_harmlessness_019_violated_layer32.npy
synthetic_harmlessness_019_violated,synthetic,harmlessness,honesty,40,-1793.90283203125,mean_centered,/Users/manouchehrrimer/Desktop/BlueDot_Perona_Vector_Project/outputs/vector_construction/persona_vectors/honesty_layer40.npy,/Users/manouchehrrimer/Desktop/BlueDot_Perona_Vector_Project/outputs/synthetic_projection/activations/synthetic_harmlessness_019_violated_layer40.npy
synthetic_harmlessness_019_violated,synthetic,harmlessness,harmlessness,40,1050.539794921875,mean_centered,/Users/manouchehrrimer/Desktop/BlueDot_Perona_Vector_Project/outputs/vector_construction/persona_vectors/harmlessness_layer40.npy,/Users/manouchehrrimer/Desktop/BlueDot_Perona_Vector_Project/outputs/synthetic_projection/activations/synthetic_harmlessness_019_violated_layer40.npy
synthetic_harmlessness_019_violated,synthetic,harmlessness,fairness,40,-1782.8623046875,mean_centered,/Users/manouchehrrimer/Desktop/BlueDot_Perona_Vector_Project/outputs/vector_construction/persona_vectors/fairness_layer40.npy,/Users/manouchehrrimer/Desktop/BlueDot_Perona_Vector_Project/outputs/synthetic_projection/activations/synthetic_harmlessness_019_violated_layer40.npy
synthetic_harmlessness_019_violated,synthetic,harmlessness,compassion,40,-305.5853271484375,mean_centered,/Users/manouchehrrimer/Desktop/BlueDot_Perona_Vector_Project/outputs/vector_construction/persona_vectors/compassion_layer40.npy,/Users/manouchehrrimer/Desktop/BlueDot_Perona_Vector_Project/outputs/synthetic_projection/activations/synthetic_harmlessness_019_violated_layer40.npy
synthetic_harmlessness_019_violated,synthetic,harmlessness,honesty,47,-182.24139404296875,mean_centered,/Users/manouchehrrimer/Desktop/BlueDot_Perona_Vector_Project/outputs/vector_construction/persona_vectors/honesty_layer47.npy,/Users/manouchehrrimer/Desktop/BlueDot_Perona_Vector_Project/outputs/synthetic_projection/activations/synthetic_harmlessness_019_violated_layer47.npy
synthetic_harmlessness_019_violated,synthetic,harmlessness,harmlessness,47,205.75775146484375,mean_centered,/Users/manouchehrrimer/Desktop/BlueDot_Perona_Vector_Project/outputs/vector_construction/persona_vectors/harmlessness_layer47.npy,/Users/manouchehrrimer/Desktop/BlueDot_Perona_Vector_Project/outputs/synthetic_projection/activations/synthetic_harmlessness_019_violated_layer47.npy
synthetic_harmlessness_019_violated,synthetic,harmlessness,fairness,47,-861.1484985351562,mean_centered,/Users/manouchehrrimer/Desktop/BlueDot_Perona_Vector_Project/outputs/vector_construction/persona_vectors/fairness_layer47.npy,/Users/manouchehrrimer/Desktop/BlueDot_Perona_Vector_Project/outputs/synthetic_projection/activations/synthetic_harmlessness_019_violated_layer47.npy
synthetic_harmlessness_019_violated,synthetic,harmlessness,compassion,47,-938.7769165039062,mean_centered,/Users/manouchehrrimer/Desktop/BlueDot_Perona_Vector_Project/outputs/vector_construction/persona_vectors/compassion_layer47.npy,/Users/manouchehrrimer/Desktop/BlueDot_Perona_Vector_Project/outputs/synthetic_projection/activations/synthetic_harmlessness_019_violated_layer47.npy
synthetic_harmlessness_020_upheld,synthetic,harmlessness,honesty,32,971.7049560546875,mean_centered,/Users/manouchehrrimer/Desktop/BlueDot_Perona_Vector_Project/outputs/vector_construction/persona_vectors/honesty_layer32.npy,/Users/manouchehrrimer/Desktop/BlueDot_Perona_Vector_Project/outputs/synthetic_projection/activations/synthetic_harmlessness_020_upheld_layer32.npy
synthetic_harmlessness_020_upheld,synthetic,harmlessness,harmlessness,32,-1992.6363525390625,mean_centered,/Users/manouchehrrimer/Desktop/BlueDot_Perona_Vector_Project/outputs/vector_construction/persona_vectors/harmlessness_layer32.npy,/Users/manouchehrrimer/Desktop/BlueDot_Perona_Vector_Project/outputs/synthetic_projection/activations/synthetic_harmlessness_020_upheld_layer32.npy
synthetic_harmlessness_020_upheld,synthetic,harmlessness,fairness,32,1773.9813232421875,mean_centered,/Users/manouchehrrimer/Desktop/BlueDot_Perona_Vector_Project/outputs/vector_construction/persona_vectors/fairness_layer32.npy,/Users/manouchehrrimer/Desktop/BlueDot_Perona_Vector_Project/outputs/synthetic_projection/activations/synthetic_harmlessness_020_upheld_layer32.npy
synthetic_harmlessness_020_upheld,synthetic,harmlessness,compassion,32,1118.354736328125,mean_centered,/Users/manouchehrrimer/Desktop/BlueDot_Perona_Vector_Project/outputs/vector_construction/persona_vectors/compassion_layer32.npy,/Users/manouchehrrimer/Desktop/BlueDot_Perona_Vector_Project/outputs/synthetic_projection/activations/synthetic_harmlessness_020_upheld_layer32.npy
synthetic_harmlessness_020_upheld,synthetic,harmlessness,honesty,40,3717.945556640625,mean_centered,/Users/manouchehrrimer/Desktop/BlueDot_Perona_Vector_Project/outputs/vector_construction/persona_vectors/honesty_layer40.npy,/Users/manouchehrrimer/Desktop/BlueDot_Perona_Vector_Project/outputs/synthetic_projection/activations/synthetic_harmlessness_020_upheld_layer40.npy
synthetic_harmlessness_020_upheld,synthetic,harmlessness,harmlessness,40,-317.7121887207031,mean_centered,/Users/manouchehrrimer/Desktop/BlueDot_Perona_Vector_Project/outputs/vector_construction/persona_vectors/harmlessness_layer40.npy,/Users/manouchehrrimer/Desktop/BlueDot_Perona_Vector_Project/outputs/synthetic_projection/activations/synthetic_harmlessness_020_upheld_layer40.npy
synthetic_harmlessness_020_upheld,synthetic,harmlessness,fairness,40,3438.091552734375,mean_centered,/Users/manouchehrrimer/Desktop/BlueDot_Perona_Vector_Project/outputs/vector_construction/persona_vectors/fairness_layer40.npy,/Users/manouchehrrimer/Desktop/BlueDot_Perona_Vector_Project/outputs/synthetic_projection/activations/synthetic_harmlessness_020_upheld_layer40.npy
synthetic_harmlessness_020_upheld,synthetic,harmlessness,compassion,40,150.88429260253906,mean_centered,/Users/manouchehrrimer/Desktop/BlueDot_Perona_Vector_Project/outputs/vector_construction/persona_vectors/compassion_layer40.npy,/Users/manouchehrrimer/Desktop/BlueDot_Perona_Vector_Project/outputs/synthetic_projection/activations/synthetic_harmlessness_020_upheld_layer40.npy
synthetic_harmlessness_020_upheld,synthetic,harmlessness,honesty,47,1786.13525390625,mean_centered,/Users/manouchehrrimer/Desktop/BlueDot_Perona_Vector_Project/outputs/vector_construction/persona_vectors/honesty_layer47.npy,/Users/manouchehrrimer/Desktop/BlueDot_Perona_Vector_Project/outputs/synthetic_projection/activations/synthetic_harmlessness_020_upheld_layer47.npy
synthetic_harmlessness_020_upheld,synthetic,harmlessness,harmlessness,47,2962.03173828125,mean_centered,/Users/manouchehrrimer/Desktop/BlueDot_Perona_Vector_Project/outputs/vector_construction/persona_vectors/harmlessness_layer47.npy,/Users/manouchehrrimer/Desktop/BlueDot_Perona_Vector_Project/outputs/synthetic_projection/activations/synthetic_harmlessness_020_upheld_layer47.npy
synthetic_harmlessness_020_upheld,synthetic,harmlessness,fairness,47,1381.9482421875,mean_centered,/Users/manouchehrrimer/Desktop/BlueDot_Perona_Vector_Project/outputs/vector_construction/persona_vectors/fairness_layer47.npy,/Users/manouchehrrimer/Desktop/BlueDot_Perona_Vector_Project/outputs/synthetic_projection/activations/synthetic_harmlessness_020_upheld_layer47.npy
synthetic_harmlessness_020_upheld,synthetic,harmlessness,compassion,47,1734.392578125,mean_centered,/Users/manouchehrrimer/Desktop/BlueDot_Perona_Vector_Project/outputs/vector_construction/persona_vectors/compassion_layer47.npy,/Users/manouchehrrimer/Desktop/BlueDot_Perona_Vector_Project/outputs/synthetic_projection/activations/synthetic_harmlessness_020_upheld_layer47.npy
synthetic_harmlessness_020_violated,synthetic,harmlessness,honesty,32,693.3681030273438,mean_centered,/Users/manouchehrrimer/Desktop/BlueDot_Perona_Vector_Project/outputs/vector_construction/persona_vectors/honesty_layer32.npy,/Users/manouchehrrimer/Desktop/BlueDot_Perona_Vector_Project/outputs/synthetic_projection/activations/synthetic_harmlessness_020_violated_layer32.npy
synthetic_harmlessness_020_violated,synthetic,harmlessness,harmlessness,32,-908.5797729492188,mean_centered,/Users/manouchehrrimer/Desktop/BlueDot_Perona_Vector_Project/outputs/vector_construction/persona_vectors/harmlessness_layer32.npy,/Users/manouchehrrimer/Desktop/BlueDot_Perona_Vector_Project/outputs/synthetic_projection/activations/synthetic_harmlessness_020_violated_layer32.npy
synthetic_harmlessness_020_violated,synthetic,harmlessness,fairness,32,559.7723999023438,mean_centered,/Users/manouchehrrimer/Desktop/BlueDot_Perona_Vector_Project/outputs/vector_construction/persona_vectors/fairness_layer32.npy,/Users/manouchehrrimer/Desktop/BlueDot_Perona_Vector_Project/outputs/synthetic_projection/activations/synthetic_harmlessness_020_violated_layer32.npy
synthetic_harmlessness_020_violated,synthetic,harmlessness,compassion,32,323.70623779296875,mean_centered,/Users/manouchehrrimer/Desktop/BlueDot_Perona_Vector_Project/outputs/vector_construction/persona_vectors/compassion_layer32.npy,/Users/manouchehrrimer/Desktop/BlueDot_Perona_Vector_Project/outputs/synthetic_projection/activations/synthetic_harmlessness_020_violated_layer32.npy
synthetic_harmlessness_020_violated,synthetic,harmlessness,honesty,40,1440.654296875,mean_centered,/Users/manouchehrrimer/Desktop/BlueDot_Perona_Vector_Project/outputs/vector_construction/persona_vectors/honesty_layer40.npy,/Users/manouchehrrimer/Desktop/BlueDot_Perona_Vector_Project/outputs/synthetic_projection/activations/synthetic_harmlessness_020_violated_layer40.npy
synthetic_harmlessness_020_violated,synthetic,harmlessness,harmlessness,40,-120.55083465576172,mean_centered,/Users/manouchehrrimer/Desktop/BlueDot_Perona_Vector_Project/outputs/vector_construction/persona_vectors/harmlessness_layer40.npy,/Users/manouchehrrimer/Desktop/BlueDot_Perona_Vector_Project/outputs/synthetic_projection/activations/synthetic_harmlessness_020_violated_layer40.npy
synthetic_harmlessness_020_violated,synthetic,harmlessness,fairness,40,973.302734375,mean_centered,/Users/manouchehrrimer/Desktop/BlueDot_Perona_Vector_Project/outputs/vector_construction/persona_vectors/fairness_layer40.npy,/Users/manouchehrrimer/Desktop/BlueDot_Perona_Vector_Project/outputs/synthetic_projection/activations/synthetic_harmlessness_020_violated_layer40.npy
synthetic_harmlessness_020_violated,synthetic,harmlessness,compassion,40,-236.106201171875,mean_centered,/Users/manouchehrrimer/Desktop/BlueDot_Perona_Vector_Project/outputs/vector_construction/persona_vectors/compassion_layer40.npy,/Users/manouchehrrimer/Desktop/BlueDot_Perona_Vector_Project/outputs/synthetic_projection/activations/synthetic_harmlessness_020_violated_layer40.npy
synthetic_harmlessness_020_violated,synthetic,harmlessness,honesty,47,-272.7531433105469,mean_centered,/Users/manouchehrrimer/Desktop/BlueDot_Perona_Vector_Project/outputs/vector_construction/persona_vectors/honesty_layer47.npy,/Users/manouchehrrimer/Desktop/BlueDot_Perona_Vector_Project/outputs/synthetic_projection/activations/synthetic_harmlessness_020_violated_layer47.npy
synthetic_harmlessness_020_violated,synthetic,harmlessness,harmlessness,47,-402.91534423828125,mean_centered,/Users/manouchehrrimer/Desktop/BlueDot_Perona_Vector_Project/outputs/vector_construction/persona_vectors/harmlessness_layer47.npy,/Users/manouchehrrimer/Desktop/BlueDot_Perona_Vector_Project/outputs/synthetic_projection/activations/synthetic_harmlessness_020_violated_layer47.npy
synthetic_harmlessness_020_violated,synthetic,harmlessness,fairness,47,-375.2596435546875,mean_centered,/Users/manouchehrrimer/Desktop/BlueDot_Perona_Vector_Project/outputs/vector_construction/persona_vectors/fairness_layer47.npy,/Users/manouchehrrimer/Desktop/BlueDot_Perona_Vector_Project/outputs/synthetic_projection/activations/synthetic_harmlessness_020_violated_layer47.npy
synthetic_harmlessness_020_violated,synthetic,harmlessness,compassion,47,-470.3956604003906,mean_centered,/Users/manouchehrrimer/Desktop/BlueDot_Perona_Vector_Project/outputs/vector_construction/persona_vectors/compassion_layer47.npy,/Users/manouchehrrimer/Desktop/BlueDot_Perona_Vector_Project/outputs/synthetic_projection/activations/synthetic_harmlessness_020_violated_layer47.npy
synthetic_fairness_001_upheld,synthetic,fairness,honesty,32,-1204.5242919921875,mean_centered,/Users/manouchehrrimer/Desktop/BlueDot_Perona_Vector_Project/outputs/vector_construction/persona_vectors/honesty_layer32.npy,/Users/manouchehrrimer/Desktop/BlueDot_Perona_Vector_Project/outputs/synthetic_projection/activations/synthetic_fairness_001_upheld_layer32.npy
synthetic_fairness_001_upheld,synthetic,fairness,harmlessness,32,957.3974609375,mean_centered,/Users/manouchehrrimer/Desktop/BlueDot_Perona_Vector_Project/outputs/vector_construction/persona_vectors/harmlessness_layer32.npy,/Users/manouchehrrimer/Desktop/BlueDot_Perona_Vector_Project/outputs/synthetic_projection/activations/synthetic_fairness_001_upheld_layer32.npy
synthetic_fairness_001_upheld,synthetic,fairness,fairness,32,-570.0289916992188,mean_centered,/Users/manouchehrrimer/Desktop/BlueDot_Perona_Vector_Project/outputs/vector_construction/persona_vectors/fairness_layer32.npy,/Users/manouchehrrimer/Desktop/BlueDot_Perona_Vector_Project/outputs/synthetic_projection/activations/synthetic_fairness_001_upheld_layer32.npy
synthetic_fairness_001_upheld,synthetic,fairness,compassion,32,-1359.287109375,mean_centered,/Users/manouchehrrimer/Desktop/BlueDot_Perona_Vector_Project/outputs/vector_construction/persona_vectors/compassion_layer32.npy,/Users/manouchehrrimer/Desktop/BlueDot_Perona_Vector_Project/outputs/synthetic_projection/activations/synthetic_fairness_001_upheld_layer32.npy
synthetic_fairness_001_upheld,synthetic,fairness,honesty,40,-4142.67236328125,mean_centered,/Users/manouchehrrimer/Desktop/BlueDot_Perona_Vector_Project/outputs/vector_construction/persona_vectors/honesty_layer40.npy,/Users/manouchehrrimer/Desktop/BlueDot_Perona_Vector_Project/outputs/synthetic_projection/activations/synthetic_fairness_001_upheld_layer40.npy
synthetic_fairness_001_upheld,synthetic,fairness,harmlessness,40,-797.8243408203125,mean_centered,/Users/manouchehrrimer/Desktop/BlueDot_Perona_Vector_Project/outputs/vector_construction/persona_vectors/harmlessness_layer40.npy,/Users/manouchehrrimer/Desktop/BlueDot_Perona_Vector_Project/outputs/synthetic_projection/activations/synthetic_fairness_001_upheld_layer40.npy
synthetic_fairness_001_upheld,synthetic,fairness,fairness,40,-1888.8115234375,mean_centered,/Users/manouchehrrimer/Desktop/BlueDot_Perona_Vector_Project/outputs/vector_construction/persona_vectors/fairness_layer40.npy,/Users/manouchehrrimer/Desktop/BlueDot_Perona_Vector_Project/outputs/synthetic_projection/activations/synthetic_fairness_001_upheld_layer40.npy
synthetic_fairness_001_upheld,synthetic,fairness,compassion,40,-765.9334106445312,mean_centered,/Users/manouchehrrimer/Desktop/BlueDot_Perona_Vector_Project/outputs/vector_construction/persona_vectors/compassion_layer40.npy,/Users/manouchehrrimer/Desktop/BlueDot_Perona_Vector_Project/outputs/synthetic_projection/activations/synthetic_fairness_001_upheld_layer40.npy
synthetic_fairness_001_upheld,synthetic,fairness,honesty,47,-3603.264404296875,mean_centered,/Users/manouchehrrimer/Desktop/BlueDot_Perona_Vector_Project/outputs/vector_construction/persona_vectors/honesty_layer47.npy,/Users/manouchehrrimer/Desktop/BlueDot_Perona_Vector_Project/outputs/synthetic_projection/activations/synthetic_fairness_001_upheld_layer47.npy
synthetic_fairness_001_upheld,synthetic,fairness,harmlessness,47,-4992.42724609375,mean_centered,/Users/manouchehrrimer/Desktop/BlueDot_Perona_Vector_Project/outputs/vector_construction/persona_vectors/harmlessness_layer47.npy,/Users/manouchehrrimer/Desktop/BlueDot_Perona_Vector_Project/outputs/synthetic_projection/activations/synthetic_fairness_001_upheld_layer47.npy
synthetic_fairness_001_upheld,synthetic,fairness,fairness,47,459.81475830078125,mean_centered,/Users/manouchehrrimer/Desktop/BlueDot_Perona_Vector_Project/outputs/vector_construction/persona_vectors/fairness_layer47.npy,/Users/manouchehrrimer/Desktop/BlueDot_Perona_Vector_Project/outputs/synthetic_projection/activations/synthetic_fairness_001_upheld_layer47.npy
synthetic_fairness_001_upheld,synthetic,fairness,compassion,47,-2938.55078125,mean_centered,/Users/manouchehrrimer/Desktop/BlueDot_Perona_Vector_Project/outputs/vector_construction/persona_vectors/compassion_layer47.npy,/Users/manouchehrrimer/Desktop/BlueDot_Perona_Vector_Project/outputs/synthetic_projection/activations/synthetic_fairness_001_upheld_layer47.npy
synthetic_fairness_001_violated,synthetic,fairness,honesty,32,-244.91937255859375,mean_centered,/Users/manouchehrrimer/Desktop/BlueDot_Perona_Vector_Project/outputs/vector_construction/persona_vectors/honesty_layer32.npy,/Users/manouchehrrimer/Desktop/BlueDot_Perona_Vector_Project/outputs/synthetic_projection/activations/synthetic_fairness_001_violated_layer32.npy
synthetic_fairness_001_violated,synthetic,fairness,harmlessness,32,41.48187255859375,mean_centered,/Users/manouchehrrimer/Desktop/BlueDot_Perona_Vector_Project/outputs/vector_construction/persona_vectors/harmlessness_layer32.npy,/Users/manouchehrrimer/Desktop/BlueDot_Perona_Vector_Project/outputs/synthetic_projection/activations/synthetic_fairness_001_violated_layer32.npy
synthetic_fairness_001_violated,synthetic,fairness,fairness,32,-165.7073974609375,mean_centered,/Users/manouchehrrimer/Desktop/BlueDot_Perona_Vector_Project/outputs/vector_construction/persona_vectors/fairness_layer32.npy,/Users/manouchehrrimer/Desktop/BlueDot_Perona_Vector_Project/outputs/synthetic_projection/activations/synthetic_fairness_001_violated_layer32.npy
synthetic_fairness_001_violated,synthetic,fairness,compassion,32,-289.9187927246094,mean_centered,/Users/manouchehrrimer/Desktop/BlueDot_Perona_Vector_Project/outputs/vector_construction/persona_vectors/compassion_layer32.npy,/Users/manouchehrrimer/Desktop/BlueDot_Perona_Vector_Project/outputs/synthetic_projection/activations/synthetic_fairness_001_violated_layer32.npy
synthetic_fairness_001_violated,synthetic,fairness,honesty,40,2060.4580078125,mean_centered,/Users/manouchehrrimer/Desktop/BlueDot_Perona_Vector_Project/outputs/vector_construction/persona_vectors/honesty_layer40.npy,/Users/manouchehrrimer/Desktop/BlueDot_Perona_Vector_Project/outputs/synthetic_projection/activations/synthetic_fairness_001_violated_layer40.npy
synthetic_fairness_001_violated,synthetic,fairness,harmlessness,40,-404.2973937988281,mean_centered,/Users/manouchehrrimer/Desktop/BlueDot_Perona_Vector_Project/outputs/vector_construction/persona_vectors/harmlessness_layer40.npy,/Users/manouchehrrimer/Desktop/BlueDot_Perona_Vector_Project/outputs/synthetic_projection/activations/synthetic_fairness_001_violated_layer40.npy
synthetic_fairness_001_violated,synthetic,fairness,fairness,40,1841.85009765625,mean_centered,/Users/manouchehrrimer/Desktop/BlueDot_Perona_Vector_Project/outputs/vector_construction/persona_vectors/fairness_layer40.npy,/Users/manouchehrrimer/Desktop/BlueDot_Perona_Vector_Project/outputs/synthetic_projection/activations/synthetic_fairness_001_violated_layer40.npy
synthetic_fairness_001_violated,synthetic,fairness,compassion,40,-234.711669921875,mean_centered,/Users/manouchehrrimer/Desktop/BlueDot_Perona_Vector_Project/outputs/vector_construction/persona_vectors/compassion_layer40.npy,/Users/manouchehrrimer/Desktop/BlueDot_Perona_Vector_Project/outputs/synthetic_projection/activations/synthetic_fairness_001_violated_layer40.npy
synthetic_fairness_001_violated,synthetic,fairness,honesty,47,1164.8260498046875,mean_centered,/Users/manouchehrrimer/Desktop/BlueDot_Perona_Vector_Project/outputs/vector_construction/persona_vectors/honesty_layer47.npy,/Users/manouchehrrimer/Desktop/BlueDot_Perona_Vector_Project/outputs/synthetic_projection/activations/synthetic_fairness_001_violated_layer47.npy
synthetic_fairness_001_violated,synthetic,fairness,harmlessness,47,505.2375183105469,mean_centered,/Users/manouchehrrimer/Desktop/BlueDot_Perona_Vector_Project/outputs/vector_construction/persona_vectors/harmlessness_layer47.npy,/Users/manouchehrrimer/Desktop/BlueDot_Perona_Vector_Project/outputs/synthetic_projection/activations/synthetic_fairness_001_violated_layer47.npy
synthetic_fairness_001_violated,synthetic,fairness,fairness,47,898.2875366210938,mean_centered,/Users/manouchehrrimer/Desktop/BlueDot_Perona_Vector_Project/outputs/vector_construction/persona_vectors/fairness_layer47.npy,/Users/manouchehrrimer/Desktop/BlueDot_Perona_Vector_Project/outputs/synthetic_projection/activations/synthetic_fairness_001_violated_layer47.npy
synthetic_fairness_001_violated,synthetic,fairness,compassion,47,75.99639892578125,mean_centered,/Users/manouchehrrimer/Desktop/BlueDot_Perona_Vector_Project/outputs/vector_construction/persona_vectors/compassion_layer47.npy,/Users/manouchehrrimer/Desktop/BlueDot_Perona_Vector_Project/outputs/synthetic_projection/activations/synthetic_fairness_001_violated_layer47.npy
synthetic_fairness_002_upheld,synthetic,fairness,honesty,32,-944.5478515625,mean_centered,/Users/manouchehrrimer/Desktop/BlueDot_Perona_Vector_Project/outputs/vector_construction/persona_vectors/honesty_layer32.npy,/Users/manouchehrrimer/Desktop/BlueDot_Perona_Vector_Project/outputs/synthetic_projection/activations/synthetic_fairness_002_upheld_layer32.npy
synthetic_fairness_002_upheld,synthetic,fairness,harmlessness,32,533.6817626953125,mean_centered,/Users/manouchehrrimer/Desktop/BlueDot_Perona_Vector_Project/outputs/vector_construction/persona_vectors/harmlessness_layer32.npy,/Users/manouchehrrimer/Desktop/BlueDot_Perona_Vector_Project/outputs/synthetic_projection/activations/synthetic_fairness_002_upheld_layer32.npy
synthetic_fairness_002_upheld,synthetic,fairness,fairness,32,-387.86767578125,mean_centered,/Users/manouchehrrimer/Desktop/BlueDot_Perona_Vector_Project/outputs/vector_construction/persona_vectors/fairness_layer32.npy,/Users/manouchehrrimer/Desktop/BlueDot_Perona_Vector_Project/outputs/synthetic_projection/activations/synthetic_fairness_002_upheld_layer32.npy
synthetic_fairness_002_upheld,synthetic,fairness,compassion,32,-1096.16748046875,mean_centered,/Users/manouchehrrimer/Desktop/BlueDot_Perona_Vector_Project/outputs/vector_construction/persona_vectors/compassion_layer32.npy,/Users/manouchehrrimer/Desktop/BlueDot_Perona_Vector_Project/outputs/synthetic_projection/activations/synthetic_fairness_002_upheld_layer32.npy
synthetic_fairness_002_upheld,synthetic,fairness,honesty,40,-6211.189453125,mean_centered,/Users/manouchehrrimer/Desktop/BlueDot_Perona_Vector_Project/outputs/vector_construction/persona_vectors/honesty_layer40.npy,/Users/manouchehrrimer/Desktop/BlueDot_Perona_Vector_Project/outputs/synthetic_projection/activations/synthetic_fairness_002_upheld_layer40.npy
synthetic_fairness_002_upheld,synthetic,fairness,harmlessness,40,-1133.0325927734375,mean_centered,/Users/manouchehrrimer/Desktop/BlueDot_Perona_Vector_Project/outputs/vector_construction/persona_vectors/harmlessness_layer40.npy,/Users/manouchehrrimer/Desktop/BlueDot_Perona_Vector_Project/outputs/synthetic_projection/activations/synthetic_fairness_002_upheld_layer40.npy
synthetic_fairness_002_upheld,synthetic,fairness,fairness,40,-3680.19140625,mean_centered,/Users/manouchehrrimer/Desktop/BlueDot_Perona_Vector_Project/outputs/vector_construction/persona_vectors/fairness_layer40.npy,/Users/manouchehrrimer/Desktop/BlueDot_Perona_Vector_Project/outputs/synthetic_projection/activations/synthetic_fairness_002_upheld_layer40.npy
synthetic_fairness_002_upheld,synthetic,fairness,compassion,40,-1006.7157592773438,mean_centered,/Users/manouchehrrimer/Desktop/BlueDot_Perona_Vector_Project/outputs/vector_construction/persona_vectors/compassion_layer40.npy,/Users/manouchehrrimer/Desktop/BlueDot_Perona_Vector_Project/outputs/synthetic_projection/activations/synthetic_fairness_002_upheld_layer40.npy
synthetic_fairness_002_upheld,synthetic,fairness,honesty,47,-3078.666015625,mean_centered,/Users/manouchehrrimer/Desktop/BlueDot_Perona_Vector_Project/outputs/vector_construction/persona_vectors/honesty_layer47.npy,/Users/manouchehrrimer/Desktop/BlueDot_Perona_Vector_Project/outputs/synthetic_projection/activations/synthetic_fairness_002_upheld_layer47.npy
synthetic_fairness_002_upheld,synthetic,fairness,harmlessness,47,-4476.40869140625,mean_centered,/Users/manouchehrrimer/Desktop/BlueDot_Perona_Vector_Project/outputs/vector_construction/persona_vectors/harmlessness_layer47.npy,/Users/manouchehrrimer/Desktop/BlueDot_Perona_Vector_Project/outputs/synthetic_projection/activations/synthetic_fairness_002_upheld_layer47.npy
synthetic_fairness_002_upheld,synthetic,fairness,fairness,47,454.07330322265625,mean_centered,/Users/manouchehrrimer/Desktop/BlueDot_Perona_Vector_Project/outputs/vector_construction/persona_vectors/fairness_layer47.npy,/Users/manouchehrrimer/Desktop/BlueDot_Perona_Vector_Project/outputs/synthetic_projection/activations/synthetic_fairness_002_upheld_layer47.npy
synthetic_fairness_002_upheld,synthetic,fairness,compassion,47,-2773.108642578125,mean_centered,/Users/manouchehrrimer/Desktop/BlueDot_Perona_Vector_Project/outputs/vector_construction/persona_vectors/compassion_layer47.npy,/Users/manouchehrrimer/Desktop/BlueDot_Perona_Vector_Project/outputs/synthetic_projection/activations/synthetic_fairness_002_upheld_layer47.npy
synthetic_fairness_002_violated,synthetic,fairness,honesty,32,-1229.3892822265625,mean_centered,/Users/manouchehrrimer/Desktop/BlueDot_Perona_Vector_Project/outputs/vector_construction/persona_vectors/honesty_layer32.npy,/Users/manouchehrrimer/Desktop/BlueDot_Perona_Vector_Project/outputs/synthetic_projection/activations/synthetic_fairness_002_violated_layer32.npy
synthetic_fairness_002_violated,synthetic,fairness,harmlessness,32,1805.495849609375,mean_centered,/Users/manouchehrrimer/Desktop/BlueDot_Perona_Vector_Project/outputs/vector_construction/persona_vectors/harmlessness_layer32.npy,/Users/manouchehrrimer/Desktop/BlueDot_Perona_Vector_Project/outputs/synthetic_projection/activations/synthetic_fairness_002_violated_layer32.npy
synthetic_fairness_002_violated,synthetic,fairness,fairness,32,-1408.5322265625,mean_centered,/Users/manouchehrrimer/Desktop/BlueDot_Perona_Vector_Project/outputs/vector_construction/persona_vectors/fairness_layer32.npy,/Users/manouchehrrimer/Desktop/BlueDot_Perona_Vector_Project/outputs/synthetic_projection/activations/synthetic_fairness_002_violated_layer32.npy
synthetic_fairness_002_violated,synthetic,fairness,compassion,32,-1129.9835205078125,mean_centered,/Users/manouchehrrimer/Desktop/BlueDot_Perona_Vector_Project/outputs/vector_construction/persona_vectors/compassion_layer32.npy,/Users/manouchehrrimer/Desktop/BlueDot_Perona_Vector_Project/outputs/synthetic_projection/activations/synthetic_fairness_002_violated_layer32.npy
synthetic_fairness_002_violated,synthetic,fairness,honesty,40,-2003.520263671875,mean_centered,/Users/manouchehrrimer/Desktop/BlueDot_Perona_Vector_Project/outputs/vector_construction/persona_vectors/honesty_layer40.npy,/Users/manouchehrrimer/Desktop/BlueDot_Perona_Vector_Project/outputs/synthetic_projection/activations/synthetic_fairness_002_violated_layer40.npy
synthetic_fairness_002_violated,synthetic,fairness,harmlessness,40,643.6456298828125,mean_centered,/Users/manouchehrrimer/Desktop/BlueDot_Perona_Vector_Project/outputs/vector_construction/persona_vectors/harmlessness_layer40.npy,/Users/manouchehrrimer/Desktop/BlueDot_Perona_Vector_Project/outputs/synthetic_projection/activations/synthetic_fairness_002_violated_layer40.npy
synthetic_fairness_002_violated,synthetic,fairness,fairness,40,-1804.5787353515625,mean_centered,/Users/manouchehrrimer/Desktop/BlueDot_Perona_Vector_Project/outputs/vector_construction/persona_vectors/fairness_layer40.npy,/Users/manouchehrrimer/Desktop/BlueDot_Perona_Vector_Project/outputs/synthetic_projection/activations/synthetic_fairness_002_violated_layer40.npy
synthetic_fairness_002_violated,synthetic,fairness,compassion,40,1.8192176818847656,mean_centered,/Users/manouchehrrimer/Desktop/BlueDot_Perona_Vector_Project/outputs/vector_construction/persona_vectors/compassion_layer40.npy,/Users/manouchehrrimer/Desktop/BlueDot_Perona_Vector_Project/outputs/synthetic_projection/activations/synthetic_fairness_002_violated_layer40.npy
synthetic_fairness_002_violated,synthetic,fairness,honesty,47,-1346.9290771484375,mean_centered,/Users/manouchehrrimer/Desktop/BlueDot_Perona_Vector_Project/outputs/vector_construction/persona_vectors/honesty_layer47.npy,/Users/manouchehrrimer/Desktop/BlueDot_Perona_Vector_Project/outputs/synthetic_projection/activations/synthetic_fairness_002_violated_layer47.npy
synthetic_fairness_002_violated,synthetic,fairness,harmlessness,47,-925.0263061523438,mean_centered,/Users/manouchehrrimer/Desktop/BlueDot_Perona_Vector_Project/outputs/vector_construction/persona_vectors/harmlessness_layer47.npy,/Users/manouchehrrimer/Desktop/BlueDot_Perona_Vector_Project/outputs/synthetic_projection/activations/synthetic_fairness_002_violated_layer47.npy
synthetic_fairness_002_violated,synthetic,fairness,fairness,47,-1134.66064453125,mean_centered,/Users/manouchehrrimer/Desktop/BlueDot_Perona_Vector_Project/outputs/vector_construction/persona_vectors/fairness_layer47.npy,/Users/manouchehrrimer/Desktop/BlueDot_Perona_Vector_Project/outputs/synthetic_projection/activations/synthetic_fairness_002_violated_layer47.npy
synthetic_fairness_002_violated,synthetic,fairness,compassion,47,-452.8759460449219,mean_centered,/Users/manouchehrrimer/Desktop/BlueDot_Perona_Vector_Project/outputs/vector_construction/persona_vectors/compassion_layer47.npy,/Users/manouchehrrimer/Desktop/BlueDot_Perona_Vector_Project/outputs/synthetic_projection/activations/synthetic_fairness_002_violated_layer47.npy
synthetic_fairness_003_upheld,synthetic,fairness,honesty,32,251.29721069335938,mean_centered,/Users/manouchehrrimer/Desktop/BlueDot_Perona_Vector_Project/outputs/vector_construction/persona_vectors/honesty_layer32.npy,/Users/manouchehrrimer/Desktop/BlueDot_Perona_Vector_Project/outputs/synthetic_projection/activations/synthetic_fairness_003_upheld_layer32.npy
synthetic_fairness_003_upheld,synthetic,fairness,harmlessness,32,-525.4834594726562,mean_centered,/Users/manouchehrrimer/Desktop/BlueDot_Perona_Vector_Project/outputs/vector_construction/persona_vectors/harmlessness_layer32.npy,/Users/manouchehrrimer/Desktop/BlueDot_Perona_Vector_Project/outputs/synthetic_projection/activations/synthetic_fairness_003_upheld_layer32.npy
synthetic_fairness_003_upheld,synthetic,fairness,fairness,32,712.497802734375,mean_centered,/Users/manouchehrrimer/Desktop/BlueDot_Perona_Vector_Project/outputs/vector_construction/persona_vectors/fairness_layer32.npy,/Users/manouchehrrimer/Desktop/BlueDot_Perona_Vector_Project/outputs/synthetic_projection/activations/synthetic_fairness_003_upheld_layer32.npy
synthetic_fairness_003_upheld,synthetic,fairness,compassion,32,-209.66297912597656,mean_centered,/Users/manouchehrrimer/Desktop/BlueDot_Perona_Vector_Project/outputs/vector_construction/persona_vectors/compassion_layer32.npy,/Users/manouchehrrimer/Desktop/BlueDot_Perona_Vector_Project/outputs/synthetic_projection/activations/synthetic_fairness_003_upheld_layer32.npy
synthetic_fairness_003_upheld,synthetic,fairness,honesty,40,-360.48651123046875,mean_centered,/Users/manouchehrrimer/Desktop/BlueDot_Perona_Vector_Project/outputs/vector_construction/persona_vectors/honesty_layer40.npy,/Users/manouchehrrimer/Desktop/BlueDot_Perona_Vector_Project/outputs/synthetic_projection/activations/synthetic_fairness_003_upheld_layer40.npy
synthetic_fairness_003_upheld,synthetic,fairness,harmlessness,40,-585.7642822265625,mean_centered,/Users/manouchehrrimer/Desktop/BlueDot_Perona_Vector_Project/outputs/vector_construction/persona_vectors/harmlessness_layer40.npy,/Users/manouchehrrimer/Desktop/BlueDot_Perona_Vector_Project/outputs/synthetic_projection/activations/synthetic_fairness_003_upheld_layer40.npy
synthetic_fairness_003_upheld,synthetic,fairness,fairness,40,376.1663818359375,mean_centered,/Users/manouchehrrimer/Desktop/BlueDot_Perona_Vector_Project/outputs/vector_construction/persona_vectors/fairness_layer40.npy,/Users/manouchehrrimer/Desktop/BlueDot_Perona_Vector_Project/outputs/synthetic_projection/activations/synthetic_fairness_003_upheld_layer40.npy
synthetic_fairness_003_upheld,synthetic,fairness,compassion,40,-548.4989013671875,mean_centered,/Users/manouchehrrimer/Desktop/BlueDot_Perona_Vector_Project/outputs/vector_construction/persona_vectors/compassion_layer40.npy,/Users/manouchehrrimer/Desktop/BlueDot_Perona_Vector_Project/outputs/synthetic_projection/activations/synthetic_fairness_003_upheld_layer40.npy
synthetic_fairness_003_upheld,synthetic,fairness,honesty,47,93.43265533447266,mean_centered,/Users/manouchehrrimer/Desktop/BlueDot_Perona_Vector_Project/outputs/vector_construction/persona_vectors/honesty_layer47.npy,/Users/manouchehrrimer/Desktop/BlueDot_Perona_Vector_Project/outputs/synthetic_projection/activations/synthetic_fairness_003_upheld_layer47.npy
synthetic_fairness_003_upheld,synthetic,fairness,harmlessness,47,-706.490234375,mean_centered,/Users/manouchehrrimer/Desktop/BlueDot_Perona_Vector_Project/outputs/vector_construction/persona_vectors/harmlessness_layer47.npy,/Users/manouchehrrimer/Desktop/BlueDot_Perona_Vector_Project/outputs/synthetic_projection/activations/synthetic_fairness_003_upheld_layer47.npy
synthetic_fairness_003_upheld,synthetic,fairness,fairness,47,1419.282470703125,mean_centered,/Users/manouchehrrimer/Desktop/BlueDot_Perona_Vector_Project/outputs/vector_construction/persona_vectors/fairness_layer47.npy,/Users/manouchehrrimer/Desktop/BlueDot_Perona_Vector_Project/outputs/synthetic_projection/activations/synthetic_fairness_003_upheld_layer47.npy
synthetic_fairness_003_upheld,synthetic,fairness,compassion,47,-579.1336669921875,mean_centered,/Users/manouchehrrimer/Desktop/BlueDot_Perona_Vector_Project/outputs/vector_construction/persona_vectors/compassion_layer47.npy,/Users/manouchehrrimer/Desktop/BlueDot_Perona_Vector_Project/outputs/synthetic_projection/activations/synthetic_fairness_003_upheld_layer47.npy
synthetic_fairness_003_violated,synthetic,fairness,honesty,32,296.12384033203125,mean_centered,/Users/manouchehrrimer/Desktop/BlueDot_Perona_Vector_Project/outputs/vector_construction/persona_vectors/honesty_layer32.npy,/Users/manouchehrrimer/Desktop/BlueDot_Perona_Vector_Project/outputs/synthetic_projection/activations/synthetic_fairness_003_violated_layer32.npy
synthetic_fairness_003_violated,synthetic,fairness,harmlessness,32,32.34857177734375,mean_centered,/Users/manouchehrrimer/Desktop/BlueDot_Perona_Vector_Project/outputs/vector_construction/persona_vectors/harmlessness_layer32.npy,/Users/manouchehrrimer/Desktop/BlueDot_Perona_Vector_Project/outputs/synthetic_projection/activations/synthetic_fairness_003_violated_layer32.npy
synthetic_fairness_003_violated,synthetic,fairness,fairness,32,-104.08580017089844,mean_centered,/Users/manouchehrrimer/Desktop/BlueDot_Perona_Vector_Project/outputs/vector_construction/persona_vectors/fairness_layer32.npy,/Users/manouchehrrimer/Desktop/BlueDot_Perona_Vector_Project/outputs/synthetic_projection/activations/synthetic_fairness_003_violated_layer32.npy
synthetic_fairness_003_violated,synthetic,fairness,compassion,32,182.3636932373047,mean_centered,/Users/manouchehrrimer/Desktop/BlueDot_Perona_Vector_Project/outputs/vector_construction/persona_vectors/compassion_layer32.npy,/Users/manouchehrrimer/Desktop/BlueDot_Perona_Vector_Project/outputs/synthetic_projection/activations/synthetic_fairness_003_violated_layer32.npy
synthetic_fairness_003_violated,synthetic,fairness,honesty,40,2030.3792724609375,mean_centered,/Users/manouchehrrimer/Desktop/BlueDot_Perona_Vector_Project/outputs/vector_construction/persona_vectors/honesty_layer40.npy,/Users/manouchehrrimer/Desktop/BlueDot_Perona_Vector_Project/outputs/synthetic_projection/activations/synthetic_fairness_003_violated_layer40.npy
synthetic_fairness_003_violated,synthetic,fairness,harmlessness,40,375.85760498046875,mean_centered,/Users/manouchehrrimer/Desktop/BlueDot_Perona_Vector_Project/outputs/vector_construction/persona_vectors/harmlessness_layer40.npy,/Users/manouchehrrimer/Desktop/BlueDot_Perona_Vector_Project/outputs/synthetic_projection/activations/synthetic_fairness_003_violated_layer40.npy
synthetic_fairness_003_violated,synthetic,fairness,fairness,40,786.7158813476562,mean_centered,/Users/manouchehrrimer/Desktop/BlueDot_Perona_Vector_Project/outputs/vector_construction/persona_vectors/fairness_layer40.npy,/Users/manouchehrrimer/Desktop/BlueDot_Perona_Vector_Project/outputs/synthetic_projection/activations/synthetic_fairness_003_violated_layer40.npy
synthetic_fairness_003_violated,synthetic,fairness,compassion,40,263.9852294921875,mean_centered,/Users/manouchehrrimer/Desktop/BlueDot_Perona_Vector_Project/outputs/vector_construction/persona_vectors/compassion_layer40.npy,/Users/manouchehrrimer/Desktop/BlueDot_Perona_Vector_Project/outputs/synthetic_projection/activations/synthetic_fairness_003_violated_layer40.npy
synthetic_fairness_003_violated,synthetic,fairness,honesty,47,-366.35137939453125,mean_centered,/Users/manouchehrrimer/Desktop/BlueDot_Perona_Vector_Project/outputs/vector_construction/persona_vectors/honesty_layer47.npy,/Users/manouchehrrimer/Desktop/BlueDot_Perona_Vector_Project/outputs/synthetic_projection/activations/synthetic_fairness_003_violated_layer47.npy
synthetic_fairness_003_violated,synthetic,fairness,harmlessness,47,-521.5567626953125,mean_centered,/Users/manouchehrrimer/Desktop/BlueDot_Perona_Vector_Project/outputs/vector_construction/persona_vectors/harmlessness_layer47.npy,/Users/manouchehrrimer/Desktop/BlueDot_Perona_Vector_Project/outputs/synthetic_projection/activations/synthetic_fairness_003_violated_layer47.npy
synthetic_fairness_003_violated,synthetic,fairness,fairness,47,-708.39599609375,mean_centered,/Users/manouchehrrimer/Desktop/BlueDot_Perona_Vector_Project/outputs/vector_construction/persona_vectors/fairness_layer47.npy,/Users/manouchehrrimer/Desktop/BlueDot_Perona_Vector_Project/outputs/synthetic_projection/activations/synthetic_fairness_003_violated_layer47.npy
synthetic_fairness_003_violated,synthetic,fairness,compassion,47,-123.48904418945312,mean_centered,/Users/manouchehrrimer/Desktop/BlueDot_Perona_Vector_Project/outputs/vector_construction/persona_vectors/compassion_layer47.npy,/Users/manouchehrrimer/Desktop/BlueDot_Perona_Vector_Project/outputs/synthetic_projection/activations/synthetic_fairness_003_violated_layer47.npy
synthetic_fairness_004_upheld,synthetic,fairness,honesty,32,654.7615356445312,mean_centered,/Users/manouchehrrimer/Desktop/BlueDot_Perona_Vector_Project/outputs/vector_construction/persona_vectors/honesty_layer32.npy,/Users/manouchehrrimer/Desktop/BlueDot_Perona_Vector_Project/outputs/synthetic_projection/activations/synthetic_fairness_004_upheld_layer32.npy
synthetic_fairness_004_upheld,synthetic,fairness,harmlessness,32,-1403.9923095703125,mean_centered,/Users/manouchehrrimer/Desktop/BlueDot_Perona_Vector_Project/outputs/vector_construction/persona_vectors/harmlessness_layer32.npy,/Users/manouchehrrimer/Desktop/BlueDot_Perona_Vector_Project/outputs/synthetic_projection/activations/synthetic_fairness_004_upheld_layer32.npy
synthetic_fairness_004_upheld,synthetic,fairness,fairness,32,1140.0411376953125,mean_centered,/Users/manouchehrrimer/Desktop/BlueDot_Perona_Vector_Project/outputs/vector_construction/persona_vectors/fairness_layer32.npy,/Users/manouchehrrimer/Desktop/BlueDot_Perona_Vector_Project/outputs/synthetic_projection/activations/synthetic_fairness_004_upheld_layer32.npy
synthetic_fairness_004_upheld,synthetic,fairness,compassion,32,306.06695556640625,mean_centered,/Users/manouchehrrimer/Desktop/BlueDot_Perona_Vector_Project/outputs/vector_construction/persona_vectors/compassion_layer32.npy,/Users/manouchehrrimer/Desktop/BlueDot_Perona_Vector_Project/outputs/synthetic_projection/activations/synthetic_fairness_004_upheld_layer32.npy
synthetic_fairness_004_upheld,synthetic,fairness,honesty,40,992.576904296875,mean_centered,/Users/manouchehrrimer/Desktop/BlueDot_Perona_Vector_Project/outputs/vector_construction/persona_vectors/honesty_layer40.npy,/Users/manouchehrrimer/Desktop/BlueDot_Perona_Vector_Project/outputs/synthetic_projection/activations/synthetic_fairness_004_upheld_layer40.npy
synthetic_fairness_004_upheld,synthetic,fairness,harmlessness,40,-880.6522216796875,mean_centered,/Users/manouchehrrimer/Desktop/BlueDot_Perona_Vector_Project/outputs/vector_construction/persona_vectors/harmlessness_layer40.npy,/Users/manouchehrrimer/Desktop/BlueDot_Perona_Vector_Project/outputs/synthetic_projection/activations/synthetic_fairness_004_upheld_layer40.npy
synthetic_fairness_004_upheld,synthetic,fairness,fairness,40,1376.6981201171875,mean_centered,/Users/manouchehrrimer/Desktop/BlueDot_Perona_Vector_Project/outputs/vector_construction/persona_vectors/fairness_layer40.npy,/Users/manouchehrrimer/Desktop/BlueDot_Perona_Vector_Project/outputs/synthetic_projection/activations/synthetic_fairness_004_upheld_layer40.npy
synthetic_fairness_004_upheld,synthetic,fairness,compassion,40,-647.510009765625,mean_centered,/Users/manouchehrrimer/Desktop/BlueDot_Perona_Vector_Project/outputs/vector_construction/persona_vectors/compassion_layer40.npy,/Users/manouchehrrimer/Desktop/BlueDot_Perona_Vector_Project/outputs/synthetic_projection/activations/synthetic_fairness_004_upheld_layer40.npy
synthetic_fairness_004_upheld,synthetic,fairness,honesty,47,285.0764465332031,mean_centered,/Users/manouchehrrimer/Desktop/BlueDot_Perona_Vector_Project/outputs/vector_construction/persona_vectors/honesty_layer47.npy,/Users/manouchehrrimer/Desktop/BlueDot_Perona_Vector_Project/outputs/synthetic_projection/activations/synthetic_fairness_004_upheld_layer47.npy
synthetic_fairness_004_upheld,synthetic,fairness,harmlessness,47,-97.98367309570312,mean_centered,/Users/manouchehrrimer/Desktop/BlueDot_Perona_Vector_Project/outputs/vector_construction/persona_vectors/harmlessness_layer47.npy,/Users/manouchehrrimer/Desktop/BlueDot_Perona_Vector_Project/outputs/synthetic_projection/activations/synthetic_fairness_004_upheld_layer47.npy
synthetic_fairness_004_upheld,synthetic,fairness,fairness,47,1159.2459716796875,mean_centered,/Users/manouchehrrimer/Desktop/BlueDot_Perona_Vector_Project/outputs/vector_construction/persona_vectors/fairness_layer47.npy,/Users/manouchehrrimer/Desktop/BlueDot_Perona_Vector_Project/outputs/synthetic_projection/activations/synthetic_fairness_004_upheld_layer47.npy
synthetic_fairness_004_upheld,synthetic,fairness,compassion,47,-184.0685272216797,mean_centered,/Users/manouchehrrimer/Desktop/BlueDot_Perona_Vector_Project/outputs/vector_construction/persona_vectors/compassion_layer47.npy,/Users/manouchehrrimer/Desktop/BlueDot_Perona_Vector_Project/outputs/synthetic_projection/activations/synthetic_fairness_004_upheld_layer47.npy
synthetic_fairness_004_violated,synthetic,fairness,honesty,32,633.0022583007812,mean_centered,/Users/manouchehrrimer/Desktop/BlueDot_Perona_Vector_Project/outputs/vector_construction/persona_vectors/honesty_layer32.npy,/Users/manouchehrrimer/Desktop/BlueDot_Perona_Vector_Project/outputs/synthetic_projection/activations/synthetic_fairness_004_violated_layer32.npy
synthetic_fairness_004_violated,synthetic,fairness,harmlessness,32,-858.6382446289062,mean_centered,/Users/manouchehrrimer/Desktop/BlueDot_Perona_Vector_Project/outputs/vector_construction/persona_vectors/harmlessness_layer32.npy,/Users/manouchehrrimer/Desktop/BlueDot_Perona_Vector_Project/outputs/synthetic_projection/activations/synthetic_fairness_004_violated_layer32.npy
synthetic_fairness_004_violated,synthetic,fairness,fairness,32,569.7794189453125,mean_centered,/Users/manouchehrrimer/Desktop/BlueDot_Perona_Vector_Project/outputs/vector_construction/persona_vectors/fairness_layer32.npy,/Users/manouchehrrimer/Desktop/BlueDot_Perona_Vector_Project/outputs/synthetic_projection/activations/synthetic_fairness_004_violated_layer32.npy
synthetic_fairness_004_violated,synthetic,fairness,compassion,32,505.333984375,mean_centered,/Users/manouchehrrimer/Desktop/BlueDot_Perona_Vector_Project/outputs/vector_construction/persona_vectors/compassion_layer32.npy,/Users/manouchehrrimer/Desktop/BlueDot_Perona_Vector_Project/outputs/synthetic_projection/activations/synthetic_fairness_004_violated_layer32.npy
synthetic_fairness_004_violated,synthetic,fairness,honesty,40,1629.3897705078125,mean_centered,/Users/manouchehrrimer/Desktop/BlueDot_Perona_Vector_Project/outputs/vector_construction/persona_vectors/honesty_layer40.npy,/Users/manouchehrrimer/Desktop/BlueDot_Perona_Vector_Project/outputs/synthetic_projection/activations/synthetic_fairness_004_violated_layer40.npy
synthetic_fairness_004_violated,synthetic,fairness,harmlessness,40,-151.47012329101562,mean_centered,/Users/manouchehrrimer/Desktop/BlueDot_Perona_Vector_Project/outputs/vector_construction/persona_vectors/harmlessness_layer40.npy,/Users/manouchehrrimer/Desktop/BlueDot_Perona_Vector_Project/outputs/synthetic_projection/activations/synthetic_fairness_004_violated_layer40.npy
synthetic_fairness_004_violated,synthetic,fairness,fairness,40,1050.64990234375,mean_centered,/Users/manouchehrrimer/Desktop/BlueDot_Perona_Vector_Project/outputs/vector_construction/persona_vectors/fairness_layer40.npy,/Users/manouchehrrimer/Desktop/BlueDot_Perona_Vector_Project/outputs/synthetic_projection/activations/synthetic_fairness_004_violated_layer40.npy
synthetic_fairness_004_violated,synthetic,fairness,compassion,40,-64.76870727539062,mean_centered,/Users/manouchehrrimer/Desktop/BlueDot_Perona_Vector_Project/outputs/vector_construction/persona_vectors/compassion_layer40.npy,/Users/manouchehrrimer/Desktop/BlueDot_Perona_Vector_Project/outputs/synthetic_projection/activations/synthetic_fairness_004_violated_layer40.npy
synthetic_fairness_004_violated,synthetic,fairness,honesty,47,2855.038330078125,mean_centered,/Users/manouchehrrimer/Desktop/BlueDot_Perona_Vector_Project/outputs/vector_construction/persona_vectors/honesty_layer47.npy,/Users/manouchehrrimer/Desktop/BlueDot_Perona_Vector_Project/outputs/synthetic_projection/activations/synthetic_fairness_004_violated_layer47.npy
synthetic_fairness_004_violated,synthetic,fairness,harmlessness,47,3169.598388671875,mean_centered,/Users/manouchehrrimer/Desktop/BlueDot_Perona_Vector_Project/outputs/vector_construction/persona_vectors/harmlessness_layer47.npy,/Users/manouchehrrimer/Desktop/BlueDot_Perona_Vector_Project/outputs/synthetic_projection/activations/synthetic_fairness_004_violated_layer47.npy
synthetic_fairness_004_violated,synthetic,fairness,fairness,47,993.1403198242188,mean_centered,/Users/manouchehrrimer/Desktop/BlueDot_Perona_Vector_Project/outputs/vector_construction/persona_vectors/fairness_layer47.npy,/Users/manouchehrrimer/Desktop/BlueDot_Perona_Vector_Project/outputs/synthetic_projection/activations/synthetic_fairness_004_violated_layer47.npy
synthetic_fairness_004_violated,synthetic,fairness,compassion,47,1748.035400390625,mean_centered,/Users/manouchehrrimer/Desktop/BlueDot_Perona_Vector_Project/outputs/vector_construction/persona_vectors/compassion_layer47.npy,/Users/manouchehrrimer/Desktop/BlueDot_Perona_Vector_Project/outputs/synthetic_projection/activations/synthetic_fairness_004_violated_layer47.npy
synthetic_fairness_005_upheld,synthetic,fairness,honesty,32,-2226.71484375,mean_centered,/Users/manouchehrrimer/Desktop/BlueDot_Perona_Vector_Project/outputs/vector_construction/persona_vectors/honesty_layer32.npy,/Users/manouchehrrimer/Desktop/BlueDot_Perona_Vector_Project/outputs/synthetic_projection/activations/synthetic_fairness_005_upheld_layer32.npy
synthetic_fairness_005_upheld,synthetic,fairness,harmlessness,32,2503.1513671875,mean_centered,/Users/manouchehrrimer/Desktop/BlueDot_Perona_Vector_Project/outputs/vector_construction/persona_vectors/harmlessness_layer32.npy,/Users/manouchehrrimer/Desktop/BlueDot_Perona_Vector_Project/outputs/synthetic_projection/activations/synthetic_fairness_005_upheld_layer32.npy
synthetic_fairness_005_upheld,synthetic,fairness,fairness,32,-1954.3731689453125,mean_centered,/Users/manouchehrrimer/Desktop/BlueDot_Perona_Vector_Project/outputs/vector_construction/persona_vectors/fairness_layer32.npy,/Users/manouchehrrimer/Desktop/BlueDot_Perona_Vector_Project/outputs/synthetic_projection/activations/synthetic_fairness_005_upheld_layer32.npy
synthetic_fairness_005_upheld,synthetic,fairness,compassion,32,-2163.91015625,mean_centered,/Users/manouchehrrimer/Desktop/BlueDot_Perona_Vector_Project/outputs/vector_construction/persona_vectors/compassion_layer32.npy,/Users/manouchehrrimer/Desktop/BlueDot_Perona_Vector_Project/outputs/synthetic_projection/activations/synthetic_fairness_005_upheld_layer32.npy
synthetic_fairness_005_upheld,synthetic,fairness,honesty,40,-2026.6217041015625,mean_centered,/Users/manouchehrrimer/Desktop/BlueDot_Perona_Vector_Project/outputs/vector_construction/persona_vectors/honesty_layer40.npy,/Users/manouchehrrimer/Desktop/BlueDot_Perona_Vector_Project/outputs/synthetic_projection/activations/synthetic_fairness_005_upheld_layer40.npy
synthetic_fairness_005_upheld,synthetic,fairness,harmlessness,40,-210.58981323242188,mean_centered,/Users/manouchehrrimer/Desktop/BlueDot_Perona_Vector_Project/outputs/vector_construction/persona_vectors/harmlessness_layer40.npy,/Users/manouchehrrimer/Desktop/BlueDot_Perona_Vector_Project/outputs/synthetic_projection/activations/synthetic_fairness_005_upheld_layer40.npy
synthetic_fairness_005_upheld,synthetic,fairness,fairness,40,-1149.22509765625,mean_centered,/Users/manouchehrrimer/Desktop/BlueDot_Perona_Vector_Project/outputs/vector_construction/persona_vectors/fairness_layer40.npy,/Users/manouchehrrimer/Desktop/BlueDot_Perona_Vector_Project/outputs/synthetic_projection/activations/synthetic_fairness_005_upheld_layer40.npy
synthetic_fairness_005_upheld,synthetic,fairness,compassion,40,-409.21826171875,mean_centered,/Users/manouchehrrimer/Desktop/BlueDot_Perona_Vector_Project/outputs/vector_construction/persona_vectors/compassion_layer40.npy,/Users/manouchehrrimer/Desktop/BlueDot_Perona_Vector_Project/outputs/synthetic_projection/activations/synthetic_fairness_005_upheld_layer40.npy
synthetic_fairness_005_upheld,synthetic,fairness,honesty,47,-2256.636962890625,mean_centered,/Users/manouchehrrimer/Desktop/BlueDot_Perona_Vector_Project/outputs/vector_construction/persona_vectors/honesty_layer47.npy,/Users/manouchehrrimer/Desktop/BlueDot_Perona_Vector_Project/outputs/synthetic_projection/activations/synthetic_fairness_005_upheld_layer47.npy
synthetic_fairness_005_upheld,synthetic,fairness,harmlessness,47,-2755.1279296875,mean_centered,/Users/manouchehrrimer/Desktop/BlueDot_Perona_Vector_Project/outputs/vector_construction/persona_vectors/harmlessness_layer47.npy,/Users/manouchehrrimer/Desktop/BlueDot_Perona_Vector_Project/outputs/synthetic_projection/activations/synthetic_fairness_005_upheld_layer47.npy
synthetic_fairness_005_upheld,synthetic,fairness,fairness,47,-180.65826416015625,mean_centered,/Users/manouchehrrimer/Desktop/BlueDot_Perona_Vector_Project/outputs/vector_construction/persona_vectors/fairness_layer47.npy,/Users/manouchehrrimer/Desktop/BlueDot_Perona_Vector_Project/outputs/synthetic_projection/activations/synthetic_fairness_005_upheld_layer47.npy
synthetic_fairness_005_upheld,synthetic,fairness,compassion,47,-1764.9337158203125,mean_centered,/Users/manouchehrrimer/Desktop/BlueDot_Perona_Vector_Project/outputs/vector_construction/persona_vectors/compassion_layer47.npy,/Users/manouchehrrimer/Desktop/BlueDot_Perona_Vector_Project/outputs/synthetic_projection/activations/synthetic_fairness_005_upheld_layer47.npy
synthetic_fairness_005_violated,synthetic,fairness,honesty,32,-790.35400390625,mean_centered,/Users/manouchehrrimer/Desktop/BlueDot_Perona_Vector_Project/outputs/vector_construction/persona_vectors/honesty_layer32.npy,/Users/manouchehrrimer/Desktop/BlueDot_Perona_Vector_Project/outputs/synthetic_projection/activations/synthetic_fairness_005_violated_layer32.npy
synthetic_fairness_005_violated,synthetic,fairness,harmlessness,32,1335.6671142578125,mean_centered,/Users/manouchehrrimer/Desktop/BlueDot_Perona_Vector_Project/outputs/vector_construction/persona_vectors/harmlessness_layer32.npy,/Users/manouchehrrimer/Desktop/BlueDot_Perona_Vector_Project/outputs/synthetic_projection/activations/synthetic_fairness_005_violated_layer32.npy
synthetic_fairness_005_violated,synthetic,fairness,fairness,32,-1172.077880859375,mean_centered,/Users/manouchehrrimer/Desktop/BlueDot_Perona_Vector_Project/outputs/vector_construction/persona_vectors/fairness_layer32.npy,/Users/manouchehrrimer/Desktop/BlueDot_Perona_Vector_Project/outputs/synthetic_projection/activations/synthetic_fairness_005_violated_layer32.npy
synthetic_fairness_005_violated,synthetic,fairness,compassion,32,-872.69775390625,mean_centered,/Users/manouchehrrimer/Desktop/BlueDot_Perona_Vector_Project/outputs/vector_construction/persona_vectors/compassion_layer32.npy,/Users/manouchehrrimer/Desktop/BlueDot_Perona_Vector_Project/outputs/synthetic_projection/activations/synthetic_fairness_005_violated_layer32.npy
synthetic_fairness_005_violated,synthetic,fairness,honesty,40,-1434.334716796875,mean_centered,/Users/manouchehrrimer/Desktop/BlueDot_Perona_Vector_Project/outputs/vector_construction/persona_vectors/honesty_layer40.npy,/Users/manouchehrrimer/Desktop/BlueDot_Perona_Vector_Project/outputs/synthetic_projection/activations/synthetic_fairness_005_violated_layer40.npy
synthetic_fairness_005_violated,synthetic,fairness,harmlessness,40,138.0206298828125,mean_centered,/Users/manouchehrrimer/Desktop/BlueDot_Perona_Vector_Project/outputs/vector_construction/persona_vectors/harmlessness_layer40.npy,/Users/manouchehrrimer/Desktop/BlueDot_Perona_Vector_Project/outputs/synthetic_projection/activations/synthetic_fairness_005_violated_layer40.npy
synthetic_fairness_005_violated,synthetic,fairness,fairness,40,-1193.9320068359375,mean_centered,/Users/manouchehrrimer/Desktop/BlueDot_Perona_Vector_Project/outputs/vector_construction/persona_vectors/fairness_layer40.npy,/Users/manouchehrrimer/Desktop/BlueDot_Perona_Vector_Project/outputs/synthetic_projection/activations/synthetic_fairness_005_violated_layer40.npy
synthetic_fairness_005_violated,synthetic,fairness,compassion,40,-86.40580749511719,mean_centered,/Users/manouchehrrimer/Desktop/BlueDot_Perona_Vector_Project/outputs/vector_construction/persona_vectors/compassion_layer40.npy,/Users/manouchehrrimer/Desktop/BlueDot_Perona_Vector_Project/outputs/synthetic_projection/activations/synthetic_fairness_005_violated_layer40.npy
synthetic_fairness_005_violated,synthetic,fairness,honesty,47,-1765.5867919921875,mean_centered,/Users/manouchehrrimer/Desktop/BlueDot_Perona_Vector_Project/outputs/vector_construction/persona_vectors/honesty_layer47.npy,/Users/manouchehrrimer/Desktop/BlueDot_Perona_Vector_Project/outputs/synthetic_projection/activations/synthetic_fairness_005_violated_layer47.npy
synthetic_fairness_005_violated,synthetic,fairness,harmlessness,47,-2498.24267578125,mean_centered,/Users/manouchehrrimer/Desktop/BlueDot_Perona_Vector_Project/outputs/vector_construction/persona_vectors/harmlessness_layer47.npy,/Users/manouchehrrimer/Desktop/BlueDot_Perona_Vector_Project/outputs/synthetic_projection/activations/synthetic_fairness_005_violated_layer47.npy
synthetic_fairness_005_violated,synthetic,fairness,fairness,47,-798.6302490234375,mean_centered,/Users/manouchehrrimer/Desktop/BlueDot_Perona_Vector_Project/outputs/vector_construction/persona_vectors/fairness_layer47.npy,/Users/manouchehrrimer/Desktop/BlueDot_Perona_Vector_Project/outputs/synthetic_projection/activations/synthetic_fairness_005_violated_layer47.npy
synthetic_fairness_005_violated,synthetic,fairness,compassion,47,-1387.47021484375,mean_centered,/Users/manouchehrrimer/Desktop/BlueDot_Perona_Vector_Project/outputs/vector_construction/persona_vectors/compassion_layer47.npy,/Users/manouchehrrimer/Desktop/BlueDot_Perona_Vector_Project/outputs/synthetic_projection/activations/synthetic_fairness_005_violated_layer47.npy
synthetic_fairness_006_upheld,synthetic,fairness,honesty,32,-333.802734375,mean_centered,/Users/manouchehrrimer/Desktop/BlueDot_Perona_Vector_Project/outputs/vector_construction/persona_vectors/honesty_layer32.npy,/Users/manouchehrrimer/Desktop/BlueDot_Perona_Vector_Project/outputs/synthetic_projection/activations/synthetic_fairness_006_upheld_layer32.npy
synthetic_fairness_006_upheld,synthetic,fairness,harmlessness,32,-220.33114624023438,mean_centered,/Users/manouchehrrimer/Desktop/BlueDot_Perona_Vector_Project/outputs/vector_construction/persona_vectors/harmlessness_layer32.npy,/Users/manouchehrrimer/Desktop/BlueDot_Perona_Vector_Project/outputs/synthetic_projection/activations/synthetic_fairness_006_upheld_layer32.npy
synthetic_fairness_006_upheld,synthetic,fairness,fairness,32,174.3076171875,mean_centered,/Users/manouchehrrimer/Desktop/BlueDot_Perona_Vector_Project/outputs/vector_construction/persona_vectors/fairness_layer32.npy,/Users/manouchehrrimer/Desktop/BlueDot_Perona_Vector_Project/outputs/synthetic_projection/activations/synthetic_fairness_006_upheld_layer32.npy
synthetic_fairness_006_upheld,synthetic,fairness,compassion,32,-278.53753662109375,mean_centered,/Users/manouchehrrimer/Desktop/BlueDot_Perona_Vector_Project/outputs/vector_construction/persona_vectors/compassion_layer32.npy,/Users/manouchehrrimer/Desktop/BlueDot_Perona_Vector_Project/outputs/synthetic_projection/activations/synthetic_fairness_006_upheld_layer32.npy
synthetic_fairness_006_upheld,synthetic,fairness,honesty,40,-1930.142822265625,mean_centered,/Users/manouchehrrimer/Desktop/BlueDot_Perona_Vector_Project/outputs/vector_construction/persona_vectors/honesty_layer40.npy,/Users/manouchehrrimer/Desktop/BlueDot_Perona_Vector_Project/outputs/synthetic_projection/activations/synthetic_fairness_006_upheld_layer40.npy
synthetic_fairness_006_upheld,synthetic,fairness,harmlessness,40,-848.183837890625,mean_centered,/Users/manouchehrrimer/Desktop/BlueDot_Perona_Vector_Project/outputs/vector_construction/persona_vectors/harmlessness_layer40.npy,/Users/manouchehrrimer/Desktop/BlueDot_Perona_Vector_Project/outputs/synthetic_projection/activations/synthetic_fairness_006_upheld_layer40.npy
synthetic_fairness_006_upheld,synthetic,fairness,fairness,40,-747.7191772460938,mean_centered,/Users/manouchehrrimer/Desktop/BlueDot_Perona_Vector_Project/outputs/vector_construction/persona_vectors/fairness_layer40.npy,/Users/manouchehrrimer/Desktop/BlueDot_Perona_Vector_Project/outputs/synthetic_projection/activations/synthetic_fairness_006_upheld_layer40.npy
synthetic_fairness_006_upheld,synthetic,fairness,compassion,40,-536.30615234375,mean_centered,/Users/manouchehrrimer/Desktop/BlueDot_Perona_Vector_Project/outputs/vector_construction/persona_vectors/compassion_layer40.npy,/Users/manouchehrrimer/Desktop/BlueDot_Perona_Vector_Project/outputs/synthetic_projection/activations/synthetic_fairness_006_upheld_layer40.npy
synthetic_fairness_006_upheld,synthetic,fairness,honesty,47,653.1976318359375,mean_centered,/Users/manouchehrrimer/Desktop/BlueDot_Perona_Vector_Project/outputs/vector_construction/persona_vectors/honesty_layer47.npy,/Users/manouchehrrimer/Desktop/BlueDot_Perona_Vector_Project/outputs/synthetic_projection/activations/synthetic_fairness_006_upheld_layer47.npy
synthetic_fairness_006_upheld,synthetic,fairness,harmlessness,47,1127.4569091796875,mean_centered,/Users/manouchehrrimer/Desktop/BlueDot_Perona_Vector_Project/outputs/vector_construction/persona_vectors/harmlessness_layer47.npy,/Users/manouchehrrimer/Desktop/BlueDot_Perona_Vector_Project/outputs/synthetic_projection/activations/synthetic_fairness_006_upheld_layer47.npy
synthetic_fairness_006_upheld,synthetic,fairness,fairness,47,1401.606689453125,mean_centered,/Users/manouchehrrimer/Desktop/BlueDot_Perona_Vector_Project/outputs/vector_construction/persona_vectors/fairness_layer47.npy,/Users/manouchehrrimer/Desktop/BlueDot_Perona_Vector_Project/outputs/synthetic_projection/activations/synthetic_fairness_006_upheld_layer47.npy
synthetic_fairness_006_upheld,synthetic,fairness,compassion,47,626.8731689453125,mean_centered,/Users/manouchehrrimer/Desktop/BlueDot_Perona_Vector_Project/outputs/vector_construction/persona_vectors/compassion_layer47.npy,/Users/manouchehrrimer/Desktop/BlueDot_Perona_Vector_Project/outputs/synthetic_projection/activations/synthetic_fairness_006_upheld_layer47.npy
synthetic_fairness_006_violated,synthetic,fairness,honesty,32,245.30502319335938,mean_centered,/Users/manouchehrrimer/Desktop/BlueDot_Perona_Vector_Project/outputs/vector_construction/persona_vectors/honesty_layer32.npy,/Users/manouchehrrimer/Desktop/BlueDot_Perona_Vector_Project/outputs/synthetic_projection/activations/synthetic_fairness_006_violated_layer32.npy
synthetic_fairness_006_violated,synthetic,fairness,harmlessness,32,-258.2037353515625,mean_centered,/Users/manouchehrrimer/Desktop/BlueDot_Perona_Vector_Project/outputs/vector_construction/persona_vectors/harmlessness_layer32.npy,/Users/manouchehrrimer/Desktop/BlueDot_Perona_Vector_Project/outputs/synthetic_projection/activations/synthetic_fairness_006_violated_layer32.npy
synthetic_fairness_006_violated,synthetic,fairness,fairness,32,-63.14892578125,mean_centered,/Users/manouchehrrimer/Desktop/BlueDot_Perona_Vector_Project/outputs/vector_construction/persona_vectors/fairness_layer32.npy,/Users/manouchehrrimer/Desktop/BlueDot_Perona_Vector_Project/outputs/synthetic_projection/activations/synthetic_fairness_006_violated_layer32.npy
synthetic_fairness_006_violated,synthetic,fairness,compassion,32,315.17218017578125,mean_centered,/Users/manouchehrrimer/Desktop/BlueDot_Perona_Vector_Project/outputs/vector_construction/persona_vectors/compassion_layer32.npy,/Users/manouchehrrimer/Desktop/BlueDot_Perona_Vector_Project/outputs/synthetic_projection/activations/synthetic_fairness_006_violated_layer32.npy
synthetic_fairness_006_violated,synthetic,fairness,honesty,40,-787.7005615234375,mean_centered,/Users/manouchehrrimer/Desktop/BlueDot_Perona_Vector_Project/outputs/vector_construction/persona_vectors/honesty_layer40.npy,/Users/manouchehrrimer/Desktop/BlueDot_Perona_Vector_Project/outputs/synthetic_projection/activations/synthetic_fairness_006_violated_layer40.npy
synthetic_fairness_006_violated,synthetic,fairness,harmlessness,40,123.74066925048828,mean_centered,/Users/manouchehrrimer/Desktop/BlueDot_Perona_Vector_Project/outputs/vector_construction/persona_vectors/harmlessness_layer40.npy,/Users/manouchehrrimer/Desktop/BlueDot_Perona_Vector_Project/outputs/synthetic_projection/activations/synthetic_fairness_006_violated_layer40.npy
synthetic_fairness_006_violated,synthetic,fairness,fairness,40,-1029.92529296875,mean_centered,/Users/manouchehrrimer/Desktop/BlueDot_Perona_Vector_Project/outputs/vector_construction/persona_vectors/fairness_layer40.npy,/Users/manouchehrrimer/Desktop/BlueDot_Perona_Vector_Project/outputs/synthetic_projection/activations/synthetic_fairness_006_violated_layer40.npy
synthetic_fairness_006_violated,synthetic,fairness,compassion,40,-16.238033294677734,mean_centered,/Users/manouchehrrimer/Desktop/BlueDot_Perona_Vector_Project/outputs/vector_construction/persona_vectors/compassion_layer40.npy,/Users/manouchehrrimer/Desktop/BlueDot_Perona_Vector_Project/outputs/synthetic_projection/activations/synthetic_fairness_006_violated_layer40.npy
synthetic_fairness_006_violated,synthetic,fairness,honesty,47,71.62364196777344,mean_centered,/Users/manouchehrrimer/Desktop/BlueDot_Perona_Vector_Project/outputs/vector_construction/persona_vectors/honesty_layer47.npy,/Users/manouchehrrimer/Desktop/BlueDot_Perona_Vector_Project/outputs/synthetic_projection/activations/synthetic_fairness_006_violated_layer47.npy
synthetic_fairness_006_violated,synthetic,fairness,harmlessness,47,489.9947509765625,mean_centered,/Users/manouchehrrimer/Desktop/BlueDot_Perona_Vector_Project/outputs/vector_construction/persona_vectors/harmlessness_layer47.npy,/Users/manouchehrrimer/Desktop/BlueDot_Perona_Vector_Project/outputs/synthetic_projection/activations/synthetic_fairness_006_violated_layer47.npy
synthetic_fairness_006_violated,synthetic,fairness,fairness,47,-681.20751953125,mean_centered,/Users/manouchehrrimer/Desktop/BlueDot_Perona_Vector_Project/outputs/vector_construction/persona_vectors/fairness_layer47.npy,/Users/manouchehrrimer/Desktop/BlueDot_Perona_Vector_Project/outputs/synthetic_projection/activations/synthetic_fairness_006_violated_layer47.npy
synthetic_fairness_006_violated,synthetic,fairness,compassion,47,405.9968566894531,mean_centered,/Users/manouchehrrimer/Desktop/BlueDot_Perona_Vector_Project/outputs/vector_construction/persona_vectors/compassion_layer47.npy,/Users/manouchehrrimer/Desktop/BlueDot_Perona_Vector_Project/outputs/synthetic_projection/activations/synthetic_fairness_006_violated_layer47.npy
synthetic_fairness_007_upheld,synthetic,fairness,honesty,32,-42.04966735839844,mean_centered,/Users/manouchehrrimer/Desktop/BlueDot_Perona_Vector_Project/outputs/vector_construction/persona_vectors/honesty_layer32.npy,/Users/manouchehrrimer/Desktop/BlueDot_Perona_Vector_Project/outputs/synthetic_projection/activations/synthetic_fairness_007_upheld_layer32.npy
synthetic_fairness_007_upheld,synthetic,fairness,harmlessness,32,-397.40106201171875,mean_centered,/Users/manouchehrrimer/Desktop/BlueDot_Perona_Vector_Project/outputs/vector_construction/persona_vectors/harmlessness_layer32.npy,/Users/manouchehrrimer/Desktop/BlueDot_Perona_Vector_Project/outputs/synthetic_projection/activations/synthetic_fairness_007_upheld_layer32.npy
synthetic_fairness_007_upheld,synthetic,fairness,fairness,32,381.8106689453125,mean_centered,/Users/manouchehrrimer/Desktop/BlueDot_Perona_Vector_Project/outputs/vector_construction/persona_vectors/fairness_layer32.npy,/Users/manouchehrrimer/Desktop/BlueDot_Perona_Vector_Project/outputs/synthetic_projection/activations/synthetic_fairness_007_upheld_layer32.npy
synthetic_fairness_007_upheld,synthetic,fairness,compassion,32,-242.18858337402344,mean_centered,/Users/manouchehrrimer/Desktop/BlueDot_Perona_Vector_Project/outputs/vector_construction/persona_vectors/compassion_layer32.npy,/Users/manouchehrrimer/Desktop/BlueDot_Perona_Vector_Project/outputs/synthetic_projection/activations/synthetic_fairness_007_upheld_layer32.npy
synthetic_fairness_007_upheld,synthetic,fairness,honesty,40,615.4744262695312,mean_centered,/Users/manouchehrrimer/Desktop/BlueDot_Perona_Vector_Project/outputs/vector_construction/persona_vectors/honesty_layer40.npy,/Users/manouchehrrimer/Desktop/BlueDot_Perona_Vector_Project/outputs/synthetic_projection/activations/synthetic_fairness_007_upheld_layer40.npy
synthetic_fairness_007_upheld,synthetic,fairness,harmlessness,40,-658.03076171875,mean_centered,/Users/manouchehrrimer/Desktop/BlueDot_Perona_Vector_Project/outputs/vector_construction/persona_vectors/harmlessness_layer40.npy,/Users/manouchehrrimer/Desktop/BlueDot_Perona_Vector_Project/outputs/synthetic_projection/activations/synthetic_fairness_007_upheld_layer40.npy
synthetic_fairness_007_upheld,synthetic,fairness,fairness,40,936.4917602539062,mean_centered,/Users/manouchehrrimer/Desktop/BlueDot_Perona_Vector_Project/outputs/vector_construction/persona_vectors/fairness_layer40.npy,/Users/manouchehrrimer/Desktop/BlueDot_Perona_Vector_Project/outputs/synthetic_projection/activations/synthetic_fairness_007_upheld_layer40.npy
synthetic_fairness_007_upheld,synthetic,fairness,compassion,40,-517.2774658203125,mean_centered,/Users/manouchehrrimer/Desktop/BlueDot_Perona_Vector_Project/outputs/vector_construction/persona_vectors/compassion_layer40.npy,/Users/manouchehrrimer/Desktop/BlueDot_Perona_Vector_Project/outputs/synthetic_projection/activations/synthetic_fairness_007_upheld_layer40.npy
synthetic_fairness_007_upheld,synthetic,fairness,honesty,47,2889.279052734375,mean_centered,/Users/manouchehrrimer/Desktop/BlueDot_Perona_Vector_Project/outputs/vector_construction/persona_vectors/honesty_layer47.npy,/Users/manouchehrrimer/Desktop/BlueDot_Perona_Vector_Project/outputs/synthetic_projection/activations/synthetic_fairness_007_upheld_layer47.npy
synthetic_fairness_007_upheld,synthetic,fairness,harmlessness,47,3739.191162109375,mean_centered,/Users/manouchehrrimer/Desktop/BlueDot_Perona_Vector_Project/outputs/vector_construction/persona_vectors/harmlessness_layer47.npy,/Users/manouchehrrimer/Desktop/BlueDot_Perona_Vector_Project/outputs/synthetic_projection/activations/synthetic_fairness_007_upheld_layer47.npy
synthetic_fairness_007_upheld,synthetic,fairness,fairness,47,2240.84326171875,mean_centered,/Users/manouchehrrimer/Desktop/BlueDot_Perona_Vector_Project/outputs/vector_construction/persona_vectors/fairness_layer47.npy,/Users/manouchehrrimer/Desktop/BlueDot_Perona_Vector_Project/outputs/synthetic_projection/activations/synthetic_fairness_007_upheld_layer47.npy
synthetic_fairness_007_upheld,synthetic,fairness,compassion,47,1719.8223876953125,mean_centered,/Users/manouchehrrimer/Desktop/BlueDot_Perona_Vector_Project/outputs/vector_construction/persona_vectors/compassion_layer47.npy,/Users/manouchehrrimer/Desktop/BlueDot_Perona_Vector_Project/outputs/synthetic_projection/activations/synthetic_fairness_007_upheld_layer47.npy
synthetic_fairness_007_violated,synthetic,fairness,honesty,32,572.1221313476562,mean_centered,/Users/manouchehrrimer/Desktop/BlueDot_Perona_Vector_Project/outputs/vector_construction/persona_vectors/honesty_layer32.npy,/Users/manouchehrrimer/Desktop/BlueDot_Perona_Vector_Project/outputs/synthetic_projection/activations/synthetic_fairness_007_violated_layer32.npy
synthetic_fairness_007_violated,synthetic,fairness,harmlessness,32,-363.18865966796875,mean_centered,/Users/manouchehrrimer/Desktop/BlueDot_Perona_Vector_Project/outputs/vector_construction/persona_vectors/harmlessness_layer32.npy,/Users/manouchehrrimer/Desktop/BlueDot_Perona_Vector_Project/outputs/synthetic_projection/activations/synthetic_fairness_007_violated_layer32.npy
synthetic_fairness_007_violated,synthetic,fairness,fairness,32,253.85655212402344,mean_centered,/Users/manouchehrrimer/Desktop/BlueDot_Perona_Vector_Project/outputs/vector_construction/persona_vectors/fairness_layer32.npy,/Users/manouchehrrimer/Desktop/BlueDot_Perona_Vector_Project/outputs/synthetic_projection/activations/synthetic_fairness_007_violated_layer32.npy
synthetic_fairness_007_violated,synthetic,fairness,compassion,32,374.9589538574219,mean_centered,/Users/manouchehrrimer/Desktop/BlueDot_Perona_Vector_Project/outputs/vector_construction/persona_vectors/compassion_layer32.npy,/Users/manouchehrrimer/Desktop/BlueDot_Perona_Vector_Project/outputs/synthetic_projection/activations/synthetic_fairness_007_violated_layer32.npy
synthetic_fairness_007_violated,synthetic,fairness,honesty,40,2808.636962890625,mean_centered,/Users/manouchehrrimer/Desktop/BlueDot_Perona_Vector_Project/outputs/vector_construction/persona_vectors/honesty_layer40.npy,/Users/manouchehrrimer/Desktop/BlueDot_Perona_Vector_Project/outputs/synthetic_projection/activations/synthetic_fairness_007_violated_layer40.npy
synthetic_fairness_007_violated,synthetic,fairness,harmlessness,40,246.7389678955078,mean_centered,/Users/manouchehrrimer/Desktop/BlueDot_Perona_Vector_Project/outputs/vector_construction/persona_vectors/harmlessness_layer40.npy,/Users/manouchehrrimer/Desktop/BlueDot_Perona_Vector_Project/outputs/synthetic_projection/activations/synthetic_fairness_007_violated_layer40.npy
synthetic_fairness_007_violated,synthetic,fairness,fairness,40,1499.34912109375,mean_centered,/Users/manouchehrrimer/Desktop/BlueDot_Perona_Vector_Project/outputs/vector_construction/persona_vectors/fairness_layer40.npy,/Users/manouchehrrimer/Desktop/BlueDot_Perona_Vector_Project/outputs/synthetic_projection/activations/synthetic_fairness_007_violated_layer40.npy
synthetic_fairness_007_violated,synthetic,fairness,compassion,40,212.12496948242188,mean_centered,/Users/manouchehrrimer/Desktop/BlueDot_Perona_Vector_Project/outputs/vector_construction/persona_vectors/compassion_layer40.npy,/Users/manouchehrrimer/Desktop/BlueDot_Perona_Vector_Project/outputs/synthetic_projection/activations/synthetic_fairness_007_violated_layer40.npy
synthetic_fairness_007_violated,synthetic,fairness,honesty,47,1252.2799072265625,mean_centered,/Users/manouchehrrimer/Desktop/BlueDot_Perona_Vector_Project/outputs/vector_construction/persona_vectors/honesty_layer47.npy,/Users/manouchehrrimer/Desktop/BlueDot_Perona_Vector_Project/outputs/synthetic_projection/activations/synthetic_fairness_007_violated_layer47.npy
synthetic_fairness_007_violated,synthetic,fairness,harmlessness,47,1532.0140380859375,mean_centered,/Users/manouchehrrimer/Desktop/BlueDot_Perona_Vector_Project/outputs/vector_construction/persona_vectors/harmlessness_layer47.npy,/Users/manouchehrrimer/Desktop/BlueDot_Perona_Vector_Project/outputs/synthetic_projection/activations/synthetic_fairness_007_violated_layer47.npy
synthetic_fairness_007_violated,synthetic,fairness,fairness,47,-222.1845245361328,mean_centered,/Users/manouchehrrimer/Desktop/BlueDot_Perona_Vector_Project/outputs/vector_construction/persona_vectors/fairness_layer47.npy,/Users/manouchehrrimer/Desktop/BlueDot_Perona_Vector_Project/outputs/synthetic_projection/activations/synthetic_fairness_007_violated_layer47.npy
synthetic_fairness_007_violated,synthetic,fairness,compassion,47,864.1932983398438,mean_centered,/Users/manouchehrrimer/Desktop/BlueDot_Perona_Vector_Project/outputs/vector_construction/persona_vectors/compassion_layer47.npy,/Users/manouchehrrimer/Desktop/BlueDot_Perona_Vector_Project/outputs/synthetic_projection/activations/synthetic_fairness_007_violated_layer47.npy
synthetic_fairness_008_upheld,synthetic,fairness,honesty,32,809.8845825195312,mean_centered,/Users/manouchehrrimer/Desktop/BlueDot_Perona_Vector_Project/outputs/vector_construction/persona_vectors/honesty_layer32.npy,/Users/manouchehrrimer/Desktop/BlueDot_Perona_Vector_Project/outputs/synthetic_projection/activations/synthetic_fairness_008_upheld_layer32.npy
synthetic_fairness_008_upheld,synthetic,fairness,harmlessness,32,-1398.827392578125,mean_centered,/Users/manouchehrrimer/Desktop/BlueDot_Perona_Vector_Project/outputs/vector_construction/persona_vectors/harmlessness_layer32.npy,/Users/manouchehrrimer/Desktop/BlueDot_Perona_Vector_Project/outputs/synthetic_projection/activations/synthetic_fairness_008_upheld_layer32.npy
synthetic_fairness_008_upheld,synthetic,fairness,fairness,32,1172.357177734375,mean_centered,/Users/manouchehrrimer/Desktop/BlueDot_Perona_Vector_Project/outputs/vector_construction/persona_vectors/fairness_layer32.npy,/Users/manouchehrrimer/Desktop/BlueDot_Perona_Vector_Project/outputs/synthetic_projection/activations/synthetic_fairness_008_upheld_layer32.npy
synthetic_fairness_008_upheld,synthetic,fairness,compassion,32,120.91183471679688,mean_centered,/Users/manouchehrrimer/Desktop/BlueDot_Perona_Vector_Project/outputs/vector_construction/persona_vectors/compassion_layer32.npy,/Users/manouchehrrimer/Desktop/BlueDot_Perona_Vector_Project/outputs/synthetic_projection/activations/synthetic_fairness_008_upheld_layer32.npy
synthetic_fairness_008_upheld,synthetic,fairness,honesty,40,-1224.3775634765625,mean_centered,/Users/manouchehrrimer/Desktop/BlueDot_Perona_Vector_Project/outputs/vector_construction/persona_vectors/honesty_layer40.npy,/Users/manouchehrrimer/Desktop/BlueDot_Perona_Vector_Project/outputs/synthetic_projection/activations/synthetic_fairness_008_upheld_layer40.npy
synthetic_fairness_008_upheld,synthetic,fairness,harmlessness,40,-1236.09912109375,mean_centered,/Users/manouchehrrimer/Desktop/BlueDot_Perona_Vector_Project/outputs/vector_construction/persona_vectors/harmlessness_layer40.npy,/Users/manouchehrrimer/Desktop/BlueDot_Perona_Vector_Project/outputs/synthetic_projection/activations/synthetic_fairness_008_upheld_layer40.npy
synthetic_fairness_008_upheld,synthetic,fairness,fairness,40,-136.29443359375,mean_centered,/Users/manouchehrrimer/Desktop/BlueDot_Perona_Vector_Project/outputs/vector_construction/persona_vectors/fairness_layer40.npy,/Users/manouchehrrimer/Desktop/BlueDot_Perona_Vector_Project/outputs/synthetic_projection/activations/synthetic_fairness_008_upheld_layer40.npy
synthetic_fairness_008_upheld,synthetic,fairness,compassion,40,-538.1140747070312,mean_centered,/Users/manouchehrrimer/Desktop/BlueDot_Perona_Vector_Project/outputs/vector_construction/persona_vectors/compassion_layer40.npy,/Users/manouchehrrimer/Desktop/BlueDot_Perona_Vector_Project/outputs/synthetic_projection/activations/synthetic_fairness_008_upheld_layer40.npy
synthetic_fairness_008_upheld,synthetic,fairness,honesty,47,-627.08447265625,mean_centered,/Users/manouchehrrimer/Desktop/BlueDot_Perona_Vector_Project/outputs/vector_construction/persona_vectors/honesty_layer47.npy,/Users/manouchehrrimer/Desktop/BlueDot_Perona_Vector_Project/outputs/synthetic_projection/activations/synthetic_fairness_008_upheld_layer47.npy
synthetic_fairness_008_upheld,synthetic,fairness,harmlessness,47,-1895.4075927734375,mean_centered,/Users/manouchehrrimer/Desktop/BlueDot_Perona_Vector_Project/outputs/vector_construction/persona_vectors/harmlessness_layer47.npy,/Users/manouchehrrimer/Desktop/BlueDot_Perona_Vector_Project/outputs/synthetic_projection/activations/synthetic_fairness_008_upheld_layer47.npy
synthetic_fairness_008_upheld,synthetic,fairness,fairness,47,1361.412353515625,mean_centered,/Users/manouchehrrimer/Desktop/BlueDot_Perona_Vector_Project/outputs/vector_construction/persona_vectors/fairness_layer47.npy,/Users/manouchehrrimer/Desktop/BlueDot_Perona_Vector_Project/outputs/synthetic_projection/activations/synthetic_fairness_008_upheld_layer47.npy
synthetic_fairness_008_upheld,synthetic,fairness,compassion,47,-915.3995361328125,mean_centered,/Users/manouchehrrimer/Desktop/BlueDot_Perona_Vector_Project/outputs/vector_construction/persona_vectors/compassion_layer47.npy,/Users/manouchehrrimer/Desktop/BlueDot_Perona_Vector_Project/outputs/synthetic_projection/activations/synthetic_fairness_008_upheld_layer47.npy
synthetic_fairness_008_violated,synthetic,fairness,honesty,32,1125.4486083984375,mean_centered,/Users/manouchehrrimer/Desktop/BlueDot_Perona_Vector_Project/outputs/vector_construction/persona_vectors/honesty_layer32.npy,/Users/manouchehrrimer/Desktop/BlueDot_Perona_Vector_Project/outputs/synthetic_projection/activations/synthetic_fairness_008_violated_layer32.npy
synthetic_fairness_008_violated,synthetic,fairness,harmlessness,32,-1248.9200439453125,mean_centered,/Users/manouchehrrimer/Desktop/BlueDot_Perona_Vector_Project/outputs/vector_construction/persona_vectors/harmlessness_layer32.npy,/Users/manouchehrrimer/Desktop/BlueDot_Perona_Vector_Project/outputs/synthetic_projection/activations/synthetic_fairness_008_violated_layer32.npy
synthetic_fairness_008_violated,synthetic,fairness,fairness,32,929.0338745117188,mean_centered,/Users/manouchehrrimer/Desktop/BlueDot_Perona_Vector_Project/outputs/vector_construction/persona_vectors/fairness_layer32.npy,/Users/manouchehrrimer/Desktop/BlueDot_Perona_Vector_Project/outputs/synthetic_projection/activations/synthetic_fairness_008_violated_layer32.npy
synthetic_fairness_008_violated,synthetic,fairness,compassion,32,782.3085327148438,mean_centered,/Users/manouchehrrimer/Desktop/BlueDot_Perona_Vector_Project/outputs/vector_construction/persona_vectors/compassion_layer32.npy,/Users/manouchehrrimer/Desktop/BlueDot_Perona_Vector_Project/outputs/synthetic_projection/activations/synthetic_fairness_008_violated_layer32.npy
synthetic_fairness_008_violated,synthetic,fairness,honesty,40,-45.039085388183594,mean_centered,/Users/manouchehrrimer/Desktop/BlueDot_Perona_Vector_Project/outputs/vector_construction/persona_vectors/honesty_layer40.npy,/Users/manouchehrrimer/Desktop/BlueDot_Perona_Vector_Project/outputs/synthetic_projection/activations/synthetic_fairness_008_violated_layer40.npy
synthetic_fairness_008_violated,synthetic,fairness,harmlessness,40,-168.41319274902344,mean_centered,/Users/manouchehrrimer/Desktop/BlueDot_Perona_Vector_Project/outputs/vector_construction/persona_vectors/harmlessness_layer40.npy,/Users/manouchehrrimer/Desktop/BlueDot_Perona_Vector_Project/outputs/synthetic_projection/activations/synthetic_fairness_008_violated_layer40.npy
synthetic_fairness_008_violated,synthetic,fairness,fairness,40,-117.37649536132812,mean_centered,/Users/manouchehrrimer/Desktop/BlueDot_Perona_Vector_Project/outputs/vector_construction/persona_vectors/fairness_layer40.npy,/Users/manouchehrrimer/Desktop/BlueDot_Perona_Vector_Project/outputs/synthetic_projection/activations/synthetic_fairness_008_violated_layer40.npy
synthetic_fairness_008_violated,synthetic,fairness,compassion,40,-83.18892669677734,mean_centered,/Users/manouchehrrimer/Desktop/BlueDot_Perona_Vector_Project/outputs/vector_construction/persona_vectors/compassion_layer40.npy,/Users/manouchehrrimer/Desktop/BlueDot_Perona_Vector_Project/outputs/synthetic_projection/activations/synthetic_fairness_008_violated_layer40.npy
synthetic_fairness_008_violated,synthetic,fairness,honesty,47,1662.86669921875,mean_centered,/Users/manouchehrrimer/Desktop/BlueDot_Perona_Vector_Project/outputs/vector_construction/persona_vectors/honesty_layer47.npy,/Users/manouchehrrimer/Desktop/BlueDot_Perona_Vector_Project/outputs/synthetic_projection/activations/synthetic_fairness_008_violated_layer47.npy
synthetic_fairness_008_violated,synthetic,fairness,harmlessness,47,1763.3836669921875,mean_centered,/Users/manouchehrrimer/Desktop/BlueDot_Perona_Vector_Project/outputs/vector_construction/persona_vectors/harmlessness_layer47.npy,/Users/manouchehrrimer/Desktop/BlueDot_Perona_Vector_Project/outputs/synthetic_projection/activations/synthetic_fairness_008_violated_layer47.npy
synthetic_fairness_008_violated,synthetic,fairness,fairness,47,641.5104370117188,mean_centered,/Users/manouchehrrimer/Desktop/BlueDot_Perona_Vector_Project/outputs/vector_construction/persona_vectors/fairness_layer47.npy,/Users/manouchehrrimer/Desktop/BlueDot_Perona_Vector_Project/outputs/synthetic_projection/activations/synthetic_fairness_008_violated_layer47.npy
synthetic_fairness_008_violated,synthetic,fairness,compassion,47,965.47265625,mean_centered,/Users/manouchehrrimer/Desktop/BlueDot_Perona_Vector_Project/outputs/vector_construction/persona_vectors/compassion_layer47.npy,/Users/manouchehrrimer/Desktop/BlueDot_Perona_Vector_Project/outputs/synthetic_projection/activations/synthetic_fairness_008_violated_layer47.npy
synthetic_fairness_009_upheld,synthetic,fairness,honesty,32,-1002.8517456054688,mean_centered,/Users/manouchehrrimer/Desktop/BlueDot_Perona_Vector_Project/outputs/vector_construction/persona_vectors/honesty_layer32.npy,/Users/manouchehrrimer/Desktop/BlueDot_Perona_Vector_Project/outputs/synthetic_projection/activations/synthetic_fairness_009_upheld_layer32.npy
synthetic_fairness_009_upheld,synthetic,fairness,harmlessness,32,599.419921875,mean_centered,/Users/manouchehrrimer/Desktop/BlueDot_Perona_Vector_Project/outputs/vector_construction/persona_vectors/harmlessness_layer32.npy,/Users/manouchehrrimer/Desktop/BlueDot_Perona_Vector_Project/outputs/synthetic_projection/activations/synthetic_fairness_009_upheld_layer32.npy
synthetic_fairness_009_upheld,synthetic,fairness,fairness,32,-228.9744873046875,mean_centered,/Users/manouchehrrimer/Desktop/BlueDot_Perona_Vector_Project/outputs/vector_construction/persona_vectors/fairness_layer32.npy,/Users/manouchehrrimer/Desktop/BlueDot_Perona_Vector_Project/outputs/synthetic_projection/activations/synthetic_fairness_009_upheld_layer32.npy
synthetic_fairness_009_upheld,synthetic,fairness,compassion,32,-1302.2271728515625,mean_centered,/Users/manouchehrrimer/Desktop/BlueDot_Perona_Vector_Project/outputs/vector_construction/persona_vectors/compassion_layer32.npy,/Users/manouchehrrimer/Desktop/BlueDot_Perona_Vector_Project/outputs/synthetic_projection/activations/synthetic_fairness_009_upheld_layer32.npy
synthetic_fairness_009_upheld,synthetic,fairness,honesty,40,-2461.79931640625,mean_centered,/Users/manouchehrrimer/Desktop/BlueDot_Perona_Vector_Project/outputs/vector_construction/persona_vectors/honesty_layer40.npy,/Users/manouchehrrimer/Desktop/BlueDot_Perona_Vector_Project/outputs/synthetic_projection/activations/synthetic_fairness_009_upheld_layer40.npy
synthetic_fairness_009_upheld,synthetic,fairness,harmlessness,40,-655.6303100585938,mean_centered,/Users/manouchehrrimer/Desktop/BlueDot_Perona_Vector_Project/outputs/vector_construction/persona_vectors/harmlessness_layer40.npy,/Users/manouchehrrimer/Desktop/BlueDot_Perona_Vector_Project/outputs/synthetic_projection/activations/synthetic_fairness_009_upheld_layer40.npy
synthetic_fairness_009_upheld,synthetic,fairness,fairness,40,-724.14453125,mean_centered,/Users/manouchehrrimer/Desktop/BlueDot_Perona_Vector_Project/outputs/vector_construction/persona_vectors/fairness_layer40.npy,/Users/manouchehrrimer/Desktop/BlueDot_Perona_Vector_Project/outputs/synthetic_projection/activations/synthetic_fairness_009_upheld_layer40.npy
synthetic_fairness_009_upheld,synthetic,fairness,compassion,40,-489.9035339355469,mean_centered,/Users/manouchehrrimer/Desktop/BlueDot_Perona_Vector_Project/outputs/vector_construction/persona_vectors/compassion_layer40.npy,/Users/manouchehrrimer/Desktop/BlueDot_Perona_Vector_Project/outputs/synthetic_projection/activations/synthetic_fairness_009_upheld_layer40.npy
synthetic_fairness_009_upheld,synthetic,fairness,honesty,47,-3177.71533203125,mean_centered,/Users/manouchehrrimer/Desktop/BlueDot_Perona_Vector_Project/outputs/vector_construction/persona_vectors/honesty_layer47.npy,/Users/manouchehrrimer/Desktop/BlueDot_Perona_Vector_Project/outputs/synthetic_projection/activations/synthetic_fairness_009_upheld_layer47.npy
synthetic_fairness_009_upheld,synthetic,fairness,harmlessness,47,-4386.48486328125,mean_centered,/Users/manouchehrrimer/Desktop/BlueDot_Perona_Vector_Project/outputs/vector_construction/persona_vectors/harmlessness_layer47.npy,/Users/manouchehrrimer/Desktop/BlueDot_Perona_Vector_Project/outputs/synthetic_projection/activations/synthetic_fairness_009_upheld_layer47.npy
synthetic_fairness_009_upheld,synthetic,fairness,fairness,47,-170.6385498046875,mean_centered,/Users/manouchehrrimer/Desktop/BlueDot_Perona_Vector_Project/outputs/vector_construction/persona_vectors/fairness_layer47.npy,/Users/manouchehrrimer/Desktop/BlueDot_Perona_Vector_Project/outputs/synthetic_projection/activations/synthetic_fairness_009_upheld_layer47.npy
synthetic_fairness_009_upheld,synthetic,fairness,compassion,47,-2218.640380859375,mean_centered,/Users/manouchehrrimer/Desktop/BlueDot_Perona_Vector_Project/outputs/vector_construction/persona_vectors/compassion_layer47.npy,/Users/manouchehrrimer/Desktop/BlueDot_Perona_Vector_Project/outputs/synthetic_projection/activations/synthetic_fairness_009_upheld_layer47.npy
synthetic_fairness_009_violated,synthetic,fairness,honesty,32,-124.26403045654297,mean_centered,/Users/manouchehrrimer/Desktop/BlueDot_Perona_Vector_Project/outputs/vector_construction/persona_vectors/honesty_layer32.npy,/Users/manouchehrrimer/Desktop/BlueDot_Perona_Vector_Project/outputs/synthetic_projection/activations/synthetic_fairness_009_violated_layer32.npy
synthetic_fairness_009_violated,synthetic,fairness,harmlessness,32,333.1494140625,mean_centered,/Users/manouchehrrimer/Desktop/BlueDot_Perona_Vector_Project/outputs/vector_construction/persona_vectors/harmlessness_layer32.npy,/Users/manouchehrrimer/Desktop/BlueDot_Perona_Vector_Project/outputs/synthetic_projection/activations/synthetic_fairness_009_violated_layer32.npy
synthetic_fairness_009_violated,synthetic,fairness,fairness,32,-170.54656982421875,mean_centered,/Users/manouchehrrimer/Desktop/BlueDot_Perona_Vector_Project/outputs/vector_construction/persona_vectors/fairness_layer32.npy,/Users/manouchehrrimer/Desktop/BlueDot_Perona_Vector_Project/outputs/synthetic_projection/activations/synthetic_fairness_009_violated_layer32.npy
synthetic_fairness_009_violated,synthetic,fairness,compassion,32,-40.2296257019043,mean_centered,/Users/manouchehrrimer/Desktop/BlueDot_Perona_Vector_Project/outputs/vector_construction/persona_vectors/compassion_layer32.npy,/Users/manouchehrrimer/Desktop/BlueDot_Perona_Vector_Project/outputs/synthetic_projection/activations/synthetic_fairness_009_violated_layer32.npy
synthetic_fairness_009_violated,synthetic,fairness,honesty,40,4187.44580078125,mean_centered,/Users/manouchehrrimer/Desktop/BlueDot_Perona_Vector_Project/outputs/vector_construction/persona_vectors/honesty_layer40.npy,/Users/manouchehrrimer/Desktop/BlueDot_Perona_Vector_Project/outputs/synthetic_projection/activations/synthetic_fairness_009_violated_layer40.npy
synthetic_fairness_009_violated,synthetic,fairness,harmlessness,40,640.4028930664062,mean_centered,/Users/manouchehrrimer/Desktop/BlueDot_Perona_Vector_Project/outputs/vector_construction/persona_vectors/harmlessness_layer40.npy,/Users/manouchehrrimer/Desktop/BlueDot_Perona_Vector_Project/outputs/synthetic_projection/activations/synthetic_fairness_009_violated_layer40.npy
synthetic_fairness_009_violated,synthetic,fairness,fairness,40,2761.170654296875,mean_centered,/Users/manouchehrrimer/Desktop/BlueDot_Perona_Vector_Project/outputs/vector_construction/persona_vectors/fairness_layer40.npy,/Users/manouchehrrimer/Desktop/BlueDot_Perona_Vector_Project/outputs/synthetic_projection/activations/synthetic_fairness_009_violated_layer40.npy
synthetic_fairness_009_violated,synthetic,fairness,compassion,40,306.9002380371094,mean_centered,/Users/manouchehrrimer/Desktop/BlueDot_Perona_Vector_Project/outputs/vector_construction/persona_vectors/compassion_layer40.npy,/Users/manouchehrrimer/Desktop/BlueDot_Perona_Vector_Project/outputs/synthetic_projection/activations/synthetic_fairness_009_violated_layer40.npy
synthetic_fairness_009_violated,synthetic,fairness,honesty,47,3106.48974609375,mean_centered,/Users/manouchehrrimer/Desktop/BlueDot_Perona_Vector_Project/outputs/vector_construction/persona_vectors/honesty_layer47.npy,/Users/manouchehrrimer/Desktop/BlueDot_Perona_Vector_Project/outputs/synthetic_projection/activations/synthetic_fairness_009_violated_layer47.npy
synthetic_fairness_009_violated,synthetic,fairness,harmlessness,47,3805.28857421875,mean_centered,/Users/manouchehrrimer/Desktop/BlueDot_Perona_Vector_Project/outputs/vector_construction/persona_vectors/harmlessness_layer47.npy,/Users/manouchehrrimer/Desktop/BlueDot_Perona_Vector_Project/outputs/synthetic_projection/activations/synthetic_fairness_009_violated_layer47.npy
synthetic_fairness_009_violated,synthetic,fairness,fairness,47,726.6201171875,mean_centered,/Users/manouchehrrimer/Desktop/BlueDot_Perona_Vector_Project/outputs/vector_construction/persona_vectors/fairness_layer47.npy,/Users/manouchehrrimer/Desktop/BlueDot_Perona_Vector_Project/outputs/synthetic_projection/activations/synthetic_fairness_009_violated_layer47.npy
synthetic_fairness_009_violated,synthetic,fairness,compassion,47,1878.8226318359375,mean_centered,/Users/manouchehrrimer/Desktop/BlueDot_Perona_Vector_Project/outputs/vector_construction/persona_vectors/compassion_layer47.npy,/Users/manouchehrrimer/Desktop/BlueDot_Perona_Vector_Project/outputs/synthetic_projection/activations/synthetic_fairness_009_violated_layer47.npy
synthetic_fairness_010_upheld,synthetic,fairness,honesty,32,361.2050476074219,mean_centered,/Users/manouchehrrimer/Desktop/BlueDot_Perona_Vector_Project/outputs/vector_construction/persona_vectors/honesty_layer32.npy,/Users/manouchehrrimer/Desktop/BlueDot_Perona_Vector_Project/outputs/synthetic_projection/activations/synthetic_fairness_010_upheld_layer32.npy
synthetic_fairness_010_upheld,synthetic,fairness,harmlessness,32,-879.9742431640625,mean_centered,/Users/manouchehrrimer/Desktop/BlueDot_Perona_Vector_Project/outputs/vector_construction/persona_vectors/harmlessness_layer32.npy,/Users/manouchehrrimer/Desktop/BlueDot_Perona_Vector_Project/outputs/synthetic_projection/activations/synthetic_fairness_010_upheld_layer32.npy
synthetic_fairness_010_upheld,synthetic,fairness,fairness,32,851.7222900390625,mean_centered,/Users/manouchehrrimer/Desktop/BlueDot_Perona_Vector_Project/outputs/vector_construction/persona_vectors/fairness_layer32.npy,/Users/manouchehrrimer/Desktop/BlueDot_Perona_Vector_Project/outputs/synthetic_projection/activations/synthetic_fairness_010_upheld_layer32.npy
synthetic_fairness_010_upheld,synthetic,fairness,compassion,32,-147.79647827148438,mean_centered,/Users/manouchehrrimer/Desktop/BlueDot_Perona_Vector_Project/outputs/vector_construction/persona_vectors/compassion_layer32.npy,/Users/manouchehrrimer/Desktop/BlueDot_Perona_Vector_Project/outputs/synthetic_projection/activations/synthetic_fairness_010_upheld_layer32.npy
synthetic_fairness_010_upheld,synthetic,fairness,honesty,40,-2892.478515625,mean_centered,/Users/manouchehrrimer/Desktop/BlueDot_Perona_Vector_Project/outputs/vector_construction/persona_vectors/honesty_layer40.npy,/Users/manouchehrrimer/Desktop/BlueDot_Perona_Vector_Project/outputs/synthetic_projection/activations/synthetic_fairness_010_upheld_layer40.npy
synthetic_fairness_010_upheld,synthetic,fairness,harmlessness,40,-1084.226318359375,mean_centered,/Users/manouchehrrimer/Desktop/BlueDot_Perona_Vector_Project/outputs/vector_construction/persona_vectors/harmlessness_layer40.npy,/Users/manouchehrrimer/Desktop/BlueDot_Perona_Vector_Project/outputs/synthetic_projection/activations/synthetic_fairness_010_upheld_layer40.npy
synthetic_fairness_010_upheld,synthetic,fairness,fairness,40,-1377.8984375,mean_centered,/Users/manouchehrrimer/Desktop/BlueDot_Perona_Vector_Project/outputs/vector_construction/persona_vectors/fairness_layer40.npy,/Users/manouchehrrimer/Desktop/BlueDot_Perona_Vector_Project/outputs/synthetic_projection/activations/synthetic_fairness_010_upheld_layer40.npy
synthetic_fairness_010_upheld,synthetic,fairness,compassion,40,-896.3384399414062,mean_centered,/Users/manouchehrrimer/Desktop/BlueDot_Perona_Vector_Project/outputs/vector_construction/persona_vectors/compassion_layer40.npy,/Users/manouchehrrimer/Desktop/BlueDot_Perona_Vector_Project/outputs/synthetic_projection/activations/synthetic_fairness_010_upheld_layer40.npy
synthetic_fairness_010_upheld,synthetic,fairness,honesty,47,-1313.3326416015625,mean_centered,/Users/manouchehrrimer/Desktop/BlueDot_Perona_Vector_Project/outputs/vector_construction/persona_vectors/honesty_layer47.npy,/Users/manouchehrrimer/Desktop/BlueDot_Perona_Vector_Project/outputs/synthetic_projection/activations/synthetic_fairness_010_upheld_layer47.npy
synthetic_fairness_010_upheld,synthetic,fairness,harmlessness,47,-2531.74609375,mean_centered,/Users/manouchehrrimer/Desktop/BlueDot_Perona_Vector_Project/outputs/vector_construction/persona_vectors/harmlessness_layer47.npy,/Users/manouchehrrimer/Desktop/BlueDot_Perona_Vector_Project/outputs/synthetic_projection/activations/synthetic_fairness_010_upheld_layer47.npy
synthetic_fairness_010_upheld,synthetic,fairness,fairness,47,851.085693359375,mean_centered,/Users/manouchehrrimer/Desktop/BlueDot_Perona_Vector_Project/outputs/vector_construction/persona_vectors/fairness_layer47.npy,/Users/manouchehrrimer/Desktop/BlueDot_Perona_Vector_Project/outputs/synthetic_projection/activations/synthetic_fairness_010_upheld_layer47.npy
synthetic_fairness_010_upheld,synthetic,fairness,compassion,47,-1726.0535888671875,mean_centered,/Users/manouchehrrimer/Desktop/BlueDot_Perona_Vector_Project/outputs/vector_construction/persona_vectors/compassion_layer47.npy,/Users/manouchehrrimer/Desktop/BlueDot_Perona_Vector_Project/outputs/synthetic_projection/activations/synthetic_fairness_010_upheld_layer47.npy
synthetic_fairness_010_violated,synthetic,fairness,honesty,32,-771.496337890625,mean_centered,/Users/manouchehrrimer/Desktop/BlueDot_Perona_Vector_Project/outputs/vector_construction/persona_vectors/honesty_layer32.npy,/Users/manouchehrrimer/Desktop/BlueDot_Perona_Vector_Project/outputs/synthetic_projection/activations/synthetic_fairness_010_violated_layer32.npy
synthetic_fairness_010_violated,synthetic,fairness,harmlessness,32,1532.5501708984375,mean_centered,/Users/manouchehrrimer/Desktop/BlueDot_Perona_Vector_Project/outputs/vector_construction/persona_vectors/harmlessness_layer32.npy,/Users/manouchehrrimer/Desktop/BlueDot_Perona_Vector_Project/outputs/synthetic_projection/activations/synthetic_fairness_010_violated_layer32.npy
synthetic_fairness_010_violated,synthetic,fairness,fairness,32,-1003.2318115234375,mean_centered,/Users/manouchehrrimer/Desktop/BlueDot_Perona_Vector_Project/outputs/vector_construction/persona_vectors/fairness_layer32.npy,/Users/manouchehrrimer/Desktop/BlueDot_Perona_Vector_Project/outputs/synthetic_projection/activations/synthetic_fairness_010_violated_layer32.npy
synthetic_fairness_010_violated,synthetic,fairness,compassion,32,-1204.42236328125,mean_centered,/Users/manouchehrrimer/Desktop/BlueDot_Perona_Vector_Project/outputs/vector_construction/persona_vectors/compassion_layer32.npy,/Users/manouchehrrimer/Desktop/BlueDot_Perona_Vector_Project/outputs/synthetic_projection/activations/synthetic_fairness_010_violated_layer32.npy
synthetic_fairness_010_violated,synthetic,fairness,honesty,40,-957.3824462890625,mean_centered,/Users/manouchehrrimer/Desktop/BlueDot_Perona_Vector_Project/outputs/vector_construction/persona_vectors/honesty_layer40.npy,/Users/manouchehrrimer/Desktop/BlueDot_Perona_Vector_Project/outputs/synthetic_projection/activations/synthetic_fairness_010_violated_layer40.npy
synthetic_fairness_010_violated,synthetic,fairness,harmlessness,40,458.7322998046875,mean_centered,/Users/manouchehrrimer/Desktop/BlueDot_Perona_Vector_Project/outputs/vector_construction/persona_vectors/harmlessness_layer40.npy,/Users/manouchehrrimer/Desktop/BlueDot_Perona_Vector_Project/outputs/synthetic_projection/activations/synthetic_fairness_010_violated_layer40.npy
synthetic_fairness_010_violated,synthetic,fairness,fairness,40,-823.7064208984375,mean_centered,/Users/manouchehrrimer/Desktop/BlueDot_Perona_Vector_Project/outputs/vector_construction/persona_vectors/fairness_layer40.npy,/Users/manouchehrrimer/Desktop/BlueDot_Perona_Vector_Project/outputs/synthetic_projection/activations/synthetic_fairness_010_violated_layer40.npy
synthetic_fairness_010_violated,synthetic,fairness,compassion,40,-477.0596618652344,mean_centered,/Users/manouchehrrimer/Desktop/BlueDot_Perona_Vector_Project/outputs/vector_construction/persona_vectors/compassion_layer40.npy,/Users/manouchehrrimer/Desktop/BlueDot_Perona_Vector_Project/outputs/synthetic_projection/activations/synthetic_fairness_010_violated_layer40.npy
synthetic_fairness_010_violated,synthetic,fairness,honesty,47,-89.3369140625,mean_centered,/Users/manouchehrrimer/Desktop/BlueDot_Perona_Vector_Project/outputs/vector_construction/persona_vectors/honesty_layer47.npy,/Users/manouchehrrimer/Desktop/BlueDot_Perona_Vector_Project/outputs/synthetic_projection/activations/synthetic_fairness_010_violated_layer47.npy
synthetic_fairness_010_violated,synthetic,fairness,harmlessness,47,-433.4642333984375,mean_centered,/Users/manouchehrrimer/Desktop/BlueDot_Perona_Vector_Project/outputs/vector_construction/persona_vectors/harmlessness_layer47.npy,/Users/manouchehrrimer/Desktop/BlueDot_Perona_Vector_Project/outputs/synthetic_projection/activations/synthetic_fairness_010_violated_layer47.npy
synthetic_fairness_010_violated,synthetic,fairness,fairness,47,-829.8523559570312,mean_centered,/Users/manouchehrrimer/Desktop/BlueDot_Perona_Vector_Project/outputs/vector_construction/persona_vectors/fairness_layer47.npy,/Users/manouchehrrimer/Desktop/BlueDot_Perona_Vector_Project/outputs/synthetic_projection/activations/synthetic_fairness_010_violated_layer47.npy
synthetic_fairness_010_violated,synthetic,fairness,compassion,47,-381.7202453613281,mean_centered,/Users/manouchehrrimer/Desktop/BlueDot_Perona_Vector_Project/outputs/vector_construction/persona_vectors/compassion_layer47.npy,/Users/manouchehrrimer/Desktop/BlueDot_Perona_Vector_Project/outputs/synthetic_projection/activations/synthetic_fairness_010_violated_layer47.npy
synthetic_fairness_011_upheld,synthetic,fairness,honesty,32,-315.1550598144531,mean_centered,/Users/manouchehrrimer/Desktop/BlueDot_Perona_Vector_Project/outputs/vector_construction/persona_vectors/honesty_layer32.npy,/Users/manouchehrrimer/Desktop/BlueDot_Perona_Vector_Project/outputs/synthetic_projection/activations/synthetic_fairness_011_upheld_layer32.npy
synthetic_fairness_011_upheld,synthetic,fairness,harmlessness,32,-26.760330200195312,mean_centered,/Users/manouchehrrimer/Desktop/BlueDot_Perona_Vector_Project/outputs/vector_construction/persona_vectors/harmlessness_layer32.npy,/Users/manouchehrrimer/Desktop/BlueDot_Perona_Vector_Project/outputs/synthetic_projection/activations/synthetic_fairness_011_upheld_layer32.npy
synthetic_fairness_011_upheld,synthetic,fairness,fairness,32,58.81788635253906,mean_centered,/Users/manouchehrrimer/Desktop/BlueDot_Perona_Vector_Project/outputs/vector_construction/persona_vectors/fairness_layer32.npy,/Users/manouchehrrimer/Desktop/BlueDot_Perona_Vector_Project/outputs/synthetic_projection/activations/synthetic_fairness_011_upheld_layer32.npy
synthetic_fairness_011_upheld,synthetic,fairness,compassion,32,-378.6450500488281,mean_centered,/Users/manouchehrrimer/Desktop/BlueDot_Perona_Vector_Project/outputs/vector_construction/persona_vectors/compassion_layer32.npy,/Users/manouchehrrimer/Desktop/BlueDot_Perona_Vector_Project/outputs/synthetic_projection/activations/synthetic_fairness_011_upheld_layer32.npy
synthetic_fairness_011_upheld,synthetic,fairness,honesty,40,-173.2097930908203,mean_centered,/Users/manouchehrrimer/Desktop/BlueDot_Perona_Vector_Project/outputs/vector_construction/persona_vectors/honesty_layer40.npy,/Users/manouchehrrimer/Desktop/BlueDot_Perona_Vector_Project/outputs/synthetic_projection/activations/synthetic_fairness_011_upheld_layer40.npy
synthetic_fairness_011_upheld,synthetic,fairness,harmlessness,40,-638.50830078125,mean_centered,/Users/manouchehrrimer/Desktop/BlueDot_Perona_Vector_Project/outputs/vector_construction/persona_vectors/harmlessness_layer40.npy,/Users/manouchehrrimer/Desktop/BlueDot_Perona_Vector_Project/outputs/synthetic_projection/activations/synthetic_fairness_011_upheld_layer40.npy
synthetic_fairness_011_upheld,synthetic,fairness,fairness,40,559.0169677734375,mean_centered,/Users/manouchehrrimer/Desktop/BlueDot_Perona_Vector_Project/outputs/vector_construction/persona_vectors/fairness_layer40.npy,/Users/manouchehrrimer/Desktop/BlueDot_Perona_Vector_Project/outputs/synthetic_projection/activations/synthetic_fairness_011_upheld_layer40.npy
synthetic_fairness_011_upheld,synthetic,fairness,compassion,40,-180.41493225097656,mean_centered,/Users/manouchehrrimer/Desktop/BlueDot_Perona_Vector_Project/outputs/vector_construction/persona_vectors/compassion_layer40.npy,/Users/manouchehrrimer/Desktop/BlueDot_Perona_Vector_Project/outputs/synthetic_projection/activations/synthetic_fairness_011_upheld_layer40.npy
synthetic_fairness_011_upheld,synthetic,fairness,honesty,47,1242.616943359375,mean_centered,/Users/manouchehrrimer/Desktop/BlueDot_Perona_Vector_Project/outputs/vector_construction/persona_vectors/honesty_layer47.npy,/Users/manouchehrrimer/Desktop/BlueDot_Perona_Vector_Project/outputs/synthetic_projection/activations/synthetic_fairness_011_upheld_layer47.npy
synthetic_fairness_011_upheld,synthetic,fairness,harmlessness,47,965.0490112304688,mean_centered,/Users/manouchehrrimer/Desktop/BlueDot_Perona_Vector_Project/outputs/vector_construction/persona_vectors/harmlessness_layer47.npy,/Users/manouchehrrimer/Desktop/BlueDot_Perona_Vector_Project/outputs/synthetic_projection/activations/synthetic_fairness_011_upheld_layer47.npy
synthetic_fairness_011_upheld,synthetic,fairness,fairness,47,1885.4163818359375,mean_centered,/Users/manouchehrrimer/Desktop/BlueDot_Perona_Vector_Project/outputs/vector_construction/persona_vectors/fairness_layer47.npy,/Users/manouchehrrimer/Desktop/BlueDot_Perona_Vector_Project/outputs/synthetic_projection/activations/synthetic_fairness_011_upheld_layer47.npy
synthetic_fairness_011_upheld,synthetic,fairness,compassion,47,384.0223388671875,mean_centered,/Users/manouchehrrimer/Desktop/BlueDot_Perona_Vector_Project/outputs/vector_construction/persona_vectors/compassion_layer47.npy,/Users/manouchehrrimer/Desktop/BlueDot_Perona_Vector_Project/outputs/synthetic_projection/activations/synthetic_fairness_011_upheld_layer47.npy
synthetic_fairness_011_violated,synthetic,fairness,honesty,32,-815.6064453125,mean_centered,/Users/manouchehrrimer/Desktop/BlueDot_Perona_Vector_Project/outputs/vector_construction/persona_vectors/honesty_layer32.npy,/Users/manouchehrrimer/Desktop/BlueDot_Perona_Vector_Project/outputs/synthetic_projection/activations/synthetic_fairness_011_violated_layer32.npy
synthetic_fairness_011_violated,synthetic,fairness,harmlessness,32,1313.108154296875,mean_centered,/Users/manouchehrrimer/Desktop/BlueDot_Perona_Vector_Project/outputs/vector_construction/persona_vectors/harmlessness_layer32.npy,/Users/manouchehrrimer/Desktop/BlueDot_Perona_Vector_Project/outputs/synthetic_projection/activations/synthetic_fairness_011_violated_layer32.npy
synthetic_fairness_011_violated,synthetic,fairness,fairness,32,-1135.3131103515625,mean_centered,/Users/manouchehrrimer/Desktop/BlueDot_Perona_Vector_Project/outputs/vector_construction/persona_vectors/fairness_layer32.npy,/Users/manouchehrrimer/Desktop/BlueDot_Perona_Vector_Project/outputs/synthetic_projection/activations/synthetic_fairness_011_violated_layer32.npy
synthetic_fairness_011_violated,synthetic,fairness,compassion,32,-877.2017211914062,mean_centered,/Users/manouchehrrimer/Desktop/BlueDot_Perona_Vector_Project/outputs/vector_construction/persona_vectors/compassion_layer32.npy,/Users/manouchehrrimer/Desktop/BlueDot_Perona_Vector_Project/outputs/synthetic_projection/activations/synthetic_fairness_011_violated_layer32.npy
synthetic_fairness_011_violated,synthetic,fairness,honesty,40,-1495.2030029296875,mean_centered,/Users/manouchehrrimer/Desktop/BlueDot_Perona_Vector_Project/outputs/vector_construction/persona_vectors/honesty_layer40.npy,/Users/manouchehrrimer/Desktop/BlueDot_Perona_Vector_Project/outputs/synthetic_projection/activations/synthetic_fairness_011_violated_layer40.npy
synthetic_fairness_011_violated,synthetic,fairness,harmlessness,40,168.89071655273438,mean_centered,/Users/manouchehrrimer/Desktop/BlueDot_Perona_Vector_Project/outputs/vector_construction/persona_vectors/harmlessness_layer40.npy,/Users/manouchehrrimer/Desktop/BlueDot_Perona_Vector_Project/outputs/synthetic_projection/activations/synthetic_fairness_011_violated_layer40.npy
synthetic_fairness_011_violated,synthetic,fairness,fairness,40,-1382.791748046875,mean_centered,/Users/manouchehrrimer/Desktop/BlueDot_Perona_Vector_Project/outputs/vector_construction/persona_vectors/fairness_layer40.npy,/Users/manouchehrrimer/Desktop/BlueDot_Perona_Vector_Project/outputs/synthetic_projection/activations/synthetic_fairness_011_violated_layer40.npy
synthetic_fairness_011_violated,synthetic,fairness,compassion,40,-112.39474487304688,mean_centered,/Users/manouchehrrimer/Desktop/BlueDot_Perona_Vector_Project/outputs/vector_construction/persona_vectors/compassion_layer40.npy,/Users/manouchehrrimer/Desktop/BlueDot_Perona_Vector_Project/outputs/synthetic_projection/activations/synthetic_fairness_011_violated_layer40.npy
synthetic_fairness_011_violated,synthetic,fairness,honesty,47,-229.1857452392578,mean_centered,/Users/manouchehrrimer/Desktop/BlueDot_Perona_Vector_Project/outputs/vector_construction/persona_vectors/honesty_layer47.npy,/Users/manouchehrrimer/Desktop/BlueDot_Perona_Vector_Project/outputs/synthetic_projection/activations/synthetic_fairness_011_violated_layer47.npy
synthetic_fairness_011_violated,synthetic,fairness,harmlessness,47,-389.3994140625,mean_centered,/Users/manouchehrrimer/Desktop/BlueDot_Perona_Vector_Project/outputs/vector_construction/persona_vectors/harmlessness_layer47.npy,/Users/manouchehrrimer/Desktop/BlueDot_Perona_Vector_Project/outputs/synthetic_projection/activations/synthetic_fairness_011_violated_layer47.npy
synthetic_fairness_011_violated,synthetic,fairness,fairness,47,-224.0201416015625,mean_centered,/Users/manouchehrrimer/Desktop/BlueDot_Perona_Vector_Project/outputs/vector_construction/persona_vectors/fairness_layer47.npy,/Users/manouchehrrimer/Desktop/BlueDot_Perona_Vector_Project/outputs/synthetic_projection/activations/synthetic_fairness_011_violated_layer47.npy
synthetic_fairness_011_violated,synthetic,fairness,compassion,47,-315.62554931640625,mean_centered,/Users/manouchehrrimer/Desktop/BlueDot_Perona_Vector_Project/outputs/vector_construction/persona_vectors/compassion_layer47.npy,/Users/manouchehrrimer/Desktop/BlueDot_Perona_Vector_Project/outputs/synthetic_projection/activations/synthetic_fairness_011_violated_layer47.npy
synthetic_fairness_012_upheld,synthetic,fairness,honesty,32,189.71771240234375,mean_centered,/Users/manouchehrrimer/Desktop/BlueDot_Perona_Vector_Project/outputs/vector_construction/persona_vectors/honesty_layer32.npy,/Users/manouchehrrimer/Desktop/BlueDot_Perona_Vector_Project/outputs/synthetic_projection/activations/synthetic_fairness_012_upheld_layer32.npy
synthetic_fairness_012_upheld,synthetic,fairness,harmlessness,32,-733.054931640625,mean_centered,/Users/manouchehrrimer/Desktop/BlueDot_Perona_Vector_Project/outputs/vector_construction/persona_vectors/harmlessness_layer32.npy,/Users/manouchehrrimer/Desktop/BlueDot_Perona_Vector_Project/outputs/synthetic_projection/activations/synthetic_fairness_012_upheld_layer32.npy
synthetic_fairness_012_upheld,synthetic,fairness,fairness,32,437.33599853515625,mean_centered,/Users/manouchehrrimer/Desktop/BlueDot_Perona_Vector_Project/outputs/vector_construction/persona_vectors/fairness_layer32.npy,/Users/manouchehrrimer/Desktop/BlueDot_Perona_Vector_Project/outputs/synthetic_projection/activations/synthetic_fairness_012_upheld_layer32.npy
synthetic_fairness_012_upheld,synthetic,fairness,compassion,32,-280.3822937011719,mean_centered,/Users/manouchehrrimer/Desktop/BlueDot_Perona_Vector_Project/outputs/vector_construction/persona_vectors/compassion_layer32.npy,/Users/manouchehrrimer/Desktop/BlueDot_Perona_Vector_Project/outputs/synthetic_projection/activations/synthetic_fairness_012_upheld_layer32.npy
synthetic_fairness_012_upheld,synthetic,fairness,honesty,40,-2028.208251953125,mean_centered,/Users/manouchehrrimer/Desktop/BlueDot_Perona_Vector_Project/outputs/vector_construction/persona_vectors/honesty_layer40.npy,/Users/manouchehrrimer/Desktop/BlueDot_Perona_Vector_Project/outputs/synthetic_projection/activations/synthetic_fairness_012_upheld_layer40.npy
synthetic_fairness_012_upheld,synthetic,fairness,harmlessness,40,-1225.8695068359375,mean_centered,/Users/manouchehrrimer/Desktop/BlueDot_Perona_Vector_Project/outputs/vector_construction/persona_vectors/harmlessness_layer40.npy,/Users/manouchehrrimer/Desktop/BlueDot_Perona_Vector_Project/outputs/synthetic_projection/activations/synthetic_fairness_012_upheld_layer40.npy
synthetic_fairness_012_upheld,synthetic,fairness,fairness,40,-1126.1197509765625,mean_centered,/Users/manouchehrrimer/Desktop/BlueDot_Perona_Vector_Project/outputs/vector_construction/persona_vectors/fairness_layer40.npy,/Users/manouchehrrimer/Desktop/BlueDot_Perona_Vector_Project/outputs/synthetic_projection/activations/synthetic_fairness_012_upheld_layer40.npy
synthetic_fairness_012_upheld,synthetic,fairness,compassion,40,-527.88037109375,mean_centered,/Users/manouchehrrimer/Desktop/BlueDot_Perona_Vector_Project/outputs/vector_construction/persona_vectors/compassion_layer40.npy,/Users/manouchehrrimer/Desktop/BlueDot_Perona_Vector_Project/outputs/synthetic_projection/activations/synthetic_fairness_012_upheld_layer40.npy
synthetic_fairness_012_upheld,synthetic,fairness,honesty,47,-1839.140380859375,mean_centered,/Users/manouchehrrimer/Desktop/BlueDot_Perona_Vector_Project/outputs/vector_construction/persona_vectors/honesty_layer47.npy,/Users/manouchehrrimer/Desktop/BlueDot_Perona_Vector_Project/outputs/synthetic_projection/activations/synthetic_fairness_012_upheld_layer47.npy
synthetic_fairness_012_upheld,synthetic,fairness,harmlessness,47,-3176.00634765625,mean_centered,/Users/manouchehrrimer/Desktop/BlueDot_Perona_Vector_Project/outputs/vector_construction/persona_vectors/harmlessness_layer47.npy,/Users/manouchehrrimer/Desktop/BlueDot_Perona_Vector_Project/outputs/synthetic_projection/activations/synthetic_fairness_012_upheld_layer47.npy
synthetic_fairness_012_upheld,synthetic,fairness,fairness,47,-318.73870849609375,mean_centered,/Users/manouchehrrimer/Desktop/BlueDot_Perona_Vector_Project/outputs/vector_construction/persona_vectors/fairness_layer47.npy,/Users/manouchehrrimer/Desktop/BlueDot_Perona_Vector_Project/outputs/synthetic_projection/activations/synthetic_fairness_012_upheld_layer47.npy
synthetic_fairness_012_upheld,synthetic,fairness,compassion,47,-1566.0023193359375,mean_centered,/Users/manouchehrrimer/Desktop/BlueDot_Perona_Vector_Project/outputs/vector_construction/persona_vectors/compassion_layer47.npy,/Users/manouchehrrimer/Desktop/BlueDot_Perona_Vector_Project/outputs/synthetic_projection/activations/synthetic_fairness_012_upheld_layer47.npy
synthetic_fairness_012_violated,synthetic,fairness,honesty,32,262.7334899902344,mean_centered,/Users/manouchehrrimer/Desktop/BlueDot_Perona_Vector_Project/outputs/vector_construction/persona_vectors/honesty_layer32.npy,/Users/manouchehrrimer/Desktop/BlueDot_Perona_Vector_Project/outputs/synthetic_projection/activations/synthetic_fairness_012_violated_layer32.npy
synthetic_fairness_012_violated,synthetic,fairness,harmlessness,32,-164.48007202148438,mean_centered,/Users/manouchehrrimer/Desktop/BlueDot_Perona_Vector_Project/outputs/vector_construction/persona_vectors/harmlessness_layer32.npy,/Users/manouchehrrimer/Desktop/BlueDot_Perona_Vector_Project/outputs/synthetic_projection/activations/synthetic_fairness_012_violated_layer32.npy
synthetic_fairness_012_violated,synthetic,fairness,fairness,32,-38.93512725830078,mean_centered,/Users/manouchehrrimer/Desktop/BlueDot_Perona_Vector_Project/outputs/vector_construction/persona_vectors/fairness_layer32.npy,/Users/manouchehrrimer/Desktop/BlueDot_Perona_Vector_Project/outputs/synthetic_projection/activations/synthetic_fairness_012_violated_layer32.npy
synthetic_fairness_012_violated,synthetic,fairness,compassion,32,253.109619140625,mean_centered,/Users/manouchehrrimer/Desktop/BlueDot_Perona_Vector_Project/outputs/vector_construction/persona_vectors/compassion_layer32.npy,/Users/manouchehrrimer/Desktop/BlueDot_Perona_Vector_Project/outputs/synthetic_projection/activations/synthetic_fairness_012_violated_layer32.npy
synthetic_fairness_012_violated,synthetic,fairness,honesty,40,703.6046752929688,mean_centered,/Users/manouchehrrimer/Desktop/BlueDot_Perona_Vector_Project/outputs/vector_construction/persona_vectors/honesty_layer40.npy,/Users/manouchehrrimer/Desktop/BlueDot_Perona_Vector_Project/outputs/synthetic_projection/activations/synthetic_fairness_012_violated_layer40.npy
synthetic_fairness_012_violated,synthetic,fairness,harmlessness,40,582.6224365234375,mean_centered,/Users/manouchehrrimer/Desktop/BlueDot_Perona_Vector_Project/outputs/vector_construction/persona_vectors/harmlessness_layer40.npy,/Users/manouchehrrimer/Desktop/BlueDot_Perona_Vector_Project/outputs/synthetic_projection/activations/synthetic_fairness_012_violated_layer40.npy
synthetic_fairness_012_violated,synthetic,fairness,fairness,40,-127.1791000366211,mean_centered,/Users/manouchehrrimer/Desktop/BlueDot_Perona_Vector_Project/outputs/vector_construction/persona_vectors/fairness_layer40.npy,/Users/manouchehrrimer/Desktop/BlueDot_Perona_Vector_Project/outputs/synthetic_projection/activations/synthetic_fairness_012_violated_layer40.npy
synthetic_fairness_012_violated,synthetic,fairness,compassion,40,155.24658203125,mean_centered,/Users/manouchehrrimer/Desktop/BlueDot_Perona_Vector_Project/outputs/vector_construction/persona_vectors/compassion_layer40.npy,/Users/manouchehrrimer/Desktop/BlueDot_Perona_Vector_Project/outputs/synthetic_projection/activations/synthetic_fairness_012_violated_layer40.npy
synthetic_fairness_012_violated,synthetic,fairness,honesty,47,1584.7720947265625,mean_centered,/Users/manouchehrrimer/Desktop/BlueDot_Perona_Vector_Project/outputs/vector_construction/persona_vectors/honesty_layer47.npy,/Users/manouchehrrimer/Desktop/BlueDot_Perona_Vector_Project/outputs/synthetic_projection/activations/synthetic_fairness_012_violated_layer47.npy
synthetic_fairness_012_violated,synthetic,fairness,harmlessness,47,2390.3203125,mean_centered,/Users/manouchehrrimer/Desktop/BlueDot_Perona_Vector_Project/outputs/vector_construction/persona_vectors/harmlessness_layer47.npy,/Users/manouchehrrimer/Desktop/BlueDot_Perona_Vector_Project/outputs/synthetic_projection/activations/synthetic_fairness_012_violated_layer47.npy
synthetic_fairness_012_violated,synthetic,fairness,fairness,47,-424.9581604003906,mean_centered,/Users/manouchehrrimer/Desktop/BlueDot_Perona_Vector_Project/outputs/vector_construction/persona_vectors/fairness_layer47.npy,/Users/manouchehrrimer/Desktop/BlueDot_Perona_Vector_Project/outputs/synthetic_projection/activations/synthetic_fairness_012_violated_layer47.npy
synthetic_fairness_012_violated,synthetic,fairness,compassion,47,1162.023681640625,mean_centered,/Users/manouchehrrimer/Desktop/BlueDot_Perona_Vector_Project/outputs/vector_construction/persona_vectors/compassion_layer47.npy,/Users/manouchehrrimer/Desktop/BlueDot_Perona_Vector_Project/outputs/synthetic_projection/activations/synthetic_fairness_012_violated_layer47.npy
synthetic_fairness_013_upheld,synthetic,fairness,honesty,32,-849.544189453125,mean_centered,/Users/manouchehrrimer/Desktop/BlueDot_Perona_Vector_Project/outputs/vector_construction/persona_vectors/honesty_layer32.npy,/Users/manouchehrrimer/Desktop/BlueDot_Perona_Vector_Project/outputs/synthetic_projection/activations/synthetic_fairness_013_upheld_layer32.npy
synthetic_fairness_013_upheld,synthetic,fairness,harmlessness,32,622.1107177734375,mean_centered,/Users/manouchehrrimer/Desktop/BlueDot_Perona_Vector_Project/outputs/vector_construction/persona_vectors/harmlessness_layer32.npy,/Users/manouchehrrimer/Desktop/BlueDot_Perona_Vector_Project/outputs/synthetic_projection/activations/synthetic_fairness_013_upheld_layer32.npy
synthetic_fairness_013_upheld,synthetic,fairness,fairness,32,-469.3009948730469,mean_centered,/Users/manouchehrrimer/Desktop/BlueDot_Perona_Vector_Project/outputs/vector_construction/persona_vectors/fairness_layer32.npy,/Users/manouchehrrimer/Desktop/BlueDot_Perona_Vector_Project/outputs/synthetic_projection/activations/synthetic_fairness_013_upheld_layer32.npy
synthetic_fairness_013_upheld,synthetic,fairness,compassion,32,-1317.216796875,mean_centered,/Users/manouchehrrimer/Desktop/BlueDot_Perona_Vector_Project/outputs/vector_construction/persona_vectors/compassion_layer32.npy,/Users/manouchehrrimer/Desktop/BlueDot_Perona_Vector_Project/outputs/synthetic_projection/activations/synthetic_fairness_013_upheld_layer32.npy
synthetic_fairness_013_upheld,synthetic,fairness,honesty,40,-1258.1875,mean_centered,/Users/manouchehrrimer/Desktop/BlueDot_Perona_Vector_Project/outputs/vector_construction/persona_vectors/honesty_layer40.npy,/Users/manouchehrrimer/Desktop/BlueDot_Perona_Vector_Project/outputs/synthetic_projection/activations/synthetic_fairness_013_upheld_layer40.npy
synthetic_fairness_013_upheld,synthetic,fairness,harmlessness,40,-1027.5189208984375,mean_centered,/Users/manouchehrrimer/Desktop/BlueDot_Perona_Vector_Project/outputs/vector_construction/persona_vectors/harmlessness_layer40.npy,/Users/manouchehrrimer/Desktop/BlueDot_Perona_Vector_Project/outputs/synthetic_projection/activations/synthetic_fairness_013_upheld_layer40.npy
synthetic_fairness_013_upheld,synthetic,fairness,fairness,40,-127.09384155273438,mean_centered,/Users/manouchehrrimer/Desktop/BlueDot_Perona_Vector_Project/outputs/vector_construction/persona_vectors/fairness_layer40.npy,/Users/manouchehrrimer/Desktop/BlueDot_Perona_Vector_Project/outputs/synthetic_projection/activations/synthetic_fairness_013_upheld_layer40.npy
synthetic_fairness_013_upheld,synthetic,fairness,compassion,40,-731.488037109375,mean_centered,/Users/manouchehrrimer/Desktop/BlueDot_Perona_Vector_Project/outputs/vector_construction/persona_vectors/compassion_layer40.npy,/Users/manouchehrrimer/Desktop/BlueDot_Perona_Vector_Project/outputs/synthetic_projection/activations/synthetic_fairness_013_upheld_layer40.npy
synthetic_fairness_013_upheld,synthetic,fairness,honesty,47,-1501.038330078125,mean_centered,/Users/manouchehrrimer/Desktop/BlueDot_Perona_Vector_Project/outputs/vector_construction/persona_vectors/honesty_layer47.npy,/Users/manouchehrrimer/Desktop/BlueDot_Perona_Vector_Project/outputs/synthetic_projection/activations/synthetic_fairness_013_upheld_layer47.npy
synthetic_fairness_013_upheld,synthetic,fairness,harmlessness,47,-2805.07275390625,mean_centered,/Users/manouchehrrimer/Desktop/BlueDot_Perona_Vector_Project/outputs/vector_construction/persona_vectors/harmlessness_layer47.npy,/Users/manouchehrrimer/Desktop/BlueDot_Perona_Vector_Project/outputs/synthetic_projection/activations/synthetic_fairness_013_upheld_layer47.npy
synthetic_fairness_013_upheld,synthetic,fairness,fairness,47,688.365966796875,mean_centered,/Users/manouchehrrimer/Desktop/BlueDot_Perona_Vector_Project/outputs/vector_construction/persona_vectors/fairness_layer47.npy,/Users/manouchehrrimer/Desktop/BlueDot_Perona_Vector_Project/outputs/synthetic_projection/activations/synthetic_fairness_013_upheld_layer47.npy
synthetic_fairness_013_upheld,synthetic,fairness,compassion,47,-1799.3460693359375,mean_centered,/Users/manouchehrrimer/Desktop/BlueDot_Perona_Vector_Project/outputs/vector_construction/persona_vectors/compassion_layer47.npy,/Users/manouchehrrimer/Desktop/BlueDot_Perona_Vector_Project/outputs/synthetic_projection/activations/synthetic_fairness_013_upheld_layer47.npy
synthetic_fairness_013_violated,synthetic,fairness,honesty,32,47.22119140625,mean_centered,/Users/manouchehrrimer/Desktop/BlueDot_Perona_Vector_Project/outputs/vector_construction/persona_vectors/honesty_layer32.npy,/Users/manouchehrrimer/Desktop/BlueDot_Perona_Vector_Project/outputs/synthetic_projection/activations/synthetic_fairness_013_violated_layer32.npy
synthetic_fairness_013_violated,synthetic,fairness,harmlessness,32,552.86767578125,mean_centered,/Users/manouchehrrimer/Desktop/BlueDot_Perona_Vector_Project/outputs/vector_construction/persona_vectors/harmlessness_layer32.npy,/Users/manouchehrrimer/Desktop/BlueDot_Perona_Vector_Project/outputs/synthetic_projection/activations/synthetic_fairness_013_violated_layer32.npy
synthetic_fairness_013_violated,synthetic,fairness,fairness,32,-283.4742431640625,mean_centered,/Users/manouchehrrimer/Desktop/BlueDot_Perona_Vector_Project/outputs/vector_construction/persona_vectors/fairness_layer32.npy,/Users/manouchehrrimer/Desktop/BlueDot_Perona_Vector_Project/outputs/synthetic_projection/activations/synthetic_fairness_013_violated_layer32.npy
synthetic_fairness_013_violated,synthetic,fairness,compassion,32,-6.464841842651367,mean_centered,/Users/manouchehrrimer/Desktop/BlueDot_Perona_Vector_Project/outputs/vector_construction/persona_vectors/compassion_layer32.npy,/Users/manouchehrrimer/Desktop/BlueDot_Perona_Vector_Project/outputs/synthetic_projection/activations/synthetic_fairness_013_violated_layer32.npy
synthetic_fairness_013_violated,synthetic,fairness,honesty,40,-1331.7684326171875,mean_centered,/Users/manouchehrrimer/Desktop/BlueDot_Perona_Vector_Project/outputs/vector_construction/persona_vectors/honesty_layer40.npy,/Users/manouchehrrimer/Desktop/BlueDot_Perona_Vector_Project/outputs/synthetic_projection/activations/synthetic_fairness_013_violated_layer40.npy
synthetic_fairness_013_violated,synthetic,fairness,harmlessness,40,392.77899169921875,mean_centered,/Users/manouchehrrimer/Desktop/BlueDot_Perona_Vector_Project/outputs/vector_construction/persona_vectors/harmlessness_layer40.npy,/Users/manouchehrrimer/Desktop/BlueDot_Perona_Vector_Project/outputs/synthetic_projection/activations/synthetic_fairness_013_violated_layer40.npy
synthetic_fairness_013_violated,synthetic,fairness,fairness,40,-1105.9454345703125,mean_centered,/Users/manouchehrrimer/Desktop/BlueDot_Perona_Vector_Project/outputs/vector_construction/persona_vectors/fairness_layer40.npy,/Users/manouchehrrimer/Desktop/BlueDot_Perona_Vector_Project/outputs/synthetic_projection/activations/synthetic_fairness_013_violated_layer40.npy
synthetic_fairness_013_violated,synthetic,fairness,compassion,40,-32.49433898925781,mean_centered,/Users/manouchehrrimer/Desktop/BlueDot_Perona_Vector_Project/outputs/vector_construction/persona_vectors/compassion_layer40.npy,/Users/manouchehrrimer/Desktop/BlueDot_Perona_Vector_Project/outputs/synthetic_projection/activations/synthetic_fairness_013_violated_layer40.npy
synthetic_fairness_013_violated,synthetic,fairness,honesty,47,-156.29580688476562,mean_centered,/Users/manouchehrrimer/Desktop/BlueDot_Perona_Vector_Project/outputs/vector_construction/persona_vectors/honesty_layer47.npy,/Users/manouchehrrimer/Desktop/BlueDot_Perona_Vector_Project/outputs/synthetic_projection/activations/synthetic_fairness_013_violated_layer47.npy
synthetic_fairness_013_violated,synthetic,fairness,harmlessness,47,-866.8643798828125,mean_centered,/Users/manouchehrrimer/Desktop/BlueDot_Perona_Vector_Project/outputs/vector_construction/persona_vectors/harmlessness_layer47.npy,/Users/manouchehrrimer/Desktop/BlueDot_Perona_Vector_Project/outputs/synthetic_projection/activations/synthetic_fairness_013_violated_layer47.npy
synthetic_fairness_013_violated,synthetic,fairness,fairness,47,-454.8857727050781,mean_centered,/Users/manouchehrrimer/Desktop/BlueDot_Perona_Vector_Project/outputs/vector_construction/persona_vectors/fairness_layer47.npy,/Users/manouchehrrimer/Desktop/BlueDot_Perona_Vector_Project/outputs/synthetic_projection/activations/synthetic_fairness_013_violated_layer47.npy
synthetic_fairness_013_violated,synthetic,fairness,compassion,47,-391.59747314453125,mean_centered,/Users/manouchehrrimer/Desktop/BlueDot_Perona_Vector_Project/outputs/vector_construction/persona_vectors/compassion_layer47.npy,/Users/manouchehrrimer/Desktop/BlueDot_Perona_Vector_Project/outputs/synthetic_projection/activations/synthetic_fairness_013_violated_layer47.npy
synthetic_fairness_014_upheld,synthetic,fairness,honesty,32,21.94643783569336,mean_centered,/Users/manouchehrrimer/Desktop/BlueDot_Perona_Vector_Project/outputs/vector_construction/persona_vectors/honesty_layer32.npy,/Users/manouchehrrimer/Desktop/BlueDot_Perona_Vector_Project/outputs/synthetic_projection/activations/synthetic_fairness_014_upheld_layer32.npy
synthetic_fairness_014_upheld,synthetic,fairness,harmlessness,32,-257.7311706542969,mean_centered,/Users/manouchehrrimer/Desktop/BlueDot_Perona_Vector_Project/outputs/vector_construction/persona_vectors/harmlessness_layer32.npy,/Users/manouchehrrimer/Desktop/BlueDot_Perona_Vector_Project/outputs/synthetic_projection/activations/synthetic_fairness_014_upheld_layer32.npy
synthetic_fairness_014_upheld,synthetic,fairness,fairness,32,36.25492858886719,mean_centered,/Users/manouchehrrimer/Desktop/BlueDot_Perona_Vector_Project/outputs/vector_construction/persona_vectors/fairness_layer32.npy,/Users/manouchehrrimer/Desktop/BlueDot_Perona_Vector_Project/outputs/synthetic_projection/activations/synthetic_fairness_014_upheld_layer32.npy
synthetic_fairness_014_upheld,synthetic,fairness,compassion,32,-567.9547729492188,mean_centered,/Users/manouchehrrimer/Desktop/BlueDot_Perona_Vector_Project/outputs/vector_construction/persona_vectors/compassion_layer32.npy,/Users/manouchehrrimer/Desktop/BlueDot_Perona_Vector_Project/outputs/synthetic_projection/activations/synthetic_fairness_014_upheld_layer32.npy
synthetic_fairness_014_upheld,synthetic,fairness,honesty,40,-1495.3856201171875,mean_centered,/Users/manouchehrrimer/Desktop/BlueDot_Perona_Vector_Project/outputs/vector_construction/persona_vectors/honesty_layer40.npy,/Users/manouchehrrimer/Desktop/BlueDot_Perona_Vector_Project/outputs/synthetic_projection/activations/synthetic_fairness_014_upheld_layer40.npy
synthetic_fairness_014_upheld,synthetic,fairness,harmlessness,40,-1030.48583984375,mean_centered,/Users/manouchehrrimer/Desktop/BlueDot_Perona_Vector_Project/outputs/vector_construction/persona_vectors/harmlessness_layer40.npy,/Users/manouchehrrimer/Desktop/BlueDot_Perona_Vector_Project/outputs/synthetic_projection/activations/synthetic_fairness_014_upheld_layer40.npy
synthetic_fairness_014_upheld,synthetic,fairness,fairness,40,-905.327392578125,mean_centered,/Users/manouchehrrimer/Desktop/BlueDot_Perona_Vector_Project/outputs/vector_construction/persona_vectors/fairness_layer40.npy,/Users/manouchehrrimer/Desktop/BlueDot_Perona_Vector_Project/outputs/synthetic_projection/activations/synthetic_fairness_014_upheld_layer40.npy
synthetic_fairness_014_upheld,synthetic,fairness,compassion,40,-623.286865234375,mean_centered,/Users/manouchehrrimer/Desktop/BlueDot_Perona_Vector_Project/outputs/vector_construction/persona_vectors/compassion_layer40.npy,/Users/manouchehrrimer/Desktop/BlueDot_Perona_Vector_Project/outputs/synthetic_projection/activations/synthetic_fairness_014_upheld_layer40.npy
synthetic_fairness_014_upheld,synthetic,fairness,honesty,47,665.4840087890625,mean_centered,/Users/manouchehrrimer/Desktop/BlueDot_Perona_Vector_Project/outputs/vector_construction/persona_vectors/honesty_layer47.npy,/Users/manouchehrrimer/Desktop/BlueDot_Perona_Vector_Project/outputs/synthetic_projection/activations/synthetic_fairness_014_upheld_layer47.npy
synthetic_fairness_014_upheld,synthetic,fairness,harmlessness,47,-218.42529296875,mean_centered,/Users/manouchehrrimer/Desktop/BlueDot_Perona_Vector_Project/outputs/vector_construction/persona_vectors/harmlessness_layer47.npy,/Users/manouchehrrimer/Desktop/BlueDot_Perona_Vector_Project/outputs/synthetic_projection/activations/synthetic_fairness_014_upheld_layer47.npy
synthetic_fairness_014_upheld,synthetic,fairness,fairness,47,1112.971435546875,mean_centered,/Users/manouchehrrimer/Desktop/BlueDot_Perona_Vector_Project/outputs/vector_construction/persona_vectors/fairness_layer47.npy,/Users/manouchehrrimer/Desktop/BlueDot_Perona_Vector_Project/outputs/synthetic_projection/activations/synthetic_fairness_014_upheld_layer47.npy
synthetic_fairness_014_upheld,synthetic,fairness,compassion,47,-63.450439453125,mean_centered,/Users/manouchehrrimer/Desktop/BlueDot_Perona_Vector_Project/outputs/vector_construction/persona_vectors/compassion_layer47.npy,/Users/manouchehrrimer/Desktop/BlueDot_Perona_Vector_Project/outputs/synthetic_projection/activations/synthetic_fairness_014_upheld_layer47.npy
synthetic_fairness_014_violated,synthetic,fairness,honesty,32,344.6196594238281,mean_centered,/Users/manouchehrrimer/Desktop/BlueDot_Perona_Vector_Project/outputs/vector_construction/persona_vectors/honesty_layer32.npy,/Users/manouchehrrimer/Desktop/BlueDot_Perona_Vector_Project/outputs/synthetic_projection/activations/synthetic_fairness_014_violated_layer32.npy
synthetic_fairness_014_violated,synthetic,fairness,harmlessness,32,355.0897216796875,mean_centered,/Users/manouchehrrimer/Desktop/BlueDot_Perona_Vector_Project/outputs/vector_construction/persona_vectors/harmlessness_layer32.npy,/Users/manouchehrrimer/Desktop/BlueDot_Perona_Vector_Project/outputs/synthetic_projection/activations/synthetic_fairness_014_violated_layer32.npy
synthetic_fairness_014_violated,synthetic,fairness,fairness,32,-66.69791412353516,mean_centered,/Users/manouchehrrimer/Desktop/BlueDot_Perona_Vector_Project/outputs/vector_construction/persona_vectors/fairness_layer32.npy,/Users/manouchehrrimer/Desktop/BlueDot_Perona_Vector_Project/outputs/synthetic_projection/activations/synthetic_fairness_014_violated_layer32.npy
synthetic_fairness_014_violated,synthetic,fairness,compassion,32,107.65840148925781,mean_centered,/Users/manouchehrrimer/Desktop/BlueDot_Perona_Vector_Project/outputs/vector_construction/persona_vectors/compassion_layer32.npy,/Users/manouchehrrimer/Desktop/BlueDot_Perona_Vector_Project/outputs/synthetic_projection/activations/synthetic_fairness_014_violated_layer32.npy
synthetic_fairness_014_violated,synthetic,fairness,honesty,40,2458.232177734375,mean_centered,/Users/manouchehrrimer/Desktop/BlueDot_Perona_Vector_Project/outputs/vector_construction/persona_vectors/honesty_layer40.npy,/Users/manouchehrrimer/Desktop/BlueDot_Perona_Vector_Project/outputs/synthetic_projection/activations/synthetic_fairness_014_violated_layer40.npy
synthetic_fairness_014_violated,synthetic,fairness,harmlessness,40,537.897705078125,mean_centered,/Users/manouchehrrimer/Desktop/BlueDot_Perona_Vector_Project/outputs/vector_construction/persona_vectors/harmlessness_layer40.npy,/Users/manouchehrrimer/Desktop/BlueDot_Perona_Vector_Project/outputs/synthetic_projection/activations/synthetic_fairness_014_violated_layer40.npy
synthetic_fairness_014_violated,synthetic,fairness,fairness,40,1469.90771484375,mean_centered,/Users/manouchehrrimer/Desktop/BlueDot_Perona_Vector_Project/outputs/vector_construction/persona_vectors/fairness_layer40.npy,/Users/manouchehrrimer/Desktop/BlueDot_Perona_Vector_Project/outputs/synthetic_projection/activations/synthetic_fairness_014_violated_layer40.npy
synthetic_fairness_014_violated,synthetic,fairness,compassion,40,285.0771179199219,mean_centered,/Users/manouchehrrimer/Desktop/BlueDot_Perona_Vector_Project/outputs/vector_construction/persona_vectors/compassion_layer40.npy,/Users/manouchehrrimer/Desktop/BlueDot_Perona_Vector_Project/outputs/synthetic_projection/activations/synthetic_fairness_014_violated_layer40.npy
synthetic_fairness_014_violated,synthetic,fairness,honesty,47,1478.8162841796875,mean_centered,/Users/manouchehrrimer/Desktop/BlueDot_Perona_Vector_Project/outputs/vector_construction/persona_vectors/honesty_layer47.npy,/Users/manouchehrrimer/Desktop/BlueDot_Perona_Vector_Project/outputs/synthetic_projection/activations/synthetic_fairness_014_violated_layer47.npy
synthetic_fairness_014_violated,synthetic,fairness,harmlessness,47,1712.221435546875,mean_centered,/Users/manouchehrrimer/Desktop/BlueDot_Perona_Vector_Project/outputs/vector_construction/persona_vectors/harmlessness_layer47.npy,/Users/manouchehrrimer/Desktop/BlueDot_Perona_Vector_Project/outputs/synthetic_projection/activations/synthetic_fairness_014_violated_layer47.npy
synthetic_fairness_014_violated,synthetic,fairness,fairness,47,275.0814208984375,mean_centered,/Users/manouchehrrimer/Desktop/BlueDot_Perona_Vector_Project/outputs/vector_construction/persona_vectors/fairness_layer47.npy,/Users/manouchehrrimer/Desktop/BlueDot_Perona_Vector_Project/outputs/synthetic_projection/activations/synthetic_fairness_014_violated_layer47.npy
synthetic_fairness_014_violated,synthetic,fairness,compassion,47,1165.37890625,mean_centered,/Users/manouchehrrimer/Desktop/BlueDot_Perona_Vector_Project/outputs/vector_construction/persona_vectors/compassion_layer47.npy,/Users/manouchehrrimer/Desktop/BlueDot_Perona_Vector_Project/outputs/synthetic_projection/activations/synthetic_fairness_014_violated_layer47.npy
synthetic_fairness_015_upheld,synthetic,fairness,honesty,32,163.24900817871094,mean_centered,/Users/manouchehrrimer/Desktop/BlueDot_Perona_Vector_Project/outputs/vector_construction/persona_vectors/honesty_layer32.npy,/Users/manouchehrrimer/Desktop/BlueDot_Perona_Vector_Project/outputs/synthetic_projection/activations/synthetic_fairness_015_upheld_layer32.npy
synthetic_fairness_015_upheld,synthetic,fairness,harmlessness,32,-770.9922485351562,mean_centered,/Users/manouchehrrimer/Desktop/BlueDot_Perona_Vector_Project/outputs/vector_construction/persona_vectors/harmlessness_layer32.npy,/Users/manouchehrrimer/Desktop/BlueDot_Perona_Vector_Project/outputs/synthetic_projection/activations/synthetic_fairness_015_upheld_layer32.npy
synthetic_fairness_015_upheld,synthetic,fairness,fairness,32,683.4769897460938,mean_centered,/Users/manouchehrrimer/Desktop/BlueDot_Perona_Vector_Project/outputs/vector_construction/persona_vectors/fairness_layer32.npy,/Users/manouchehrrimer/Desktop/BlueDot_Perona_Vector_Project/outputs/synthetic_projection/activations/synthetic_fairness_015_upheld_layer32.npy
synthetic_fairness_015_upheld,synthetic,fairness,compassion,32,97.16182708740234,mean_centered,/Users/manouchehrrimer/Desktop/BlueDot_Perona_Vector_Project/outputs/vector_construction/persona_vectors/compassion_layer32.npy,/Users/manouchehrrimer/Desktop/BlueDot_Perona_Vector_Project/outputs/synthetic_projection/activations/synthetic_fairness_015_upheld_layer32.npy
synthetic_fairness_015_upheld,synthetic,fairness,honesty,40,511.714599609375,mean_centered,/Users/manouchehrrimer/Desktop/BlueDot_Perona_Vector_Project/outputs/vector_construction/persona_vectors/honesty_layer40.npy,/Users/manouchehrrimer/Desktop/BlueDot_Perona_Vector_Project/outputs/synthetic_projection/activations/synthetic_fairness_015_upheld_layer40.npy
synthetic_fairness_015_upheld,synthetic,fairness,harmlessness,40,-614.7510375976562,mean_centered,/Users/manouchehrrimer/Desktop/BlueDot_Perona_Vector_Project/outputs/vector_construction/persona_vectors/harmlessness_layer40.npy,/Users/manouchehrrimer/Desktop/BlueDot_Perona_Vector_Project/outputs/synthetic_projection/activations/synthetic_fairness_015_upheld_layer40.npy
synthetic_fairness_015_upheld,synthetic,fairness,fairness,40,1129.6568603515625,mean_centered,/Users/manouchehrrimer/Desktop/BlueDot_Perona_Vector_Project/outputs/vector_construction/persona_vectors/fairness_layer40.npy,/Users/manouchehrrimer/Desktop/BlueDot_Perona_Vector_Project/outputs/synthetic_projection/activations/synthetic_fairness_015_upheld_layer40.npy
synthetic_fairness_015_upheld,synthetic,fairness,compassion,40,-495.9181823730469,mean_centered,/Users/manouchehrrimer/Desktop/BlueDot_Perona_Vector_Project/outputs/vector_construction/persona_vectors/compassion_layer40.npy,/Users/manouchehrrimer/Desktop/BlueDot_Perona_Vector_Project/outputs/synthetic_projection/activations/synthetic_fairness_015_upheld_layer40.npy
synthetic_fairness_015_upheld,synthetic,fairness,honesty,47,-1799.6357421875,mean_centered,/Users/manouchehrrimer/Desktop/BlueDot_Perona_Vector_Project/outputs/vector_construction/persona_vectors/honesty_layer47.npy,/Users/manouchehrrimer/Desktop/BlueDot_Perona_Vector_Project/outputs/synthetic_projection/activations/synthetic_fairness_015_upheld_layer47.npy
synthetic_fairness_015_upheld,synthetic,fairness,harmlessness,47,-2115.03369140625,mean_centered,/Users/manouchehrrimer/Desktop/BlueDot_Perona_Vector_Project/outputs/vector_construction/persona_vectors/harmlessness_layer47.npy,/Users/manouchehrrimer/Desktop/BlueDot_Perona_Vector_Project/outputs/synthetic_projection/activations/synthetic_fairness_015_upheld_layer47.npy
synthetic_fairness_015_upheld,synthetic,fairness,fairness,47,127.05056762695312,mean_centered,/Users/manouchehrrimer/Desktop/BlueDot_Perona_Vector_Project/outputs/vector_construction/persona_vectors/fairness_layer47.npy,/Users/manouchehrrimer/Desktop/BlueDot_Perona_Vector_Project/outputs/synthetic_projection/activations/synthetic_fairness_015_upheld_layer47.npy
synthetic_fairness_015_upheld,synthetic,fairness,compassion,47,-1374.40673828125,mean_centered,/Users/manouchehrrimer/Desktop/BlueDot_Perona_Vector_Project/outputs/vector_construction/persona_vectors/compassion_layer47.npy,/Users/manouchehrrimer/Desktop/BlueDot_Perona_Vector_Project/outputs/synthetic_projection/activations/synthetic_fairness_015_upheld_layer47.npy
synthetic_fairness_015_violated,synthetic,fairness,honesty,32,-621.923828125,mean_centered,/Users/manouchehrrimer/Desktop/BlueDot_Perona_Vector_Project/outputs/vector_construction/persona_vectors/honesty_layer32.npy,/Users/manouchehrrimer/Desktop/BlueDot_Perona_Vector_Project/outputs/synthetic_projection/activations/synthetic_fairness_015_violated_layer32.npy
synthetic_fairness_015_violated,synthetic,fairness,harmlessness,32,613.4832153320312,mean_centered,/Users/manouchehrrimer/Desktop/BlueDot_Perona_Vector_Project/outputs/vector_construction/persona_vectors/harmlessness_layer32.npy,/Users/manouchehrrimer/Desktop/BlueDot_Perona_Vector_Project/outputs/synthetic_projection/activations/synthetic_fairness_015_violated_layer32.npy
synthetic_fairness_015_violated,synthetic,fairness,fairness,32,-635.0927124023438,mean_centered,/Users/manouchehrrimer/Desktop/BlueDot_Perona_Vector_Project/outputs/vector_construction/persona_vectors/fairness_layer32.npy,/Users/manouchehrrimer/Desktop/BlueDot_Perona_Vector_Project/outputs/synthetic_projection/activations/synthetic_fairness_015_violated_layer32.npy
synthetic_fairness_015_violated,synthetic,fairness,compassion,32,-607.4596557617188,mean_centered,/Users/manouchehrrimer/Desktop/BlueDot_Perona_Vector_Project/outputs/vector_construction/persona_vectors/compassion_layer32.npy,/Users/manouchehrrimer/Desktop/BlueDot_Perona_Vector_Project/outputs/synthetic_projection/activations/synthetic_fairness_015_violated_layer32.npy
synthetic_fairness_015_violated,synthetic,fairness,honesty,40,89.68931579589844,mean_centered,/Users/manouchehrrimer/Desktop/BlueDot_Perona_Vector_Project/outputs/vector_construction/persona_vectors/honesty_layer40.npy,/Users/manouchehrrimer/Desktop/BlueDot_Perona_Vector_Project/outputs/synthetic_projection/activations/synthetic_fairness_015_violated_layer40.npy
synthetic_fairness_015_violated,synthetic,fairness,harmlessness,40,-204.981201171875,mean_centered,/Users/manouchehrrimer/Desktop/BlueDot_Perona_Vector_Project/outputs/vector_construction/persona_vectors/harmlessness_layer40.npy,/Users/manouchehrrimer/Desktop/BlueDot_Perona_Vector_Project/outputs/synthetic_projection/activations/synthetic_fairness_015_violated_layer40.npy
synthetic_fairness_015_violated,synthetic,fairness,fairness,40,218.71743774414062,mean_centered,/Users/manouchehrrimer/Desktop/BlueDot_Perona_Vector_Project/outputs/vector_construction/persona_vectors/fairness_layer40.npy,/Users/manouchehrrimer/Desktop/BlueDot_Perona_Vector_Project/outputs/synthetic_projection/activations/synthetic_fairness_015_violated_layer40.npy
synthetic_fairness_015_violated,synthetic,fairness,compassion,40,-252.9700164794922,mean_centered,/Users/manouchehrrimer/Desktop/BlueDot_Perona_Vector_Project/outputs/vector_construction/persona_vectors/compassion_layer40.npy,/Users/manouchehrrimer/Desktop/BlueDot_Perona_Vector_Project/outputs/synthetic_projection/activations/synthetic_fairness_015_violated_layer40.npy
synthetic_fairness_015_violated,synthetic,fairness,honesty,47,-1285.765380859375,mean_centered,/Users/manouchehrrimer/Desktop/BlueDot_Perona_Vector_Project/outputs/vector_construction/persona_vectors/honesty_layer47.npy,/Users/manouchehrrimer/Desktop/BlueDot_Perona_Vector_Project/outputs/synthetic_projection/activations/synthetic_fairness_015_violated_layer47.npy
synthetic_fairness_015_violated,synthetic,fairness,harmlessness,47,-1718.869384765625,mean_centered,/Users/manouchehrrimer/Desktop/BlueDot_Perona_Vector_Project/outputs/vector_construction/persona_vectors/harmlessness_layer47.npy,/Users/manouchehrrimer/Desktop/BlueDot_Perona_Vector_Project/outputs/synthetic_projection/activations/synthetic_fairness_015_violated_layer47.npy
synthetic_fairness_015_violated,synthetic,fairness,fairness,47,-386.8651123046875,mean_centered,/Users/manouchehrrimer/Desktop/BlueDot_Perona_Vector_Project/outputs/vector_construction/persona_vectors/fairness_layer47.npy,/Users/manouchehrrimer/Desktop/BlueDot_Perona_Vector_Project/outputs/synthetic_projection/activations/synthetic_fairness_015_violated_layer47.npy
synthetic_fairness_015_violated,synthetic,fairness,compassion,47,-1075.056884765625,mean_centered,/Users/manouchehrrimer/Desktop/BlueDot_Perona_Vector_Project/outputs/vector_construction/persona_vectors/compassion_layer47.npy,/Users/manouchehrrimer/Desktop/BlueDot_Perona_Vector_Project/outputs/synthetic_projection/activations/synthetic_fairness_015_violated_layer47.npy
synthetic_fairness_016_upheld,synthetic,fairness,honesty,32,-505.8783874511719,mean_centered,/Users/manouchehrrimer/Desktop/BlueDot_Perona_Vector_Project/outputs/vector_construction/persona_vectors/honesty_layer32.npy,/Users/manouchehrrimer/Desktop/BlueDot_Perona_Vector_Project/outputs/synthetic_projection/activations/synthetic_fairness_016_upheld_layer32.npy
synthetic_fairness_016_upheld,synthetic,fairness,harmlessness,32,44.67127990722656,mean_centered,/Users/manouchehrrimer/Desktop/BlueDot_Perona_Vector_Project/outputs/vector_construction/persona_vectors/harmlessness_layer32.npy,/Users/manouchehrrimer/Desktop/BlueDot_Perona_Vector_Project/outputs/synthetic_projection/activations/synthetic_fairness_016_upheld_layer32.npy
synthetic_fairness_016_upheld,synthetic,fairness,fairness,32,419.3543701171875,mean_centered,/Users/manouchehrrimer/Desktop/BlueDot_Perona_Vector_Project/outputs/vector_construction/persona_vectors/fairness_layer32.npy,/Users/manouchehrrimer/Desktop/BlueDot_Perona_Vector_Project/outputs/synthetic_projection/activations/synthetic_fairness_016_upheld_layer32.npy
synthetic_fairness_016_upheld,synthetic,fairness,compassion,32,-698.900146484375,mean_centered,/Users/manouchehrrimer/Desktop/BlueDot_Perona_Vector_Project/outputs/vector_construction/persona_vectors/compassion_layer32.npy,/Users/manouchehrrimer/Desktop/BlueDot_Perona_Vector_Project/outputs/synthetic_projection/activations/synthetic_fairness_016_upheld_layer32.npy
synthetic_fairness_016_upheld,synthetic,fairness,honesty,40,-1828.4766845703125,mean_centered,/Users/manouchehrrimer/Desktop/BlueDot_Perona_Vector_Project/outputs/vector_construction/persona_vectors/honesty_layer40.npy,/Users/manouchehrrimer/Desktop/BlueDot_Perona_Vector_Project/outputs/synthetic_projection/activations/synthetic_fairness_016_upheld_layer40.npy
synthetic_fairness_016_upheld,synthetic,fairness,harmlessness,40,-790.308837890625,mean_centered,/Users/manouchehrrimer/Desktop/BlueDot_Perona_Vector_Project/outputs/vector_construction/persona_vectors/harmlessness_layer40.npy,/Users/manouchehrrimer/Desktop/BlueDot_Perona_Vector_Project/outputs/synthetic_projection/activations/synthetic_fairness_016_upheld_layer40.npy
synthetic_fairness_016_upheld,synthetic,fairness,fairness,40,-16.7423095703125,mean_centered,/Users/manouchehrrimer/Desktop/BlueDot_Perona_Vector_Project/outputs/vector_construction/persona_vectors/fairness_layer40.npy,/Users/manouchehrrimer/Desktop/BlueDot_Perona_Vector_Project/outputs/synthetic_projection/activations/synthetic_fairness_016_upheld_layer40.npy
synthetic_fairness_016_upheld,synthetic,fairness,compassion,40,-780.7083740234375,mean_centered,/Users/manouchehrrimer/Desktop/BlueDot_Perona_Vector_Project/outputs/vector_construction/persona_vectors/compassion_layer40.npy,/Users/manouchehrrimer/Desktop/BlueDot_Perona_Vector_Project/outputs/synthetic_projection/activations/synthetic_fairness_016_upheld_layer40.npy
synthetic_fairness_016_upheld,synthetic,fairness,honesty,47,-701.3128051757812,mean_centered,/Users/manouchehrrimer/Desktop/BlueDot_Perona_Vector_Project/outputs/vector_construction/persona_vectors/honesty_layer47.npy,/Users/manouchehrrimer/Desktop/BlueDot_Perona_Vector_Project/outputs/synthetic_projection/activations/synthetic_fairness_016_upheld_layer47.npy
synthetic_fairness_016_upheld,synthetic,fairness,harmlessness,47,-932.3607788085938,mean_centered,/Users/manouchehrrimer/Desktop/BlueDot_Perona_Vector_Project/outputs/vector_construction/persona_vectors/harmlessness_layer47.npy,/Users/manouchehrrimer/Desktop/BlueDot_Perona_Vector_Project/outputs/synthetic_projection/activations/synthetic_fairness_016_upheld_layer47.npy
synthetic_fairness_016_upheld,synthetic,fairness,fairness,47,1613.2596435546875,mean_centered,/Users/manouchehrrimer/Desktop/BlueDot_Perona_Vector_Project/outputs/vector_construction/persona_vectors/fairness_layer47.npy,/Users/manouchehrrimer/Desktop/BlueDot_Perona_Vector_Project/outputs/synthetic_projection/activations/synthetic_fairness_016_upheld_layer47.npy
synthetic_fairness_016_upheld,synthetic,fairness,compassion,47,-962.4415283203125,mean_centered,/Users/manouchehrrimer/Desktop/BlueDot_Perona_Vector_Project/outputs/vector_construction/persona_vectors/compassion_layer47.npy,/Users/manouchehrrimer/Desktop/BlueDot_Perona_Vector_Project/outputs/synthetic_projection/activations/synthetic_fairness_016_upheld_layer47.npy
synthetic_fairness_016_violated,synthetic,fairness,honesty,32,221.69683837890625,mean_centered,/Users/manouchehrrimer/Desktop/BlueDot_Perona_Vector_Project/outputs/vector_construction/persona_vectors/honesty_layer32.npy,/Users/manouchehrrimer/Desktop/BlueDot_Perona_Vector_Project/outputs/synthetic_projection/activations/synthetic_fairness_016_violated_layer32.npy
synthetic_fairness_016_violated,synthetic,fairness,harmlessness,32,78.87614440917969,mean_centered,/Users/manouchehrrimer/Desktop/BlueDot_Perona_Vector_Project/outputs/vector_construction/persona_vectors/harmlessness_layer32.npy,/Users/manouchehrrimer/Desktop/BlueDot_Perona_Vector_Project/outputs/synthetic_projection/activations/synthetic_fairness_016_violated_layer32.npy
synthetic_fairness_016_violated,synthetic,fairness,fairness,32,-55.73282241821289,mean_centered,/Users/manouchehrrimer/Desktop/BlueDot_Perona_Vector_Project/outputs/vector_construction/persona_vectors/fairness_layer32.npy,/Users/manouchehrrimer/Desktop/BlueDot_Perona_Vector_Project/outputs/synthetic_projection/activations/synthetic_fairness_016_violated_layer32.npy
synthetic_fairness_016_violated,synthetic,fairness,compassion,32,10.792860984802246,mean_centered,/Users/manouchehrrimer/Desktop/BlueDot_Perona_Vector_Project/outputs/vector_construction/persona_vectors/compassion_layer32.npy,/Users/manouchehrrimer/Desktop/BlueDot_Perona_Vector_Project/outputs/synthetic_projection/activations/synthetic_fairness_016_violated_layer32.npy
synthetic_fairness_016_violated,synthetic,fairness,honesty,40,666.1576538085938,mean_centered,/Users/manouchehrrimer/Desktop/BlueDot_Perona_Vector_Project/outputs/vector_construction/persona_vectors/honesty_layer40.npy,/Users/manouchehrrimer/Desktop/BlueDot_Perona_Vector_Project/outputs/synthetic_projection/activations/synthetic_fairness_016_violated_layer40.npy
synthetic_fairness_016_violated,synthetic,fairness,harmlessness,40,499.30474853515625,mean_centered,/Users/manouchehrrimer/Desktop/BlueDot_Perona_Vector_Project/outputs/vector_construction/persona_vectors/harmlessness_layer40.npy,/Users/manouchehrrimer/Desktop/BlueDot_Perona_Vector_Project/outputs/synthetic_projection/activations/synthetic_fairness_016_violated_layer40.npy
synthetic_fairness_016_violated,synthetic,fairness,fairness,40,-121.57945251464844,mean_centered,/Users/manouchehrrimer/Desktop/BlueDot_Perona_Vector_Project/outputs/vector_construction/persona_vectors/fairness_layer40.npy,/Users/manouchehrrimer/Desktop/BlueDot_Perona_Vector_Project/outputs/synthetic_projection/activations/synthetic_fairness_016_violated_layer40.npy
synthetic_fairness_016_violated,synthetic,fairness,compassion,40,162.8068389892578,mean_centered,/Users/manouchehrrimer/Desktop/BlueDot_Perona_Vector_Project/outputs/vector_construction/persona_vectors/compassion_layer40.npy,/Users/manouchehrrimer/Desktop/BlueDot_Perona_Vector_Project/outputs/synthetic_projection/activations/synthetic_fairness_016_violated_layer40.npy
synthetic_fairness_016_violated,synthetic,fairness,honesty,47,1777.07373046875,mean_centered,/Users/manouchehrrimer/Desktop/BlueDot_Perona_Vector_Project/outputs/vector_construction/persona_vectors/honesty_layer47.npy,/Users/manouchehrrimer/Desktop/BlueDot_Perona_Vector_Project/outputs/synthetic_projection/activations/synthetic_fairness_016_violated_layer47.npy
synthetic_fairness_016_violated,synthetic,fairness,harmlessness,47,1922.7130126953125,mean_centered,/Users/manouchehrrimer/Desktop/BlueDot_Perona_Vector_Project/outputs/vector_construction/persona_vectors/harmlessness_layer47.npy,/Users/manouchehrrimer/Desktop/BlueDot_Perona_Vector_Project/outputs/synthetic_projection/activations/synthetic_fairness_016_violated_layer47.npy
synthetic_fairness_016_violated,synthetic,fairness,fairness,47,-12.137832641601562,mean_centered,/Users/manouchehrrimer/Desktop/BlueDot_Perona_Vector_Project/outputs/vector_construction/persona_vectors/fairness_layer47.npy,/Users/manouchehrrimer/Desktop/BlueDot_Perona_Vector_Project/outputs/synthetic_projection/activations/synthetic_fairness_016_violated_layer47.npy
synthetic_fairness_016_violated,synthetic,fairness,compassion,47,843.6674194335938,mean_centered,/Users/manouchehrrimer/Desktop/BlueDot_Perona_Vector_Project/outputs/vector_construction/persona_vectors/compassion_layer47.npy,/Users/manouchehrrimer/Desktop/BlueDot_Perona_Vector_Project/outputs/synthetic_projection/activations/synthetic_fairness_016_violated_layer47.npy
synthetic_fairness_017_upheld,synthetic,fairness,honesty,32,-226.05963134765625,mean_centered,/Users/manouchehrrimer/Desktop/BlueDot_Perona_Vector_Project/outputs/vector_construction/persona_vectors/honesty_layer32.npy,/Users/manouchehrrimer/Desktop/BlueDot_Perona_Vector_Project/outputs/synthetic_projection/activations/synthetic_fairness_017_upheld_layer32.npy
synthetic_fairness_017_upheld,synthetic,fairness,harmlessness,32,-284.1228942871094,mean_centered,/Users/manouchehrrimer/Desktop/BlueDot_Perona_Vector_Project/outputs/vector_construction/persona_vectors/harmlessness_layer32.npy,/Users/manouchehrrimer/Desktop/BlueDot_Perona_Vector_Project/outputs/synthetic_projection/activations/synthetic_fairness_017_upheld_layer32.npy
synthetic_fairness_017_upheld,synthetic,fairness,fairness,32,28.576683044433594,mean_centered,/Users/manouchehrrimer/Desktop/BlueDot_Perona_Vector_Project/outputs/vector_construction/persona_vectors/fairness_layer32.npy,/Users/manouchehrrimer/Desktop/BlueDot_Perona_Vector_Project/outputs/synthetic_projection/activations/synthetic_fairness_017_upheld_layer32.npy
synthetic_fairness_017_upheld,synthetic,fairness,compassion,32,-559.00634765625,mean_centered,/Users/manouchehrrimer/Desktop/BlueDot_Perona_Vector_Project/outputs/vector_construction/persona_vectors/compassion_layer32.npy,/Users/manouchehrrimer/Desktop/BlueDot_Perona_Vector_Project/outputs/synthetic_projection/activations/synthetic_fairness_017_upheld_layer32.npy
synthetic_fairness_017_upheld,synthetic,fairness,honesty,40,-1690.5367431640625,mean_centered,/Users/manouchehrrimer/Desktop/BlueDot_Perona_Vector_Project/outputs/vector_construction/persona_vectors/honesty_layer40.npy,/Users/manouchehrrimer/Desktop/BlueDot_Perona_Vector_Project/outputs/synthetic_projection/activations/synthetic_fairness_017_upheld_layer40.npy
synthetic_fairness_017_upheld,synthetic,fairness,harmlessness,40,-1333.298095703125,mean_centered,/Users/manouchehrrimer/Desktop/BlueDot_Perona_Vector_Project/outputs/vector_construction/persona_vectors/harmlessness_layer40.npy,/Users/manouchehrrimer/Desktop/BlueDot_Perona_Vector_Project/outputs/synthetic_projection/activations/synthetic_fairness_017_upheld_layer40.npy
synthetic_fairness_017_upheld,synthetic,fairness,fairness,40,-666.47216796875,mean_centered,/Users/manouchehrrimer/Desktop/BlueDot_Perona_Vector_Project/outputs/vector_construction/persona_vectors/fairness_layer40.npy,/Users/manouchehrrimer/Desktop/BlueDot_Perona_Vector_Project/outputs/synthetic_projection/activations/synthetic_fairness_017_upheld_layer40.npy
synthetic_fairness_017_upheld,synthetic,fairness,compassion,40,-616.1340942382812,mean_centered,/Users/manouchehrrimer/Desktop/BlueDot_Perona_Vector_Project/outputs/vector_construction/persona_vectors/compassion_layer40.npy,/Users/manouchehrrimer/Desktop/BlueDot_Perona_Vector_Project/outputs/synthetic_projection/activations/synthetic_fairness_017_upheld_layer40.npy
synthetic_fairness_017_upheld,synthetic,fairness,honesty,47,-766.4637451171875,mean_centered,/Users/manouchehrrimer/Desktop/BlueDot_Perona_Vector_Project/outputs/vector_construction/persona_vectors/honesty_layer47.npy,/Users/manouchehrrimer/Desktop/BlueDot_Perona_Vector_Project/outputs/synthetic_projection/activations/synthetic_fairness_017_upheld_layer47.npy
synthetic_fairness_017_upheld,synthetic,fairness,harmlessness,47,-1799.8524169921875,mean_centered,/Users/manouchehrrimer/Desktop/BlueDot_Perona_Vector_Project/outputs/vector_construction/persona_vectors/harmlessness_layer47.npy,/Users/manouchehrrimer/Desktop/BlueDot_Perona_Vector_Project/outputs/synthetic_projection/activations/synthetic_fairness_017_upheld_layer47.npy
synthetic_fairness_017_upheld,synthetic,fairness,fairness,47,333.904052734375,mean_centered,/Users/manouchehrrimer/Desktop/BlueDot_Perona_Vector_Project/outputs/vector_construction/persona_vectors/fairness_layer47.npy,/Users/manouchehrrimer/Desktop/BlueDot_Perona_Vector_Project/outputs/synthetic_projection/activations/synthetic_fairness_017_upheld_layer47.npy
synthetic_fairness_017_upheld,synthetic,fairness,compassion,47,-780.1539306640625,mean_centered,/Users/manouchehrrimer/Desktop/BlueDot_Perona_Vector_Project/outputs/vector_construction/persona_vectors/compassion_layer47.npy,/Users/manouchehrrimer/Desktop/BlueDot_Perona_Vector_Project/outputs/synthetic_projection/activations/synthetic_fairness_017_upheld_layer47.npy
synthetic_fairness_017_violated,synthetic,fairness,honesty,32,820.770751953125,mean_centered,/Users/manouchehrrimer/Desktop/BlueDot_Perona_Vector_Project/outputs/vector_construction/persona_vectors/honesty_layer32.npy,/Users/manouchehrrimer/Desktop/BlueDot_Perona_Vector_Project/outputs/synthetic_projection/activations/synthetic_fairness_017_violated_layer32.npy
synthetic_fairness_017_violated,synthetic,fairness,harmlessness,32,-682.2218017578125,mean_centered,/Users/manouchehrrimer/Desktop/BlueDot_Perona_Vector_Project/outputs/vector_construction/persona_vectors/harmlessness_layer32.npy,/Users/manouchehrrimer/Desktop/BlueDot_Perona_Vector_Project/outputs/synthetic_projection/activations/synthetic_fairness_017_violated_layer32.npy
synthetic_fairness_017_violated,synthetic,fairness,fairness,32,841.7781982421875,mean_centered,/Users/manouchehrrimer/Desktop/BlueDot_Perona_Vector_Project/outputs/vector_construction/persona_vectors/fairness_layer32.npy,/Users/manouchehrrimer/Desktop/BlueDot_Perona_Vector_Project/outputs/synthetic_projection/activations/synthetic_fairness_017_violated_layer32.npy
synthetic_fairness_017_violated,synthetic,fairness,compassion,32,550.6227416992188,mean_centered,/Users/manouchehrrimer/Desktop/BlueDot_Perona_Vector_Project/outputs/vector_construction/persona_vectors/compassion_layer32.npy,/Users/manouchehrrimer/Desktop/BlueDot_Perona_Vector_Project/outputs/synthetic_projection/activations/synthetic_fairness_017_violated_layer32.npy
synthetic_fairness_017_violated,synthetic,fairness,honesty,40,9005.916015625,mean_centered,/Users/manouchehrrimer/Desktop/BlueDot_Perona_Vector_Project/outputs/vector_construction/persona_vectors/honesty_layer40.npy,/Users/manouchehrrimer/Desktop/BlueDot_Perona_Vector_Project/outputs/synthetic_projection/activations/synthetic_fairness_017_violated_layer40.npy
synthetic_fairness_017_violated,synthetic,fairness,harmlessness,40,383.86468505859375,mean_centered,/Users/manouchehrrimer/Desktop/BlueDot_Perona_Vector_Project/outputs/vector_construction/persona_vectors/harmlessness_layer40.npy,/Users/manouchehrrimer/Desktop/BlueDot_Perona_Vector_Project/outputs/synthetic_projection/activations/synthetic_fairness_017_violated_layer40.npy
synthetic_fairness_017_violated,synthetic,fairness,fairness,40,6366.4970703125,mean_centered,/Users/manouchehrrimer/Desktop/BlueDot_Perona_Vector_Project/outputs/vector_construction/persona_vectors/fairness_layer40.npy,/Users/manouchehrrimer/Desktop/BlueDot_Perona_Vector_Project/outputs/synthetic_projection/activations/synthetic_fairness_017_violated_layer40.npy
synthetic_fairness_017_violated,synthetic,fairness,compassion,40,457.26483154296875,mean_centered,/Users/manouchehrrimer/Desktop/BlueDot_Perona_Vector_Project/outputs/vector_construction/persona_vectors/compassion_layer40.npy,/Users/manouchehrrimer/Desktop/BlueDot_Perona_Vector_Project/outputs/synthetic_projection/activations/synthetic_fairness_017_violated_layer40.npy
synthetic_fairness_017_violated,synthetic,fairness,honesty,47,3193.1796875,mean_centered,/Users/manouchehrrimer/Desktop/BlueDot_Perona_Vector_Project/outputs/vector_construction/persona_vectors/honesty_layer47.npy,/Users/manouchehrrimer/Desktop/BlueDot_Perona_Vector_Project/outputs/synthetic_projection/activations/synthetic_fairness_017_violated_layer47.npy
synthetic_fairness_017_violated,synthetic,fairness,harmlessness,47,3267.7724609375,mean_centered,/Users/manouchehrrimer/Desktop/BlueDot_Perona_Vector_Project/outputs/vector_construction/persona_vectors/harmlessness_layer47.npy,/Users/manouchehrrimer/Desktop/BlueDot_Perona_Vector_Project/outputs/synthetic_projection/activations/synthetic_fairness_017_violated_layer47.npy
synthetic_fairness_017_violated,synthetic,fairness,fairness,47,444.2393798828125,mean_centered,/Users/manouchehrrimer/Desktop/BlueDot_Perona_Vector_Project/outputs/vector_construction/persona_vectors/fairness_layer47.npy,/Users/manouchehrrimer/Desktop/BlueDot_Perona_Vector_Project/outputs/synthetic_projection/activations/synthetic_fairness_017_violated_layer47.npy
synthetic_fairness_017_violated,synthetic,fairness,compassion,47,2016.3321533203125,mean_centered,/Users/manouchehrrimer/Desktop/BlueDot_Perona_Vector_Project/outputs/vector_construction/persona_vectors/compassion_layer47.npy,/Users/manouchehrrimer/Desktop/BlueDot_Perona_Vector_Project/outputs/synthetic_projection/activations/synthetic_fairness_017_violated_layer47.npy
synthetic_fairness_018_upheld,synthetic,fairness,honesty,32,1443.20166015625,mean_centered,/Users/manouchehrrimer/Desktop/BlueDot_Perona_Vector_Project/outputs/vector_construction/persona_vectors/honesty_layer32.npy,/Users/manouchehrrimer/Desktop/BlueDot_Perona_Vector_Project/outputs/synthetic_projection/activations/synthetic_fairness_018_upheld_layer32.npy
synthetic_fairness_018_upheld,synthetic,fairness,harmlessness,32,-2547.6884765625,mean_centered,/Users/manouchehrrimer/Desktop/BlueDot_Perona_Vector_Project/outputs/vector_construction/persona_vectors/harmlessness_layer32.npy,/Users/manouchehrrimer/Desktop/BlueDot_Perona_Vector_Project/outputs/synthetic_projection/activations/synthetic_fairness_018_upheld_layer32.npy
synthetic_fairness_018_upheld,synthetic,fairness,fairness,32,1941.4368896484375,mean_centered,/Users/manouchehrrimer/Desktop/BlueDot_Perona_Vector_Project/outputs/vector_construction/persona_vectors/fairness_layer32.npy,/Users/manouchehrrimer/Desktop/BlueDot_Perona_Vector_Project/outputs/synthetic_projection/activations/synthetic_fairness_018_upheld_layer32.npy
synthetic_fairness_018_upheld,synthetic,fairness,compassion,32,882.919677734375,mean_centered,/Users/manouchehrrimer/Desktop/BlueDot_Perona_Vector_Project/outputs/vector_construction/persona_vectors/compassion_layer32.npy,/Users/manouchehrrimer/Desktop/BlueDot_Perona_Vector_Project/outputs/synthetic_projection/activations/synthetic_fairness_018_upheld_layer32.npy
synthetic_fairness_018_upheld,synthetic,fairness,honesty,40,1385.7982177734375,mean_centered,/Users/manouchehrrimer/Desktop/BlueDot_Perona_Vector_Project/outputs/vector_construction/persona_vectors/honesty_layer40.npy,/Users/manouchehrrimer/Desktop/BlueDot_Perona_Vector_Project/outputs/synthetic_projection/activations/synthetic_fairness_018_upheld_layer40.npy
synthetic_fairness_018_upheld,synthetic,fairness,harmlessness,40,-1343.558837890625,mean_centered,/Users/manouchehrrimer/Desktop/BlueDot_Perona_Vector_Project/outputs/vector_construction/persona_vectors/harmlessness_layer40.npy,/Users/manouchehrrimer/Desktop/BlueDot_Perona_Vector_Project/outputs/synthetic_projection/activations/synthetic_fairness_018_upheld_layer40.npy
synthetic_fairness_018_upheld,synthetic,fairness,fairness,40,1446.9920654296875,mean_centered,/Users/manouchehrrimer/Desktop/BlueDot_Perona_Vector_Project/outputs/vector_construction/persona_vectors/fairness_layer40.npy,/Users/manouchehrrimer/Desktop/BlueDot_Perona_Vector_Project/outputs/synthetic_projection/activations/synthetic_fairness_018_upheld_layer40.npy
synthetic_fairness_018_upheld,synthetic,fairness,compassion,40,-463.1177978515625,mean_centered,/Users/manouchehrrimer/Desktop/BlueDot_Perona_Vector_Project/outputs/vector_construction/persona_vectors/compassion_layer40.npy,/Users/manouchehrrimer/Desktop/BlueDot_Perona_Vector_Project/outputs/synthetic_projection/activations/synthetic_fairness_018_upheld_layer40.npy
synthetic_fairness_018_upheld,synthetic,fairness,honesty,47,-1219.337890625,mean_centered,/Users/manouchehrrimer/Desktop/BlueDot_Perona_Vector_Project/outputs/vector_construction/persona_vectors/honesty_layer47.npy,/Users/manouchehrrimer/Desktop/BlueDot_Perona_Vector_Project/outputs/synthetic_projection/activations/synthetic_fairness_018_upheld_layer47.npy
synthetic_fairness_018_upheld,synthetic,fairness,harmlessness,47,-1735.290771484375,mean_centered,/Users/manouchehrrimer/Desktop/BlueDot_Perona_Vector_Project/outputs/vector_construction/persona_vectors/harmlessness_layer47.npy,/Users/manouchehrrimer/Desktop/BlueDot_Perona_Vector_Project/outputs/synthetic_projection/activations/synthetic_fairness_018_upheld_layer47.npy
synthetic_fairness_018_upheld,synthetic,fairness,fairness,47,554.1650390625,mean_centered,/Users/manouchehrrimer/Desktop/BlueDot_Perona_Vector_Project/outputs/vector_construction/persona_vectors/fairness_layer47.npy,/Users/manouchehrrimer/Desktop/BlueDot_Perona_Vector_Project/outputs/synthetic_projection/activations/synthetic_fairness_018_upheld_layer47.npy
synthetic_fairness_018_upheld,synthetic,fairness,compassion,47,-821.418701171875,mean_centered,/Users/manouchehrrimer/Desktop/BlueDot_Perona_Vector_Project/outputs/vector_construction/persona_vectors/compassion_layer47.npy,/Users/manouchehrrimer/Desktop/BlueDot_Perona_Vector_Project/outputs/synthetic_projection/activations/synthetic_fairness_018_upheld_layer47.npy
synthetic_fairness_018_violated,synthetic,fairness,honesty,32,-159.025634765625,mean_centered,/Users/manouchehrrimer/Desktop/BlueDot_Perona_Vector_Project/outputs/vector_construction/persona_vectors/honesty_layer32.npy,/Users/manouchehrrimer/Desktop/BlueDot_Perona_Vector_Project/outputs/synthetic_projection/activations/synthetic_fairness_018_violated_layer32.npy
synthetic_fairness_018_violated,synthetic,fairness,harmlessness,32,675.6629638671875,mean_centered,/Users/manouchehrrimer/Desktop/BlueDot_Perona_Vector_Project/outputs/vector_construction/persona_vectors/harmlessness_layer32.npy,/Users/manouchehrrimer/Desktop/BlueDot_Perona_Vector_Project/outputs/synthetic_projection/activations/synthetic_fairness_018_violated_layer32.npy
synthetic_fairness_018_violated,synthetic,fairness,fairness,32,-549.731689453125,mean_centered,/Users/manouchehrrimer/Desktop/BlueDot_Perona_Vector_Project/outputs/vector_construction/persona_vectors/fairness_layer32.npy,/Users/manouchehrrimer/Desktop/BlueDot_Perona_Vector_Project/outputs/synthetic_projection/activations/synthetic_fairness_018_violated_layer32.npy
synthetic_fairness_018_violated,synthetic,fairness,compassion,32,-305.13763427734375,mean_centered,/Users/manouchehrrimer/Desktop/BlueDot_Perona_Vector_Project/outputs/vector_construction/persona_vectors/compassion_layer32.npy,/Users/manouchehrrimer/Desktop/BlueDot_Perona_Vector_Project/outputs/synthetic_projection/activations/synthetic_fairness_018_violated_layer32.npy
synthetic_fairness_018_violated,synthetic,fairness,honesty,40,-1167.1029052734375,mean_centered,/Users/manouchehrrimer/Desktop/BlueDot_Perona_Vector_Project/outputs/vector_construction/persona_vectors/honesty_layer40.npy,/Users/manouchehrrimer/Desktop/BlueDot_Perona_Vector_Project/outputs/synthetic_projection/activations/synthetic_fairness_018_violated_layer40.npy
synthetic_fairness_018_violated,synthetic,fairness,harmlessness,40,331.97052001953125,mean_centered,/Users/manouchehrrimer/Desktop/BlueDot_Perona_Vector_Project/outputs/vector_construction/persona_vectors/harmlessness_layer40.npy,/Users/manouchehrrimer/Desktop/BlueDot_Perona_Vector_Project/outputs/synthetic_projection/activations/synthetic_fairness_018_violated_layer40.npy
synthetic_fairness_018_violated,synthetic,fairness,fairness,40,-1117.43896484375,mean_centered,/Users/manouchehrrimer/Desktop/BlueDot_Perona_Vector_Project/outputs/vector_construction/persona_vectors/fairness_layer40.npy,/Users/manouchehrrimer/Desktop/BlueDot_Perona_Vector_Project/outputs/synthetic_projection/activations/synthetic_fairness_018_violated_layer40.npy
synthetic_fairness_018_violated,synthetic,fairness,compassion,40,-205.20623779296875,mean_centered,/Users/manouchehrrimer/Desktop/BlueDot_Perona_Vector_Project/outputs/vector_construction/persona_vectors/compassion_layer40.npy,/Users/manouchehrrimer/Desktop/BlueDot_Perona_Vector_Project/outputs/synthetic_projection/activations/synthetic_fairness_018_violated_layer40.npy
synthetic_fairness_018_violated,synthetic,fairness,honesty,47,-2204.11328125,mean_centered,/Users/manouchehrrimer/Desktop/BlueDot_Perona_Vector_Project/outputs/vector_construction/persona_vectors/honesty_layer47.npy,/Users/manouchehrrimer/Desktop/BlueDot_Perona_Vector_Project/outputs/synthetic_projection/activations/synthetic_fairness_018_violated_layer47.npy
synthetic_fairness_018_violated,synthetic,fairness,harmlessness,47,-2318.10107421875,mean_centered,/Users/manouchehrrimer/Desktop/BlueDot_Perona_Vector_Project/outputs/vector_construction/persona_vectors/harmlessness_layer47.npy,/Users/manouchehrrimer/Desktop/BlueDot_Perona_Vector_Project/outputs/synthetic_projection/activations/synthetic_fairness_018_violated_layer47.npy
synthetic_fairness_018_violated,synthetic,fairness,fairness,47,-1021.695556640625,mean_centered,/Users/manouchehrrimer/Desktop/BlueDot_Perona_Vector_Project/outputs/vector_construction/persona_vectors/fairness_layer47.npy,/Users/manouchehrrimer/Desktop/BlueDot_Perona_Vector_Project/outputs/synthetic_projection/activations/synthetic_fairness_018_violated_layer47.npy
synthetic_fairness_018_violated,synthetic,fairness,compassion,47,-1579.231201171875,mean_centered,/Users/manouchehrrimer/Desktop/BlueDot_Perona_Vector_Project/outputs/vector_construction/persona_vectors/compassion_layer47.npy,/Users/manouchehrrimer/Desktop/BlueDot_Perona_Vector_Project/outputs/synthetic_projection/activations/synthetic_fairness_018_violated_layer47.npy
synthetic_fairness_019_upheld,synthetic,fairness,honesty,32,-756.121337890625,mean_centered,/Users/manouchehrrimer/Desktop/BlueDot_Perona_Vector_Project/outputs/vector_construction/persona_vectors/honesty_layer32.npy,/Users/manouchehrrimer/Desktop/BlueDot_Perona_Vector_Project/outputs/synthetic_projection/activations/synthetic_fairness_019_upheld_layer32.npy
synthetic_fairness_019_upheld,synthetic,fairness,harmlessness,32,390.808837890625,mean_centered,/Users/manouchehrrimer/Desktop/BlueDot_Perona_Vector_Project/outputs/vector_construction/persona_vectors/harmlessness_layer32.npy,/Users/manouchehrrimer/Desktop/BlueDot_Perona_Vector_Project/outputs/synthetic_projection/activations/synthetic_fairness_019_upheld_layer32.npy
synthetic_fairness_019_upheld,synthetic,fairness,fairness,32,69.61581420898438,mean_centered,/Users/manouchehrrimer/Desktop/BlueDot_Perona_Vector_Project/outputs/vector_construction/persona_vectors/fairness_layer32.npy,/Users/manouchehrrimer/Desktop/BlueDot_Perona_Vector_Project/outputs/synthetic_projection/activations/synthetic_fairness_019_upheld_layer32.npy
synthetic_fairness_019_upheld,synthetic,fairness,compassion,32,-952.0889892578125,mean_centered,/Users/manouchehrrimer/Desktop/BlueDot_Perona_Vector_Project/outputs/vector_construction/persona_vectors/compassion_layer32.npy,/Users/manouchehrrimer/Desktop/BlueDot_Perona_Vector_Project/outputs/synthetic_projection/activations/synthetic_fairness_019_upheld_layer32.npy
synthetic_fairness_019_upheld,synthetic,fairness,honesty,40,-2398.007568359375,mean_centered,/Users/manouchehrrimer/Desktop/BlueDot_Perona_Vector_Project/outputs/vector_construction/persona_vectors/honesty_layer40.npy,/Users/manouchehrrimer/Desktop/BlueDot_Perona_Vector_Project/outputs/synthetic_projection/activations/synthetic_fairness_019_upheld_layer40.npy
synthetic_fairness_019_upheld,synthetic,fairness,harmlessness,40,-783.1390380859375,mean_centered,/Users/manouchehrrimer/Desktop/BlueDot_Perona_Vector_Project/outputs/vector_construction/persona_vectors/harmlessness_layer40.npy,/Users/manouchehrrimer/Desktop/BlueDot_Perona_Vector_Project/outputs/synthetic_projection/activations/synthetic_fairness_019_upheld_layer40.npy
synthetic_fairness_019_upheld,synthetic,fairness,fairness,40,-496.4954833984375,mean_centered,/Users/manouchehrrimer/Desktop/BlueDot_Perona_Vector_Project/outputs/vector_construction/persona_vectors/fairness_layer40.npy,/Users/manouchehrrimer/Desktop/BlueDot_Perona_Vector_Project/outputs/synthetic_projection/activations/synthetic_fairness_019_upheld_layer40.npy
synthetic_fairness_019_upheld,synthetic,fairness,compassion,40,-833.289794921875,mean_centered,/Users/manouchehrrimer/Desktop/BlueDot_Perona_Vector_Project/outputs/vector_construction/persona_vectors/compassion_layer40.npy,/Users/manouchehrrimer/Desktop/BlueDot_Perona_Vector_Project/outputs/synthetic_projection/activations/synthetic_fairness_019_upheld_layer40.npy
synthetic_fairness_019_upheld,synthetic,fairness,honesty,47,-2071.0146484375,mean_centered,/Users/manouchehrrimer/Desktop/BlueDot_Perona_Vector_Project/outputs/vector_construction/persona_vectors/honesty_layer47.npy,/Users/manouchehrrimer/Desktop/BlueDot_Perona_Vector_Project/outputs/synthetic_projection/activations/synthetic_fairness_019_upheld_layer47.npy
synthetic_fairness_019_upheld,synthetic,fairness,harmlessness,47,-2718.56103515625,mean_centered,/Users/manouchehrrimer/Desktop/BlueDot_Perona_Vector_Project/outputs/vector_construction/persona_vectors/harmlessness_layer47.npy,/Users/manouchehrrimer/Desktop/BlueDot_Perona_Vector_Project/outputs/synthetic_projection/activations/synthetic_fairness_019_upheld_layer47.npy
synthetic_fairness_019_upheld,synthetic,fairness,fairness,47,966.1376953125,mean_centered,/Users/manouchehrrimer/Desktop/BlueDot_Perona_Vector_Project/outputs/vector_construction/persona_vectors/fairness_layer47.npy,/Users/manouchehrrimer/Desktop/BlueDot_Perona_Vector_Project/outputs/synthetic_projection/activations/synthetic_fairness_019_upheld_layer47.npy
synthetic_fairness_019_upheld,synthetic,fairness,compassion,47,-1845.241455078125,mean_centered,/Users/manouchehrrimer/Desktop/BlueDot_Perona_Vector_Project/outputs/vector_construction/persona_vectors/compassion_layer47.npy,/Users/manouchehrrimer/Desktop/BlueDot_Perona_Vector_Project/outputs/synthetic_projection/activations/synthetic_fairness_019_upheld_layer47.npy
synthetic_fairness_019_violated,synthetic,fairness,honesty,32,-546.78466796875,mean_centered,/Users/manouchehrrimer/Desktop/BlueDot_Perona_Vector_Project/outputs/vector_construction/persona_vectors/honesty_layer32.npy,/Users/manouchehrrimer/Desktop/BlueDot_Perona_Vector_Project/outputs/synthetic_projection/activations/synthetic_fairness_019_violated_layer32.npy
synthetic_fairness_019_violated,synthetic,fairness,harmlessness,32,1249.1793212890625,mean_centered,/Users/manouchehrrimer/Desktop/BlueDot_Perona_Vector_Project/outputs/vector_construction/persona_vectors/harmlessness_layer32.npy,/Users/manouchehrrimer/Desktop/BlueDot_Perona_Vector_Project/outputs/synthetic_projection/activations/synthetic_fairness_019_violated_layer32.npy
synthetic_fairness_019_violated,synthetic,fairness,fairness,32,-514.9667358398438,mean_centered,/Users/manouchehrrimer/Desktop/BlueDot_Perona_Vector_Project/outputs/vector_construction/persona_vectors/fairness_layer32.npy,/Users/manouchehrrimer/Desktop/BlueDot_Perona_Vector_Project/outputs/synthetic_projection/activations/synthetic_fairness_019_violated_layer32.npy
synthetic_fairness_019_violated,synthetic,fairness,compassion,32,-755.1500244140625,mean_centered,/Users/manouchehrrimer/Desktop/BlueDot_Perona_Vector_Project/outputs/vector_construction/persona_vectors/compassion_layer32.npy,/Users/manouchehrrimer/Desktop/BlueDot_Perona_Vector_Project/outputs/synthetic_projection/activations/synthetic_fairness_019_violated_layer32.npy
synthetic_fairness_019_violated,synthetic,fairness,honesty,40,-4275.50244140625,mean_centered,/Users/manouchehrrimer/Desktop/BlueDot_Perona_Vector_Project/outputs/vector_construction/persona_vectors/honesty_layer40.npy,/Users/manouchehrrimer/Desktop/BlueDot_Perona_Vector_Project/outputs/synthetic_projection/activations/synthetic_fairness_019_violated_layer40.npy
synthetic_fairness_019_violated,synthetic,fairness,harmlessness,40,265.8062744140625,mean_centered,/Users/manouchehrrimer/Desktop/BlueDot_Perona_Vector_Project/outputs/vector_construction/persona_vectors/harmlessness_layer40.npy,/Users/manouchehrrimer/Desktop/BlueDot_Perona_Vector_Project/outputs/synthetic_projection/activations/synthetic_fairness_019_violated_layer40.npy
synthetic_fairness_019_violated,synthetic,fairness,fairness,40,-2593.093994140625,mean_centered,/Users/manouchehrrimer/Desktop/BlueDot_Perona_Vector_Project/outputs/vector_construction/persona_vectors/fairness_layer40.npy,/Users/manouchehrrimer/Desktop/BlueDot_Perona_Vector_Project/outputs/synthetic_projection/activations/synthetic_fairness_019_violated_layer40.npy
synthetic_fairness_019_violated,synthetic,fairness,compassion,40,-351.79559326171875,mean_centered,/Users/manouchehrrimer/Desktop/BlueDot_Perona_Vector_Project/outputs/vector_construction/persona_vectors/compassion_layer40.npy,/Users/manouchehrrimer/Desktop/BlueDot_Perona_Vector_Project/outputs/synthetic_projection/activations/synthetic_fairness_019_violated_layer40.npy
synthetic_fairness_019_violated,synthetic,fairness,honesty,47,-1748.783203125,mean_centered,/Users/manouchehrrimer/Desktop/BlueDot_Perona_Vector_Project/outputs/vector_construction/persona_vectors/honesty_layer47.npy,/Users/manouchehrrimer/Desktop/BlueDot_Perona_Vector_Project/outputs/synthetic_projection/activations/synthetic_fairness_019_violated_layer47.npy
synthetic_fairness_019_violated,synthetic,fairness,harmlessness,47,-2128.52587890625,mean_centered,/Users/manouchehrrimer/Desktop/BlueDot_Perona_Vector_Project/outputs/vector_construction/persona_vectors/harmlessness_layer47.npy,/Users/manouchehrrimer/Desktop/BlueDot_Perona_Vector_Project/outputs/synthetic_projection/activations/synthetic_fairness_019_violated_layer47.npy
synthetic_fairness_019_violated,synthetic,fairness,fairness,47,-326.5468444824219,mean_centered,/Users/manouchehrrimer/Desktop/BlueDot_Perona_Vector_Project/outputs/vector_construction/persona_vectors/fairness_layer47.npy,/Users/manouchehrrimer/Desktop/BlueDot_Perona_Vector_Project/outputs/synthetic_projection/activations/synthetic_fairness_019_violated_layer47.npy
synthetic_fairness_019_violated,synthetic,fairness,compassion,47,-1405.926513671875,mean_centered,/Users/manouchehrrimer/Desktop/BlueDot_Perona_Vector_Project/outputs/vector_construction/persona_vectors/compassion_layer47.npy,/Users/manouchehrrimer/Desktop/BlueDot_Perona_Vector_Project/outputs/synthetic_projection/activations/synthetic_fairness_019_violated_layer47.npy
synthetic_fairness_020_upheld,synthetic,fairness,honesty,32,186.51483154296875,mean_centered,/Users/manouchehrrimer/Desktop/BlueDot_Perona_Vector_Project/outputs/vector_construction/persona_vectors/honesty_layer32.npy,/Users/manouchehrrimer/Desktop/BlueDot_Perona_Vector_Project/outputs/synthetic_projection/activations/synthetic_fairness_020_upheld_layer32.npy
synthetic_fairness_020_upheld,synthetic,fairness,harmlessness,32,-919.678466796875,mean_centered,/Users/manouchehrrimer/Desktop/BlueDot_Perona_Vector_Project/outputs/vector_construction/persona_vectors/harmlessness_layer32.npy,/Users/manouchehrrimer/Desktop/BlueDot_Perona_Vector_Project/outputs/synthetic_projection/activations/synthetic_fairness_020_upheld_layer32.npy
synthetic_fairness_020_upheld,synthetic,fairness,fairness,32,500.53466796875,mean_centered,/Users/manouchehrrimer/Desktop/BlueDot_Perona_Vector_Project/outputs/vector_construction/persona_vectors/fairness_layer32.npy,/Users/manouchehrrimer/Desktop/BlueDot_Perona_Vector_Project/outputs/synthetic_projection/activations/synthetic_fairness_020_upheld_layer32.npy
synthetic_fairness_020_upheld,synthetic,fairness,compassion,32,-272.930908203125,mean_centered,/Users/manouchehrrimer/Desktop/BlueDot_Perona_Vector_Project/outputs/vector_construction/persona_vectors/compassion_layer32.npy,/Users/manouchehrrimer/Desktop/BlueDot_Perona_Vector_Project/outputs/synthetic_projection/activations/synthetic_fairness_020_upheld_layer32.npy
synthetic_fairness_020_upheld,synthetic,fairness,honesty,40,-2596.021240234375,mean_centered,/Users/manouchehrrimer/Desktop/BlueDot_Perona_Vector_Project/outputs/vector_construction/persona_vectors/honesty_layer40.npy,/Users/manouchehrrimer/Desktop/BlueDot_Perona_Vector_Project/outputs/synthetic_projection/activations/synthetic_fairness_020_upheld_layer40.npy
synthetic_fairness_020_upheld,synthetic,fairness,harmlessness,40,-1811.44287109375,mean_centered,/Users/manouchehrrimer/Desktop/BlueDot_Perona_Vector_Project/outputs/vector_construction/persona_vectors/harmlessness_layer40.npy,/Users/manouchehrrimer/Desktop/BlueDot_Perona_Vector_Project/outputs/synthetic_projection/activations/synthetic_fairness_020_upheld_layer40.npy
synthetic_fairness_020_upheld,synthetic,fairness,fairness,40,-1274.3720703125,mean_centered,/Users/manouchehrrimer/Desktop/BlueDot_Perona_Vector_Project/outputs/vector_construction/persona_vectors/fairness_layer40.npy,/Users/manouchehrrimer/Desktop/BlueDot_Perona_Vector_Project/outputs/synthetic_projection/activations/synthetic_fairness_020_upheld_layer40.npy
synthetic_fairness_020_upheld,synthetic,fairness,compassion,40,-614.55419921875,mean_centered,/Users/manouchehrrimer/Desktop/BlueDot_Perona_Vector_Project/outputs/vector_construction/persona_vectors/compassion_layer40.npy,/Users/manouchehrrimer/Desktop/BlueDot_Perona_Vector_Project/outputs/synthetic_projection/activations/synthetic_fairness_020_upheld_layer40.npy
synthetic_fairness_020_upheld,synthetic,fairness,honesty,47,-2377.7890625,mean_centered,/Users/manouchehrrimer/Desktop/BlueDot_Perona_Vector_Project/outputs/vector_construction/persona_vectors/honesty_layer47.npy,/Users/manouchehrrimer/Desktop/BlueDot_Perona_Vector_Project/outputs/synthetic_projection/activations/synthetic_fairness_020_upheld_layer47.npy
synthetic_fairness_020_upheld,synthetic,fairness,harmlessness,47,-3889.348876953125,mean_centered,/Users/manouchehrrimer/Desktop/BlueDot_Perona_Vector_Project/outputs/vector_construction/persona_vectors/harmlessness_layer47.npy,/Users/manouchehrrimer/Desktop/BlueDot_Perona_Vector_Project/outputs/synthetic_projection/activations/synthetic_fairness_020_upheld_layer47.npy
synthetic_fairness_020_upheld,synthetic,fairness,fairness,47,399.2582092285156,mean_centered,/Users/manouchehrrimer/Desktop/BlueDot_Perona_Vector_Project/outputs/vector_construction/persona_vectors/fairness_layer47.npy,/Users/manouchehrrimer/Desktop/BlueDot_Perona_Vector_Project/outputs/synthetic_projection/activations/synthetic_fairness_020_upheld_layer47.npy
synthetic_fairness_020_upheld,synthetic,fairness,compassion,47,-1550.5977783203125,mean_centered,/Users/manouchehrrimer/Desktop/BlueDot_Perona_Vector_Project/outputs/vector_construction/persona_vectors/compassion_layer47.npy,/Users/manouchehrrimer/Desktop/BlueDot_Perona_Vector_Project/outputs/synthetic_projection/activations/synthetic_fairness_020_upheld_layer47.npy
synthetic_fairness_020_violated,synthetic,fairness,honesty,32,-7.076526641845703,mean_centered,/Users/manouchehrrimer/Desktop/BlueDot_Perona_Vector_Project/outputs/vector_construction/persona_vectors/honesty_layer32.npy,/Users/manouchehrrimer/Desktop/BlueDot_Perona_Vector_Project/outputs/synthetic_projection/activations/synthetic_fairness_020_violated_layer32.npy
synthetic_fairness_020_violated,synthetic,fairness,harmlessness,32,265.489013671875,mean_centered,/Users/manouchehrrimer/Desktop/BlueDot_Perona_Vector_Project/outputs/vector_construction/persona_vectors/harmlessness_layer32.npy,/Users/manouchehrrimer/Desktop/BlueDot_Perona_Vector_Project/outputs/synthetic_projection/activations/synthetic_fairness_020_violated_layer32.npy
synthetic_fairness_020_violated,synthetic,fairness,fairness,32,-262.07769775390625,mean_centered,/Users/manouchehrrimer/Desktop/BlueDot_Perona_Vector_Project/outputs/vector_construction/persona_vectors/fairness_layer32.npy,/Users/manouchehrrimer/Desktop/BlueDot_Perona_Vector_Project/outputs/synthetic_projection/activations/synthetic_fairness_020_violated_layer32.npy
synthetic_fairness_020_violated,synthetic,fairness,compassion,32,26.909259796142578,mean_centered,/Users/manouchehrrimer/Desktop/BlueDot_Perona_Vector_Project/outputs/vector_construction/persona_vectors/compassion_layer32.npy,/Users/manouchehrrimer/Desktop/BlueDot_Perona_Vector_Project/outputs/synthetic_projection/activations/synthetic_fairness_020_violated_layer32.npy
synthetic_fairness_020_violated,synthetic,fairness,honesty,40,3076.25732421875,mean_centered,/Users/manouchehrrimer/Desktop/BlueDot_Perona_Vector_Project/outputs/vector_construction/persona_vectors/honesty_layer40.npy,/Users/manouchehrrimer/Desktop/BlueDot_Perona_Vector_Project/outputs/synthetic_projection/activations/synthetic_fairness_020_violated_layer40.npy
synthetic_fairness_020_violated,synthetic,fairness,harmlessness,40,503.9327392578125,mean_centered,/Users/manouchehrrimer/Desktop/BlueDot_Perona_Vector_Project/outputs/vector_construction/persona_vectors/harmlessness_layer40.npy,/Users/manouchehrrimer/Desktop/BlueDot_Perona_Vector_Project/outputs/synthetic_projection/activations/synthetic_fairness_020_violated_layer40.npy
synthetic_fairness_020_violated,synthetic,fairness,fairness,40,1958.090087890625,mean_centered,/Users/manouchehrrimer/Desktop/BlueDot_Perona_Vector_Project/outputs/vector_construction/persona_vectors/fairness_layer40.npy,/Users/manouchehrrimer/Desktop/BlueDot_Perona_Vector_Project/outputs/synthetic_projection/activations/synthetic_fairness_020_violated_layer40.npy
synthetic_fairness_020_violated,synthetic,fairness,compassion,40,361.1547546386719,mean_centered,/Users/manouchehrrimer/Desktop/BlueDot_Perona_Vector_Project/outputs/vector_construction/persona_vectors/compassion_layer40.npy,/Users/manouchehrrimer/Desktop/BlueDot_Perona_Vector_Project/outputs/synthetic_projection/activations/synthetic_fairness_020_violated_layer40.npy
synthetic_fairness_020_violated,synthetic,fairness,honesty,47,-621.3546142578125,mean_centered,/Users/manouchehrrimer/Desktop/BlueDot_Perona_Vector_Project/outputs/vector_construction/persona_vectors/honesty_layer47.npy,/Users/manouchehrrimer/Desktop/BlueDot_Perona_Vector_Project/outputs/synthetic_projection/activations/synthetic_fairness_020_violated_layer47.npy
synthetic_fairness_020_violated,synthetic,fairness,harmlessness,47,-545.6761474609375,mean_centered,/Users/manouchehrrimer/Desktop/BlueDot_Perona_Vector_Project/outputs/vector_construction/persona_vectors/harmlessness_layer47.npy,/Users/manouchehrrimer/Desktop/BlueDot_Perona_Vector_Project/outputs/synthetic_projection/activations/synthetic_fairness_020_violated_layer47.npy
synthetic_fairness_020_violated,synthetic,fairness,fairness,47,-799.12109375,mean_centered,/Users/manouchehrrimer/Desktop/BlueDot_Perona_Vector_Project/outputs/vector_construction/persona_vectors/fairness_layer47.npy,/Users/manouchehrrimer/Desktop/BlueDot_Perona_Vector_Project/outputs/synthetic_projection/activations/synthetic_fairness_020_violated_layer47.npy
synthetic_fairness_020_violated,synthetic,fairness,compassion,47,163.6786346435547,mean_centered,/Users/manouchehrrimer/Desktop/BlueDot_Perona_Vector_Project/outputs/vector_construction/persona_vectors/compassion_layer47.npy,/Users/manouchehrrimer/Desktop/BlueDot_Perona_Vector_Project/outputs/synthetic_projection/activations/synthetic_fairness_020_violated_layer47.npy
synthetic_compassion_001_upheld,synthetic,compassion,honesty,32,-248.45114135742188,mean_centered,/Users/manouchehrrimer/Desktop/BlueDot_Perona_Vector_Project/outputs/vector_construction/persona_vectors/honesty_layer32.npy,/Users/manouchehrrimer/Desktop/BlueDot_Perona_Vector_Project/outputs/synthetic_projection/activations/synthetic_compassion_001_upheld_layer32.npy
synthetic_compassion_001_upheld,synthetic,compassion,harmlessness,32,-404.7518310546875,mean_centered,/Users/manouchehrrimer/Desktop/BlueDot_Perona_Vector_Project/outputs/vector_construction/persona_vectors/harmlessness_layer32.npy,/Users/manouchehrrimer/Desktop/BlueDot_Perona_Vector_Project/outputs/synthetic_projection/activations/synthetic_compassion_001_upheld_layer32.npy
synthetic_compassion_001_upheld,synthetic,compassion,fairness,32,93.25589752197266,mean_centered,/Users/manouchehrrimer/Desktop/BlueDot_Perona_Vector_Project/outputs/vector_construction/persona_vectors/fairness_layer32.npy,/Users/manouchehrrimer/Desktop/BlueDot_Perona_Vector_Project/outputs/synthetic_projection/activations/synthetic_compassion_001_upheld_layer32.npy
synthetic_compassion_001_upheld,synthetic,compassion,compassion,32,-115.61994934082031,mean_centered,/Users/manouchehrrimer/Desktop/BlueDot_Perona_Vector_Project/outputs/vector_construction/persona_vectors/compassion_layer32.npy,/Users/manouchehrrimer/Desktop/BlueDot_Perona_Vector_Project/outputs/synthetic_projection/activations/synthetic_compassion_001_upheld_layer32.npy
synthetic_compassion_001_upheld,synthetic,compassion,honesty,40,-1919.4920654296875,mean_centered,/Users/manouchehrrimer/Desktop/BlueDot_Perona_Vector_Project/outputs/vector_construction/persona_vectors/honesty_layer40.npy,/Users/manouchehrrimer/Desktop/BlueDot_Perona_Vector_Project/outputs/synthetic_projection/activations/synthetic_compassion_001_upheld_layer40.npy
synthetic_compassion_001_upheld,synthetic,compassion,harmlessness,40,-711.9942626953125,mean_centered,/Users/manouchehrrimer/Desktop/BlueDot_Perona_Vector_Project/outputs/vector_construction/persona_vectors/harmlessness_layer40.npy,/Users/manouchehrrimer/Desktop/BlueDot_Perona_Vector_Project/outputs/synthetic_projection/activations/synthetic_compassion_001_upheld_layer40.npy
synthetic_compassion_001_upheld,synthetic,compassion,fairness,40,-1096.43359375,mean_centered,/Users/manouchehrrimer/Desktop/BlueDot_Perona_Vector_Project/outputs/vector_construction/persona_vectors/fairness_layer40.npy,/Users/manouchehrrimer/Desktop/BlueDot_Perona_Vector_Project/outputs/synthetic_projection/activations/synthetic_compassion_001_upheld_layer40.npy
synthetic_compassion_001_upheld,synthetic,compassion,compassion,40,-308.98736572265625,mean_centered,/Users/manouchehrrimer/Desktop/BlueDot_Perona_Vector_Project/outputs/vector_construction/persona_vectors/compassion_layer40.npy,/Users/manouchehrrimer/Desktop/BlueDot_Perona_Vector_Project/outputs/synthetic_projection/activations/synthetic_compassion_001_upheld_layer40.npy
synthetic_compassion_001_upheld,synthetic,compassion,honesty,47,-3151.9072265625,mean_centered,/Users/manouchehrrimer/Desktop/BlueDot_Perona_Vector_Project/outputs/vector_construction/persona_vectors/honesty_layer47.npy,/Users/manouchehrrimer/Desktop/BlueDot_Perona_Vector_Project/outputs/synthetic_projection/activations/synthetic_compassion_001_upheld_layer47.npy
synthetic_compassion_001_upheld,synthetic,compassion,harmlessness,47,-3677.88525390625,mean_centered,/Users/manouchehrrimer/Desktop/BlueDot_Perona_Vector_Project/outputs/vector_construction/persona_vectors/harmlessness_layer47.npy,/Users/manouchehrrimer/Desktop/BlueDot_Perona_Vector_Project/outputs/synthetic_projection/activations/synthetic_compassion_001_upheld_layer47.npy
synthetic_compassion_001_upheld,synthetic,compassion,fairness,47,-835.46630859375,mean_centered,/Users/manouchehrrimer/Desktop/BlueDot_Perona_Vector_Project/outputs/vector_construction/persona_vectors/fairness_layer47.npy,/Users/manouchehrrimer/Desktop/BlueDot_Perona_Vector_Project/outputs/synthetic_projection/activations/synthetic_compassion_001_upheld_layer47.npy
synthetic_compassion_001_upheld,synthetic,compassion,compassion,47,-1820.0616455078125,mean_centered,/Users/manouchehrrimer/Desktop/BlueDot_Perona_Vector_Project/outputs/vector_construction/persona_vectors/compassion_layer47.npy,/Users/manouchehrrimer/Desktop/BlueDot_Perona_Vector_Project/outputs/synthetic_projection/activations/synthetic_compassion_001_upheld_layer47.npy
synthetic_compassion_001_violated,synthetic,compassion,honesty,32,-920.3672485351562,mean_centered,/Users/manouchehrrimer/Desktop/BlueDot_Perona_Vector_Project/outputs/vector_construction/persona_vectors/honesty_layer32.npy,/Users/manouchehrrimer/Desktop/BlueDot_Perona_Vector_Project/outputs/synthetic_projection/activations/synthetic_compassion_001_violated_layer32.npy
synthetic_compassion_001_violated,synthetic,compassion,harmlessness,32,1393.359375,mean_centered,/Users/manouchehrrimer/Desktop/BlueDot_Perona_Vector_Project/outputs/vector_construction/persona_vectors/harmlessness_layer32.npy,/Users/manouchehrrimer/Desktop/BlueDot_Perona_Vector_Project/outputs/synthetic_projection/activations/synthetic_compassion_001_violated_layer32.npy
synthetic_compassion_001_violated,synthetic,compassion,fairness,32,-1317.6153564453125,mean_centered,/Users/manouchehrrimer/Desktop/BlueDot_Perona_Vector_Project/outputs/vector_construction/persona_vectors/fairness_layer32.npy,/Users/manouchehrrimer/Desktop/BlueDot_Perona_Vector_Project/outputs/synthetic_projection/activations/synthetic_compassion_001_violated_layer32.npy
synthetic_compassion_001_violated,synthetic,compassion,compassion,32,-1130.1708984375,mean_centered,/Users/manouchehrrimer/Desktop/BlueDot_Perona_Vector_Project/outputs/vector_construction/persona_vectors/compassion_layer32.npy,/Users/manouchehrrimer/Desktop/BlueDot_Perona_Vector_Project/outputs/synthetic_projection/activations/synthetic_compassion_001_violated_layer32.npy
synthetic_compassion_001_violated,synthetic,compassion,honesty,40,673.3502197265625,mean_centered,/Users/manouchehrrimer/Desktop/BlueDot_Perona_Vector_Project/outputs/vector_construction/persona_vectors/honesty_layer40.npy,/Users/manouchehrrimer/Desktop/BlueDot_Perona_Vector_Project/outputs/synthetic_projection/activations/synthetic_compassion_001_violated_layer40.npy
synthetic_compassion_001_violated,synthetic,compassion,harmlessness,40,-147.10659790039062,mean_centered,/Users/manouchehrrimer/Desktop/BlueDot_Perona_Vector_Project/outputs/vector_construction/persona_vectors/harmlessness_layer40.npy,/Users/manouchehrrimer/Desktop/BlueDot_Perona_Vector_Project/outputs/synthetic_projection/activations/synthetic_compassion_001_violated_layer40.npy
synthetic_compassion_001_violated,synthetic,compassion,fairness,40,538.6654663085938,mean_centered,/Users/manouchehrrimer/Desktop/BlueDot_Perona_Vector_Project/outputs/vector_construction/persona_vectors/fairness_layer40.npy,/Users/manouchehrrimer/Desktop/BlueDot_Perona_Vector_Project/outputs/synthetic_projection/activations/synthetic_compassion_001_violated_layer40.npy
synthetic_compassion_001_violated,synthetic,compassion,compassion,40,-143.46974182128906,mean_centered,/Users/manouchehrrimer/Desktop/BlueDot_Perona_Vector_Project/outputs/vector_construction/persona_vectors/compassion_layer40.npy,/Users/manouchehrrimer/Desktop/BlueDot_Perona_Vector_Project/outputs/synthetic_projection/activations/synthetic_compassion_001_violated_layer40.npy
synthetic_compassion_001_violated,synthetic,compassion,honesty,47,1619.375732421875,mean_centered,/Users/manouchehrrimer/Desktop/BlueDot_Perona_Vector_Project/outputs/vector_construction/persona_vectors/honesty_layer47.npy,/Users/manouchehrrimer/Desktop/BlueDot_Perona_Vector_Project/outputs/synthetic_projection/activations/synthetic_compassion_001_violated_layer47.npy
synthetic_compassion_001_violated,synthetic,compassion,harmlessness,47,773.6099853515625,mean_centered,/Users/manouchehrrimer/Desktop/BlueDot_Perona_Vector_Project/outputs/vector_construction/persona_vectors/harmlessness_layer47.npy,/Users/manouchehrrimer/Desktop/BlueDot_Perona_Vector_Project/outputs/synthetic_projection/activations/synthetic_compassion_001_violated_layer47.npy
synthetic_compassion_001_violated,synthetic,compassion,fairness,47,692.870361328125,mean_centered,/Users/manouchehrrimer/Desktop/BlueDot_Perona_Vector_Project/outputs/vector_construction/persona_vectors/fairness_layer47.npy,/Users/manouchehrrimer/Desktop/BlueDot_Perona_Vector_Project/outputs/synthetic_projection/activations/synthetic_compassion_001_violated_layer47.npy
synthetic_compassion_001_violated,synthetic,compassion,compassion,47,26.086959838867188,mean_centered,/Users/manouchehrrimer/Desktop/BlueDot_Perona_Vector_Project/outputs/vector_construction/persona_vectors/compassion_layer47.npy,/Users/manouchehrrimer/Desktop/BlueDot_Perona_Vector_Project/outputs/synthetic_projection/activations/synthetic_compassion_001_violated_layer47.npy
synthetic_compassion_002_upheld,synthetic,compassion,honesty,32,-1008.85595703125,mean_centered,/Users/manouchehrrimer/Desktop/BlueDot_Perona_Vector_Project/outputs/vector_construction/persona_vectors/honesty_layer32.npy,/Users/manouchehrrimer/Desktop/BlueDot_Perona_Vector_Project/outputs/synthetic_projection/activations/synthetic_compassion_002_upheld_layer32.npy
synthetic_compassion_002_upheld,synthetic,compassion,harmlessness,32,588.2371826171875,mean_centered,/Users/manouchehrrimer/Desktop/BlueDot_Perona_Vector_Project/outputs/vector_construction/persona_vectors/harmlessness_layer32.npy,/Users/manouchehrrimer/Desktop/BlueDot_Perona_Vector_Project/outputs/synthetic_projection/activations/synthetic_compassion_002_upheld_layer32.npy
synthetic_compassion_002_upheld,synthetic,compassion,fairness,32,-258.9900207519531,mean_centered,/Users/manouchehrrimer/Desktop/BlueDot_Perona_Vector_Project/outputs/vector_construction/persona_vectors/fairness_layer32.npy,/Users/manouchehrrimer/Desktop/BlueDot_Perona_Vector_Project/outputs/synthetic_projection/activations/synthetic_compassion_002_upheld_layer32.npy
synthetic_compassion_002_upheld,synthetic,compassion,compassion,32,-264.44903564453125,mean_centered,/Users/manouchehrrimer/Desktop/BlueDot_Perona_Vector_Project/outputs/vector_construction/persona_vectors/compassion_layer32.npy,/Users/manouchehrrimer/Desktop/BlueDot_Perona_Vector_Project/outputs/synthetic_projection/activations/synthetic_compassion_002_upheld_layer32.npy
synthetic_compassion_002_upheld,synthetic,compassion,honesty,40,-385.5574951171875,mean_centered,/Users/manouchehrrimer/Desktop/BlueDot_Perona_Vector_Project/outputs/vector_construction/persona_vectors/honesty_layer40.npy,/Users/manouchehrrimer/Desktop/BlueDot_Perona_Vector_Project/outputs/synthetic_projection/activations/synthetic_compassion_002_upheld_layer40.npy
synthetic_compassion_002_upheld,synthetic,compassion,harmlessness,40,283.5682373046875,mean_centered,/Users/manouchehrrimer/Desktop/BlueDot_Perona_Vector_Project/outputs/vector_construction/persona_vectors/harmlessness_layer40.npy,/Users/manouchehrrimer/Desktop/BlueDot_Perona_Vector_Project/outputs/synthetic_projection/activations/synthetic_compassion_002_upheld_layer40.npy
synthetic_compassion_002_upheld,synthetic,compassion,fairness,40,281.1076965332031,mean_centered,/Users/manouchehrrimer/Desktop/BlueDot_Perona_Vector_Project/outputs/vector_construction/persona_vectors/fairness_layer40.npy,/Users/manouchehrrimer/Desktop/BlueDot_Perona_Vector_Project/outputs/synthetic_projection/activations/synthetic_compassion_002_upheld_layer40.npy
synthetic_compassion_002_upheld,synthetic,compassion,compassion,40,-46.76865005493164,mean_centered,/Users/manouchehrrimer/Desktop/BlueDot_Perona_Vector_Project/outputs/vector_construction/persona_vectors/compassion_layer40.npy,/Users/manouchehrrimer/Desktop/BlueDot_Perona_Vector_Project/outputs/synthetic_projection/activations/synthetic_compassion_002_upheld_layer40.npy
synthetic_compassion_002_upheld,synthetic,compassion,honesty,47,385.8940734863281,mean_centered,/Users/manouchehrrimer/Desktop/BlueDot_Perona_Vector_Project/outputs/vector_construction/persona_vectors/honesty_layer47.npy,/Users/manouchehrrimer/Desktop/BlueDot_Perona_Vector_Project/outputs/synthetic_projection/activations/synthetic_compassion_002_upheld_layer47.npy
synthetic_compassion_002_upheld,synthetic,compassion,harmlessness,47,1713.9443359375,mean_centered,/Users/manouchehrrimer/Desktop/BlueDot_Perona_Vector_Project/outputs/vector_construction/persona_vectors/harmlessness_layer47.npy,/Users/manouchehrrimer/Desktop/BlueDot_Perona_Vector_Project/outputs/synthetic_projection/activations/synthetic_compassion_002_upheld_layer47.npy
synthetic_compassion_002_upheld,synthetic,compassion,fairness,47,930.8057861328125,mean_centered,/Users/manouchehrrimer/Desktop/BlueDot_Perona_Vector_Project/outputs/vector_construction/persona_vectors/fairness_layer47.npy,/Users/manouchehrrimer/Desktop/BlueDot_Perona_Vector_Project/outputs/synthetic_projection/activations/synthetic_compassion_002_upheld_layer47.npy
synthetic_compassion_002_upheld,synthetic,compassion,compassion,47,554.3688354492188,mean_centered,/Users/manouchehrrimer/Desktop/BlueDot_Perona_Vector_Project/outputs/vector_construction/persona_vectors/compassion_layer47.npy,/Users/manouchehrrimer/Desktop/BlueDot_Perona_Vector_Project/outputs/synthetic_projection/activations/synthetic_compassion_002_upheld_layer47.npy
synthetic_compassion_002_violated,synthetic,compassion,honesty,32,1152.1375732421875,mean_centered,/Users/manouchehrrimer/Desktop/BlueDot_Perona_Vector_Project/outputs/vector_construction/persona_vectors/honesty_layer32.npy,/Users/manouchehrrimer/Desktop/BlueDot_Perona_Vector_Project/outputs/synthetic_projection/activations/synthetic_compassion_002_violated_layer32.npy
synthetic_compassion_002_violated,synthetic,compassion,harmlessness,32,-1240.0953369140625,mean_centered,/Users/manouchehrrimer/Desktop/BlueDot_Perona_Vector_Project/outputs/vector_construction/persona_vectors/harmlessness_layer32.npy,/Users/manouchehrrimer/Desktop/BlueDot_Perona_Vector_Project/outputs/synthetic_projection/activations/synthetic_compassion_002_violated_layer32.npy
synthetic_compassion_002_violated,synthetic,compassion,fairness,32,1039.176025390625,mean_centered,/Users/manouchehrrimer/Desktop/BlueDot_Perona_Vector_Project/outputs/vector_construction/persona_vectors/fairness_layer32.npy,/Users/manouchehrrimer/Desktop/BlueDot_Perona_Vector_Project/outputs/synthetic_projection/activations/synthetic_compassion_002_violated_layer32.npy
synthetic_compassion_002_violated,synthetic,compassion,compassion,32,1064.6484375,mean_centered,/Users/manouchehrrimer/Desktop/BlueDot_Perona_Vector_Project/outputs/vector_construction/persona_vectors/compassion_layer32.npy,/Users/manouchehrrimer/Desktop/BlueDot_Perona_Vector_Project/outputs/synthetic_projection/activations/synthetic_compassion_002_violated_layer32.npy
synthetic_compassion_002_violated,synthetic,compassion,honesty,40,4709.32958984375,mean_centered,/Users/manouchehrrimer/Desktop/BlueDot_Perona_Vector_Project/outputs/vector_construction/persona_vectors/honesty_layer40.npy,/Users/manouchehrrimer/Desktop/BlueDot_Perona_Vector_Project/outputs/synthetic_projection/activations/synthetic_compassion_002_violated_layer40.npy
synthetic_compassion_002_violated,synthetic,compassion,harmlessness,40,148.89926147460938,mean_centered,/Users/manouchehrrimer/Desktop/BlueDot_Perona_Vector_Project/outputs/vector_construction/persona_vectors/harmlessness_layer40.npy,/Users/manouchehrrimer/Desktop/BlueDot_Perona_Vector_Project/outputs/synthetic_projection/activations/synthetic_compassion_002_violated_layer40.npy
synthetic_compassion_002_violated,synthetic,compassion,fairness,40,3378.426025390625,mean_centered,/Users/manouchehrrimer/Desktop/BlueDot_Perona_Vector_Project/outputs/vector_construction/persona_vectors/fairness_layer40.npy,/Users/manouchehrrimer/Desktop/BlueDot_Perona_Vector_Project/outputs/synthetic_projection/activations/synthetic_compassion_002_violated_layer40.npy
synthetic_compassion_002_violated,synthetic,compassion,compassion,40,407.4303894042969,mean_centered,/Users/manouchehrrimer/Desktop/BlueDot_Perona_Vector_Project/outputs/vector_construction/persona_vectors/compassion_layer40.npy,/Users/manouchehrrimer/Desktop/BlueDot_Perona_Vector_Project/outputs/synthetic_projection/activations/synthetic_compassion_002_violated_layer40.npy
synthetic_compassion_002_violated,synthetic,compassion,honesty,47,4187.0,mean_centered,/Users/manouchehrrimer/Desktop/BlueDot_Perona_Vector_Project/outputs/vector_construction/persona_vectors/honesty_layer47.npy,/Users/manouchehrrimer/Desktop/BlueDot_Perona_Vector_Project/outputs/synthetic_projection/activations/synthetic_compassion_002_violated_layer47.npy
synthetic_compassion_002_violated,synthetic,compassion,harmlessness,47,4766.76904296875,mean_centered,/Users/manouchehrrimer/Desktop/BlueDot_Perona_Vector_Project/outputs/vector_construction/persona_vectors/harmlessness_layer47.npy,/Users/manouchehrrimer/Desktop/BlueDot_Perona_Vector_Project/outputs/synthetic_projection/activations/synthetic_compassion_002_violated_layer47.npy
synthetic_compassion_002_violated,synthetic,compassion,fairness,47,1671.2327880859375,mean_centered,/Users/manouchehrrimer/Desktop/BlueDot_Perona_Vector_Project/outputs/vector_construction/persona_vectors/fairness_layer47.npy,/Users/manouchehrrimer/Desktop/BlueDot_Perona_Vector_Project/outputs/synthetic_projection/activations/synthetic_compassion_002_violated_layer47.npy
synthetic_compassion_002_violated,synthetic,compassion,compassion,47,2723.914306640625,mean_centered,/Users/manouchehrrimer/Desktop/BlueDot_Perona_Vector_Project/outputs/vector_construction/persona_vectors/compassion_layer47.npy,/Users/manouchehrrimer/Desktop/BlueDot_Perona_Vector_Project/outputs/synthetic_projection/activations/synthetic_compassion_002_violated_layer47.npy
synthetic_compassion_003_upheld,synthetic,compassion,honesty,32,-820.3029174804688,mean_centered,/Users/manouchehrrimer/Desktop/BlueDot_Perona_Vector_Project/outputs/vector_construction/persona_vectors/honesty_layer32.npy,/Users/manouchehrrimer/Desktop/BlueDot_Perona_Vector_Project/outputs/synthetic_projection/activations/synthetic_compassion_003_upheld_layer32.npy
synthetic_compassion_003_upheld,synthetic,compassion,harmlessness,32,380.24676513671875,mean_centered,/Users/manouchehrrimer/Desktop/BlueDot_Perona_Vector_Project/outputs/vector_construction/persona_vectors/harmlessness_layer32.npy,/Users/manouchehrrimer/Desktop/BlueDot_Perona_Vector_Project/outputs/synthetic_projection/activations/synthetic_compassion_003_upheld_layer32.npy
synthetic_compassion_003_upheld,synthetic,compassion,fairness,32,-341.2364501953125,mean_centered,/Users/manouchehrrimer/Desktop/BlueDot_Perona_Vector_Project/outputs/vector_construction/persona_vectors/fairness_layer32.npy,/Users/manouchehrrimer/Desktop/BlueDot_Perona_Vector_Project/outputs/synthetic_projection/activations/synthetic_compassion_003_upheld_layer32.npy
synthetic_compassion_003_upheld,synthetic,compassion,compassion,32,76.03115844726562,mean_centered,/Users/manouchehrrimer/Desktop/BlueDot_Perona_Vector_Project/outputs/vector_construction/persona_vectors/compassion_layer32.npy,/Users/manouchehrrimer/Desktop/BlueDot_Perona_Vector_Project/outputs/synthetic_projection/activations/synthetic_compassion_003_upheld_layer32.npy
synthetic_compassion_003_upheld,synthetic,compassion,honesty,40,-4467.15478515625,mean_centered,/Users/manouchehrrimer/Desktop/BlueDot_Perona_Vector_Project/outputs/vector_construction/persona_vectors/honesty_layer40.npy,/Users/manouchehrrimer/Desktop/BlueDot_Perona_Vector_Project/outputs/synthetic_projection/activations/synthetic_compassion_003_upheld_layer40.npy
synthetic_compassion_003_upheld,synthetic,compassion,harmlessness,40,-305.1188049316406,mean_centered,/Users/manouchehrrimer/Desktop/BlueDot_Perona_Vector_Project/outputs/vector_construction/persona_vectors/harmlessness_layer40.npy,/Users/manouchehrrimer/Desktop/BlueDot_Perona_Vector_Project/outputs/synthetic_projection/activations/synthetic_compassion_003_upheld_layer40.npy
synthetic_compassion_003_upheld,synthetic,compassion,fairness,40,-2940.70263671875,mean_centered,/Users/manouchehrrimer/Desktop/BlueDot_Perona_Vector_Project/outputs/vector_construction/persona_vectors/fairness_layer40.npy,/Users/manouchehrrimer/Desktop/BlueDot_Perona_Vector_Project/outputs/synthetic_projection/activations/synthetic_compassion_003_upheld_layer40.npy
synthetic_compassion_003_upheld,synthetic,compassion,compassion,40,767.0214233398438,mean_centered,/Users/manouchehrrimer/Desktop/BlueDot_Perona_Vector_Project/outputs/vector_construction/persona_vectors/compassion_layer40.npy,/Users/manouchehrrimer/Desktop/BlueDot_Perona_Vector_Project/outputs/synthetic_projection/activations/synthetic_compassion_003_upheld_layer40.npy
synthetic_compassion_003_upheld,synthetic,compassion,honesty,47,-2998.595703125,mean_centered,/Users/manouchehrrimer/Desktop/BlueDot_Perona_Vector_Project/outputs/vector_construction/persona_vectors/honesty_layer47.npy,/Users/manouchehrrimer/Desktop/BlueDot_Perona_Vector_Project/outputs/synthetic_projection/activations/synthetic_compassion_003_upheld_layer47.npy
synthetic_compassion_003_upheld,synthetic,compassion,harmlessness,47,-2734.39697265625,mean_centered,/Users/manouchehrrimer/Desktop/BlueDot_Perona_Vector_Project/outputs/vector_construction/persona_vectors/harmlessness_layer47.npy,/Users/manouchehrrimer/Desktop/BlueDot_Perona_Vector_Project/outputs/synthetic_projection/activations/synthetic_compassion_003_upheld_layer47.npy
synthetic_compassion_003_upheld,synthetic,compassion,fairness,47,-977.517822265625,mean_centered,/Users/manouchehrrimer/Desktop/BlueDot_Perona_Vector_Project/outputs/vector_construction/persona_vectors/fairness_layer47.npy,/Users/manouchehrrimer/Desktop/BlueDot_Perona_Vector_Project/outputs/synthetic_projection/activations/synthetic_compassion_003_upheld_layer47.npy
synthetic_compassion_003_upheld,synthetic,compassion,compassion,47,-266.796142578125,mean_centered,/Users/manouchehrrimer/Desktop/BlueDot_Perona_Vector_Project/outputs/vector_construction/persona_vectors/compassion_layer47.npy,/Users/manouchehrrimer/Desktop/BlueDot_Perona_Vector_Project/outputs/synthetic_projection/activations/synthetic_compassion_003_upheld_layer47.npy
synthetic_compassion_003_violated,synthetic,compassion,honesty,32,773.194580078125,mean_centered,/Users/manouchehrrimer/Desktop/BlueDot_Perona_Vector_Project/outputs/vector_construction/persona_vectors/honesty_layer32.npy,/Users/manouchehrrimer/Desktop/BlueDot_Perona_Vector_Project/outputs/synthetic_projection/activations/synthetic_compassion_003_violated_layer32.npy
synthetic_compassion_003_violated,synthetic,compassion,harmlessness,32,-142.2139892578125,mean_centered,/Users/manouchehrrimer/Desktop/BlueDot_Perona_Vector_Project/outputs/vector_construction/persona_vectors/harmlessness_layer32.npy,/Users/manouchehrrimer/Desktop/BlueDot_Perona_Vector_Project/outputs/synthetic_projection/activations/synthetic_compassion_003_violated_layer32.npy
synthetic_compassion_003_violated,synthetic,compassion,fairness,32,215.96730041503906,mean_centered,/Users/manouchehrrimer/Desktop/BlueDot_Perona_Vector_Project/outputs/vector_construction/persona_vectors/fairness_layer32.npy,/Users/manouchehrrimer/Desktop/BlueDot_Perona_Vector_Project/outputs/synthetic_projection/activations/synthetic_compassion_003_violated_layer32.npy
synthetic_compassion_003_violated,synthetic,compassion,compassion,32,623.8297119140625,mean_centered,/Users/manouchehrrimer/Desktop/BlueDot_Perona_Vector_Project/outputs/vector_construction/persona_vectors/compassion_layer32.npy,/Users/manouchehrrimer/Desktop/BlueDot_Perona_Vector_Project/outputs/synthetic_projection/activations/synthetic_compassion_003_violated_layer32.npy
synthetic_compassion_003_violated,synthetic,compassion,honesty,40,2805.88525390625,mean_centered,/Users/manouchehrrimer/Desktop/BlueDot_Perona_Vector_Project/outputs/vector_construction/persona_vectors/honesty_layer40.npy,/Users/manouchehrrimer/Desktop/BlueDot_Perona_Vector_Project/outputs/synthetic_projection/activations/synthetic_compassion_003_violated_layer40.npy
synthetic_compassion_003_violated,synthetic,compassion,harmlessness,40,810.431884765625,mean_centered,/Users/manouchehrrimer/Desktop/BlueDot_Perona_Vector_Project/outputs/vector_construction/persona_vectors/harmlessness_layer40.npy,/Users/manouchehrrimer/Desktop/BlueDot_Perona_Vector_Project/outputs/synthetic_projection/activations/synthetic_compassion_003_violated_layer40.npy
synthetic_compassion_003_violated,synthetic,compassion,fairness,40,1278.77685546875,mean_centered,/Users/manouchehrrimer/Desktop/BlueDot_Perona_Vector_Project/outputs/vector_construction/persona_vectors/fairness_layer40.npy,/Users/manouchehrrimer/Desktop/BlueDot_Perona_Vector_Project/outputs/synthetic_projection/activations/synthetic_compassion_003_violated_layer40.npy
synthetic_compassion_003_violated,synthetic,compassion,compassion,40,774.1551513671875,mean_centered,/Users/manouchehrrimer/Desktop/BlueDot_Perona_Vector_Project/outputs/vector_construction/persona_vectors/compassion_layer40.npy,/Users/manouchehrrimer/Desktop/BlueDot_Perona_Vector_Project/outputs/synthetic_projection/activations/synthetic_compassion_003_violated_layer40.npy
synthetic_compassion_003_violated,synthetic,compassion,honesty,47,4839.77880859375,mean_centered,/Users/manouchehrrimer/Desktop/BlueDot_Perona_Vector_Project/outputs/vector_construction/persona_vectors/honesty_layer47.npy,/Users/manouchehrrimer/Desktop/BlueDot_Perona_Vector_Project/outputs/synthetic_projection/activations/synthetic_compassion_003_violated_layer47.npy
synthetic_compassion_003_violated,synthetic,compassion,harmlessness,47,5282.2041015625,mean_centered,/Users/manouchehrrimer/Desktop/BlueDot_Perona_Vector_Project/outputs/vector_construction/persona_vectors/harmlessness_layer47.npy,/Users/manouchehrrimer/Desktop/BlueDot_Perona_Vector_Project/outputs/synthetic_projection/activations/synthetic_compassion_003_violated_layer47.npy
synthetic_compassion_003_violated,synthetic,compassion,fairness,47,870.7630615234375,mean_centered,/Users/manouchehrrimer/Desktop/BlueDot_Perona_Vector_Project/outputs/vector_construction/persona_vectors/fairness_layer47.npy,/Users/manouchehrrimer/Desktop/BlueDot_Perona_Vector_Project/outputs/synthetic_projection/activations/synthetic_compassion_003_violated_layer47.npy
synthetic_compassion_003_violated,synthetic,compassion,compassion,47,2794.697509765625,mean_centered,/Users/manouchehrrimer/Desktop/BlueDot_Perona_Vector_Project/outputs/vector_construction/persona_vectors/compassion_layer47.npy,/Users/manouchehrrimer/Desktop/BlueDot_Perona_Vector_Project/outputs/synthetic_projection/activations/synthetic_compassion_003_violated_layer47.npy
synthetic_compassion_004_upheld,synthetic,compassion,honesty,32,-701.030517578125,mean_centered,/Users/manouchehrrimer/Desktop/BlueDot_Perona_Vector_Project/outputs/vector_construction/persona_vectors/honesty_layer32.npy,/Users/manouchehrrimer/Desktop/BlueDot_Perona_Vector_Project/outputs/synthetic_projection/activations/synthetic_compassion_004_upheld_layer32.npy
synthetic_compassion_004_upheld,synthetic,compassion,harmlessness,32,248.40399169921875,mean_centered,/Users/manouchehrrimer/Desktop/BlueDot_Perona_Vector_Project/outputs/vector_construction/persona_vectors/harmlessness_layer32.npy,/Users/manouchehrrimer/Desktop/BlueDot_Perona_Vector_Project/outputs/synthetic_projection/activations/synthetic_compassion_004_upheld_layer32.npy
synthetic_compassion_004_upheld,synthetic,compassion,fairness,32,116.77156066894531,mean_centered,/Users/manouchehrrimer/Desktop/BlueDot_Perona_Vector_Project/outputs/vector_construction/persona_vectors/fairness_layer32.npy,/Users/manouchehrrimer/Desktop/BlueDot_Perona_Vector_Project/outputs/synthetic_projection/activations/synthetic_compassion_004_upheld_layer32.npy
synthetic_compassion_004_upheld,synthetic,compassion,compassion,32,-2.2483749389648438,mean_centered,/Users/manouchehrrimer/Desktop/BlueDot_Perona_Vector_Project/outputs/vector_construction/persona_vectors/compassion_layer32.npy,/Users/manouchehrrimer/Desktop/BlueDot_Perona_Vector_Project/outputs/synthetic_projection/activations/synthetic_compassion_004_upheld_layer32.npy
synthetic_compassion_004_upheld,synthetic,compassion,honesty,40,392.81915283203125,mean_centered,/Users/manouchehrrimer/Desktop/BlueDot_Perona_Vector_Project/outputs/vector_construction/persona_vectors/honesty_layer40.npy,/Users/manouchehrrimer/Desktop/BlueDot_Perona_Vector_Project/outputs/synthetic_projection/activations/synthetic_compassion_004_upheld_layer40.npy
synthetic_compassion_004_upheld,synthetic,compassion,harmlessness,40,-106.53820037841797,mean_centered,/Users/manouchehrrimer/Desktop/BlueDot_Perona_Vector_Project/outputs/vector_construction/persona_vectors/harmlessness_layer40.npy,/Users/manouchehrrimer/Desktop/BlueDot_Perona_Vector_Project/outputs/synthetic_projection/activations/synthetic_compassion_004_upheld_layer40.npy
synthetic_compassion_004_upheld,synthetic,compassion,fairness,40,941.725341796875,mean_centered,/Users/manouchehrrimer/Desktop/BlueDot_Perona_Vector_Project/outputs/vector_construction/persona_vectors/fairness_layer40.npy,/Users/manouchehrrimer/Desktop/BlueDot_Perona_Vector_Project/outputs/synthetic_projection/activations/synthetic_compassion_004_upheld_layer40.npy
synthetic_compassion_004_upheld,synthetic,compassion,compassion,40,86.61923217773438,mean_centered,/Users/manouchehrrimer/Desktop/BlueDot_Perona_Vector_Project/outputs/vector_construction/persona_vectors/compassion_layer40.npy,/Users/manouchehrrimer/Desktop/BlueDot_Perona_Vector_Project/outputs/synthetic_projection/activations/synthetic_compassion_004_upheld_layer40.npy
synthetic_compassion_004_upheld,synthetic,compassion,honesty,47,-742.5162353515625,mean_centered,/Users/manouchehrrimer/Desktop/BlueDot_Perona_Vector_Project/outputs/vector_construction/persona_vectors/honesty_layer47.npy,/Users/manouchehrrimer/Desktop/BlueDot_Perona_Vector_Project/outputs/synthetic_projection/activations/synthetic_compassion_004_upheld_layer47.npy
synthetic_compassion_004_upheld,synthetic,compassion,harmlessness,47,-245.80226135253906,mean_centered,/Users/manouchehrrimer/Desktop/BlueDot_Perona_Vector_Project/outputs/vector_construction/persona_vectors/harmlessness_layer47.npy,/Users/manouchehrrimer/Desktop/BlueDot_Perona_Vector_Project/outputs/synthetic_projection/activations/synthetic_compassion_004_upheld_layer47.npy
synthetic_compassion_004_upheld,synthetic,compassion,fairness,47,523.197265625,mean_centered,/Users/manouchehrrimer/Desktop/BlueDot_Perona_Vector_Project/outputs/vector_construction/persona_vectors/fairness_layer47.npy,/Users/manouchehrrimer/Desktop/BlueDot_Perona_Vector_Project/outputs/synthetic_projection/activations/synthetic_compassion_004_upheld_layer47.npy
synthetic_compassion_004_upheld,synthetic,compassion,compassion,47,169.6859893798828,mean_centered,/Users/manouchehrrimer/Desktop/BlueDot_Perona_Vector_Project/outputs/vector_construction/persona_vectors/compassion_layer47.npy,/Users/manouchehrrimer/Desktop/BlueDot_Perona_Vector_Project/outputs/synthetic_projection/activations/synthetic_compassion_004_upheld_layer47.npy
synthetic_compassion_004_violated,synthetic,compassion,honesty,32,366.2160339355469,mean_centered,/Users/manouchehrrimer/Desktop/BlueDot_Perona_Vector_Project/outputs/vector_construction/persona_vectors/honesty_layer32.npy,/Users/manouchehrrimer/Desktop/BlueDot_Perona_Vector_Project/outputs/synthetic_projection/activations/synthetic_compassion_004_violated_layer32.npy
synthetic_compassion_004_violated,synthetic,compassion,harmlessness,32,-43.67666244506836,mean_centered,/Users/manouchehrrimer/Desktop/BlueDot_Perona_Vector_Project/outputs/vector_construction/persona_vectors/harmlessness_layer32.npy,/Users/manouchehrrimer/Desktop/BlueDot_Perona_Vector_Project/outputs/synthetic_projection/activations/synthetic_compassion_004_violated_layer32.npy
synthetic_compassion_004_violated,synthetic,compassion,fairness,32,118.13735961914062,mean_centered,/Users/manouchehrrimer/Desktop/BlueDot_Perona_Vector_Project/outputs/vector_construction/persona_vectors/fairness_layer32.npy,/Users/manouchehrrimer/Desktop/BlueDot_Perona_Vector_Project/outputs/synthetic_projection/activations/synthetic_compassion_004_violated_layer32.npy
synthetic_compassion_004_violated,synthetic,compassion,compassion,32,157.1476593017578,mean_centered,/Users/manouchehrrimer/Desktop/BlueDot_Perona_Vector_Project/outputs/vector_construction/persona_vectors/compassion_layer32.npy,/Users/manouchehrrimer/Desktop/BlueDot_Perona_Vector_Project/outputs/synthetic_projection/activations/synthetic_compassion_004_violated_layer32.npy
synthetic_compassion_004_violated,synthetic,compassion,honesty,40,527.2285766601562,mean_centered,/Users/manouchehrrimer/Desktop/BlueDot_Perona_Vector_Project/outputs/vector_construction/persona_vectors/honesty_layer40.npy,/Users/manouchehrrimer/Desktop/BlueDot_Perona_Vector_Project/outputs/synthetic_projection/activations/synthetic_compassion_004_violated_layer40.npy
synthetic_compassion_004_violated,synthetic,compassion,harmlessness,40,58.97380447387695,mean_centered,/Users/manouchehrrimer/Desktop/BlueDot_Perona_Vector_Project/outputs/vector_construction/persona_vectors/harmlessness_layer40.npy,/Users/manouchehrrimer/Desktop/BlueDot_Perona_Vector_Project/outputs/synthetic_projection/activations/synthetic_compassion_004_violated_layer40.npy
synthetic_compassion_004_violated,synthetic,compassion,fairness,40,404.6031494140625,mean_centered,/Users/manouchehrrimer/Desktop/BlueDot_Perona_Vector_Project/outputs/vector_construction/persona_vectors/fairness_layer40.npy,/Users/manouchehrrimer/Desktop/BlueDot_Perona_Vector_Project/outputs/synthetic_projection/activations/synthetic_compassion_004_violated_layer40.npy
synthetic_compassion_004_violated,synthetic,compassion,compassion,40,13.556819915771484,mean_centered,/Users/manouchehrrimer/Desktop/BlueDot_Perona_Vector_Project/outputs/vector_construction/persona_vectors/compassion_layer40.npy,/Users/manouchehrrimer/Desktop/BlueDot_Perona_Vector_Project/outputs/synthetic_projection/activations/synthetic_compassion_004_violated_layer40.npy
synthetic_compassion_004_violated,synthetic,compassion,honesty,47,2981.405517578125,mean_centered,/Users/manouchehrrimer/Desktop/BlueDot_Perona_Vector_Project/outputs/vector_construction/persona_vectors/honesty_layer47.npy,/Users/manouchehrrimer/Desktop/BlueDot_Perona_Vector_Project/outputs/synthetic_projection/activations/synthetic_compassion_004_violated_layer47.npy
synthetic_compassion_004_violated,synthetic,compassion,harmlessness,47,3038.563720703125,mean_centered,/Users/manouchehrrimer/Desktop/BlueDot_Perona_Vector_Project/outputs/vector_construction/persona_vectors/harmlessness_layer47.npy,/Users/manouchehrrimer/Desktop/BlueDot_Perona_Vector_Project/outputs/synthetic_projection/activations/synthetic_compassion_004_violated_layer47.npy
synthetic_compassion_004_violated,synthetic,compassion,fairness,47,1488.1827392578125,mean_centered,/Users/manouchehrrimer/Desktop/BlueDot_Perona_Vector_Project/outputs/vector_construction/persona_vectors/fairness_layer47.npy,/Users/manouchehrrimer/Desktop/BlueDot_Perona_Vector_Project/outputs/synthetic_projection/activations/synthetic_compassion_004_violated_layer47.npy
synthetic_compassion_004_violated,synthetic,compassion,compassion,47,1413.3416748046875,mean_centered,/Users/manouchehrrimer/Desktop/BlueDot_Perona_Vector_Project/outputs/vector_construction/persona_vectors/compassion_layer47.npy,/Users/manouchehrrimer/Desktop/BlueDot_Perona_Vector_Project/outputs/synthetic_projection/activations/synthetic_compassion_004_violated_layer47.npy
synthetic_compassion_005_upheld,synthetic,compassion,honesty,32,-814.763427734375,mean_centered,/Users/manouchehrrimer/Desktop/BlueDot_Perona_Vector_Project/outputs/vector_construction/persona_vectors/honesty_layer32.npy,/Users/manouchehrrimer/Desktop/BlueDot_Perona_Vector_Project/outputs/synthetic_projection/activations/synthetic_compassion_005_upheld_layer32.npy
synthetic_compassion_005_upheld,synthetic,compassion,harmlessness,32,260.16680908203125,mean_centered,/Users/manouchehrrimer/Desktop/BlueDot_Perona_Vector_Project/outputs/vector_construction/persona_vectors/harmlessness_layer32.npy,/Users/manouchehrrimer/Desktop/BlueDot_Perona_Vector_Project/outputs/synthetic_projection/activations/synthetic_compassion_005_upheld_layer32.npy
synthetic_compassion_005_upheld,synthetic,compassion,fairness,32,-133.7906494140625,mean_centered,/Users/manouchehrrimer/Desktop/BlueDot_Perona_Vector_Project/outputs/vector_construction/persona_vectors/fairness_layer32.npy,/Users/manouchehrrimer/Desktop/BlueDot_Perona_Vector_Project/outputs/synthetic_projection/activations/synthetic_compassion_005_upheld_layer32.npy
synthetic_compassion_005_upheld,synthetic,compassion,compassion,32,-164.7061767578125,mean_centered,/Users/manouchehrrimer/Desktop/BlueDot_Perona_Vector_Project/outputs/vector_construction/persona_vectors/compassion_layer32.npy,/Users/manouchehrrimer/Desktop/BlueDot_Perona_Vector_Project/outputs/synthetic_projection/activations/synthetic_compassion_005_upheld_layer32.npy
synthetic_compassion_005_upheld,synthetic,compassion,honesty,40,-4948.837890625,mean_centered,/Users/manouchehrrimer/Desktop/BlueDot_Perona_Vector_Project/outputs/vector_construction/persona_vectors/honesty_layer40.npy,/Users/manouchehrrimer/Desktop/BlueDot_Perona_Vector_Project/outputs/synthetic_projection/activations/synthetic_compassion_005_upheld_layer40.npy
synthetic_compassion_005_upheld,synthetic,compassion,harmlessness,40,-320.95465087890625,mean_centered,/Users/manouchehrrimer/Desktop/BlueDot_Perona_Vector_Project/outputs/vector_construction/persona_vectors/harmlessness_layer40.npy,/Users/manouchehrrimer/Desktop/BlueDot_Perona_Vector_Project/outputs/synthetic_projection/activations/synthetic_compassion_005_upheld_layer40.npy
synthetic_compassion_005_upheld,synthetic,compassion,fairness,40,-2607.32763671875,mean_centered,/Users/manouchehrrimer/Desktop/BlueDot_Perona_Vector_Project/outputs/vector_construction/persona_vectors/fairness_layer40.npy,/Users/manouchehrrimer/Desktop/BlueDot_Perona_Vector_Project/outputs/synthetic_projection/activations/synthetic_compassion_005_upheld_layer40.npy
synthetic_compassion_005_upheld,synthetic,compassion,compassion,40,-98.27001953125,mean_centered,/Users/manouchehrrimer/Desktop/BlueDot_Perona_Vector_Project/outputs/vector_construction/persona_vectors/compassion_layer40.npy,/Users/manouchehrrimer/Desktop/BlueDot_Perona_Vector_Project/outputs/synthetic_projection/activations/synthetic_compassion_005_upheld_layer40.npy
synthetic_compassion_005_upheld,synthetic,compassion,honesty,47,-3342.677001953125,mean_centered,/Users/manouchehrrimer/Desktop/BlueDot_Perona_Vector_Project/outputs/vector_construction/persona_vectors/honesty_layer47.npy,/Users/manouchehrrimer/Desktop/BlueDot_Perona_Vector_Project/outputs/synthetic_projection/activations/synthetic_compassion_005_upheld_layer47.npy
synthetic_compassion_005_upheld,synthetic,compassion,harmlessness,47,-2703.939453125,mean_centered,/Users/manouchehrrimer/Desktop/BlueDot_Perona_Vector_Project/outputs/vector_construction/persona_vectors/harmlessness_layer47.npy,/Users/manouchehrrimer/Desktop/BlueDot_Perona_Vector_Project/outputs/synthetic_projection/activations/synthetic_compassion_005_upheld_layer47.npy
synthetic_compassion_005_upheld,synthetic,compassion,fairness,47,79.90423583984375,mean_centered,/Users/manouchehrrimer/Desktop/BlueDot_Perona_Vector_Project/outputs/vector_construction/persona_vectors/fairness_layer47.npy,/Users/manouchehrrimer/Desktop/BlueDot_Perona_Vector_Project/outputs/synthetic_projection/activations/synthetic_compassion_005_upheld_layer47.npy
synthetic_compassion_005_upheld,synthetic,compassion,compassion,47,-881.260986328125,mean_centered,/Users/manouchehrrimer/Desktop/BlueDot_Perona_Vector_Project/outputs/vector_construction/persona_vectors/compassion_layer47.npy,/Users/manouchehrrimer/Desktop/BlueDot_Perona_Vector_Project/outputs/synthetic_projection/activations/synthetic_compassion_005_upheld_layer47.npy
synthetic_compassion_005_violated,synthetic,compassion,honesty,32,-1061.968017578125,mean_centered,/Users/manouchehrrimer/Desktop/BlueDot_Perona_Vector_Project/outputs/vector_construction/persona_vectors/honesty_layer32.npy,/Users/manouchehrrimer/Desktop/BlueDot_Perona_Vector_Project/outputs/synthetic_projection/activations/synthetic_compassion_005_violated_layer32.npy
synthetic_compassion_005_violated,synthetic,compassion,harmlessness,32,1868.5009765625,mean_centered,/Users/manouchehrrimer/Desktop/BlueDot_Perona_Vector_Project/outputs/vector_construction/persona_vectors/harmlessness_layer32.npy,/Users/manouchehrrimer/Desktop/BlueDot_Perona_Vector_Project/outputs/synthetic_projection/activations/synthetic_compassion_005_violated_layer32.npy
synthetic_compassion_005_violated,synthetic,compassion,fairness,32,-1731.332763671875,mean_centered,/Users/manouchehrrimer/Desktop/BlueDot_Perona_Vector_Project/outputs/vector_construction/persona_vectors/fairness_layer32.npy,/Users/manouchehrrimer/Desktop/BlueDot_Perona_Vector_Project/outputs/synthetic_projection/activations/synthetic_compassion_005_violated_layer32.npy
synthetic_compassion_005_violated,synthetic,compassion,compassion,32,-718.6900024414062,mean_centered,/Users/manouchehrrimer/Desktop/BlueDot_Perona_Vector_Project/outputs/vector_construction/persona_vectors/compassion_layer32.npy,/Users/manouchehrrimer/Desktop/BlueDot_Perona_Vector_Project/outputs/synthetic_projection/activations/synthetic_compassion_005_violated_layer32.npy
synthetic_compassion_005_violated,synthetic,compassion,honesty,40,-4744.91015625,mean_centered,/Users/manouchehrrimer/Desktop/BlueDot_Perona_Vector_Project/outputs/vector_construction/persona_vectors/honesty_layer40.npy,/Users/manouchehrrimer/Desktop/BlueDot_Perona_Vector_Project/outputs/synthetic_projection/activations/synthetic_compassion_005_violated_layer40.npy
synthetic_compassion_005_violated,synthetic,compassion,harmlessness,40,643.1566162109375,mean_centered,/Users/manouchehrrimer/Desktop/BlueDot_Perona_Vector_Project/outputs/vector_construction/persona_vectors/harmlessness_layer40.npy,/Users/manouchehrrimer/Desktop/BlueDot_Perona_Vector_Project/outputs/synthetic_projection/activations/synthetic_compassion_005_violated_layer40.npy
synthetic_compassion_005_violated,synthetic,compassion,fairness,40,-3994.73974609375,mean_centered,/Users/manouchehrrimer/Desktop/BlueDot_Perona_Vector_Project/outputs/vector_construction/persona_vectors/fairness_layer40.npy,/Users/manouchehrrimer/Desktop/BlueDot_Perona_Vector_Project/outputs/synthetic_projection/activations/synthetic_compassion_005_violated_layer40.npy
synthetic_compassion_005_violated,synthetic,compassion,compassion,40,548.4868774414062,mean_centered,/Users/manouchehrrimer/Desktop/BlueDot_Perona_Vector_Project/outputs/vector_construction/persona_vectors/compassion_layer40.npy,/Users/manouchehrrimer/Desktop/BlueDot_Perona_Vector_Project/outputs/synthetic_projection/activations/synthetic_compassion_005_violated_layer40.npy
synthetic_compassion_005_violated,synthetic,compassion,honesty,47,-1329.8104248046875,mean_centered,/Users/manouchehrrimer/Desktop/BlueDot_Perona_Vector_Project/outputs/vector_construction/persona_vectors/honesty_layer47.npy,/Users/manouchehrrimer/Desktop/BlueDot_Perona_Vector_Project/outputs/synthetic_projection/activations/synthetic_compassion_005_violated_layer47.npy
synthetic_compassion_005_violated,synthetic,compassion,harmlessness,47,-1159.244873046875,mean_centered,/Users/manouchehrrimer/Desktop/BlueDot_Perona_Vector_Project/outputs/vector_construction/persona_vectors/harmlessness_layer47.npy,/Users/manouchehrrimer/Desktop/BlueDot_Perona_Vector_Project/outputs/synthetic_projection/activations/synthetic_compassion_005_violated_layer47.npy
synthetic_compassion_005_violated,synthetic,compassion,fairness,47,-1292.0308837890625,mean_centered,/Users/manouchehrrimer/Desktop/BlueDot_Perona_Vector_Project/outputs/vector_construction/persona_vectors/fairness_layer47.npy,/Users/manouchehrrimer/Desktop/BlueDot_Perona_Vector_Project/outputs/synthetic_projection/activations/synthetic_compassion_005_violated_layer47.npy
synthetic_compassion_005_violated,synthetic,compassion,compassion,47,-350.1059875488281,mean_centered,/Users/manouchehrrimer/Desktop/BlueDot_Perona_Vector_Project/outputs/vector_construction/persona_vectors/compassion_layer47.npy,/Users/manouchehrrimer/Desktop/BlueDot_Perona_Vector_Project/outputs/synthetic_projection/activations/synthetic_compassion_005_violated_layer47.npy
synthetic_compassion_006_upheld,synthetic,compassion,honesty,32,588.5240478515625,mean_centered,/Users/manouchehrrimer/Desktop/BlueDot_Perona_Vector_Project/outputs/vector_construction/persona_vectors/honesty_layer32.npy,/Users/manouchehrrimer/Desktop/BlueDot_Perona_Vector_Project/outputs/synthetic_projection/activations/synthetic_compassion_006_upheld_layer32.npy
synthetic_compassion_006_upheld,synthetic,compassion,harmlessness,32,-1357.2916259765625,mean_centered,/Users/manouchehrrimer/Desktop/BlueDot_Perona_Vector_Project/outputs/vector_construction/persona_vectors/harmlessness_layer32.npy,/Users/manouchehrrimer/Desktop/BlueDot_Perona_Vector_Project/outputs/synthetic_projection/activations/synthetic_compassion_006_upheld_layer32.npy
synthetic_compassion_006_upheld,synthetic,compassion,fairness,32,901.2894897460938,mean_centered,/Users/manouchehrrimer/Desktop/BlueDot_Perona_Vector_Project/outputs/vector_construction/persona_vectors/fairness_layer32.npy,/Users/manouchehrrimer/Desktop/BlueDot_Perona_Vector_Project/outputs/synthetic_projection/activations/synthetic_compassion_006_upheld_layer32.npy
synthetic_compassion_006_upheld,synthetic,compassion,compassion,32,656.18505859375,mean_centered,/Users/manouchehrrimer/Desktop/BlueDot_Perona_Vector_Project/outputs/vector_construction/persona_vectors/compassion_layer32.npy,/Users/manouchehrrimer/Desktop/BlueDot_Perona_Vector_Project/outputs/synthetic_projection/activations/synthetic_compassion_006_upheld_layer32.npy
synthetic_compassion_006_upheld,synthetic,compassion,honesty,40,-1935.16357421875,mean_centered,/Users/manouchehrrimer/Desktop/BlueDot_Perona_Vector_Project/outputs/vector_construction/persona_vectors/honesty_layer40.npy,/Users/manouchehrrimer/Desktop/BlueDot_Perona_Vector_Project/outputs/synthetic_projection/activations/synthetic_compassion_006_upheld_layer40.npy
synthetic_compassion_006_upheld,synthetic,compassion,harmlessness,40,-957.9847412109375,mean_centered,/Users/manouchehrrimer/Desktop/BlueDot_Perona_Vector_Project/outputs/vector_construction/persona_vectors/harmlessness_layer40.npy,/Users/manouchehrrimer/Desktop/BlueDot_Perona_Vector_Project/outputs/synthetic_projection/activations/synthetic_compassion_006_upheld_layer40.npy
synthetic_compassion_006_upheld,synthetic,compassion,fairness,40,-1099.9859619140625,mean_centered,/Users/manouchehrrimer/Desktop/BlueDot_Perona_Vector_Project/outputs/vector_construction/persona_vectors/fairness_layer40.npy,/Users/manouchehrrimer/Desktop/BlueDot_Perona_Vector_Project/outputs/synthetic_projection/activations/synthetic_compassion_006_upheld_layer40.npy
synthetic_compassion_006_upheld,synthetic,compassion,compassion,40,-259.59063720703125,mean_centered,/Users/manouchehrrimer/Desktop/BlueDot_Perona_Vector_Project/outputs/vector_construction/persona_vectors/compassion_layer40.npy,/Users/manouchehrrimer/Desktop/BlueDot_Perona_Vector_Project/outputs/synthetic_projection/activations/synthetic_compassion_006_upheld_layer40.npy
synthetic_compassion_006_upheld,synthetic,compassion,honesty,47,-2586.4775390625,mean_centered,/Users/manouchehrrimer/Desktop/BlueDot_Perona_Vector_Project/outputs/vector_construction/persona_vectors/honesty_layer47.npy,/Users/manouchehrrimer/Desktop/BlueDot_Perona_Vector_Project/outputs/synthetic_projection/activations/synthetic_compassion_006_upheld_layer47.npy
synthetic_compassion_006_upheld,synthetic,compassion,harmlessness,47,-2740.46630859375,mean_centered,/Users/manouchehrrimer/Desktop/BlueDot_Perona_Vector_Project/outputs/vector_construction/persona_vectors/harmlessness_layer47.npy,/Users/manouchehrrimer/Desktop/BlueDot_Perona_Vector_Project/outputs/synthetic_projection/activations/synthetic_compassion_006_upheld_layer47.npy
synthetic_compassion_006_upheld,synthetic,compassion,fairness,47,-542.6799926757812,mean_centered,/Users/manouchehrrimer/Desktop/BlueDot_Perona_Vector_Project/outputs/vector_construction/persona_vectors/fairness_layer47.npy,/Users/manouchehrrimer/Desktop/BlueDot_Perona_Vector_Project/outputs/synthetic_projection/activations/synthetic_compassion_006_upheld_layer47.npy
synthetic_compassion_006_upheld,synthetic,compassion,compassion,47,-845.576904296875,mean_centered,/Users/manouchehrrimer/Desktop/BlueDot_Perona_Vector_Project/outputs/vector_construction/persona_vectors/compassion_layer47.npy,/Users/manouchehrrimer/Desktop/BlueDot_Perona_Vector_Project/outputs/synthetic_projection/activations/synthetic_compassion_006_upheld_layer47.npy
synthetic_compassion_006_violated,synthetic,compassion,honesty,32,-1308.260986328125,mean_centered,/Users/manouchehrrimer/Desktop/BlueDot_Perona_Vector_Project/outputs/vector_construction/persona_vectors/honesty_layer32.npy,/Users/manouchehrrimer/Desktop/BlueDot_Perona_Vector_Project/outputs/synthetic_projection/activations/synthetic_compassion_006_violated_layer32.npy
synthetic_compassion_006_violated,synthetic,compassion,harmlessness,32,2061.058349609375,mean_centered,/Users/manouchehrrimer/Desktop/BlueDot_Perona_Vector_Project/outputs/vector_construction/persona_vectors/harmlessness_layer32.npy,/Users/manouchehrrimer/Desktop/BlueDot_Perona_Vector_Project/outputs/synthetic_projection/activations/synthetic_compassion_006_violated_layer32.npy
synthetic_compassion_006_violated,synthetic,compassion,fairness,32,-1568.678466796875,mean_centered,/Users/manouchehrrimer/Desktop/BlueDot_Perona_Vector_Project/outputs/vector_construction/persona_vectors/fairness_layer32.npy,/Users/manouchehrrimer/Desktop/BlueDot_Perona_Vector_Project/outputs/synthetic_projection/activations/synthetic_compassion_006_violated_layer32.npy
synthetic_compassion_006_violated,synthetic,compassion,compassion,32,-1197.20751953125,mean_centered,/Users/manouchehrrimer/Desktop/BlueDot_Perona_Vector_Project/outputs/vector_construction/persona_vectors/compassion_layer32.npy,/Users/manouchehrrimer/Desktop/BlueDot_Perona_Vector_Project/outputs/synthetic_projection/activations/synthetic_compassion_006_violated_layer32.npy
synthetic_compassion_006_violated,synthetic,compassion,honesty,40,-6372.76611328125,mean_centered,/Users/manouchehrrimer/Desktop/BlueDot_Perona_Vector_Project/outputs/vector_construction/persona_vectors/honesty_layer40.npy,/Users/manouchehrrimer/Desktop/BlueDot_Perona_Vector_Project/outputs/synthetic_projection/activations/synthetic_compassion_006_violated_layer40.npy
synthetic_compassion_006_violated,synthetic,compassion,harmlessness,40,403.5040588378906,mean_centered,/Users/manouchehrrimer/Desktop/BlueDot_Perona_Vector_Project/outputs/vector_construction/persona_vectors/harmlessness_layer40.npy,/Users/manouchehrrimer/Desktop/BlueDot_Perona_Vector_Project/outputs/synthetic_projection/activations/synthetic_compassion_006_violated_layer40.npy
synthetic_compassion_006_violated,synthetic,compassion,fairness,40,-4395.23486328125,mean_centered,/Users/manouchehrrimer/Desktop/BlueDot_Perona_Vector_Project/outputs/vector_construction/persona_vectors/fairness_layer40.npy,/Users/manouchehrrimer/Desktop/BlueDot_Perona_Vector_Project/outputs/synthetic_projection/activations/synthetic_compassion_006_violated_layer40.npy
synthetic_compassion_006_violated,synthetic,compassion,compassion,40,-144.3057861328125,mean_centered,/Users/manouchehrrimer/Desktop/BlueDot_Perona_Vector_Project/outputs/vector_construction/persona_vectors/compassion_layer40.npy,/Users/manouchehrrimer/Desktop/BlueDot_Perona_Vector_Project/outputs/synthetic_projection/activations/synthetic_compassion_006_violated_layer40.npy
synthetic_compassion_006_violated,synthetic,compassion,honesty,47,-2830.331298828125,mean_centered,/Users/manouchehrrimer/Desktop/BlueDot_Perona_Vector_Project/outputs/vector_construction/persona_vectors/honesty_layer47.npy,/Users/manouchehrrimer/Desktop/BlueDot_Perona_Vector_Project/outputs/synthetic_projection/activations/synthetic_compassion_006_violated_layer47.npy
synthetic_compassion_006_violated,synthetic,compassion,harmlessness,47,-3446.901611328125,mean_centered,/Users/manouchehrrimer/Desktop/BlueDot_Perona_Vector_Project/outputs/vector_construction/persona_vectors/harmlessness_layer47.npy,/Users/manouchehrrimer/Desktop/BlueDot_Perona_Vector_Project/outputs/synthetic_projection/activations/synthetic_compassion_006_violated_layer47.npy
synthetic_compassion_006_violated,synthetic,compassion,fairness,47,-1161.2373046875,mean_centered,/Users/manouchehrrimer/Desktop/BlueDot_Perona_Vector_Project/outputs/vector_construction/persona_vectors/fairness_layer47.npy,/Users/manouchehrrimer/Desktop/BlueDot_Perona_Vector_Project/outputs/synthetic_projection/activations/synthetic_compassion_006_violated_layer47.npy
synthetic_compassion_006_violated,synthetic,compassion,compassion,47,-2129.4833984375,mean_centered,/Users/manouchehrrimer/Desktop/BlueDot_Perona_Vector_Project/outputs/vector_construction/persona_vectors/compassion_layer47.npy,/Users/manouchehrrimer/Desktop/BlueDot_Perona_Vector_Project/outputs/synthetic_projection/activations/synthetic_compassion_006_violated_layer47.npy
synthetic_compassion_007_upheld,synthetic,compassion,honesty,32,2686.781494140625,mean_centered,/Users/manouchehrrimer/Desktop/BlueDot_Perona_Vector_Project/outputs/vector_construction/persona_vectors/honesty_layer32.npy,/Users/manouchehrrimer/Desktop/BlueDot_Perona_Vector_Project/outputs/synthetic_projection/activations/synthetic_compassion_007_upheld_layer32.npy
synthetic_compassion_007_upheld,synthetic,compassion,harmlessness,32,-3878.490478515625,mean_centered,/Users/manouchehrrimer/Desktop/BlueDot_Perona_Vector_Project/outputs/vector_construction/persona_vectors/harmlessness_layer32.npy,/Users/manouchehrrimer/Desktop/BlueDot_Perona_Vector_Project/outputs/synthetic_projection/activations/synthetic_compassion_007_upheld_layer32.npy
synthetic_compassion_007_upheld,synthetic,compassion,fairness,32,3206.215087890625,mean_centered,/Users/manouchehrrimer/Desktop/BlueDot_Perona_Vector_Project/outputs/vector_construction/persona_vectors/fairness_layer32.npy,/Users/manouchehrrimer/Desktop/BlueDot_Perona_Vector_Project/outputs/synthetic_projection/activations/synthetic_compassion_007_upheld_layer32.npy
synthetic_compassion_007_upheld,synthetic,compassion,compassion,32,2806.758056640625,mean_centered,/Users/manouchehrrimer/Desktop/BlueDot_Perona_Vector_Project/outputs/vector_construction/persona_vectors/compassion_layer32.npy,/Users/manouchehrrimer/Desktop/BlueDot_Perona_Vector_Project/outputs/synthetic_projection/activations/synthetic_compassion_007_upheld_layer32.npy
synthetic_compassion_007_upheld,synthetic,compassion,honesty,40,5066.33837890625,mean_centered,/Users/manouchehrrimer/Desktop/BlueDot_Perona_Vector_Project/outputs/vector_construction/persona_vectors/honesty_layer40.npy,/Users/manouchehrrimer/Desktop/BlueDot_Perona_Vector_Project/outputs/synthetic_projection/activations/synthetic_compassion_007_upheld_layer40.npy
synthetic_compassion_007_upheld,synthetic,compassion,harmlessness,40,-446.17645263671875,mean_centered,/Users/manouchehrrimer/Desktop/BlueDot_Perona_Vector_Project/outputs/vector_construction/persona_vectors/harmlessness_layer40.npy,/Users/manouchehrrimer/Desktop/BlueDot_Perona_Vector_Project/outputs/synthetic_projection/activations/synthetic_compassion_007_upheld_layer40.npy
synthetic_compassion_007_upheld,synthetic,compassion,fairness,40,3469.84423828125,mean_centered,/Users/manouchehrrimer/Desktop/BlueDot_Perona_Vector_Project/outputs/vector_construction/persona_vectors/fairness_layer40.npy,/Users/manouchehrrimer/Desktop/BlueDot_Perona_Vector_Project/outputs/synthetic_projection/activations/synthetic_compassion_007_upheld_layer40.npy
synthetic_compassion_007_upheld,synthetic,compassion,compassion,40,786.6153564453125,mean_centered,/Users/manouchehrrimer/Desktop/BlueDot_Perona_Vector_Project/outputs/vector_construction/persona_vectors/compassion_layer40.npy,/Users/manouchehrrimer/Desktop/BlueDot_Perona_Vector_Project/outputs/synthetic_projection/activations/synthetic_compassion_007_upheld_layer40.npy
synthetic_compassion_007_upheld,synthetic,compassion,honesty,47,107.5806655883789,mean_centered,/Users/manouchehrrimer/Desktop/BlueDot_Perona_Vector_Project/outputs/vector_construction/persona_vectors/honesty_layer47.npy,/Users/manouchehrrimer/Desktop/BlueDot_Perona_Vector_Project/outputs/synthetic_projection/activations/synthetic_compassion_007_upheld_layer47.npy
synthetic_compassion_007_upheld,synthetic,compassion,harmlessness,47,185.7877197265625,mean_centered,/Users/manouchehrrimer/Desktop/BlueDot_Perona_Vector_Project/outputs/vector_construction/persona_vectors/harmlessness_layer47.npy,/Users/manouchehrrimer/Desktop/BlueDot_Perona_Vector_Project/outputs/synthetic_projection/activations/synthetic_compassion_007_upheld_layer47.npy
synthetic_compassion_007_upheld,synthetic,compassion,fairness,47,-53.83299255371094,mean_centered,/Users/manouchehrrimer/Desktop/BlueDot_Perona_Vector_Project/outputs/vector_construction/persona_vectors/fairness_layer47.npy,/Users/manouchehrrimer/Desktop/BlueDot_Perona_Vector_Project/outputs/synthetic_projection/activations/synthetic_compassion_007_upheld_layer47.npy
synthetic_compassion_007_upheld,synthetic,compassion,compassion,47,1182.7060546875,mean_centered,/Users/manouchehrrimer/Desktop/BlueDot_Perona_Vector_Project/outputs/vector_construction/persona_vectors/compassion_layer47.npy,/Users/manouchehrrimer/Desktop/BlueDot_Perona_Vector_Project/outputs/synthetic_projection/activations/synthetic_compassion_007_upheld_layer47.npy
synthetic_compassion_007_violated,synthetic,compassion,honesty,32,147.74237060546875,mean_centered,/Users/manouchehrrimer/Desktop/BlueDot_Perona_Vector_Project/outputs/vector_construction/persona_vectors/honesty_layer32.npy,/Users/manouchehrrimer/Desktop/BlueDot_Perona_Vector_Project/outputs/synthetic_projection/activations/synthetic_compassion_007_violated_layer32.npy
synthetic_compassion_007_violated,synthetic,compassion,harmlessness,32,94.26422882080078,mean_centered,/Users/manouchehrrimer/Desktop/BlueDot_Perona_Vector_Project/outputs/vector_construction/persona_vectors/harmlessness_layer32.npy,/Users/manouchehrrimer/Desktop/BlueDot_Perona_Vector_Project/outputs/synthetic_projection/activations/synthetic_compassion_007_violated_layer32.npy
synthetic_compassion_007_violated,synthetic,compassion,fairness,32,-110.40855407714844,mean_centered,/Users/manouchehrrimer/Desktop/BlueDot_Perona_Vector_Project/outputs/vector_construction/persona_vectors/fairness_layer32.npy,/Users/manouchehrrimer/Desktop/BlueDot_Perona_Vector_Project/outputs/synthetic_projection/activations/synthetic_compassion_007_violated_layer32.npy
synthetic_compassion_007_violated,synthetic,compassion,compassion,32,39.36639404296875,mean_centered,/Users/manouchehrrimer/Desktop/BlueDot_Perona_Vector_Project/outputs/vector_construction/persona_vectors/compassion_layer32.npy,/Users/manouchehrrimer/Desktop/BlueDot_Perona_Vector_Project/outputs/synthetic_projection/activations/synthetic_compassion_007_violated_layer32.npy
synthetic_compassion_007_violated,synthetic,compassion,honesty,40,1330.7601318359375,mean_centered,/Users/manouchehrrimer/Desktop/BlueDot_Perona_Vector_Project/outputs/vector_construction/persona_vectors/honesty_layer40.npy,/Users/manouchehrrimer/Desktop/BlueDot_Perona_Vector_Project/outputs/synthetic_projection/activations/synthetic_compassion_007_violated_layer40.npy
synthetic_compassion_007_violated,synthetic,compassion,harmlessness,40,241.7529296875,mean_centered,/Users/manouchehrrimer/Desktop/BlueDot_Perona_Vector_Project/outputs/vector_construction/persona_vectors/harmlessness_layer40.npy,/Users/manouchehrrimer/Desktop/BlueDot_Perona_Vector_Project/outputs/synthetic_projection/activations/synthetic_compassion_007_violated_layer40.npy
synthetic_compassion_007_violated,synthetic,compassion,fairness,40,677.5047607421875,mean_centered,/Users/manouchehrrimer/Desktop/BlueDot_Perona_Vector_Project/outputs/vector_construction/persona_vectors/fairness_layer40.npy,/Users/manouchehrrimer/Desktop/BlueDot_Perona_Vector_Project/outputs/synthetic_projection/activations/synthetic_compassion_007_violated_layer40.npy
synthetic_compassion_007_violated,synthetic,compassion,compassion,40,353.0302734375,mean_centered,/Users/manouchehrrimer/Desktop/BlueDot_Perona_Vector_Project/outputs/vector_construction/persona_vectors/compassion_layer40.npy,/Users/manouchehrrimer/Desktop/BlueDot_Perona_Vector_Project/outputs/synthetic_projection/activations/synthetic_compassion_007_violated_layer40.npy
synthetic_compassion_007_violated,synthetic,compassion,honesty,47,3299.066650390625,mean_centered,/Users/manouchehrrimer/Desktop/BlueDot_Perona_Vector_Project/outputs/vector_construction/persona_vectors/honesty_layer47.npy,/Users/manouchehrrimer/Desktop/BlueDot_Perona_Vector_Project/outputs/synthetic_projection/activations/synthetic_compassion_007_violated_layer47.npy
synthetic_compassion_007_violated,synthetic,compassion,harmlessness,47,4126.142578125,mean_centered,/Users/manouchehrrimer/Desktop/BlueDot_Perona_Vector_Project/outputs/vector_construction/persona_vectors/harmlessness_layer47.npy,/Users/manouchehrrimer/Desktop/BlueDot_Perona_Vector_Project/outputs/synthetic_projection/activations/synthetic_compassion_007_violated_layer47.npy
synthetic_compassion_007_violated,synthetic,compassion,fairness,47,768.3331298828125,mean_centered,/Users/manouchehrrimer/Desktop/BlueDot_Perona_Vector_Project/outputs/vector_construction/persona_vectors/fairness_layer47.npy,/Users/manouchehrrimer/Desktop/BlueDot_Perona_Vector_Project/outputs/synthetic_projection/activations/synthetic_compassion_007_violated_layer47.npy
synthetic_compassion_007_violated,synthetic,compassion,compassion,47,2076.876708984375,mean_centered,/Users/manouchehrrimer/Desktop/BlueDot_Perona_Vector_Project/outputs/vector_construction/persona_vectors/compassion_layer47.npy,/Users/manouchehrrimer/Desktop/BlueDot_Perona_Vector_Project/outputs/synthetic_projection/activations/synthetic_compassion_007_violated_layer47.npy
synthetic_compassion_008_upheld,synthetic,compassion,honesty,32,-746.550048828125,mean_centered,/Users/manouchehrrimer/Desktop/BlueDot_Perona_Vector_Project/outputs/vector_construction/persona_vectors/honesty_layer32.npy,/Users/manouchehrrimer/Desktop/BlueDot_Perona_Vector_Project/outputs/synthetic_projection/activations/synthetic_compassion_008_upheld_layer32.npy
synthetic_compassion_008_upheld,synthetic,compassion,harmlessness,32,165.75772094726562,mean_centered,/Users/manouchehrrimer/Desktop/BlueDot_Perona_Vector_Project/outputs/vector_construction/persona_vectors/harmlessness_layer32.npy,/Users/manouchehrrimer/Desktop/BlueDot_Perona_Vector_Project/outputs/synthetic_projection/activations/synthetic_compassion_008_upheld_layer32.npy
synthetic_compassion_008_upheld,synthetic,compassion,fairness,32,78.7363510131836,mean_centered,/Users/manouchehrrimer/Desktop/BlueDot_Perona_Vector_Project/outputs/vector_construction/persona_vectors/fairness_layer32.npy,/Users/manouchehrrimer/Desktop/BlueDot_Perona_Vector_Project/outputs/synthetic_projection/activations/synthetic_compassion_008_upheld_layer32.npy
synthetic_compassion_008_upheld,synthetic,compassion,compassion,32,-32.56371307373047,mean_centered,/Users/manouchehrrimer/Desktop/BlueDot_Perona_Vector_Project/outputs/vector_construction/persona_vectors/compassion_layer32.npy,/Users/manouchehrrimer/Desktop/BlueDot_Perona_Vector_Project/outputs/synthetic_projection/activations/synthetic_compassion_008_upheld_layer32.npy
synthetic_compassion_008_upheld,synthetic,compassion,honesty,40,26.65960693359375,mean_centered,/Users/manouchehrrimer/Desktop/BlueDot_Perona_Vector_Project/outputs/vector_construction/persona_vectors/honesty_layer40.npy,/Users/manouchehrrimer/Desktop/BlueDot_Perona_Vector_Project/outputs/synthetic_projection/activations/synthetic_compassion_008_upheld_layer40.npy
synthetic_compassion_008_upheld,synthetic,compassion,harmlessness,40,-118.38893127441406,mean_centered,/Users/manouchehrrimer/Desktop/BlueDot_Perona_Vector_Project/outputs/vector_construction/persona_vectors/harmlessness_layer40.npy,/Users/manouchehrrimer/Desktop/BlueDot_Perona_Vector_Project/outputs/synthetic_projection/activations/synthetic_compassion_008_upheld_layer40.npy
synthetic_compassion_008_upheld,synthetic,compassion,fairness,40,640.2216186523438,mean_centered,/Users/manouchehrrimer/Desktop/BlueDot_Perona_Vector_Project/outputs/vector_construction/persona_vectors/fairness_layer40.npy,/Users/manouchehrrimer/Desktop/BlueDot_Perona_Vector_Project/outputs/synthetic_projection/activations/synthetic_compassion_008_upheld_layer40.npy
synthetic_compassion_008_upheld,synthetic,compassion,compassion,40,-20.472862243652344,mean_centered,/Users/manouchehrrimer/Desktop/BlueDot_Perona_Vector_Project/outputs/vector_construction/persona_vectors/compassion_layer40.npy,/Users/manouchehrrimer/Desktop/BlueDot_Perona_Vector_Project/outputs/synthetic_projection/activations/synthetic_compassion_008_upheld_layer40.npy
synthetic_compassion_008_upheld,synthetic,compassion,honesty,47,-1004.02392578125,mean_centered,/Users/manouchehrrimer/Desktop/BlueDot_Perona_Vector_Project/outputs/vector_construction/persona_vectors/honesty_layer47.npy,/Users/manouchehrrimer/Desktop/BlueDot_Perona_Vector_Project/outputs/synthetic_projection/activations/synthetic_compassion_008_upheld_layer47.npy
synthetic_compassion_008_upheld,synthetic,compassion,harmlessness,47,-75.68614196777344,mean_centered,/Users/manouchehrrimer/Desktop/BlueDot_Perona_Vector_Project/outputs/vector_construction/persona_vectors/harmlessness_layer47.npy,/Users/manouchehrrimer/Desktop/BlueDot_Perona_Vector_Project/outputs/synthetic_projection/activations/synthetic_compassion_008_upheld_layer47.npy
synthetic_compassion_008_upheld,synthetic,compassion,fairness,47,455.56317138671875,mean_centered,/Users/manouchehrrimer/Desktop/BlueDot_Perona_Vector_Project/outputs/vector_construction/persona_vectors/fairness_layer47.npy,/Users/manouchehrrimer/Desktop/BlueDot_Perona_Vector_Project/outputs/synthetic_projection/activations/synthetic_compassion_008_upheld_layer47.npy
synthetic_compassion_008_upheld,synthetic,compassion,compassion,47,-171.96868896484375,mean_centered,/Users/manouchehrrimer/Desktop/BlueDot_Perona_Vector_Project/outputs/vector_construction/persona_vectors/compassion_layer47.npy,/Users/manouchehrrimer/Desktop/BlueDot_Perona_Vector_Project/outputs/synthetic_projection/activations/synthetic_compassion_008_upheld_layer47.npy
synthetic_compassion_008_violated,synthetic,compassion,honesty,32,-144.67227172851562,mean_centered,/Users/manouchehrrimer/Desktop/BlueDot_Perona_Vector_Project/outputs/vector_construction/persona_vectors/honesty_layer32.npy,/Users/manouchehrrimer/Desktop/BlueDot_Perona_Vector_Project/outputs/synthetic_projection/activations/synthetic_compassion_008_violated_layer32.npy
synthetic_compassion_008_violated,synthetic,compassion,harmlessness,32,496.71209716796875,mean_centered,/Users/manouchehrrimer/Desktop/BlueDot_Perona_Vector_Project/outputs/vector_construction/persona_vectors/harmlessness_layer32.npy,/Users/manouchehrrimer/Desktop/BlueDot_Perona_Vector_Project/outputs/synthetic_projection/activations/synthetic_compassion_008_violated_layer32.npy
synthetic_compassion_008_violated,synthetic,compassion,fairness,32,-432.8856201171875,mean_centered,/Users/manouchehrrimer/Desktop/BlueDot_Perona_Vector_Project/outputs/vector_construction/persona_vectors/fairness_layer32.npy,/Users/manouchehrrimer/Desktop/BlueDot_Perona_Vector_Project/outputs/synthetic_projection/activations/synthetic_compassion_008_violated_layer32.npy
synthetic_compassion_008_violated,synthetic,compassion,compassion,32,-250.89346313476562,mean_centered,/Users/manouchehrrimer/Desktop/BlueDot_Perona_Vector_Project/outputs/vector_construction/persona_vectors/compassion_layer32.npy,/Users/manouchehrrimer/Desktop/BlueDot_Perona_Vector_Project/outputs/synthetic_projection/activations/synthetic_compassion_008_violated_layer32.npy
synthetic_compassion_008_violated,synthetic,compassion,honesty,40,191.6809539794922,mean_centered,/Users/manouchehrrimer/Desktop/BlueDot_Perona_Vector_Project/outputs/vector_construction/persona_vectors/honesty_layer40.npy,/Users/manouchehrrimer/Desktop/BlueDot_Perona_Vector_Project/outputs/synthetic_projection/activations/synthetic_compassion_008_violated_layer40.npy
synthetic_compassion_008_violated,synthetic,compassion,harmlessness,40,300.94366455078125,mean_centered,/Users/manouchehrrimer/Desktop/BlueDot_Perona_Vector_Project/outputs/vector_construction/persona_vectors/harmlessness_layer40.npy,/Users/manouchehrrimer/Desktop/BlueDot_Perona_Vector_Project/outputs/synthetic_projection/activations/synthetic_compassion_008_violated_layer40.npy
synthetic_compassion_008_violated,synthetic,compassion,fairness,40,-65.99860382080078,mean_centered,/Users/manouchehrrimer/Desktop/BlueDot_Perona_Vector_Project/outputs/vector_construction/persona_vectors/fairness_layer40.npy,/Users/manouchehrrimer/Desktop/BlueDot_Perona_Vector_Project/outputs/synthetic_projection/activations/synthetic_compassion_008_violated_layer40.npy
synthetic_compassion_008_violated,synthetic,compassion,compassion,40,164.90853881835938,mean_centered,/Users/manouchehrrimer/Desktop/BlueDot_Perona_Vector_Project/outputs/vector_construction/persona_vectors/compassion_layer40.npy,/Users/manouchehrrimer/Desktop/BlueDot_Perona_Vector_Project/outputs/synthetic_projection/activations/synthetic_compassion_008_violated_layer40.npy
synthetic_compassion_008_violated,synthetic,compassion,honesty,47,1017.9166259765625,mean_centered,/Users/manouchehrrimer/Desktop/BlueDot_Perona_Vector_Project/outputs/vector_construction/persona_vectors/honesty_layer47.npy,/Users/manouchehrrimer/Desktop/BlueDot_Perona_Vector_Project/outputs/synthetic_projection/activations/synthetic_compassion_008_violated_layer47.npy
synthetic_compassion_008_violated,synthetic,compassion,harmlessness,47,753.6264038085938,mean_centered,/Users/manouchehrrimer/Desktop/BlueDot_Perona_Vector_Project/outputs/vector_construction/persona_vectors/harmlessness_layer47.npy,/Users/manouchehrrimer/Desktop/BlueDot_Perona_Vector_Project/outputs/synthetic_projection/activations/synthetic_compassion_008_violated_layer47.npy
synthetic_compassion_008_violated,synthetic,compassion,fairness,47,340.4294128417969,mean_centered,/Users/manouchehrrimer/Desktop/BlueDot_Perona_Vector_Project/outputs/vector_construction/persona_vectors/fairness_layer47.npy,/Users/manouchehrrimer/Desktop/BlueDot_Perona_Vector_Project/outputs/synthetic_projection/activations/synthetic_compassion_008_violated_layer47.npy
synthetic_compassion_008_violated,synthetic,compassion,compassion,47,209.61785888671875,mean_centered,/Users/manouchehrrimer/Desktop/BlueDot_Perona_Vector_Project/outputs/vector_construction/persona_vectors/compassion_layer47.npy,/Users/manouchehrrimer/Desktop/BlueDot_Perona_Vector_Project/outputs/synthetic_projection/activations/synthetic_compassion_008_violated_layer47.npy
synthetic_compassion_009_upheld,synthetic,compassion,honesty,32,-1048.814697265625,mean_centered,/Users/manouchehrrimer/Desktop/BlueDot_Perona_Vector_Project/outputs/vector_construction/persona_vectors/honesty_layer32.npy,/Users/manouchehrrimer/Desktop/BlueDot_Perona_Vector_Project/outputs/synthetic_projection/activations/synthetic_compassion_009_upheld_layer32.npy
synthetic_compassion_009_upheld,synthetic,compassion,harmlessness,32,682.0108032226562,mean_centered,/Users/manouchehrrimer/Desktop/BlueDot_Perona_Vector_Project/outputs/vector_construction/persona_vectors/harmlessness_layer32.npy,/Users/manouchehrrimer/Desktop/BlueDot_Perona_Vector_Project/outputs/synthetic_projection/activations/synthetic_compassion_009_upheld_layer32.npy
synthetic_compassion_009_upheld,synthetic,compassion,fairness,32,-587.33056640625,mean_centered,/Users/manouchehrrimer/Desktop/BlueDot_Perona_Vector_Project/outputs/vector_construction/persona_vectors/fairness_layer32.npy,/Users/manouchehrrimer/Desktop/BlueDot_Perona_Vector_Project/outputs/synthetic_projection/activations/synthetic_compassion_009_upheld_layer32.npy
synthetic_compassion_009_upheld,synthetic,compassion,compassion,32,-311.84197998046875,mean_centered,/Users/manouchehrrimer/Desktop/BlueDot_Perona_Vector_Project/outputs/vector_construction/persona_vectors/compassion_layer32.npy,/Users/manouchehrrimer/Desktop/BlueDot_Perona_Vector_Project/outputs/synthetic_projection/activations/synthetic_compassion_009_upheld_layer32.npy
synthetic_compassion_009_upheld,synthetic,compassion,honesty,40,-1125.94677734375,mean_centered,/Users/manouchehrrimer/Desktop/BlueDot_Perona_Vector_Project/outputs/vector_construction/persona_vectors/honesty_layer40.npy,/Users/manouchehrrimer/Desktop/BlueDot_Perona_Vector_Project/outputs/synthetic_projection/activations/synthetic_compassion_009_upheld_layer40.npy
synthetic_compassion_009_upheld,synthetic,compassion,harmlessness,40,14.206527709960938,mean_centered,/Users/manouchehrrimer/Desktop/BlueDot_Perona_Vector_Project/outputs/vector_construction/persona_vectors/harmlessness_layer40.npy,/Users/manouchehrrimer/Desktop/BlueDot_Perona_Vector_Project/outputs/synthetic_projection/activations/synthetic_compassion_009_upheld_layer40.npy
synthetic_compassion_009_upheld,synthetic,compassion,fairness,40,-458.9957580566406,mean_centered,/Users/manouchehrrimer/Desktop/BlueDot_Perona_Vector_Project/outputs/vector_construction/persona_vectors/fairness_layer40.npy,/Users/manouchehrrimer/Desktop/BlueDot_Perona_Vector_Project/outputs/synthetic_projection/activations/synthetic_compassion_009_upheld_layer40.npy
synthetic_compassion_009_upheld,synthetic,compassion,compassion,40,287.61834716796875,mean_centered,/Users/manouchehrrimer/Desktop/BlueDot_Perona_Vector_Project/outputs/vector_construction/persona_vectors/compassion_layer40.npy,/Users/manouchehrrimer/Desktop/BlueDot_Perona_Vector_Project/outputs/synthetic_projection/activations/synthetic_compassion_009_upheld_layer40.npy
synthetic_compassion_009_upheld,synthetic,compassion,honesty,47,-502.04815673828125,mean_centered,/Users/manouchehrrimer/Desktop/BlueDot_Perona_Vector_Project/outputs/vector_construction/persona_vectors/honesty_layer47.npy,/Users/manouchehrrimer/Desktop/BlueDot_Perona_Vector_Project/outputs/synthetic_projection/activations/synthetic_compassion_009_upheld_layer47.npy
synthetic_compassion_009_upheld,synthetic,compassion,harmlessness,47,548.0731201171875,mean_centered,/Users/manouchehrrimer/Desktop/BlueDot_Perona_Vector_Project/outputs/vector_construction/persona_vectors/harmlessness_layer47.npy,/Users/manouchehrrimer/Desktop/BlueDot_Perona_Vector_Project/outputs/synthetic_projection/activations/synthetic_compassion_009_upheld_layer47.npy
synthetic_compassion_009_upheld,synthetic,compassion,fairness,47,315.4659118652344,mean_centered,/Users/manouchehrrimer/Desktop/BlueDot_Perona_Vector_Project/outputs/vector_construction/persona_vectors/fairness_layer47.npy,/Users/manouchehrrimer/Desktop/BlueDot_Perona_Vector_Project/outputs/synthetic_projection/activations/synthetic_compassion_009_upheld_layer47.npy
synthetic_compassion_009_upheld,synthetic,compassion,compassion,47,659.7823486328125,mean_centered,/Users/manouchehrrimer/Desktop/BlueDot_Perona_Vector_Project/outputs/vector_construction/persona_vectors/compassion_layer47.npy,/Users/manouchehrrimer/Desktop/BlueDot_Perona_Vector_Project/outputs/synthetic_projection/activations/synthetic_compassion_009_upheld_layer47.npy
synthetic_compassion_009_violated,synthetic,compassion,honesty,32,-1078.73193359375,mean_centered,/Users/manouchehrrimer/Desktop/BlueDot_Perona_Vector_Project/outputs/vector_construction/persona_vectors/honesty_layer32.npy,/Users/manouchehrrimer/Desktop/BlueDot_Perona_Vector_Project/outputs/synthetic_projection/activations/synthetic_compassion_009_violated_layer32.npy
synthetic_compassion_009_violated,synthetic,compassion,harmlessness,32,1780.393798828125,mean_centered,/Users/manouchehrrimer/Desktop/BlueDot_Perona_Vector_Project/outputs/vector_construction/persona_vectors/harmlessness_layer32.npy,/Users/manouchehrrimer/Desktop/BlueDot_Perona_Vector_Project/outputs/synthetic_projection/activations/synthetic_compassion_009_violated_layer32.npy
synthetic_compassion_009_violated,synthetic,compassion,fairness,32,-1369.77978515625,mean_centered,/Users/manouchehrrimer/Desktop/BlueDot_Perona_Vector_Project/outputs/vector_construction/persona_vectors/fairness_layer32.npy,/Users/manouchehrrimer/Desktop/BlueDot_Perona_Vector_Project/outputs/synthetic_projection/activations/synthetic_compassion_009_violated_layer32.npy
synthetic_compassion_009_violated,synthetic,compassion,compassion,32,-929.636962890625,mean_centered,/Users/manouchehrrimer/Desktop/BlueDot_Perona_Vector_Project/outputs/vector_construction/persona_vectors/compassion_layer32.npy,/Users/manouchehrrimer/Desktop/BlueDot_Perona_Vector_Project/outputs/synthetic_projection/activations/synthetic_compassion_009_violated_layer32.npy
synthetic_compassion_009_violated,synthetic,compassion,honesty,40,122.36743927001953,mean_centered,/Users/manouchehrrimer/Desktop/BlueDot_Perona_Vector_Project/outputs/vector_construction/persona_vectors/honesty_layer40.npy,/Users/manouchehrrimer/Desktop/BlueDot_Perona_Vector_Project/outputs/synthetic_projection/activations/synthetic_compassion_009_violated_layer40.npy
synthetic_compassion_009_violated,synthetic,compassion,harmlessness,40,596.8881225585938,mean_centered,/Users/manouchehrrimer/Desktop/BlueDot_Perona_Vector_Project/outputs/vector_construction/persona_vectors/harmlessness_layer40.npy,/Users/manouchehrrimer/Desktop/BlueDot_Perona_Vector_Project/outputs/synthetic_projection/activations/synthetic_compassion_009_violated_layer40.npy
synthetic_compassion_009_violated,synthetic,compassion,fairness,40,-280.33843994140625,mean_centered,/Users/manouchehrrimer/Desktop/BlueDot_Perona_Vector_Project/outputs/vector_construction/persona_vectors/fairness_layer40.npy,/Users/manouchehrrimer/Desktop/BlueDot_Perona_Vector_Project/outputs/synthetic_projection/activations/synthetic_compassion_009_violated_layer40.npy
synthetic_compassion_009_violated,synthetic,compassion,compassion,40,585.3388671875,mean_centered,/Users/manouchehrrimer/Desktop/BlueDot_Perona_Vector_Project/outputs/vector_construction/persona_vectors/compassion_layer40.npy,/Users/manouchehrrimer/Desktop/BlueDot_Perona_Vector_Project/outputs/synthetic_projection/activations/synthetic_compassion_009_violated_layer40.npy
synthetic_compassion_009_violated,synthetic,compassion,honesty,47,661.41015625,mean_centered,/Users/manouchehrrimer/Desktop/BlueDot_Perona_Vector_Project/outputs/vector_construction/persona_vectors/honesty_layer47.npy,/Users/manouchehrrimer/Desktop/BlueDot_Perona_Vector_Project/outputs/synthetic_projection/activations/synthetic_compassion_009_violated_layer47.npy
synthetic_compassion_009_violated,synthetic,compassion,harmlessness,47,473.7848815917969,mean_centered,/Users/manouchehrrimer/Desktop/BlueDot_Perona_Vector_Project/outputs/vector_construction/persona_vectors/harmlessness_layer47.npy,/Users/manouchehrrimer/Desktop/BlueDot_Perona_Vector_Project/outputs/synthetic_projection/activations/synthetic_compassion_009_violated_layer47.npy
synthetic_compassion_009_violated,synthetic,compassion,fairness,47,-185.5986328125,mean_centered,/Users/manouchehrrimer/Desktop/BlueDot_Perona_Vector_Project/outputs/vector_construction/persona_vectors/fairness_layer47.npy,/Users/manouchehrrimer/Desktop/BlueDot_Perona_Vector_Project/outputs/synthetic_projection/activations/synthetic_compassion_009_violated_layer47.npy
synthetic_compassion_009_violated,synthetic,compassion,compassion,47,291.55694580078125,mean_centered,/Users/manouchehrrimer/Desktop/BlueDot_Perona_Vector_Project/outputs/vector_construction/persona_vectors/compassion_layer47.npy,/Users/manouchehrrimer/Desktop/BlueDot_Perona_Vector_Project/outputs/synthetic_projection/activations/synthetic_compassion_009_violated_layer47.npy
synthetic_compassion_010_upheld,synthetic,compassion,honesty,32,-381.0588073730469,mean_centered,/Users/manouchehrrimer/Desktop/BlueDot_Perona_Vector_Project/outputs/vector_construction/persona_vectors/honesty_layer32.npy,/Users/manouchehrrimer/Desktop/BlueDot_Perona_Vector_Project/outputs/synthetic_projection/activations/synthetic_compassion_010_upheld_layer32.npy
synthetic_compassion_010_upheld,synthetic,compassion,harmlessness,32,-186.22572326660156,mean_centered,/Users/manouchehrrimer/Desktop/BlueDot_Perona_Vector_Project/outputs/vector_construction/persona_vectors/harmlessness_layer32.npy,/Users/manouchehrrimer/Desktop/BlueDot_Perona_Vector_Project/outputs/synthetic_projection/activations/synthetic_compassion_010_upheld_layer32.npy
synthetic_compassion_010_upheld,synthetic,compassion,fairness,32,224.05934143066406,mean_centered,/Users/manouchehrrimer/Desktop/BlueDot_Perona_Vector_Project/outputs/vector_construction/persona_vectors/fairness_layer32.npy,/Users/manouchehrrimer/Desktop/BlueDot_Perona_Vector_Project/outputs/synthetic_projection/activations/synthetic_compassion_010_upheld_layer32.npy
synthetic_compassion_010_upheld,synthetic,compassion,compassion,32,43.27878952026367,mean_centered,/Users/manouchehrrimer/Desktop/BlueDot_Perona_Vector_Project/outputs/vector_construction/persona_vectors/compassion_layer32.npy,/Users/manouchehrrimer/Desktop/BlueDot_Perona_Vector_Project/outputs/synthetic_projection/activations/synthetic_compassion_010_upheld_layer32.npy
synthetic_compassion_010_upheld,synthetic,compassion,honesty,40,-2043.31005859375,mean_centered,/Users/manouchehrrimer/Desktop/BlueDot_Perona_Vector_Project/outputs/vector_construction/persona_vectors/honesty_layer40.npy,/Users/manouchehrrimer/Desktop/BlueDot_Perona_Vector_Project/outputs/synthetic_projection/activations/synthetic_compassion_010_upheld_layer40.npy
synthetic_compassion_010_upheld,synthetic,compassion,harmlessness,40,-247.98306274414062,mean_centered,/Users/manouchehrrimer/Desktop/BlueDot_Perona_Vector_Project/outputs/vector_construction/persona_vectors/harmlessness_layer40.npy,/Users/manouchehrrimer/Desktop/BlueDot_Perona_Vector_Project/outputs/synthetic_projection/activations/synthetic_compassion_010_upheld_layer40.npy
synthetic_compassion_010_upheld,synthetic,compassion,fairness,40,-696.2894897460938,mean_centered,/Users/manouchehrrimer/Desktop/BlueDot_Perona_Vector_Project/outputs/vector_construction/persona_vectors/fairness_layer40.npy,/Users/manouchehrrimer/Desktop/BlueDot_Perona_Vector_Project/outputs/synthetic_projection/activations/synthetic_compassion_010_upheld_layer40.npy
synthetic_compassion_010_upheld,synthetic,compassion,compassion,40,-164.37469482421875,mean_centered,/Users/manouchehrrimer/Desktop/BlueDot_Perona_Vector_Project/outputs/vector_construction/persona_vectors/compassion_layer40.npy,/Users/manouchehrrimer/Desktop/BlueDot_Perona_Vector_Project/outputs/synthetic_projection/activations/synthetic_compassion_010_upheld_layer40.npy
synthetic_compassion_010_upheld,synthetic,compassion,honesty,47,-4525.49267578125,mean_centered,/Users/manouchehrrimer/Desktop/BlueDot_Perona_Vector_Project/outputs/vector_construction/persona_vectors/honesty_layer47.npy,/Users/manouchehrrimer/Desktop/BlueDot_Perona_Vector_Project/outputs/synthetic_projection/activations/synthetic_compassion_010_upheld_layer47.npy
synthetic_compassion_010_upheld,synthetic,compassion,harmlessness,47,-4766.58203125,mean_centered,/Users/manouchehrrimer/Desktop/BlueDot_Perona_Vector_Project/outputs/vector_construction/persona_vectors/harmlessness_layer47.npy,/Users/manouchehrrimer/Desktop/BlueDot_Perona_Vector_Project/outputs/synthetic_projection/activations/synthetic_compassion_010_upheld_layer47.npy
synthetic_compassion_010_upheld,synthetic,compassion,fairness,47,-735.5322265625,mean_centered,/Users/manouchehrrimer/Desktop/BlueDot_Perona_Vector_Project/outputs/vector_construction/persona_vectors/fairness_layer47.npy,/Users/manouchehrrimer/Desktop/BlueDot_Perona_Vector_Project/outputs/synthetic_projection/activations/synthetic_compassion_010_upheld_layer47.npy
synthetic_compassion_010_upheld,synthetic,compassion,compassion,47,-2416.654296875,mean_centered,/Users/manouchehrrimer/Desktop/BlueDot_Perona_Vector_Project/outputs/vector_construction/persona_vectors/compassion_layer47.npy,/Users/manouchehrrimer/Desktop/BlueDot_Perona_Vector_Project/outputs/synthetic_projection/activations/synthetic_compassion_010_upheld_layer47.npy
synthetic_compassion_010_violated,synthetic,compassion,honesty,32,-142.39431762695312,mean_centered,/Users/manouchehrrimer/Desktop/BlueDot_Perona_Vector_Project/outputs/vector_construction/persona_vectors/honesty_layer32.npy,/Users/manouchehrrimer/Desktop/BlueDot_Perona_Vector_Project/outputs/synthetic_projection/activations/synthetic_compassion_010_violated_layer32.npy
synthetic_compassion_010_violated,synthetic,compassion,harmlessness,32,743.2113647460938,mean_centered,/Users/manouchehrrimer/Desktop/BlueDot_Perona_Vector_Project/outputs/vector_construction/persona_vectors/harmlessness_layer32.npy,/Users/manouchehrrimer/Desktop/BlueDot_Perona_Vector_Project/outputs/synthetic_projection/activations/synthetic_compassion_010_violated_layer32.npy
synthetic_compassion_010_violated,synthetic,compassion,fairness,32,-663.3231201171875,mean_centered,/Users/manouchehrrimer/Desktop/BlueDot_Perona_Vector_Project/outputs/vector_construction/persona_vectors/fairness_layer32.npy,/Users/manouchehrrimer/Desktop/BlueDot_Perona_Vector_Project/outputs/synthetic_projection/activations/synthetic_compassion_010_violated_layer32.npy
synthetic_compassion_010_violated,synthetic,compassion,compassion,32,-370.3161315917969,mean_centered,/Users/manouchehrrimer/Desktop/BlueDot_Perona_Vector_Project/outputs/vector_construction/persona_vectors/compassion_layer32.npy,/Users/manouchehrrimer/Desktop/BlueDot_Perona_Vector_Project/outputs/synthetic_projection/activations/synthetic_compassion_010_violated_layer32.npy
synthetic_compassion_010_violated,synthetic,compassion,honesty,40,1035.17041015625,mean_centered,/Users/manouchehrrimer/Desktop/BlueDot_Perona_Vector_Project/outputs/vector_construction/persona_vectors/honesty_layer40.npy,/Users/manouchehrrimer/Desktop/BlueDot_Perona_Vector_Project/outputs/synthetic_projection/activations/synthetic_compassion_010_violated_layer40.npy
synthetic_compassion_010_violated,synthetic,compassion,harmlessness,40,253.14097595214844,mean_centered,/Users/manouchehrrimer/Desktop/BlueDot_Perona_Vector_Project/outputs/vector_construction/persona_vectors/harmlessness_layer40.npy,/Users/manouchehrrimer/Desktop/BlueDot_Perona_Vector_Project/outputs/synthetic_projection/activations/synthetic_compassion_010_violated_layer40.npy
synthetic_compassion_010_violated,synthetic,compassion,fairness,40,507.1721496582031,mean_centered,/Users/manouchehrrimer/Desktop/BlueDot_Perona_Vector_Project/outputs/vector_construction/persona_vectors/fairness_layer40.npy,/Users/manouchehrrimer/Desktop/BlueDot_Perona_Vector_Project/outputs/synthetic_projection/activations/synthetic_compassion_010_violated_layer40.npy
synthetic_compassion_010_violated,synthetic,compassion,compassion,40,56.19220733642578,mean_centered,/Users/manouchehrrimer/Desktop/BlueDot_Perona_Vector_Project/outputs/vector_construction/persona_vectors/compassion_layer40.npy,/Users/manouchehrrimer/Desktop/BlueDot_Perona_Vector_Project/outputs/synthetic_projection/activations/synthetic_compassion_010_violated_layer40.npy
synthetic_compassion_010_violated,synthetic,compassion,honesty,47,1684.103515625,mean_centered,/Users/manouchehrrimer/Desktop/BlueDot_Perona_Vector_Project/outputs/vector_construction/persona_vectors/honesty_layer47.npy,/Users/manouchehrrimer/Desktop/BlueDot_Perona_Vector_Project/outputs/synthetic_projection/activations/synthetic_compassion_010_violated_layer47.npy
synthetic_compassion_010_violated,synthetic,compassion,harmlessness,47,1015.3718872070312,mean_centered,/Users/manouchehrrimer/Desktop/BlueDot_Perona_Vector_Project/outputs/vector_construction/persona_vectors/harmlessness_layer47.npy,/Users/manouchehrrimer/Desktop/BlueDot_Perona_Vector_Project/outputs/synthetic_projection/activations/synthetic_compassion_010_violated_layer47.npy
synthetic_compassion_010_violated,synthetic,compassion,fairness,47,560.755615234375,mean_centered,/Users/manouchehrrimer/Desktop/BlueDot_Perona_Vector_Project/outputs/vector_construction/persona_vectors/fairness_layer47.npy,/Users/manouchehrrimer/Desktop/BlueDot_Perona_Vector_Project/outputs/synthetic_projection/activations/synthetic_compassion_010_violated_layer47.npy
synthetic_compassion_010_violated,synthetic,compassion,compassion,47,182.74411010742188,mean_centered,/Users/manouchehrrimer/Desktop/BlueDot_Perona_Vector_Project/outputs/vector_construction/persona_vectors/compassion_layer47.npy,/Users/manouchehrrimer/Desktop/BlueDot_Perona_Vector_Project/outputs/synthetic_projection/activations/synthetic_compassion_010_violated_layer47.npy
synthetic_compassion_011_upheld,synthetic,compassion,honesty,32,-1088.190673828125,mean_centered,/Users/manouchehrrimer/Desktop/BlueDot_Perona_Vector_Project/outputs/vector_construction/persona_vectors/honesty_layer32.npy,/Users/manouchehrrimer/Desktop/BlueDot_Perona_Vector_Project/outputs/synthetic_projection/activations/synthetic_compassion_011_upheld_layer32.npy
synthetic_compassion_011_upheld,synthetic,compassion,harmlessness,32,687.0465087890625,mean_centered,/Users/manouchehrrimer/Desktop/BlueDot_Perona_Vector_Project/outputs/vector_construction/persona_vectors/harmlessness_layer32.npy,/Users/manouchehrrimer/Desktop/BlueDot_Perona_Vector_Project/outputs/synthetic_projection/activations/synthetic_compassion_011_upheld_layer32.npy
synthetic_compassion_011_upheld,synthetic,compassion,fairness,32,-366.3011474609375,mean_centered,/Users/manouchehrrimer/Desktop/BlueDot_Perona_Vector_Project/outputs/vector_construction/persona_vectors/fairness_layer32.npy,/Users/manouchehrrimer/Desktop/BlueDot_Perona_Vector_Project/outputs/synthetic_projection/activations/synthetic_compassion_011_upheld_layer32.npy
synthetic_compassion_011_upheld,synthetic,compassion,compassion,32,-595.5057373046875,mean_centered,/Users/manouchehrrimer/Desktop/BlueDot_Perona_Vector_Project/outputs/vector_construction/persona_vectors/compassion_layer32.npy,/Users/manouchehrrimer/Desktop/BlueDot_Perona_Vector_Project/outputs/synthetic_projection/activations/synthetic_compassion_011_upheld_layer32.npy
synthetic_compassion_011_upheld,synthetic,compassion,honesty,40,-1539.1959228515625,mean_centered,/Users/manouchehrrimer/Desktop/BlueDot_Perona_Vector_Project/outputs/vector_construction/persona_vectors/honesty_layer40.npy,/Users/manouchehrrimer/Desktop/BlueDot_Perona_Vector_Project/outputs/synthetic_projection/activations/synthetic_compassion_011_upheld_layer40.npy
synthetic_compassion_011_upheld,synthetic,compassion,harmlessness,40,-331.7641296386719,mean_centered,/Users/manouchehrrimer/Desktop/BlueDot_Perona_Vector_Project/outputs/vector_construction/persona_vectors/harmlessness_layer40.npy,/Users/manouchehrrimer/Desktop/BlueDot_Perona_Vector_Project/outputs/synthetic_projection/activations/synthetic_compassion_011_upheld_layer40.npy
synthetic_compassion_011_upheld,synthetic,compassion,fairness,40,-359.956298828125,mean_centered,/Users/manouchehrrimer/Desktop/BlueDot_Perona_Vector_Project/outputs/vector_construction/persona_vectors/fairness_layer40.npy,/Users/manouchehrrimer/Desktop/BlueDot_Perona_Vector_Project/outputs/synthetic_projection/activations/synthetic_compassion_011_upheld_layer40.npy
synthetic_compassion_011_upheld,synthetic,compassion,compassion,40,-139.68182373046875,mean_centered,/Users/manouchehrrimer/Desktop/BlueDot_Perona_Vector_Project/outputs/vector_construction/persona_vectors/compassion_layer40.npy,/Users/manouchehrrimer/Desktop/BlueDot_Perona_Vector_Project/outputs/synthetic_projection/activations/synthetic_compassion_011_upheld_layer40.npy
synthetic_compassion_011_upheld,synthetic,compassion,honesty,47,-1191.493408203125,mean_centered,/Users/manouchehrrimer/Desktop/BlueDot_Perona_Vector_Project/outputs/vector_construction/persona_vectors/honesty_layer47.npy,/Users/manouchehrrimer/Desktop/BlueDot_Perona_Vector_Project/outputs/synthetic_projection/activations/synthetic_compassion_011_upheld_layer47.npy
synthetic_compassion_011_upheld,synthetic,compassion,harmlessness,47,-773.6912841796875,mean_centered,/Users/manouchehrrimer/Desktop/BlueDot_Perona_Vector_Project/outputs/vector_construction/persona_vectors/harmlessness_layer47.npy,/Users/manouchehrrimer/Desktop/BlueDot_Perona_Vector_Project/outputs/synthetic_projection/activations/synthetic_compassion_011_upheld_layer47.npy
synthetic_compassion_011_upheld,synthetic,compassion,fairness,47,488.8006896972656,mean_centered,/Users/manouchehrrimer/Desktop/BlueDot_Perona_Vector_Project/outputs/vector_construction/persona_vectors/fairness_layer47.npy,/Users/manouchehrrimer/Desktop/BlueDot_Perona_Vector_Project/outputs/synthetic_projection/activations/synthetic_compassion_011_upheld_layer47.npy
synthetic_compassion_011_upheld,synthetic,compassion,compassion,47,-366.857177734375,mean_centered,/Users/manouchehrrimer/Desktop/BlueDot_Perona_Vector_Project/outputs/vector_construction/persona_vectors/compassion_layer47.npy,/Users/manouchehrrimer/Desktop/BlueDot_Perona_Vector_Project/outputs/synthetic_projection/activations/synthetic_compassion_011_upheld_layer47.npy
synthetic_compassion_011_violated,synthetic,compassion,honesty,32,553.1937255859375,mean_centered,/Users/manouchehrrimer/Desktop/BlueDot_Perona_Vector_Project/outputs/vector_construction/persona_vectors/honesty_layer32.npy,/Users/manouchehrrimer/Desktop/BlueDot_Perona_Vector_Project/outputs/synthetic_projection/activations/synthetic_compassion_011_violated_layer32.npy
synthetic_compassion_011_violated,synthetic,compassion,harmlessness,32,-427.36505126953125,mean_centered,/Users/manouchehrrimer/Desktop/BlueDot_Perona_Vector_Project/outputs/vector_construction/persona_vectors/harmlessness_layer32.npy,/Users/manouchehrrimer/Desktop/BlueDot_Perona_Vector_Project/outputs/synthetic_projection/activations/synthetic_compassion_011_violated_layer32.npy
synthetic_compassion_011_violated,synthetic,compassion,fairness,32,250.3170166015625,mean_centered,/Users/manouchehrrimer/Desktop/BlueDot_Perona_Vector_Project/outputs/vector_construction/persona_vectors/fairness_layer32.npy,/Users/manouchehrrimer/Desktop/BlueDot_Perona_Vector_Project/outputs/synthetic_projection/activations/synthetic_compassion_011_violated_layer32.npy
synthetic_compassion_011_violated,synthetic,compassion,compassion,32,499.6241760253906,mean_centered,/Users/manouchehrrimer/Desktop/BlueDot_Perona_Vector_Project/outputs/vector_construction/persona_vectors/compassion_layer32.npy,/Users/manouchehrrimer/Desktop/BlueDot_Perona_Vector_Project/outputs/synthetic_projection/activations/synthetic_compassion_011_violated_layer32.npy
synthetic_compassion_011_violated,synthetic,compassion,honesty,40,452.9246520996094,mean_centered,/Users/manouchehrrimer/Desktop/BlueDot_Perona_Vector_Project/outputs/vector_construction/persona_vectors/honesty_layer40.npy,/Users/manouchehrrimer/Desktop/BlueDot_Perona_Vector_Project/outputs/synthetic_projection/activations/synthetic_compassion_011_violated_layer40.npy
synthetic_compassion_011_violated,synthetic,compassion,harmlessness,40,55.9021110534668,mean_centered,/Users/manouchehrrimer/Desktop/BlueDot_Perona_Vector_Project/outputs/vector_construction/persona_vectors/harmlessness_layer40.npy,/Users/manouchehrrimer/Desktop/BlueDot_Perona_Vector_Project/outputs/synthetic_projection/activations/synthetic_compassion_011_violated_layer40.npy
synthetic_compassion_011_violated,synthetic,compassion,fairness,40,71.45552062988281,mean_centered,/Users/manouchehrrimer/Desktop/BlueDot_Perona_Vector_Project/outputs/vector_construction/persona_vectors/fairness_layer40.npy,/Users/manouchehrrimer/Desktop/BlueDot_Perona_Vector_Project/outputs/synthetic_projection/activations/synthetic_compassion_011_violated_layer40.npy
synthetic_compassion_011_violated,synthetic,compassion,compassion,40,381.0128173828125,mean_centered,/Users/manouchehrrimer/Desktop/BlueDot_Perona_Vector_Project/outputs/vector_construction/persona_vectors/compassion_layer40.npy,/Users/manouchehrrimer/Desktop/BlueDot_Perona_Vector_Project/outputs/synthetic_projection/activations/synthetic_compassion_011_violated_layer40.npy
synthetic_compassion_011_violated,synthetic,compassion,honesty,47,2912.210205078125,mean_centered,/Users/manouchehrrimer/Desktop/BlueDot_Perona_Vector_Project/outputs/vector_construction/persona_vectors/honesty_layer47.npy,/Users/manouchehrrimer/Desktop/BlueDot_Perona_Vector_Project/outputs/synthetic_projection/activations/synthetic_compassion_011_violated_layer47.npy
synthetic_compassion_011_violated,synthetic,compassion,harmlessness,47,3057.140625,mean_centered,/Users/manouchehrrimer/Desktop/BlueDot_Perona_Vector_Project/outputs/vector_construction/persona_vectors/harmlessness_layer47.npy,/Users/manouchehrrimer/Desktop/BlueDot_Perona_Vector_Project/outputs/synthetic_projection/activations/synthetic_compassion_011_violated_layer47.npy
synthetic_compassion_011_violated,synthetic,compassion,fairness,47,871.0804443359375,mean_centered,/Users/manouchehrrimer/Desktop/BlueDot_Perona_Vector_Project/outputs/vector_construction/persona_vectors/fairness_layer47.npy,/Users/manouchehrrimer/Desktop/BlueDot_Perona_Vector_Project/outputs/synthetic_projection/activations/synthetic_compassion_011_violated_layer47.npy
synthetic_compassion_011_violated,synthetic,compassion,compassion,47,1683.064697265625,mean_centered,/Users/manouchehrrimer/Desktop/BlueDot_Perona_Vector_Project/outputs/vector_construction/persona_vectors/compassion_layer47.npy,/Users/manouchehrrimer/Desktop/BlueDot_Perona_Vector_Project/outputs/synthetic_projection/activations/synthetic_compassion_011_violated_layer47.npy
synthetic_compassion_012_upheld,synthetic,compassion,honesty,32,-87.82391357421875,mean_centered,/Users/manouchehrrimer/Desktop/BlueDot_Perona_Vector_Project/outputs/vector_construction/persona_vectors/honesty_layer32.npy,/Users/manouchehrrimer/Desktop/BlueDot_Perona_Vector_Project/outputs/synthetic_projection/activations/synthetic_compassion_012_upheld_layer32.npy
synthetic_compassion_012_upheld,synthetic,compassion,harmlessness,32,-368.39617919921875,mean_centered,/Users/manouchehrrimer/Desktop/BlueDot_Perona_Vector_Project/outputs/vector_construction/persona_vectors/harmlessness_layer32.npy,/Users/manouchehrrimer/Desktop/BlueDot_Perona_Vector_Project/outputs/synthetic_projection/activations/synthetic_compassion_012_upheld_layer32.npy
synthetic_compassion_012_upheld,synthetic,compassion,fairness,32,616.80615234375,mean_centered,/Users/manouchehrrimer/Desktop/BlueDot_Perona_Vector_Project/outputs/vector_construction/persona_vectors/fairness_layer32.npy,/Users/manouchehrrimer/Desktop/BlueDot_Perona_Vector_Project/outputs/synthetic_projection/activations/synthetic_compassion_012_upheld_layer32.npy
synthetic_compassion_012_upheld,synthetic,compassion,compassion,32,279.94427490234375,mean_centered,/Users/manouchehrrimer/Desktop/BlueDot_Perona_Vector_Project/outputs/vector_construction/persona_vectors/compassion_layer32.npy,/Users/manouchehrrimer/Desktop/BlueDot_Perona_Vector_Project/outputs/synthetic_projection/activations/synthetic_compassion_012_upheld_layer32.npy
synthetic_compassion_012_upheld,synthetic,compassion,honesty,40,1583.502197265625,mean_centered,/Users/manouchehrrimer/Desktop/BlueDot_Perona_Vector_Project/outputs/vector_construction/persona_vectors/honesty_layer40.npy,/Users/manouchehrrimer/Desktop/BlueDot_Perona_Vector_Project/outputs/synthetic_projection/activations/synthetic_compassion_012_upheld_layer40.npy
synthetic_compassion_012_upheld,synthetic,compassion,harmlessness,40,175.94418334960938,mean_centered,/Users/manouchehrrimer/Desktop/BlueDot_Perona_Vector_Project/outputs/vector_construction/persona_vectors/harmlessness_layer40.npy,/Users/manouchehrrimer/Desktop/BlueDot_Perona_Vector_Project/outputs/synthetic_projection/activations/synthetic_compassion_012_upheld_layer40.npy
synthetic_compassion_012_upheld,synthetic,compassion,fairness,40,1655.193115234375,mean_centered,/Users/manouchehrrimer/Desktop/BlueDot_Perona_Vector_Project/outputs/vector_construction/persona_vectors/fairness_layer40.npy,/Users/manouchehrrimer/Desktop/BlueDot_Perona_Vector_Project/outputs/synthetic_projection/activations/synthetic_compassion_012_upheld_layer40.npy
synthetic_compassion_012_upheld,synthetic,compassion,compassion,40,-128.85263061523438,mean_centered,/Users/manouchehrrimer/Desktop/BlueDot_Perona_Vector_Project/outputs/vector_construction/persona_vectors/compassion_layer40.npy,/Users/manouchehrrimer/Desktop/BlueDot_Perona_Vector_Project/outputs/synthetic_projection/activations/synthetic_compassion_012_upheld_layer40.npy
synthetic_compassion_012_upheld,synthetic,compassion,honesty,47,-1584.87548828125,mean_centered,/Users/manouchehrrimer/Desktop/BlueDot_Perona_Vector_Project/outputs/vector_construction/persona_vectors/honesty_layer47.npy,/Users/manouchehrrimer/Desktop/BlueDot_Perona_Vector_Project/outputs/synthetic_projection/activations/synthetic_compassion_012_upheld_layer47.npy
synthetic_compassion_012_upheld,synthetic,compassion,harmlessness,47,-990.2255249023438,mean_centered,/Users/manouchehrrimer/Desktop/BlueDot_Perona_Vector_Project/outputs/vector_construction/persona_vectors/harmlessness_layer47.npy,/Users/manouchehrrimer/Desktop/BlueDot_Perona_Vector_Project/outputs/synthetic_projection/activations/synthetic_compassion_012_upheld_layer47.npy
synthetic_compassion_012_upheld,synthetic,compassion,fairness,47,-10.75811767578125,mean_centered,/Users/manouchehrrimer/Desktop/BlueDot_Perona_Vector_Project/outputs/vector_construction/persona_vectors/fairness_layer47.npy,/Users/manouchehrrimer/Desktop/BlueDot_Perona_Vector_Project/outputs/synthetic_projection/activations/synthetic_compassion_012_upheld_layer47.npy
synthetic_compassion_012_upheld,synthetic,compassion,compassion,47,-767.1209716796875,mean_centered,/Users/manouchehrrimer/Desktop/BlueDot_Perona_Vector_Project/outputs/vector_construction/persona_vectors/compassion_layer47.npy,/Users/manouchehrrimer/Desktop/BlueDot_Perona_Vector_Project/outputs/synthetic_projection/activations/synthetic_compassion_012_upheld_layer47.npy
synthetic_compassion_012_violated,synthetic,compassion,honesty,32,47.22321319580078,mean_centered,/Users/manouchehrrimer/Desktop/BlueDot_Perona_Vector_Project/outputs/vector_construction/persona_vectors/honesty_layer32.npy,/Users/manouchehrrimer/Desktop/BlueDot_Perona_Vector_Project/outputs/synthetic_projection/activations/synthetic_compassion_012_violated_layer32.npy
synthetic_compassion_012_violated,synthetic,compassion,harmlessness,32,144.62948608398438,mean_centered,/Users/manouchehrrimer/Desktop/BlueDot_Perona_Vector_Project/outputs/vector_construction/persona_vectors/harmlessness_layer32.npy,/Users/manouchehrrimer/Desktop/BlueDot_Perona_Vector_Project/outputs/synthetic_projection/activations/synthetic_compassion_012_violated_layer32.npy
synthetic_compassion_012_violated,synthetic,compassion,fairness,32,-167.69091796875,mean_centered,/Users/manouchehrrimer/Desktop/BlueDot_Perona_Vector_Project/outputs/vector_construction/persona_vectors/fairness_layer32.npy,/Users/manouchehrrimer/Desktop/BlueDot_Perona_Vector_Project/outputs/synthetic_projection/activations/synthetic_compassion_012_violated_layer32.npy
synthetic_compassion_012_violated,synthetic,compassion,compassion,32,209.13174438476562,mean_centered,/Users/manouchehrrimer/Desktop/BlueDot_Perona_Vector_Project/outputs/vector_construction/persona_vectors/compassion_layer32.npy,/Users/manouchehrrimer/Desktop/BlueDot_Perona_Vector_Project/outputs/synthetic_projection/activations/synthetic_compassion_012_violated_layer32.npy
synthetic_compassion_012_violated,synthetic,compassion,honesty,40,495.073974609375,mean_centered,/Users/manouchehrrimer/Desktop/BlueDot_Perona_Vector_Project/outputs/vector_construction/persona_vectors/honesty_layer40.npy,/Users/manouchehrrimer/Desktop/BlueDot_Perona_Vector_Project/outputs/synthetic_projection/activations/synthetic_compassion_012_violated_layer40.npy
synthetic_compassion_012_violated,synthetic,compassion,harmlessness,40,376.62908935546875,mean_centered,/Users/manouchehrrimer/Desktop/BlueDot_Perona_Vector_Project/outputs/vector_construction/persona_vectors/harmlessness_layer40.npy,/Users/manouchehrrimer/Desktop/BlueDot_Perona_Vector_Project/outputs/synthetic_projection/activations/synthetic_compassion_012_violated_layer40.npy
synthetic_compassion_012_violated,synthetic,compassion,fairness,40,122.71240234375,mean_centered,/Users/manouchehrrimer/Desktop/BlueDot_Perona_Vector_Project/outputs/vector_construction/persona_vectors/fairness_layer40.npy,/Users/manouchehrrimer/Desktop/BlueDot_Perona_Vector_Project/outputs/synthetic_projection/activations/synthetic_compassion_012_violated_layer40.npy
synthetic_compassion_012_violated,synthetic,compassion,compassion,40,389.9031982421875,mean_centered,/Users/manouchehrrimer/Desktop/BlueDot_Perona_Vector_Project/outputs/vector_construction/persona_vectors/compassion_layer40.npy,/Users/manouchehrrimer/Desktop/BlueDot_Perona_Vector_Project/outputs/synthetic_projection/activations/synthetic_compassion_012_violated_layer40.npy
synthetic_compassion_012_violated,synthetic,compassion,honesty,47,2658.509765625,mean_centered,/Users/manouchehrrimer/Desktop/BlueDot_Perona_Vector_Project/outputs/vector_construction/persona_vectors/honesty_layer47.npy,/Users/manouchehrrimer/Desktop/BlueDot_Perona_Vector_Project/outputs/synthetic_projection/activations/synthetic_compassion_012_violated_layer47.npy
synthetic_compassion_012_violated,synthetic,compassion,harmlessness,47,2900.631591796875,mean_centered,/Users/manouchehrrimer/Desktop/BlueDot_Perona_Vector_Project/outputs/vector_construction/persona_vectors/harmlessness_layer47.npy,/Users/manouchehrrimer/Desktop/BlueDot_Perona_Vector_Project/outputs/synthetic_projection/activations/synthetic_compassion_012_violated_layer47.npy
synthetic_compassion_012_violated,synthetic,compassion,fairness,47,667.7098388671875,mean_centered,/Users/manouchehrrimer/Desktop/BlueDot_Perona_Vector_Project/outputs/vector_construction/persona_vectors/fairness_layer47.npy,/Users/manouchehrrimer/Desktop/BlueDot_Perona_Vector_Project/outputs/synthetic_projection/activations/synthetic_compassion_012_violated_layer47.npy
synthetic_compassion_012_violated,synthetic,compassion,compassion,47,1524.85009765625,mean_centered,/Users/manouchehrrimer/Desktop/BlueDot_Perona_Vector_Project/outputs/vector_construction/persona_vectors/compassion_layer47.npy,/Users/manouchehrrimer/Desktop/BlueDot_Perona_Vector_Project/outputs/synthetic_projection/activations/synthetic_compassion_012_violated_layer47.npy
synthetic_compassion_013_upheld,synthetic,compassion,honesty,32,-769.5333862304688,mean_centered,/Users/manouchehrrimer/Desktop/BlueDot_Perona_Vector_Project/outputs/vector_construction/persona_vectors/honesty_layer32.npy,/Users/manouchehrrimer/Desktop/BlueDot_Perona_Vector_Project/outputs/synthetic_projection/activations/synthetic_compassion_013_upheld_layer32.npy
synthetic_compassion_013_upheld,synthetic,compassion,harmlessness,32,338.2052001953125,mean_centered,/Users/manouchehrrimer/Desktop/BlueDot_Perona_Vector_Project/outputs/vector_construction/persona_vectors/harmlessness_layer32.npy,/Users/manouchehrrimer/Desktop/BlueDot_Perona_Vector_Project/outputs/synthetic_projection/activations/synthetic_compassion_013_upheld_layer32.npy
synthetic_compassion_013_upheld,synthetic,compassion,fairness,32,-193.95443725585938,mean_centered,/Users/manouchehrrimer/Desktop/BlueDot_Perona_Vector_Project/outputs/vector_construction/persona_vectors/fairness_layer32.npy,/Users/manouchehrrimer/Desktop/BlueDot_Perona_Vector_Project/outputs/synthetic_projection/activations/synthetic_compassion_013_upheld_layer32.npy
synthetic_compassion_013_upheld,synthetic,compassion,compassion,32,-263.6109313964844,mean_centered,/Users/manouchehrrimer/Desktop/BlueDot_Perona_Vector_Project/outputs/vector_construction/persona_vectors/compassion_layer32.npy,/Users/manouchehrrimer/Desktop/BlueDot_Perona_Vector_Project/outputs/synthetic_projection/activations/synthetic_compassion_013_upheld_layer32.npy
synthetic_compassion_013_upheld,synthetic,compassion,honesty,40,-1096.482666015625,mean_centered,/Users/manouchehrrimer/Desktop/BlueDot_Perona_Vector_Project/outputs/vector_construction/persona_vectors/honesty_layer40.npy,/Users/manouchehrrimer/Desktop/BlueDot_Perona_Vector_Project/outputs/synthetic_projection/activations/synthetic_compassion_013_upheld_layer40.npy
synthetic_compassion_013_upheld,synthetic,compassion,harmlessness,40,-1.1584930419921875,mean_centered,/Users/manouchehrrimer/Desktop/BlueDot_Perona_Vector_Project/outputs/vector_construction/persona_vectors/harmlessness_layer40.npy,/Users/manouchehrrimer/Desktop/BlueDot_Perona_Vector_Project/outputs/synthetic_projection/activations/synthetic_compassion_013_upheld_layer40.npy
synthetic_compassion_013_upheld,synthetic,compassion,fairness,40,-393.6489562988281,mean_centered,/Users/manouchehrrimer/Desktop/BlueDot_Perona_Vector_Project/outputs/vector_construction/persona_vectors/fairness_layer40.npy,/Users/manouchehrrimer/Desktop/BlueDot_Perona_Vector_Project/outputs/synthetic_projection/activations/synthetic_compassion_013_upheld_layer40.npy
synthetic_compassion_013_upheld,synthetic,compassion,compassion,40,-42.6763801574707,mean_centered,/Users/manouchehrrimer/Desktop/BlueDot_Perona_Vector_Project/outputs/vector_construction/persona_vectors/compassion_layer40.npy,/Users/manouchehrrimer/Desktop/BlueDot_Perona_Vector_Project/outputs/synthetic_projection/activations/synthetic_compassion_013_upheld_layer40.npy
synthetic_compassion_013_upheld,synthetic,compassion,honesty,47,-253.7237091064453,mean_centered,/Users/manouchehrrimer/Desktop/BlueDot_Perona_Vector_Project/outputs/vector_construction/persona_vectors/honesty_layer47.npy,/Users/manouchehrrimer/Desktop/BlueDot_Perona_Vector_Project/outputs/synthetic_projection/activations/synthetic_compassion_013_upheld_layer47.npy
synthetic_compassion_013_upheld,synthetic,compassion,harmlessness,47,598.3724365234375,mean_centered,/Users/manouchehrrimer/Desktop/BlueDot_Perona_Vector_Project/outputs/vector_construction/persona_vectors/harmlessness_layer47.npy,/Users/manouchehrrimer/Desktop/BlueDot_Perona_Vector_Project/outputs/synthetic_projection/activations/synthetic_compassion_013_upheld_layer47.npy
synthetic_compassion_013_upheld,synthetic,compassion,fairness,47,413.8739013671875,mean_centered,/Users/manouchehrrimer/Desktop/BlueDot_Perona_Vector_Project/outputs/vector_construction/persona_vectors/fairness_layer47.npy,/Users/manouchehrrimer/Desktop/BlueDot_Perona_Vector_Project/outputs/synthetic_projection/activations/synthetic_compassion_013_upheld_layer47.npy
synthetic_compassion_013_upheld,synthetic,compassion,compassion,47,225.48118591308594,mean_centered,/Users/manouchehrrimer/Desktop/BlueDot_Perona_Vector_Project/outputs/vector_construction/persona_vectors/compassion_layer47.npy,/Users/manouchehrrimer/Desktop/BlueDot_Perona_Vector_Project/outputs/synthetic_projection/activations/synthetic_compassion_013_upheld_layer47.npy
synthetic_compassion_013_violated,synthetic,compassion,honesty,32,55.93614959716797,mean_centered,/Users/manouchehrrimer/Desktop/BlueDot_Perona_Vector_Project/outputs/vector_construction/persona_vectors/honesty_layer32.npy,/Users/manouchehrrimer/Desktop/BlueDot_Perona_Vector_Project/outputs/synthetic_projection/activations/synthetic_compassion_013_violated_layer32.npy
synthetic_compassion_013_violated,synthetic,compassion,harmlessness,32,-85.64356994628906,mean_centered,/Users/manouchehrrimer/Desktop/BlueDot_Perona_Vector_Project/outputs/vector_construction/persona_vectors/harmlessness_layer32.npy,/Users/manouchehrrimer/Desktop/BlueDot_Perona_Vector_Project/outputs/synthetic_projection/activations/synthetic_compassion_013_violated_layer32.npy
synthetic_compassion_013_violated,synthetic,compassion,fairness,32,-289.56695556640625,mean_centered,/Users/manouchehrrimer/Desktop/BlueDot_Perona_Vector_Project/outputs/vector_construction/persona_vectors/fairness_layer32.npy,/Users/manouchehrrimer/Desktop/BlueDot_Perona_Vector_Project/outputs/synthetic_projection/activations/synthetic_compassion_013_violated_layer32.npy
synthetic_compassion_013_violated,synthetic,compassion,compassion,32,66.13624572753906,mean_centered,/Users/manouchehrrimer/Desktop/BlueDot_Perona_Vector_Project/outputs/vector_construction/persona_vectors/compassion_layer32.npy,/Users/manouchehrrimer/Desktop/BlueDot_Perona_Vector_Project/outputs/synthetic_projection/activations/synthetic_compassion_013_violated_layer32.npy
synthetic_compassion_013_violated,synthetic,compassion,honesty,40,521.3069458007812,mean_centered,/Users/manouchehrrimer/Desktop/BlueDot_Perona_Vector_Project/outputs/vector_construction/persona_vectors/honesty_layer40.npy,/Users/manouchehrrimer/Desktop/BlueDot_Perona_Vector_Project/outputs/synthetic_projection/activations/synthetic_compassion_013_violated_layer40.npy
synthetic_compassion_013_violated,synthetic,compassion,harmlessness,40,-73.7000732421875,mean_centered,/Users/manouchehrrimer/Desktop/BlueDot_Perona_Vector_Project/outputs/vector_construction/persona_vectors/harmlessness_layer40.npy,/Users/manouchehrrimer/Desktop/BlueDot_Perona_Vector_Project/outputs/synthetic_projection/activations/synthetic_compassion_013_violated_layer40.npy
synthetic_compassion_013_violated,synthetic,compassion,fairness,40,43.916229248046875,mean_centered,/Users/manouchehrrimer/Desktop/BlueDot_Perona_Vector_Project/outputs/vector_construction/persona_vectors/fairness_layer40.npy,/Users/manouchehrrimer/Desktop/BlueDot_Perona_Vector_Project/outputs/synthetic_projection/activations/synthetic_compassion_013_violated_layer40.npy
synthetic_compassion_013_violated,synthetic,compassion,compassion,40,234.5764617919922,mean_centered,/Users/manouchehrrimer/Desktop/BlueDot_Perona_Vector_Project/outputs/vector_construction/persona_vectors/compassion_layer40.npy,/Users/manouchehrrimer/Desktop/BlueDot_Perona_Vector_Project/outputs/synthetic_projection/activations/synthetic_compassion_013_violated_layer40.npy
synthetic_compassion_013_violated,synthetic,compassion,honesty,47,2226.942626953125,mean_centered,/Users/manouchehrrimer/Desktop/BlueDot_Perona_Vector_Project/outputs/vector_construction/persona_vectors/honesty_layer47.npy,/Users/manouchehrrimer/Desktop/BlueDot_Perona_Vector_Project/outputs/synthetic_projection/activations/synthetic_compassion_013_violated_layer47.npy
synthetic_compassion_013_violated,synthetic,compassion,harmlessness,47,2537.472900390625,mean_centered,/Users/manouchehrrimer/Desktop/BlueDot_Perona_Vector_Project/outputs/vector_construction/persona_vectors/harmlessness_layer47.npy,/Users/manouchehrrimer/Desktop/BlueDot_Perona_Vector_Project/outputs/synthetic_projection/activations/synthetic_compassion_013_violated_layer47.npy
synthetic_compassion_013_violated,synthetic,compassion,fairness,47,769.6624755859375,mean_centered,/Users/manouchehrrimer/Desktop/BlueDot_Perona_Vector_Project/outputs/vector_construction/persona_vectors/fairness_layer47.npy,/Users/manouchehrrimer/Desktop/BlueDot_Perona_Vector_Project/outputs/synthetic_projection/activations/synthetic_compassion_013_violated_layer47.npy
synthetic_compassion_013_violated,synthetic,compassion,compassion,47,1473.90625,mean_centered,/Users/manouchehrrimer/Desktop/BlueDot_Perona_Vector_Project/outputs/vector_construction/persona_vectors/compassion_layer47.npy,/Users/manouchehrrimer/Desktop/BlueDot_Perona_Vector_Project/outputs/synthetic_projection/activations/synthetic_compassion_013_violated_layer47.npy
synthetic_compassion_014_upheld,synthetic,compassion,honesty,32,1250.364013671875,mean_centered,/Users/manouchehrrimer/Desktop/BlueDot_Perona_Vector_Project/outputs/vector_construction/persona_vectors/honesty_layer32.npy,/Users/manouchehrrimer/Desktop/BlueDot_Perona_Vector_Project/outputs/synthetic_projection/activations/synthetic_compassion_014_upheld_layer32.npy
synthetic_compassion_014_upheld,synthetic,compassion,harmlessness,32,-2126.72705078125,mean_centered,/Users/manouchehrrimer/Desktop/BlueDot_Perona_Vector_Project/outputs/vector_construction/persona_vectors/harmlessness_layer32.npy,/Users/manouchehrrimer/Desktop/BlueDot_Perona_Vector_Project/outputs/synthetic_projection/activations/synthetic_compassion_014_upheld_layer32.npy
synthetic_compassion_014_upheld,synthetic,compassion,fairness,32,1724.422119140625,mean_centered,/Users/manouchehrrimer/Desktop/BlueDot_Perona_Vector_Project/outputs/vector_construction/persona_vectors/fairness_layer32.npy,/Users/manouchehrrimer/Desktop/BlueDot_Perona_Vector_Project/outputs/synthetic_projection/activations/synthetic_compassion_014_upheld_layer32.npy
synthetic_compassion_014_upheld,synthetic,compassion,compassion,32,1541.9560546875,mean_centered,/Users/manouchehrrimer/Desktop/BlueDot_Perona_Vector_Project/outputs/vector_construction/persona_vectors/compassion_layer32.npy,/Users/manouchehrrimer/Desktop/BlueDot_Perona_Vector_Project/outputs/synthetic_projection/activations/synthetic_compassion_014_upheld_layer32.npy
synthetic_compassion_014_upheld,synthetic,compassion,honesty,40,6008.37841796875,mean_centered,/Users/manouchehrrimer/Desktop/BlueDot_Perona_Vector_Project/outputs/vector_construction/persona_vectors/honesty_layer40.npy,/Users/manouchehrrimer/Desktop/BlueDot_Perona_Vector_Project/outputs/synthetic_projection/activations/synthetic_compassion_014_upheld_layer40.npy
synthetic_compassion_014_upheld,synthetic,compassion,harmlessness,40,30.8187255859375,mean_centered,/Users/manouchehrrimer/Desktop/BlueDot_Perona_Vector_Project/outputs/vector_construction/persona_vectors/harmlessness_layer40.npy,/Users/manouchehrrimer/Desktop/BlueDot_Perona_Vector_Project/outputs/synthetic_projection/activations/synthetic_compassion_014_upheld_layer40.npy
synthetic_compassion_014_upheld,synthetic,compassion,fairness,40,4621.28564453125,mean_centered,/Users/manouchehrrimer/Desktop/BlueDot_Perona_Vector_Project/outputs/vector_construction/persona_vectors/fairness_layer40.npy,/Users/manouchehrrimer/Desktop/BlueDot_Perona_Vector_Project/outputs/synthetic_projection/activations/synthetic_compassion_014_upheld_layer40.npy
synthetic_compassion_014_upheld,synthetic,compassion,compassion,40,121.83297729492188,mean_centered,/Users/manouchehrrimer/Desktop/BlueDot_Perona_Vector_Project/outputs/vector_construction/persona_vectors/compassion_layer40.npy,/Users/manouchehrrimer/Desktop/BlueDot_Perona_Vector_Project/outputs/synthetic_projection/activations/synthetic_compassion_014_upheld_layer40.npy
synthetic_compassion_014_upheld,synthetic,compassion,honesty,47,4133.51123046875,mean_centered,/Users/manouchehrrimer/Desktop/BlueDot_Perona_Vector_Project/outputs/vector_construction/persona_vectors/honesty_layer47.npy,/Users/manouchehrrimer/Desktop/BlueDot_Perona_Vector_Project/outputs/synthetic_projection/activations/synthetic_compassion_014_upheld_layer47.npy
synthetic_compassion_014_upheld,synthetic,compassion,harmlessness,47,5667.41845703125,mean_centered,/Users/manouchehrrimer/Desktop/BlueDot_Perona_Vector_Project/outputs/vector_construction/persona_vectors/harmlessness_layer47.npy,/Users/manouchehrrimer/Desktop/BlueDot_Perona_Vector_Project/outputs/synthetic_projection/activations/synthetic_compassion_014_upheld_layer47.npy
synthetic_compassion_014_upheld,synthetic,compassion,fairness,47,2141.077392578125,mean_centered,/Users/manouchehrrimer/Desktop/BlueDot_Perona_Vector_Project/outputs/vector_construction/persona_vectors/fairness_layer47.npy,/Users/manouchehrrimer/Desktop/BlueDot_Perona_Vector_Project/outputs/synthetic_projection/activations/synthetic_compassion_014_upheld_layer47.npy
synthetic_compassion_014_upheld,synthetic,compassion,compassion,47,2884.833984375,mean_centered,/Users/manouchehrrimer/Desktop/BlueDot_Perona_Vector_Project/outputs/vector_construction/persona_vectors/compassion_layer47.npy,/Users/manouchehrrimer/Desktop/BlueDot_Perona_Vector_Project/outputs/synthetic_projection/activations/synthetic_compassion_014_upheld_layer47.npy
synthetic_compassion_014_violated,synthetic,compassion,honesty,32,-150.84725952148438,mean_centered,/Users/manouchehrrimer/Desktop/BlueDot_Perona_Vector_Project/outputs/vector_construction/persona_vectors/honesty_layer32.npy,/Users/manouchehrrimer/Desktop/BlueDot_Perona_Vector_Project/outputs/synthetic_projection/activations/synthetic_compassion_014_violated_layer32.npy
synthetic_compassion_014_violated,synthetic,compassion,harmlessness,32,116.03866577148438,mean_centered,/Users/manouchehrrimer/Desktop/BlueDot_Perona_Vector_Project/outputs/vector_construction/persona_vectors/harmlessness_layer32.npy,/Users/manouchehrrimer/Desktop/BlueDot_Perona_Vector_Project/outputs/synthetic_projection/activations/synthetic_compassion_014_violated_layer32.npy
synthetic_compassion_014_violated,synthetic,compassion,fairness,32,-77.98208618164062,mean_centered,/Users/manouchehrrimer/Desktop/BlueDot_Perona_Vector_Project/outputs/vector_construction/persona_vectors/fairness_layer32.npy,/Users/manouchehrrimer/Desktop/BlueDot_Perona_Vector_Project/outputs/synthetic_projection/activations/synthetic_compassion_014_violated_layer32.npy
synthetic_compassion_014_violated,synthetic,compassion,compassion,32,-55.757667541503906,mean_centered,/Users/manouchehrrimer/Desktop/BlueDot_Perona_Vector_Project/outputs/vector_construction/persona_vectors/compassion_layer32.npy,/Users/manouchehrrimer/Desktop/BlueDot_Perona_Vector_Project/outputs/synthetic_projection/activations/synthetic_compassion_014_violated_layer32.npy
synthetic_compassion_014_violated,synthetic,compassion,honesty,40,1328.282958984375,mean_centered,/Users/manouchehrrimer/Desktop/BlueDot_Perona_Vector_Project/outputs/vector_construction/persona_vectors/honesty_layer40.npy,/Users/manouchehrrimer/Desktop/BlueDot_Perona_Vector_Project/outputs/synthetic_projection/activations/synthetic_compassion_014_violated_layer40.npy
synthetic_compassion_014_violated,synthetic,compassion,harmlessness,40,41.751792907714844,mean_centered,/Users/manouchehrrimer/Desktop/BlueDot_Perona_Vector_Project/outputs/vector_construction/persona_vectors/harmlessness_layer40.npy,/Users/manouchehrrimer/Desktop/BlueDot_Perona_Vector_Project/outputs/synthetic_projection/activations/synthetic_compassion_014_violated_layer40.npy
synthetic_compassion_014_violated,synthetic,compassion,fairness,40,1188.2852783203125,mean_centered,/Users/manouchehrrimer/Desktop/BlueDot_Perona_Vector_Project/outputs/vector_construction/persona_vectors/fairness_layer40.npy,/Users/manouchehrrimer/Desktop/BlueDot_Perona_Vector_Project/outputs/synthetic_projection/activations/synthetic_compassion_014_violated_layer40.npy
synthetic_compassion_014_violated,synthetic,compassion,compassion,40,-173.51168823242188,mean_centered,/Users/manouchehrrimer/Desktop/BlueDot_Perona_Vector_Project/outputs/vector_construction/persona_vectors/compassion_layer40.npy,/Users/manouchehrrimer/Desktop/BlueDot_Perona_Vector_Project/outputs/synthetic_projection/activations/synthetic_compassion_014_violated_layer40.npy
synthetic_compassion_014_violated,synthetic,compassion,honesty,47,-150.54986572265625,mean_centered,/Users/manouchehrrimer/Desktop/BlueDot_Perona_Vector_Project/outputs/vector_construction/persona_vectors/honesty_layer47.npy,/Users/manouchehrrimer/Desktop/BlueDot_Perona_Vector_Project/outputs/synthetic_projection/activations/synthetic_compassion_014_violated_layer47.npy
synthetic_compassion_014_violated,synthetic,compassion,harmlessness,47,-912.2698364257812,mean_centered,/Users/manouchehrrimer/Desktop/BlueDot_Perona_Vector_Project/outputs/vector_construction/persona_vectors/harmlessness_layer47.npy,/Users/manouchehrrimer/Desktop/BlueDot_Perona_Vector_Project/outputs/synthetic_projection/activations/synthetic_compassion_014_violated_layer47.npy
synthetic_compassion_014_violated,synthetic,compassion,fairness,47,382.8545227050781,mean_centered,/Users/manouchehrrimer/Desktop/BlueDot_Perona_Vector_Project/outputs/vector_construction/persona_vectors/fairness_layer47.npy,/Users/manouchehrrimer/Desktop/BlueDot_Perona_Vector_Project/outputs/synthetic_projection/activations/synthetic_compassion_014_violated_layer47.npy
synthetic_compassion_014_violated,synthetic,compassion,compassion,47,-481.8175048828125,mean_centered,/Users/manouchehrrimer/Desktop/BlueDot_Perona_Vector_Project/outputs/vector_construction/persona_vectors/compassion_layer47.npy,/Users/manouchehrrimer/Desktop/BlueDot_Perona_Vector_Project/outputs/synthetic_projection/activations/synthetic_compassion_014_violated_layer47.npy
synthetic_compassion_015_upheld,synthetic,compassion,honesty,32,-448.96331787109375,mean_centered,/Users/manouchehrrimer/Desktop/BlueDot_Perona_Vector_Project/outputs/vector_construction/persona_vectors/honesty_layer32.npy,/Users/manouchehrrimer/Desktop/BlueDot_Perona_Vector_Project/outputs/synthetic_projection/activations/synthetic_compassion_015_upheld_layer32.npy
synthetic_compassion_015_upheld,synthetic,compassion,harmlessness,32,325.9192810058594,mean_centered,/Users/manouchehrrimer/Desktop/BlueDot_Perona_Vector_Project/outputs/vector_construction/persona_vectors/harmlessness_layer32.npy,/Users/manouchehrrimer/Desktop/BlueDot_Perona_Vector_Project/outputs/synthetic_projection/activations/synthetic_compassion_015_upheld_layer32.npy
synthetic_compassion_015_upheld,synthetic,compassion,fairness,32,-254.35586547851562,mean_centered,/Users/manouchehrrimer/Desktop/BlueDot_Perona_Vector_Project/outputs/vector_construction/persona_vectors/fairness_layer32.npy,/Users/manouchehrrimer/Desktop/BlueDot_Perona_Vector_Project/outputs/synthetic_projection/activations/synthetic_compassion_015_upheld_layer32.npy
synthetic_compassion_015_upheld,synthetic,compassion,compassion,32,-144.97760009765625,mean_centered,/Users/manouchehrrimer/Desktop/BlueDot_Perona_Vector_Project/outputs/vector_construction/persona_vectors/compassion_layer32.npy,/Users/manouchehrrimer/Desktop/BlueDot_Perona_Vector_Project/outputs/synthetic_projection/activations/synthetic_compassion_015_upheld_layer32.npy
synthetic_compassion_015_upheld,synthetic,compassion,honesty,40,-2604.06640625,mean_centered,/Users/manouchehrrimer/Desktop/BlueDot_Perona_Vector_Project/outputs/vector_construction/persona_vectors/honesty_layer40.npy,/Users/manouchehrrimer/Desktop/BlueDot_Perona_Vector_Project/outputs/synthetic_projection/activations/synthetic_compassion_015_upheld_layer40.npy
synthetic_compassion_015_upheld,synthetic,compassion,harmlessness,40,211.3510284423828,mean_centered,/Users/manouchehrrimer/Desktop/BlueDot_Perona_Vector_Project/outputs/vector_construction/persona_vectors/harmlessness_layer40.npy,/Users/manouchehrrimer/Desktop/BlueDot_Perona_Vector_Project/outputs/synthetic_projection/activations/synthetic_compassion_015_upheld_layer40.npy
synthetic_compassion_015_upheld,synthetic,compassion,fairness,40,-1910.58984375,mean_centered,/Users/manouchehrrimer/Desktop/BlueDot_Perona_Vector_Project/outputs/vector_construction/persona_vectors/fairness_layer40.npy,/Users/manouchehrrimer/Desktop/BlueDot_Perona_Vector_Project/outputs/synthetic_projection/activations/synthetic_compassion_015_upheld_layer40.npy
synthetic_compassion_015_upheld,synthetic,compassion,compassion,40,-208.23587036132812,mean_centered,/Users/manouchehrrimer/Desktop/BlueDot_Perona_Vector_Project/outputs/vector_construction/persona_vectors/compassion_layer40.npy,/Users/manouchehrrimer/Desktop/BlueDot_Perona_Vector_Project/outputs/synthetic_projection/activations/synthetic_compassion_015_upheld_layer40.npy
synthetic_compassion_015_upheld,synthetic,compassion,honesty,47,-603.6544189453125,mean_centered,/Users/manouchehrrimer/Desktop/BlueDot_Perona_Vector_Project/outputs/vector_construction/persona_vectors/honesty_layer47.npy,/Users/manouchehrrimer/Desktop/BlueDot_Perona_Vector_Project/outputs/synthetic_projection/activations/synthetic_compassion_015_upheld_layer47.npy
synthetic_compassion_015_upheld,synthetic,compassion,harmlessness,47,256.0261535644531,mean_centered,/Users/manouchehrrimer/Desktop/BlueDot_Perona_Vector_Project/outputs/vector_construction/persona_vectors/harmlessness_layer47.npy,/Users/manouchehrrimer/Desktop/BlueDot_Perona_Vector_Project/outputs/synthetic_projection/activations/synthetic_compassion_015_upheld_layer47.npy
synthetic_compassion_015_upheld,synthetic,compassion,fairness,47,-426.97662353515625,mean_centered,/Users/manouchehrrimer/Desktop/BlueDot_Perona_Vector_Project/outputs/vector_construction/persona_vectors/fairness_layer47.npy,/Users/manouchehrrimer/Desktop/BlueDot_Perona_Vector_Project/outputs/synthetic_projection/activations/synthetic_compassion_015_upheld_layer47.npy
synthetic_compassion_015_upheld,synthetic,compassion,compassion,47,-117.6802749633789,mean_centered,/Users/manouchehrrimer/Desktop/BlueDot_Perona_Vector_Project/outputs/vector_construction/persona_vectors/compassion_layer47.npy,/Users/manouchehrrimer/Desktop/BlueDot_Perona_Vector_Project/outputs/synthetic_projection/activations/synthetic_compassion_015_upheld_layer47.npy
synthetic_compassion_015_violated,synthetic,compassion,honesty,32,-378.365234375,mean_centered,/Users/manouchehrrimer/Desktop/BlueDot_Perona_Vector_Project/outputs/vector_construction/persona_vectors/honesty_layer32.npy,/Users/manouchehrrimer/Desktop/BlueDot_Perona_Vector_Project/outputs/synthetic_projection/activations/synthetic_compassion_015_violated_layer32.npy
synthetic_compassion_015_violated,synthetic,compassion,harmlessness,32,702.1934814453125,mean_centered,/Users/manouchehrrimer/Desktop/BlueDot_Perona_Vector_Project/outputs/vector_construction/persona_vectors/harmlessness_layer32.npy,/Users/manouchehrrimer/Desktop/BlueDot_Perona_Vector_Project/outputs/synthetic_projection/activations/synthetic_compassion_015_violated_layer32.npy
synthetic_compassion_015_violated,synthetic,compassion,fairness,32,-898.105224609375,mean_centered,/Users/manouchehrrimer/Desktop/BlueDot_Perona_Vector_Project/outputs/vector_construction/persona_vectors/fairness_layer32.npy,/Users/manouchehrrimer/Desktop/BlueDot_Perona_Vector_Project/outputs/synthetic_projection/activations/synthetic_compassion_015_violated_layer32.npy
synthetic_compassion_015_violated,synthetic,compassion,compassion,32,-473.37841796875,mean_centered,/Users/manouchehrrimer/Desktop/BlueDot_Perona_Vector_Project/outputs/vector_construction/persona_vectors/compassion_layer32.npy,/Users/manouchehrrimer/Desktop/BlueDot_Perona_Vector_Project/outputs/synthetic_projection/activations/synthetic_compassion_015_violated_layer32.npy
synthetic_compassion_015_violated,synthetic,compassion,honesty,40,81.50503540039062,mean_centered,/Users/manouchehrrimer/Desktop/BlueDot_Perona_Vector_Project/outputs/vector_construction/persona_vectors/honesty_layer40.npy,/Users/manouchehrrimer/Desktop/BlueDot_Perona_Vector_Project/outputs/synthetic_projection/activations/synthetic_compassion_015_violated_layer40.npy
synthetic_compassion_015_violated,synthetic,compassion,harmlessness,40,138.1012725830078,mean_centered,/Users/manouchehrrimer/Desktop/BlueDot_Perona_Vector_Project/outputs/vector_construction/persona_vectors/harmlessness_layer40.npy,/Users/manouchehrrimer/Desktop/BlueDot_Perona_Vector_Project/outputs/synthetic_projection/activations/synthetic_compassion_015_violated_layer40.npy
synthetic_compassion_015_violated,synthetic,compassion,fairness,40,-257.13519287109375,mean_centered,/Users/manouchehrrimer/Desktop/BlueDot_Perona_Vector_Project/outputs/vector_construction/persona_vectors/fairness_layer40.npy,/Users/manouchehrrimer/Desktop/BlueDot_Perona_Vector_Project/outputs/synthetic_projection/activations/synthetic_compassion_015_violated_layer40.npy
synthetic_compassion_015_violated,synthetic,compassion,compassion,40,169.4823455810547,mean_centered,/Users/manouchehrrimer/Desktop/BlueDot_Perona_Vector_Project/outputs/vector_construction/persona_vectors/compassion_layer40.npy,/Users/manouchehrrimer/Desktop/BlueDot_Perona_Vector_Project/outputs/synthetic_projection/activations/synthetic_compassion_015_violated_layer40.npy
synthetic_compassion_015_violated,synthetic,compassion,honesty,47,3461.4609375,mean_centered,/Users/manouchehrrimer/Desktop/BlueDot_Perona_Vector_Project/outputs/vector_construction/persona_vectors/honesty_layer47.npy,/Users/manouchehrrimer/Desktop/BlueDot_Perona_Vector_Project/outputs/synthetic_projection/activations/synthetic_compassion_015_violated_layer47.npy
synthetic_compassion_015_violated,synthetic,compassion,harmlessness,47,3957.032958984375,mean_centered,/Users/manouchehrrimer/Desktop/BlueDot_Perona_Vector_Project/outputs/vector_construction/persona_vectors/harmlessness_layer47.npy,/Users/manouchehrrimer/Desktop/BlueDot_Perona_Vector_Project/outputs/synthetic_projection/activations/synthetic_compassion_015_violated_layer47.npy
synthetic_compassion_015_violated,synthetic,compassion,fairness,47,987.01123046875,mean_centered,/Users/manouchehrrimer/Desktop/BlueDot_Perona_Vector_Project/outputs/vector_construction/persona_vectors/fairness_layer47.npy,/Users/manouchehrrimer/Desktop/BlueDot_Perona_Vector_Project/outputs/synthetic_projection/activations/synthetic_compassion_015_violated_layer47.npy
synthetic_compassion_015_violated,synthetic,compassion,compassion,47,2218.41796875,mean_centered,/Users/manouchehrrimer/Desktop/BlueDot_Perona_Vector_Project/outputs/vector_construction/persona_vectors/compassion_layer47.npy,/Users/manouchehrrimer/Desktop/BlueDot_Perona_Vector_Project/outputs/synthetic_projection/activations/synthetic_compassion_015_violated_layer47.npy
synthetic_compassion_016_upheld,synthetic,compassion,honesty,32,-1357.2230224609375,mean_centered,/Users/manouchehrrimer/Desktop/BlueDot_Perona_Vector_Project/outputs/vector_construction/persona_vectors/honesty_layer32.npy,/Users/manouchehrrimer/Desktop/BlueDot_Perona_Vector_Project/outputs/synthetic_projection/activations/synthetic_compassion_016_upheld_layer32.npy
synthetic_compassion_016_upheld,synthetic,compassion,harmlessness,32,1158.454833984375,mean_centered,/Users/manouchehrrimer/Desktop/BlueDot_Perona_Vector_Project/outputs/vector_construction/persona_vectors/harmlessness_layer32.npy,/Users/manouchehrrimer/Desktop/BlueDot_Perona_Vector_Project/outputs/synthetic_projection/activations/synthetic_compassion_016_upheld_layer32.npy
synthetic_compassion_016_upheld,synthetic,compassion,fairness,32,-800.0989379882812,mean_centered,/Users/manouchehrrimer/Desktop/BlueDot_Perona_Vector_Project/outputs/vector_construction/persona_vectors/fairness_layer32.npy,/Users/manouchehrrimer/Desktop/BlueDot_Perona_Vector_Project/outputs/synthetic_projection/activations/synthetic_compassion_016_upheld_layer32.npy
synthetic_compassion_016_upheld,synthetic,compassion,compassion,32,-810.3624267578125,mean_centered,/Users/manouchehrrimer/Desktop/BlueDot_Perona_Vector_Project/outputs/vector_construction/persona_vectors/compassion_layer32.npy,/Users/manouchehrrimer/Desktop/BlueDot_Perona_Vector_Project/outputs/synthetic_projection/activations/synthetic_compassion_016_upheld_layer32.npy
synthetic_compassion_016_upheld,synthetic,compassion,honesty,40,-2324.548828125,mean_centered,/Users/manouchehrrimer/Desktop/BlueDot_Perona_Vector_Project/outputs/vector_construction/persona_vectors/honesty_layer40.npy,/Users/manouchehrrimer/Desktop/BlueDot_Perona_Vector_Project/outputs/synthetic_projection/activations/synthetic_compassion_016_upheld_layer40.npy
synthetic_compassion_016_upheld,synthetic,compassion,harmlessness,40,62.5,mean_centered,/Users/manouchehrrimer/Desktop/BlueDot_Perona_Vector_Project/outputs/vector_construction/persona_vectors/harmlessness_layer40.npy,/Users/manouchehrrimer/Desktop/BlueDot_Perona_Vector_Project/outputs/synthetic_projection/activations/synthetic_compassion_016_upheld_layer40.npy
synthetic_compassion_016_upheld,synthetic,compassion,fairness,40,-1111.7694091796875,mean_centered,/Users/manouchehrrimer/Desktop/BlueDot_Perona_Vector_Project/outputs/vector_construction/persona_vectors/fairness_layer40.npy,/Users/manouchehrrimer/Desktop/BlueDot_Perona_Vector_Project/outputs/synthetic_projection/activations/synthetic_compassion_016_upheld_layer40.npy
synthetic_compassion_016_upheld,synthetic,compassion,compassion,40,-116.20123291015625,mean_centered,/Users/manouchehrrimer/Desktop/BlueDot_Perona_Vector_Project/outputs/vector_construction/persona_vectors/compassion_layer40.npy,/Users/manouchehrrimer/Desktop/BlueDot_Perona_Vector_Project/outputs/synthetic_projection/activations/synthetic_compassion_016_upheld_layer40.npy
synthetic_compassion_016_upheld,synthetic,compassion,honesty,47,-1285.2406005859375,mean_centered,/Users/manouchehrrimer/Desktop/BlueDot_Perona_Vector_Project/outputs/vector_construction/persona_vectors/honesty_layer47.npy,/Users/manouchehrrimer/Desktop/BlueDot_Perona_Vector_Project/outputs/synthetic_projection/activations/synthetic_compassion_016_upheld_layer47.npy
synthetic_compassion_016_upheld,synthetic,compassion,harmlessness,47,-366.5926513671875,mean_centered,/Users/manouchehrrimer/Desktop/BlueDot_Perona_Vector_Project/outputs/vector_construction/persona_vectors/harmlessness_layer47.npy,/Users/manouchehrrimer/Desktop/BlueDot_Perona_Vector_Project/outputs/synthetic_projection/activations/synthetic_compassion_016_upheld_layer47.npy
synthetic_compassion_016_upheld,synthetic,compassion,fairness,47,497.07354736328125,mean_centered,/Users/manouchehrrimer/Desktop/BlueDot_Perona_Vector_Project/outputs/vector_construction/persona_vectors/fairness_layer47.npy,/Users/manouchehrrimer/Desktop/BlueDot_Perona_Vector_Project/outputs/synthetic_projection/activations/synthetic_compassion_016_upheld_layer47.npy
synthetic_compassion_016_upheld,synthetic,compassion,compassion,47,-351.3857421875,mean_centered,/Users/manouchehrrimer/Desktop/BlueDot_Perona_Vector_Project/outputs/vector_construction/persona_vectors/compassion_layer47.npy,/Users/manouchehrrimer/Desktop/BlueDot_Perona_Vector_Project/outputs/synthetic_projection/activations/synthetic_compassion_016_upheld_layer47.npy
synthetic_compassion_016_violated,synthetic,compassion,honesty,32,-286.2764892578125,mean_centered,/Users/manouchehrrimer/Desktop/BlueDot_Perona_Vector_Project/outputs/vector_construction/persona_vectors/honesty_layer32.npy,/Users/manouchehrrimer/Desktop/BlueDot_Perona_Vector_Project/outputs/synthetic_projection/activations/synthetic_compassion_016_violated_layer32.npy
synthetic_compassion_016_violated,synthetic,compassion,harmlessness,32,786.5635986328125,mean_centered,/Users/manouchehrrimer/Desktop/BlueDot_Perona_Vector_Project/outputs/vector_construction/persona_vectors/harmlessness_layer32.npy,/Users/manouchehrrimer/Desktop/BlueDot_Perona_Vector_Project/outputs/synthetic_projection/activations/synthetic_compassion_016_violated_layer32.npy
synthetic_compassion_016_violated,synthetic,compassion,fairness,32,-719.2009887695312,mean_centered,/Users/manouchehrrimer/Desktop/BlueDot_Perona_Vector_Project/outputs/vector_construction/persona_vectors/fairness_layer32.npy,/Users/manouchehrrimer/Desktop/BlueDot_Perona_Vector_Project/outputs/synthetic_projection/activations/synthetic_compassion_016_violated_layer32.npy
synthetic_compassion_016_violated,synthetic,compassion,compassion,32,-458.9872741699219,mean_centered,/Users/manouchehrrimer/Desktop/BlueDot_Perona_Vector_Project/outputs/vector_construction/persona_vectors/compassion_layer32.npy,/Users/manouchehrrimer/Desktop/BlueDot_Perona_Vector_Project/outputs/synthetic_projection/activations/synthetic_compassion_016_violated_layer32.npy
synthetic_compassion_016_violated,synthetic,compassion,honesty,40,1389.009765625,mean_centered,/Users/manouchehrrimer/Desktop/BlueDot_Perona_Vector_Project/outputs/vector_construction/persona_vectors/honesty_layer40.npy,/Users/manouchehrrimer/Desktop/BlueDot_Perona_Vector_Project/outputs/synthetic_projection/activations/synthetic_compassion_016_violated_layer40.npy
synthetic_compassion_016_violated,synthetic,compassion,harmlessness,40,144.0560302734375,mean_centered,/Users/manouchehrrimer/Desktop/BlueDot_Perona_Vector_Project/outputs/vector_construction/persona_vectors/harmlessness_layer40.npy,/Users/manouchehrrimer/Desktop/BlueDot_Perona_Vector_Project/outputs/synthetic_projection/activations/synthetic_compassion_016_violated_layer40.npy
synthetic_compassion_016_violated,synthetic,compassion,fairness,40,892.0966186523438,mean_centered,/Users/manouchehrrimer/Desktop/BlueDot_Perona_Vector_Project/outputs/vector_construction/persona_vectors/fairness_layer40.npy,/Users/manouchehrrimer/Desktop/BlueDot_Perona_Vector_Project/outputs/synthetic_projection/activations/synthetic_compassion_016_violated_layer40.npy
synthetic_compassion_016_violated,synthetic,compassion,compassion,40,-65.32506561279297,mean_centered,/Users/manouchehrrimer/Desktop/BlueDot_Perona_Vector_Project/outputs/vector_construction/persona_vectors/compassion_layer40.npy,/Users/manouchehrrimer/Desktop/BlueDot_Perona_Vector_Project/outputs/synthetic_projection/activations/synthetic_compassion_016_violated_layer40.npy
synthetic_compassion_016_violated,synthetic,compassion,honesty,47,2864.323486328125,mean_centered,/Users/manouchehrrimer/Desktop/BlueDot_Perona_Vector_Project/outputs/vector_construction/persona_vectors/honesty_layer47.npy,/Users/manouchehrrimer/Desktop/BlueDot_Perona_Vector_Project/outputs/synthetic_projection/activations/synthetic_compassion_016_violated_layer47.npy
synthetic_compassion_016_violated,synthetic,compassion,harmlessness,47,2855.3388671875,mean_centered,/Users/manouchehrrimer/Desktop/BlueDot_Perona_Vector_Project/outputs/vector_construction/persona_vectors/harmlessness_layer47.npy,/Users/manouchehrrimer/Desktop/BlueDot_Perona_Vector_Project/outputs/synthetic_projection/activations/synthetic_compassion_016_violated_layer47.npy
synthetic_compassion_016_violated,synthetic,compassion,fairness,47,1010.6809692382812,mean_centered,/Users/manouchehrrimer/Desktop/BlueDot_Perona_Vector_Project/outputs/vector_construction/persona_vectors/fairness_layer47.npy,/Users/manouchehrrimer/Desktop/BlueDot_Perona_Vector_Project/outputs/synthetic_projection/activations/synthetic_compassion_016_violated_layer47.npy
synthetic_compassion_016_violated,synthetic,compassion,compassion,47,1237.1124267578125,mean_centered,/Users/manouchehrrimer/Desktop/BlueDot_Perona_Vector_Project/outputs/vector_construction/persona_vectors/compassion_layer47.npy,/Users/manouchehrrimer/Desktop/BlueDot_Perona_Vector_Project/outputs/synthetic_projection/activations/synthetic_compassion_016_violated_layer47.npy
synthetic_compassion_017_upheld,synthetic,compassion,honesty,32,168.50421142578125,mean_centered,/Users/manouchehrrimer/Desktop/BlueDot_Perona_Vector_Project/outputs/vector_construction/persona_vectors/honesty_layer32.npy,/Users/manouchehrrimer/Desktop/BlueDot_Perona_Vector_Project/outputs/synthetic_projection/activations/synthetic_compassion_017_upheld_layer32.npy
synthetic_compassion_017_upheld,synthetic,compassion,harmlessness,32,-895.7250366210938,mean_centered,/Users/manouchehrrimer/Desktop/BlueDot_Perona_Vector_Project/outputs/vector_construction/persona_vectors/harmlessness_layer32.npy,/Users/manouchehrrimer/Desktop/BlueDot_Perona_Vector_Project/outputs/synthetic_projection/activations/synthetic_compassion_017_upheld_layer32.npy
synthetic_compassion_017_upheld,synthetic,compassion,fairness,32,798.0791015625,mean_centered,/Users/manouchehrrimer/Desktop/BlueDot_Perona_Vector_Project/outputs/vector_construction/persona_vectors/fairness_layer32.npy,/Users/manouchehrrimer/Desktop/BlueDot_Perona_Vector_Project/outputs/synthetic_projection/activations/synthetic_compassion_017_upheld_layer32.npy
synthetic_compassion_017_upheld,synthetic,compassion,compassion,32,498.3164367675781,mean_centered,/Users/manouchehrrimer/Desktop/BlueDot_Perona_Vector_Project/outputs/vector_construction/persona_vectors/compassion_layer32.npy,/Users/manouchehrrimer/Desktop/BlueDot_Perona_Vector_Project/outputs/synthetic_projection/activations/synthetic_compassion_017_upheld_layer32.npy
synthetic_compassion_017_upheld,synthetic,compassion,honesty,40,2401.151123046875,mean_centered,/Users/manouchehrrimer/Desktop/BlueDot_Perona_Vector_Project/outputs/vector_construction/persona_vectors/honesty_layer40.npy,/Users/manouchehrrimer/Desktop/BlueDot_Perona_Vector_Project/outputs/synthetic_projection/activations/synthetic_compassion_017_upheld_layer40.npy
synthetic_compassion_017_upheld,synthetic,compassion,harmlessness,40,-330.4820556640625,mean_centered,/Users/manouchehrrimer/Desktop/BlueDot_Perona_Vector_Project/outputs/vector_construction/persona_vectors/harmlessness_layer40.npy,/Users/manouchehrrimer/Desktop/BlueDot_Perona_Vector_Project/outputs/synthetic_projection/activations/synthetic_compassion_017_upheld_layer40.npy
synthetic_compassion_017_upheld,synthetic,compassion,fairness,40,2114.02880859375,mean_centered,/Users/manouchehrrimer/Desktop/BlueDot_Perona_Vector_Project/outputs/vector_construction/persona_vectors/fairness_layer40.npy,/Users/manouchehrrimer/Desktop/BlueDot_Perona_Vector_Project/outputs/synthetic_projection/activations/synthetic_compassion_017_upheld_layer40.npy
synthetic_compassion_017_upheld,synthetic,compassion,compassion,40,239.41238403320312,mean_centered,/Users/manouchehrrimer/Desktop/BlueDot_Perona_Vector_Project/outputs/vector_construction/persona_vectors/compassion_layer40.npy,/Users/manouchehrrimer/Desktop/BlueDot_Perona_Vector_Project/outputs/synthetic_projection/activations/synthetic_compassion_017_upheld_layer40.npy
synthetic_compassion_017_upheld,synthetic,compassion,honesty,47,925.4634399414062,mean_centered,/Users/manouchehrrimer/Desktop/BlueDot_Perona_Vector_Project/outputs/vector_construction/persona_vectors/honesty_layer47.npy,/Users/manouchehrrimer/Desktop/BlueDot_Perona_Vector_Project/outputs/synthetic_projection/activations/synthetic_compassion_017_upheld_layer47.npy
synthetic_compassion_017_upheld,synthetic,compassion,harmlessness,47,1389.9794921875,mean_centered,/Users/manouchehrrimer/Desktop/BlueDot_Perona_Vector_Project/outputs/vector_construction/persona_vectors/harmlessness_layer47.npy,/Users/manouchehrrimer/Desktop/BlueDot_Perona_Vector_Project/outputs/synthetic_projection/activations/synthetic_compassion_017_upheld_layer47.npy
synthetic_compassion_017_upheld,synthetic,compassion,fairness,47,933.1535034179688,mean_centered,/Users/manouchehrrimer/Desktop/BlueDot_Perona_Vector_Project/outputs/vector_construction/persona_vectors/fairness_layer47.npy,/Users/manouchehrrimer/Desktop/BlueDot_Perona_Vector_Project/outputs/synthetic_projection/activations/synthetic_compassion_017_upheld_layer47.npy
synthetic_compassion_017_upheld,synthetic,compassion,compassion,47,954.672119140625,mean_centered,/Users/manouchehrrimer/Desktop/BlueDot_Perona_Vector_Project/outputs/vector_construction/persona_vectors/compassion_layer47.npy,/Users/manouchehrrimer/Desktop/BlueDot_Perona_Vector_Project/outputs/synthetic_projection/activations/synthetic_compassion_017_upheld_layer47.npy
synthetic_compassion_017_violated,synthetic,compassion,honesty,32,1097.9981689453125,mean_centered,/Users/manouchehrrimer/Desktop/BlueDot_Perona_Vector_Project/outputs/vector_construction/persona_vectors/honesty_layer32.npy,/Users/manouchehrrimer/Desktop/BlueDot_Perona_Vector_Project/outputs/synthetic_projection/activations/synthetic_compassion_017_violated_layer32.npy
synthetic_compassion_017_violated,synthetic,compassion,harmlessness,32,-972.0775756835938,mean_centered,/Users/manouchehrrimer/Desktop/BlueDot_Perona_Vector_Project/outputs/vector_construction/persona_vectors/harmlessness_layer32.npy,/Users/manouchehrrimer/Desktop/BlueDot_Perona_Vector_Project/outputs/synthetic_projection/activations/synthetic_compassion_017_violated_layer32.npy
synthetic_compassion_017_violated,synthetic,compassion,fairness,32,899.2120361328125,mean_centered,/Users/manouchehrrimer/Desktop/BlueDot_Perona_Vector_Project/outputs/vector_construction/persona_vectors/fairness_layer32.npy,/Users/manouchehrrimer/Desktop/BlueDot_Perona_Vector_Project/outputs/synthetic_projection/activations/synthetic_compassion_017_violated_layer32.npy
synthetic_compassion_017_violated,synthetic,compassion,compassion,32,1867.1702880859375,mean_centered,/Users/manouchehrrimer/Desktop/BlueDot_Perona_Vector_Project/outputs/vector_construction/persona_vectors/compassion_layer32.npy,/Users/manouchehrrimer/Desktop/BlueDot_Perona_Vector_Project/outputs/synthetic_projection/activations/synthetic_compassion_017_violated_layer32.npy
synthetic_compassion_017_violated,synthetic,compassion,honesty,40,3407.51123046875,mean_centered,/Users/manouchehrrimer/Desktop/BlueDot_Perona_Vector_Project/outputs/vector_construction/persona_vectors/honesty_layer40.npy,/Users/manouchehrrimer/Desktop/BlueDot_Perona_Vector_Project/outputs/synthetic_projection/activations/synthetic_compassion_017_violated_layer40.npy
synthetic_compassion_017_violated,synthetic,compassion,harmlessness,40,1203.81494140625,mean_centered,/Users/manouchehrrimer/Desktop/BlueDot_Perona_Vector_Project/outputs/vector_construction/persona_vectors/harmlessness_layer40.npy,/Users/manouchehrrimer/Desktop/BlueDot_Perona_Vector_Project/outputs/synthetic_projection/activations/synthetic_compassion_017_violated_layer40.npy
synthetic_compassion_017_violated,synthetic,compassion,fairness,40,1518.29833984375,mean_centered,/Users/manouchehrrimer/Desktop/BlueDot_Perona_Vector_Project/outputs/vector_construction/persona_vectors/fairness_layer40.npy,/Users/manouchehrrimer/Desktop/BlueDot_Perona_Vector_Project/outputs/synthetic_projection/activations/synthetic_compassion_017_violated_layer40.npy
synthetic_compassion_017_violated,synthetic,compassion,compassion,40,2000.3323974609375,mean_centered,/Users/manouchehrrimer/Desktop/BlueDot_Perona_Vector_Project/outputs/vector_construction/persona_vectors/compassion_layer40.npy,/Users/manouchehrrimer/Desktop/BlueDot_Perona_Vector_Project/outputs/synthetic_projection/activations/synthetic_compassion_017_violated_layer40.npy
synthetic_compassion_017_violated,synthetic,compassion,honesty,47,5184.513671875,mean_centered,/Users/manouchehrrimer/Desktop/BlueDot_Perona_Vector_Project/outputs/vector_construction/persona_vectors/honesty_layer47.npy,/Users/manouchehrrimer/Desktop/BlueDot_Perona_Vector_Project/outputs/synthetic_projection/activations/synthetic_compassion_017_violated_layer47.npy
synthetic_compassion_017_violated,synthetic,compassion,harmlessness,47,7000.21240234375,mean_centered,/Users/manouchehrrimer/Desktop/BlueDot_Perona_Vector_Project/outputs/vector_construction/persona_vectors/harmlessness_layer47.npy,/Users/manouchehrrimer/Desktop/BlueDot_Perona_Vector_Project/outputs/synthetic_projection/activations/synthetic_compassion_017_violated_layer47.npy
synthetic_compassion_017_violated,synthetic,compassion,fairness,47,676.2333374023438,mean_centered,/Users/manouchehrrimer/Desktop/BlueDot_Perona_Vector_Project/outputs/vector_construction/persona_vectors/fairness_layer47.npy,/Users/manouchehrrimer/Desktop/BlueDot_Perona_Vector_Project/outputs/synthetic_projection/activations/synthetic_compassion_017_violated_layer47.npy
synthetic_compassion_017_violated,synthetic,compassion,compassion,47,4806.6298828125,mean_centered,/Users/manouchehrrimer/Desktop/BlueDot_Perona_Vector_Project/outputs/vector_construction/persona_vectors/compassion_layer47.npy,/Users/manouchehrrimer/Desktop/BlueDot_Perona_Vector_Project/outputs/synthetic_projection/activations/synthetic_compassion_017_violated_layer47.npy
synthetic_compassion_018_upheld,synthetic,compassion,honesty,32,-638.870361328125,mean_centered,/Users/manouchehrrimer/Desktop/BlueDot_Perona_Vector_Project/outputs/vector_construction/persona_vectors/honesty_layer32.npy,/Users/manouchehrrimer/Desktop/BlueDot_Perona_Vector_Project/outputs/synthetic_projection/activations/synthetic_compassion_018_upheld_layer32.npy
synthetic_compassion_018_upheld,synthetic,compassion,harmlessness,32,287.49627685546875,mean_centered,/Users/manouchehrrimer/Desktop/BlueDot_Perona_Vector_Project/outputs/vector_construction/persona_vectors/harmlessness_layer32.npy,/Users/manouchehrrimer/Desktop/BlueDot_Perona_Vector_Project/outputs/synthetic_projection/activations/synthetic_compassion_018_upheld_layer32.npy
synthetic_compassion_018_upheld,synthetic,compassion,fairness,32,-65.94689178466797,mean_centered,/Users/manouchehrrimer/Desktop/BlueDot_Perona_Vector_Project/outputs/vector_construction/persona_vectors/fairness_layer32.npy,/Users/manouchehrrimer/Desktop/BlueDot_Perona_Vector_Project/outputs/synthetic_projection/activations/synthetic_compassion_018_upheld_layer32.npy
synthetic_compassion_018_upheld,synthetic,compassion,compassion,32,-284.38079833984375,mean_centered,/Users/manouchehrrimer/Desktop/BlueDot_Perona_Vector_Project/outputs/vector_construction/persona_vectors/compassion_layer32.npy,/Users/manouchehrrimer/Desktop/BlueDot_Perona_Vector_Project/outputs/synthetic_projection/activations/synthetic_compassion_018_upheld_layer32.npy
synthetic_compassion_018_upheld,synthetic,compassion,honesty,40,-1015.7328491210938,mean_centered,/Users/manouchehrrimer/Desktop/BlueDot_Perona_Vector_Project/outputs/vector_construction/persona_vectors/honesty_layer40.npy,/Users/manouchehrrimer/Desktop/BlueDot_Perona_Vector_Project/outputs/synthetic_projection/activations/synthetic_compassion_018_upheld_layer40.npy
synthetic_compassion_018_upheld,synthetic,compassion,harmlessness,40,52.74473571777344,mean_centered,/Users/manouchehrrimer/Desktop/BlueDot_Perona_Vector_Project/outputs/vector_construction/persona_vectors/harmlessness_layer40.npy,/Users/manouchehrrimer/Desktop/BlueDot_Perona_Vector_Project/outputs/synthetic_projection/activations/synthetic_compassion_018_upheld_layer40.npy
synthetic_compassion_018_upheld,synthetic,compassion,fairness,40,-358.02215576171875,mean_centered,/Users/manouchehrrimer/Desktop/BlueDot_Perona_Vector_Project/outputs/vector_construction/persona_vectors/fairness_layer40.npy,/Users/manouchehrrimer/Desktop/BlueDot_Perona_Vector_Project/outputs/synthetic_projection/activations/synthetic_compassion_018_upheld_layer40.npy
synthetic_compassion_018_upheld,synthetic,compassion,compassion,40,-174.3350830078125,mean_centered,/Users/manouchehrrimer/Desktop/BlueDot_Perona_Vector_Project/outputs/vector_construction/persona_vectors/compassion_layer40.npy,/Users/manouchehrrimer/Desktop/BlueDot_Perona_Vector_Project/outputs/synthetic_projection/activations/synthetic_compassion_018_upheld_layer40.npy
synthetic_compassion_018_upheld,synthetic,compassion,honesty,47,-1070.6168212890625,mean_centered,/Users/manouchehrrimer/Desktop/BlueDot_Perona_Vector_Project/outputs/vector_construction/persona_vectors/honesty_layer47.npy,/Users/manouchehrrimer/Desktop/BlueDot_Perona_Vector_Project/outputs/synthetic_projection/activations/synthetic_compassion_018_upheld_layer47.npy
synthetic_compassion_018_upheld,synthetic,compassion,harmlessness,47,-497.4539794921875,mean_centered,/Users/manouchehrrimer/Desktop/BlueDot_Perona_Vector_Project/outputs/vector_construction/persona_vectors/harmlessness_layer47.npy,/Users/manouchehrrimer/Desktop/BlueDot_Perona_Vector_Project/outputs/synthetic_projection/activations/synthetic_compassion_018_upheld_layer47.npy
synthetic_compassion_018_upheld,synthetic,compassion,fairness,47,93.95000457763672,mean_centered,/Users/manouchehrrimer/Desktop/BlueDot_Perona_Vector_Project/outputs/vector_construction/persona_vectors/fairness_layer47.npy,/Users/manouchehrrimer/Desktop/BlueDot_Perona_Vector_Project/outputs/synthetic_projection/activations/synthetic_compassion_018_upheld_layer47.npy
synthetic_compassion_018_upheld,synthetic,compassion,compassion,47,-572.32958984375,mean_centered,/Users/manouchehrrimer/Desktop/BlueDot_Perona_Vector_Project/outputs/vector_construction/persona_vectors/compassion_layer47.npy,/Users/manouchehrrimer/Desktop/BlueDot_Perona_Vector_Project/outputs/synthetic_projection/activations/synthetic_compassion_018_upheld_layer47.npy
synthetic_compassion_018_violated,synthetic,compassion,honesty,32,-882.6656494140625,mean_centered,/Users/manouchehrrimer/Desktop/BlueDot_Perona_Vector_Project/outputs/vector_construction/persona_vectors/honesty_layer32.npy,/Users/manouchehrrimer/Desktop/BlueDot_Perona_Vector_Project/outputs/synthetic_projection/activations/synthetic_compassion_018_violated_layer32.npy
synthetic_compassion_018_violated,synthetic,compassion,harmlessness,32,1846.375244140625,mean_centered,/Users/manouchehrrimer/Desktop/BlueDot_Perona_Vector_Project/outputs/vector_construction/persona_vectors/harmlessness_layer32.npy,/Users/manouchehrrimer/Desktop/BlueDot_Perona_Vector_Project/outputs/synthetic_projection/activations/synthetic_compassion_018_violated_layer32.npy
synthetic_compassion_018_violated,synthetic,compassion,fairness,32,-1334.544921875,mean_centered,/Users/manouchehrrimer/Desktop/BlueDot_Perona_Vector_Project/outputs/vector_construction/persona_vectors/fairness_layer32.npy,/Users/manouchehrrimer/Desktop/BlueDot_Perona_Vector_Project/outputs/synthetic_projection/activations/synthetic_compassion_018_violated_layer32.npy
synthetic_compassion_018_violated,synthetic,compassion,compassion,32,-678.1622314453125,mean_centered,/Users/manouchehrrimer/Desktop/BlueDot_Perona_Vector_Project/outputs/vector_construction/persona_vectors/compassion_layer32.npy,/Users/manouchehrrimer/Desktop/BlueDot_Perona_Vector_Project/outputs/synthetic_projection/activations/synthetic_compassion_018_violated_layer32.npy
synthetic_compassion_018_violated,synthetic,compassion,honesty,40,-3860.405517578125,mean_centered,/Users/manouchehrrimer/Desktop/BlueDot_Perona_Vector_Project/outputs/vector_construction/persona_vectors/honesty_layer40.npy,/Users/manouchehrrimer/Desktop/BlueDot_Perona_Vector_Project/outputs/synthetic_projection/activations/synthetic_compassion_018_violated_layer40.npy
synthetic_compassion_018_violated,synthetic,compassion,harmlessness,40,758.56396484375,mean_centered,/Users/manouchehrrimer/Desktop/BlueDot_Perona_Vector_Project/outputs/vector_construction/persona_vectors/harmlessness_layer40.npy,/Users/manouchehrrimer/Desktop/BlueDot_Perona_Vector_Project/outputs/synthetic_projection/activations/synthetic_compassion_018_violated_layer40.npy
synthetic_compassion_018_violated,synthetic,compassion,fairness,40,-3090.04638671875,mean_centered,/Users/manouchehrrimer/Desktop/BlueDot_Perona_Vector_Project/outputs/vector_construction/persona_vectors/fairness_layer40.npy,/Users/manouchehrrimer/Desktop/BlueDot_Perona_Vector_Project/outputs/synthetic_projection/activations/synthetic_compassion_018_violated_layer40.npy
synthetic_compassion_018_violated,synthetic,compassion,compassion,40,377.90313720703125,mean_centered,/Users/manouchehrrimer/Desktop/BlueDot_Perona_Vector_Project/outputs/vector_construction/persona_vectors/compassion_layer40.npy,/Users/manouchehrrimer/Desktop/BlueDot_Perona_Vector_Project/outputs/synthetic_projection/activations/synthetic_compassion_018_violated_layer40.npy
synthetic_compassion_018_violated,synthetic,compassion,honesty,47,-1428.970458984375,mean_centered,/Users/manouchehrrimer/Desktop/BlueDot_Perona_Vector_Project/outputs/vector_construction/persona_vectors/honesty_layer47.npy,/Users/manouchehrrimer/Desktop/BlueDot_Perona_Vector_Project/outputs/synthetic_projection/activations/synthetic_compassion_018_violated_layer47.npy
synthetic_compassion_018_violated,synthetic,compassion,harmlessness,47,-1629.9013671875,mean_centered,/Users/manouchehrrimer/Desktop/BlueDot_Perona_Vector_Project/outputs/vector_construction/persona_vectors/harmlessness_layer47.npy,/Users/manouchehrrimer/Desktop/BlueDot_Perona_Vector_Project/outputs/synthetic_projection/activations/synthetic_compassion_018_violated_layer47.npy
synthetic_compassion_018_violated,synthetic,compassion,fairness,47,-806.7120971679688,mean_centered,/Users/manouchehrrimer/Desktop/BlueDot_Perona_Vector_Project/outputs/vector_construction/persona_vectors/fairness_layer47.npy,/Users/manouchehrrimer/Desktop/BlueDot_Perona_Vector_Project/outputs/synthetic_projection/activations/synthetic_compassion_018_violated_layer47.npy
synthetic_compassion_018_violated,synthetic,compassion,compassion,47,-906.2704467773438,mean_centered,/Users/manouchehrrimer/Desktop/BlueDot_Perona_Vector_Project/outputs/vector_construction/persona_vectors/compassion_layer47.npy,/Users/manouchehrrimer/Desktop/BlueDot_Perona_Vector_Project/outputs/synthetic_projection/activations/synthetic_compassion_018_violated_layer47.npy
synthetic_compassion_019_upheld,synthetic,compassion,honesty,32,-790.4217529296875,mean_centered,/Users/manouchehrrimer/Desktop/BlueDot_Perona_Vector_Project/outputs/vector_construction/persona_vectors/honesty_layer32.npy,/Users/manouchehrrimer/Desktop/BlueDot_Perona_Vector_Project/outputs/synthetic_projection/activations/synthetic_compassion_019_upheld_layer32.npy
synthetic_compassion_019_upheld,synthetic,compassion,harmlessness,32,265.40350341796875,mean_centered,/Users/manouchehrrimer/Desktop/BlueDot_Perona_Vector_Project/outputs/vector_construction/persona_vectors/harmlessness_layer32.npy,/Users/manouchehrrimer/Desktop/BlueDot_Perona_Vector_Project/outputs/synthetic_projection/activations/synthetic_compassion_019_upheld_layer32.npy
synthetic_compassion_019_upheld,synthetic,compassion,fairness,32,-117.63673400878906,mean_centered,/Users/manouchehrrimer/Desktop/BlueDot_Perona_Vector_Project/outputs/vector_construction/persona_vectors/fairness_layer32.npy,/Users/manouchehrrimer/Desktop/BlueDot_Perona_Vector_Project/outputs/synthetic_projection/activations/synthetic_compassion_019_upheld_layer32.npy
synthetic_compassion_019_upheld,synthetic,compassion,compassion,32,-445.08685302734375,mean_centered,/Users/manouchehrrimer/Desktop/BlueDot_Perona_Vector_Project/outputs/vector_construction/persona_vectors/compassion_layer32.npy,/Users/manouchehrrimer/Desktop/BlueDot_Perona_Vector_Project/outputs/synthetic_projection/activations/synthetic_compassion_019_upheld_layer32.npy
synthetic_compassion_019_upheld,synthetic,compassion,honesty,40,1373.64990234375,mean_centered,/Users/manouchehrrimer/Desktop/BlueDot_Perona_Vector_Project/outputs/vector_construction/persona_vectors/honesty_layer40.npy,/Users/manouchehrrimer/Desktop/BlueDot_Perona_Vector_Project/outputs/synthetic_projection/activations/synthetic_compassion_019_upheld_layer40.npy
synthetic_compassion_019_upheld,synthetic,compassion,harmlessness,40,-159.24542236328125,mean_centered,/Users/manouchehrrimer/Desktop/BlueDot_Perona_Vector_Project/outputs/vector_construction/persona_vectors/harmlessness_layer40.npy,/Users/manouchehrrimer/Desktop/BlueDot_Perona_Vector_Project/outputs/synthetic_projection/activations/synthetic_compassion_019_upheld_layer40.npy
synthetic_compassion_019_upheld,synthetic,compassion,fairness,40,1517.010986328125,mean_centered,/Users/manouchehrrimer/Desktop/BlueDot_Perona_Vector_Project/outputs/vector_construction/persona_vectors/fairness_layer40.npy,/Users/manouchehrrimer/Desktop/BlueDot_Perona_Vector_Project/outputs/synthetic_projection/activations/synthetic_compassion_019_upheld_layer40.npy
synthetic_compassion_019_upheld,synthetic,compassion,compassion,40,-107.22813415527344,mean_centered,/Users/manouchehrrimer/Desktop/BlueDot_Perona_Vector_Project/outputs/vector_construction/persona_vectors/compassion_layer40.npy,/Users/manouchehrrimer/Desktop/BlueDot_Perona_Vector_Project/outputs/synthetic_projection/activations/synthetic_compassion_019_upheld_layer40.npy
synthetic_compassion_019_upheld,synthetic,compassion,honesty,47,-1296.8995361328125,mean_centered,/Users/manouchehrrimer/Desktop/BlueDot_Perona_Vector_Project/outputs/vector_construction/persona_vectors/honesty_layer47.npy,/Users/manouchehrrimer/Desktop/BlueDot_Perona_Vector_Project/outputs/synthetic_projection/activations/synthetic_compassion_019_upheld_layer47.npy
synthetic_compassion_019_upheld,synthetic,compassion,harmlessness,47,-738.642578125,mean_centered,/Users/manouchehrrimer/Desktop/BlueDot_Perona_Vector_Project/outputs/vector_construction/persona_vectors/harmlessness_layer47.npy,/Users/manouchehrrimer/Desktop/BlueDot_Perona_Vector_Project/outputs/synthetic_projection/activations/synthetic_compassion_019_upheld_layer47.npy
synthetic_compassion_019_upheld,synthetic,compassion,fairness,47,297.5226745605469,mean_centered,/Users/manouchehrrimer/Desktop/BlueDot_Perona_Vector_Project/outputs/vector_construction/persona_vectors/fairness_layer47.npy,/Users/manouchehrrimer/Desktop/BlueDot_Perona_Vector_Project/outputs/synthetic_projection/activations/synthetic_compassion_019_upheld_layer47.npy
synthetic_compassion_019_upheld,synthetic,compassion,compassion,47,-508.3626708984375,mean_centered,/Users/manouchehrrimer/Desktop/BlueDot_Perona_Vector_Project/outputs/vector_construction/persona_vectors/compassion_layer47.npy,/Users/manouchehrrimer/Desktop/BlueDot_Perona_Vector_Project/outputs/synthetic_projection/activations/synthetic_compassion_019_upheld_layer47.npy
synthetic_compassion_019_violated,synthetic,compassion,honesty,32,-1068.565185546875,mean_centered,/Users/manouchehrrimer/Desktop/BlueDot_Perona_Vector_Project/outputs/vector_construction/persona_vectors/honesty_layer32.npy,/Users/manouchehrrimer/Desktop/BlueDot_Perona_Vector_Project/outputs/synthetic_projection/activations/synthetic_compassion_019_violated_layer32.npy
synthetic_compassion_019_violated,synthetic,compassion,harmlessness,32,1674.4073486328125,mean_centered,/Users/manouchehrrimer/Desktop/BlueDot_Perona_Vector_Project/outputs/vector_construction/persona_vectors/harmlessness_layer32.npy,/Users/manouchehrrimer/Desktop/BlueDot_Perona_Vector_Project/outputs/synthetic_projection/activations/synthetic_compassion_019_violated_layer32.npy
synthetic_compassion_019_violated,synthetic,compassion,fairness,32,-1270.2816162109375,mean_centered,/Users/manouchehrrimer/Desktop/BlueDot_Perona_Vector_Project/outputs/vector_construction/persona_vectors/fairness_layer32.npy,/Users/manouchehrrimer/Desktop/BlueDot_Perona_Vector_Project/outputs/synthetic_projection/activations/synthetic_compassion_019_violated_layer32.npy
synthetic_compassion_019_violated,synthetic,compassion,compassion,32,-1007.5814208984375,mean_centered,/Users/manouchehrrimer/Desktop/BlueDot_Perona_Vector_Project/outputs/vector_construction/persona_vectors/compassion_layer32.npy,/Users/manouchehrrimer/Desktop/BlueDot_Perona_Vector_Project/outputs/synthetic_projection/activations/synthetic_compassion_019_violated_layer32.npy
synthetic_compassion_019_violated,synthetic,compassion,honesty,40,-989.7093505859375,mean_centered,/Users/manouchehrrimer/Desktop/BlueDot_Perona_Vector_Project/outputs/vector_construction/persona_vectors/honesty_layer40.npy,/Users/manouchehrrimer/Desktop/BlueDot_Perona_Vector_Project/outputs/synthetic_projection/activations/synthetic_compassion_019_violated_layer40.npy
synthetic_compassion_019_violated,synthetic,compassion,harmlessness,40,349.7283935546875,mean_centered,/Users/manouchehrrimer/Desktop/BlueDot_Perona_Vector_Project/outputs/vector_construction/persona_vectors/harmlessness_layer40.npy,/Users/manouchehrrimer/Desktop/BlueDot_Perona_Vector_Project/outputs/synthetic_projection/activations/synthetic_compassion_019_violated_layer40.npy
synthetic_compassion_019_violated,synthetic,compassion,fairness,40,-579.1226196289062,mean_centered,/Users/manouchehrrimer/Desktop/BlueDot_Perona_Vector_Project/outputs/vector_construction/persona_vectors/fairness_layer40.npy,/Users/manouchehrrimer/Desktop/BlueDot_Perona_Vector_Project/outputs/synthetic_projection/activations/synthetic_compassion_019_violated_layer40.npy
synthetic_compassion_019_violated,synthetic,compassion,compassion,40,-21.619705200195312,mean_centered,/Users/manouchehrrimer/Desktop/BlueDot_Perona_Vector_Project/outputs/vector_construction/persona_vectors/compassion_layer40.npy,/Users/manouchehrrimer/Desktop/BlueDot_Perona_Vector_Project/outputs/synthetic_projection/activations/synthetic_compassion_019_violated_layer40.npy
synthetic_compassion_019_violated,synthetic,compassion,honesty,47,-195.21820068359375,mean_centered,/Users/manouchehrrimer/Desktop/BlueDot_Perona_Vector_Project/outputs/vector_construction/persona_vectors/honesty_layer47.npy,/Users/manouchehrrimer/Desktop/BlueDot_Perona_Vector_Project/outputs/synthetic_projection/activations/synthetic_compassion_019_violated_layer47.npy
synthetic_compassion_019_violated,synthetic,compassion,harmlessness,47,-749.6702880859375,mean_centered,/Users/manouchehrrimer/Desktop/BlueDot_Perona_Vector_Project/outputs/vector_construction/persona_vectors/harmlessness_layer47.npy,/Users/manouchehrrimer/Desktop/BlueDot_Perona_Vector_Project/outputs/synthetic_projection/activations/synthetic_compassion_019_violated_layer47.npy
synthetic_compassion_019_violated,synthetic,compassion,fairness,47,178.98397827148438,mean_centered,/Users/manouchehrrimer/Desktop/BlueDot_Perona_Vector_Project/outputs/vector_construction/persona_vectors/fairness_layer47.npy,/Users/manouchehrrimer/Desktop/BlueDot_Perona_Vector_Project/outputs/synthetic_projection/activations/synthetic_compassion_019_violated_layer47.npy
synthetic_compassion_019_violated,synthetic,compassion,compassion,47,-582.500732421875,mean_centered,/Users/manouchehrrimer/Desktop/BlueDot_Perona_Vector_Project/outputs/vector_construction/persona_vectors/compassion_layer47.npy,/Users/manouchehrrimer/Desktop/BlueDot_Perona_Vector_Project/outputs/synthetic_projection/activations/synthetic_compassion_019_violated_layer47.npy
synthetic_compassion_020_upheld,synthetic,compassion,honesty,32,-698.4566040039062,mean_centered,/Users/manouchehrrimer/Desktop/BlueDot_Perona_Vector_Project/outputs/vector_construction/persona_vectors/honesty_layer32.npy,/Users/manouchehrrimer/Desktop/BlueDot_Perona_Vector_Project/outputs/synthetic_projection/activations/synthetic_compassion_020_upheld_layer32.npy
synthetic_compassion_020_upheld,synthetic,compassion,harmlessness,32,375.87689208984375,mean_centered,/Users/manouchehrrimer/Desktop/BlueDot_Perona_Vector_Project/outputs/vector_construction/persona_vectors/harmlessness_layer32.npy,/Users/manouchehrrimer/Desktop/BlueDot_Perona_Vector_Project/outputs/synthetic_projection/activations/synthetic_compassion_020_upheld_layer32.npy
synthetic_compassion_020_upheld,synthetic,compassion,fairness,32,-140.4702606201172,mean_centered,/Users/manouchehrrimer/Desktop/BlueDot_Perona_Vector_Project/outputs/vector_construction/persona_vectors/fairness_layer32.npy,/Users/manouchehrrimer/Desktop/BlueDot_Perona_Vector_Project/outputs/synthetic_projection/activations/synthetic_compassion_020_upheld_layer32.npy
synthetic_compassion_020_upheld,synthetic,compassion,compassion,32,88.36427307128906,mean_centered,/Users/manouchehrrimer/Desktop/BlueDot_Perona_Vector_Project/outputs/vector_construction/persona_vectors/compassion_layer32.npy,/Users/manouchehrrimer/Desktop/BlueDot_Perona_Vector_Project/outputs/synthetic_projection/activations/synthetic_compassion_020_upheld_layer32.npy
synthetic_compassion_020_upheld,synthetic,compassion,honesty,40,-499.388671875,mean_centered,/Users/manouchehrrimer/Desktop/BlueDot_Perona_Vector_Project/outputs/vector_construction/persona_vectors/honesty_layer40.npy,/Users/manouchehrrimer/Desktop/BlueDot_Perona_Vector_Project/outputs/synthetic_projection/activations/synthetic_compassion_020_upheld_layer40.npy
synthetic_compassion_020_upheld,synthetic,compassion,harmlessness,40,400.1199645996094,mean_centered,/Users/manouchehrrimer/Desktop/BlueDot_Perona_Vector_Project/outputs/vector_construction/persona_vectors/harmlessness_layer40.npy,/Users/manouchehrrimer/Desktop/BlueDot_Perona_Vector_Project/outputs/synthetic_projection/activations/synthetic_compassion_020_upheld_layer40.npy
synthetic_compassion_020_upheld,synthetic,compassion,fairness,40,-6.658473968505859,mean_centered,/Users/manouchehrrimer/Desktop/BlueDot_Perona_Vector_Project/outputs/vector_construction/persona_vectors/fairness_layer40.npy,/Users/manouchehrrimer/Desktop/BlueDot_Perona_Vector_Project/outputs/synthetic_projection/activations/synthetic_compassion_020_upheld_layer40.npy
synthetic_compassion_020_upheld,synthetic,compassion,compassion,40,242.4329376220703,mean_centered,/Users/manouchehrrimer/Desktop/BlueDot_Perona_Vector_Project/outputs/vector_construction/persona_vectors/compassion_layer40.npy,/Users/manouchehrrimer/Desktop/BlueDot_Perona_Vector_Project/outputs/synthetic_projection/activations/synthetic_compassion_020_upheld_layer40.npy
synthetic_compassion_020_upheld,synthetic,compassion,honesty,47,293.40765380859375,mean_centered,/Users/manouchehrrimer/Desktop/BlueDot_Perona_Vector_Project/outputs/vector_construction/persona_vectors/honesty_layer47.npy,/Users/manouchehrrimer/Desktop/BlueDot_Perona_Vector_Project/outputs/synthetic_projection/activations/synthetic_compassion_020_upheld_layer47.npy
synthetic_compassion_020_upheld,synthetic,compassion,harmlessness,47,1880.927978515625,mean_centered,/Users/manouchehrrimer/Desktop/BlueDot_Perona_Vector_Project/outputs/vector_construction/persona_vectors/harmlessness_layer47.npy,/Users/manouchehrrimer/Desktop/BlueDot_Perona_Vector_Project/outputs/synthetic_projection/activations/synthetic_compassion_020_upheld_layer47.npy
synthetic_compassion_020_upheld,synthetic,compassion,fairness,47,392.24188232421875,mean_centered,/Users/manouchehrrimer/Desktop/BlueDot_Perona_Vector_Project/outputs/vector_construction/persona_vectors/fairness_layer47.npy,/Users/manouchehrrimer/Desktop/BlueDot_Perona_Vector_Project/outputs/synthetic_projection/activations/synthetic_compassion_020_upheld_layer47.npy
synthetic_compassion_020_upheld,synthetic,compassion,compassion,47,912.7455444335938,mean_centered,/Users/manouchehrrimer/Desktop/BlueDot_Perona_Vector_Project/outputs/vector_construction/persona_vectors/compassion_layer47.npy,/Users/manouchehrrimer/Desktop/BlueDot_Perona_Vector_Project/outputs/synthetic_projection/activations/synthetic_compassion_020_upheld_layer47.npy
synthetic_compassion_020_violated,synthetic,compassion,honesty,32,36.93102264404297,mean_centered,/Users/manouchehrrimer/Desktop/BlueDot_Perona_Vector_Project/outputs/vector_construction/persona_vectors/honesty_layer32.npy,/Users/manouchehrrimer/Desktop/BlueDot_Perona_Vector_Project/outputs/synthetic_projection/activations/synthetic_compassion_020_violated_layer32.npy
synthetic_compassion_020_violated,synthetic,compassion,harmlessness,32,677.9874877929688,mean_centered,/Users/manouchehrrimer/Desktop/BlueDot_Perona_Vector_Project/outputs/vector_construction/persona_vectors/harmlessness_layer32.npy,/Users/manouchehrrimer/Desktop/BlueDot_Perona_Vector_Project/outputs/synthetic_projection/activations/synthetic_compassion_020_violated_layer32.npy
synthetic_compassion_020_violated,synthetic,compassion,fairness,32,-362.1827392578125,mean_centered,/Users/manouchehrrimer/Desktop/BlueDot_Perona_Vector_Project/outputs/vector_construction/persona_vectors/fairness_layer32.npy,/Users/manouchehrrimer/Desktop/BlueDot_Perona_Vector_Project/outputs/synthetic_projection/activations/synthetic_compassion_020_violated_layer32.npy
synthetic_compassion_020_violated,synthetic,compassion,compassion,32,378.68048095703125,mean_centered,/Users/manouchehrrimer/Desktop/BlueDot_Perona_Vector_Project/outputs/vector_construction/persona_vectors/compassion_layer32.npy,/Users/manouchehrrimer/Desktop/BlueDot_Perona_Vector_Project/outputs/synthetic_projection/activations/synthetic_compassion_020_violated_layer32.npy
synthetic_compassion_020_violated,synthetic,compassion,honesty,40,2236.234130859375,mean_centered,/Users/manouchehrrimer/Desktop/BlueDot_Perona_Vector_Project/outputs/vector_construction/persona_vectors/honesty_layer40.npy,/Users/manouchehrrimer/Desktop/BlueDot_Perona_Vector_Project/outputs/synthetic_projection/activations/synthetic_compassion_020_violated_layer40.npy
synthetic_compassion_020_violated,synthetic,compassion,harmlessness,40,1120.6658935546875,mean_centered,/Users/manouchehrrimer/Desktop/BlueDot_Perona_Vector_Project/outputs/vector_construction/persona_vectors/harmlessness_layer40.npy,/Users/manouchehrrimer/Desktop/BlueDot_Perona_Vector_Project/outputs/synthetic_projection/activations/synthetic_compassion_020_violated_layer40.npy
synthetic_compassion_020_violated,synthetic,compassion,fairness,40,1095.804931640625,mean_centered,/Users/manouchehrrimer/Desktop/BlueDot_Perona_Vector_Project/outputs/vector_construction/persona_vectors/fairness_layer40.npy,/Users/manouchehrrimer/Desktop/BlueDot_Perona_Vector_Project/outputs/synthetic_projection/activations/synthetic_compassion_020_violated_layer40.npy
synthetic_compassion_020_violated,synthetic,compassion,compassion,40,674.1555786132812,mean_centered,/Users/manouchehrrimer/Desktop/BlueDot_Perona_Vector_Project/outputs/vector_construction/persona_vectors/compassion_layer40.npy,/Users/manouchehrrimer/Desktop/BlueDot_Perona_Vector_Project/outputs/synthetic_projection/activations/synthetic_compassion_020_violated_layer40.npy
synthetic_compassion_020_violated,synthetic,compassion,honesty,47,4238.52197265625,mean_centered,/Users/manouchehrrimer/Desktop/BlueDot_Perona_Vector_Project/outputs/vector_construction/persona_vectors/honesty_layer47.npy,/Users/manouchehrrimer/Desktop/BlueDot_Perona_Vector_Project/outputs/synthetic_projection/activations/synthetic_compassion_020_violated_layer47.npy
synthetic_compassion_020_violated,synthetic,compassion,harmlessness,47,5436.787109375,mean_centered,/Users/manouchehrrimer/Desktop/BlueDot_Perona_Vector_Project/outputs/vector_construction/persona_vectors/harmlessness_layer47.npy,/Users/manouchehrrimer/Desktop/BlueDot_Perona_Vector_Project/outputs/synthetic_projection/activations/synthetic_compassion_020_violated_layer47.npy
synthetic_compassion_020_violated,synthetic,compassion,fairness,47,612.8046875,mean_centered,/Users/manouchehrrimer/Desktop/BlueDot_Perona_Vector_Project/outputs/vector_construction/persona_vectors/fairness_layer47.npy,/Users/manouchehrrimer/Desktop/BlueDot_Perona_Vector_Project/outputs/synthetic_projection/activations/synthetic_compassion_020_violated_layer47.npy
synthetic_compassion_020_violated,synthetic,compassion,compassion,47,2648.41650390625,mean_centered,/Users/manouchehrrimer/Desktop/BlueDot_Perona_Vector_Project/outputs/vector_construction/persona_vectors/compassion_layer47.npy,/Users/manouchehrrimer/Desktop/BlueDot_Perona_Vector_Project/outputs/synthetic_projection/activations/synthetic_compassion_020_violated_layer47.npy
