item_id,source_split,primary_trait,projected_trait,layer,projection,projection_preprocessing,vector_path,activation_path
commonsense_test_000032,commonsense,harmlessness,honesty,32,188.9021453857422,mean_centered,/Users/manouchehrrimer/Desktop/BlueDot_Perona_Vector_Project/outputs/vector_construction/persona_vectors/honesty_layer32.npy,/Users/manouchehrrimer/Desktop/BlueDot_Perona_Vector_Project/outputs/ethics_projection/activations/commonsense_test_000032_layer32.npy
commonsense_test_000032,commonsense,harmlessness,harmlessness,32,506.864501953125,mean_centered,/Users/manouchehrrimer/Desktop/BlueDot_Perona_Vector_Project/outputs/vector_construction/persona_vectors/harmlessness_layer32.npy,/Users/manouchehrrimer/Desktop/BlueDot_Perona_Vector_Project/outputs/ethics_projection/activations/commonsense_test_000032_layer32.npy
commonsense_test_000032,commonsense,harmlessness,fairness,32,26.93825912475586,mean_centered,/Users/manouchehrrimer/Desktop/BlueDot_Perona_Vector_Project/outputs/vector_construction/persona_vectors/fairness_layer32.npy,/Users/manouchehrrimer/Desktop/BlueDot_Perona_Vector_Project/outputs/ethics_projection/activations/commonsense_test_000032_layer32.npy
commonsense_test_000032,commonsense,harmlessness,compassion,32,317.95977783203125,mean_centered,/Users/manouchehrrimer/Desktop/BlueDot_Perona_Vector_Project/outputs/vector_construction/persona_vectors/compassion_layer32.npy,/Users/manouchehrrimer/Desktop/BlueDot_Perona_Vector_Project/outputs/ethics_projection/activations/commonsense_test_000032_layer32.npy
commonsense_test_000032,commonsense,harmlessness,honesty,40,2156.56884765625,mean_centered,/Users/manouchehrrimer/Desktop/BlueDot_Perona_Vector_Project/outputs/vector_construction/persona_vectors/honesty_layer40.npy,/Users/manouchehrrimer/Desktop/BlueDot_Perona_Vector_Project/outputs/ethics_projection/activations/commonsense_test_000032_layer40.npy
commonsense_test_000032,commonsense,harmlessness,harmlessness,40,1097.5809326171875,mean_centered,/Users/manouchehrrimer/Desktop/BlueDot_Perona_Vector_Project/outputs/vector_construction/persona_vectors/harmlessness_layer40.npy,/Users/manouchehrrimer/Desktop/BlueDot_Perona_Vector_Project/outputs/ethics_projection/activations/commonsense_test_000032_layer40.npy
commonsense_test_000032,commonsense,harmlessness,fairness,40,1205.1009521484375,mean_centered,/Users/manouchehrrimer/Desktop/BlueDot_Perona_Vector_Project/outputs/vector_construction/persona_vectors/fairness_layer40.npy,/Users/manouchehrrimer/Desktop/BlueDot_Perona_Vector_Project/outputs/ethics_projection/activations/commonsense_test_000032_layer40.npy
commonsense_test_000032,commonsense,harmlessness,compassion,40,97.06734466552734,mean_centered,/Users/manouchehrrimer/Desktop/BlueDot_Perona_Vector_Project/outputs/vector_construction/persona_vectors/compassion_layer40.npy,/Users/manouchehrrimer/Desktop/BlueDot_Perona_Vector_Project/outputs/ethics_projection/activations/commonsense_test_000032_layer40.npy
commonsense_test_000032,commonsense,harmlessness,honesty,47,3507.2548828125,mean_centered,/Users/manouchehrrimer/Desktop/BlueDot_Perona_Vector_Project/outputs/vector_construction/persona_vectors/honesty_layer47.npy,/Users/manouchehrrimer/Desktop/BlueDot_Perona_Vector_Project/outputs/ethics_projection/activations/commonsense_test_000032_layer47.npy
commonsense_test_000032,commonsense,harmlessness,harmlessness,47,5316.546875,mean_centered,/Users/manouchehrrimer/Desktop/BlueDot_Perona_Vector_Project/outputs/vector_construction/persona_vectors/harmlessness_layer47.npy,/Users/manouchehrrimer/Desktop/BlueDot_Perona_Vector_Project/outputs/ethics_projection/activations/commonsense_test_000032_layer47.npy
commonsense_test_000032,commonsense,harmlessness,fairness,47,879.80908203125,mean_centered,/Users/manouchehrrimer/Desktop/BlueDot_Perona_Vector_Project/outputs/vector_construction/persona_vectors/fairness_layer47.npy,/Users/manouchehrrimer/Desktop/BlueDot_Perona_Vector_Project/outputs/ethics_projection/activations/commonsense_test_000032_layer47.npy
commonsense_test_000032,commonsense,harmlessness,compassion,47,2406.37841796875,mean_centered,/Users/manouchehrrimer/Desktop/BlueDot_Perona_Vector_Project/outputs/vector_construction/persona_vectors/compassion_layer47.npy,/Users/manouchehrrimer/Desktop/BlueDot_Perona_Vector_Project/outputs/ethics_projection/activations/commonsense_test_000032_layer47.npy
commonsense_test_000211,commonsense,harmlessness,honesty,32,257.71014404296875,mean_centered,/Users/manouchehrrimer/Desktop/BlueDot_Perona_Vector_Project/outputs/vector_construction/persona_vectors/honesty_layer32.npy,/Users/manouchehrrimer/Desktop/BlueDot_Perona_Vector_Project/outputs/ethics_projection/activations/commonsense_test_000211_layer32.npy
commonsense_test_000211,commonsense,harmlessness,harmlessness,32,-796.095458984375,mean_centered,/Users/manouchehrrimer/Desktop/BlueDot_Perona_Vector_Project/outputs/vector_construction/persona_vectors/harmlessness_layer32.npy,/Users/manouchehrrimer/Desktop/BlueDot_Perona_Vector_Project/outputs/ethics_projection/activations/commonsense_test_000211_layer32.npy
commonsense_test_000211,commonsense,harmlessness,fairness,32,771.8515625,mean_centered,/Users/manouchehrrimer/Desktop/BlueDot_Perona_Vector_Project/outputs/vector_construction/persona_vectors/fairness_layer32.npy,/Users/manouchehrrimer/Desktop/BlueDot_Perona_Vector_Project/outputs/ethics_projection/activations/commonsense_test_000211_layer32.npy
commonsense_test_000211,commonsense,harmlessness,compassion,32,-256.7685852050781,mean_centered,/Users/manouchehrrimer/Desktop/BlueDot_Perona_Vector_Project/outputs/vector_construction/persona_vectors/compassion_layer32.npy,/Users/manouchehrrimer/Desktop/BlueDot_Perona_Vector_Project/outputs/ethics_projection/activations/commonsense_test_000211_layer32.npy
commonsense_test_000211,commonsense,harmlessness,honesty,40,550.8605346679688,mean_centered,/Users/manouchehrrimer/Desktop/BlueDot_Perona_Vector_Project/outputs/vector_construction/persona_vectors/honesty_layer40.npy,/Users/manouchehrrimer/Desktop/BlueDot_Perona_Vector_Project/outputs/ethics_projection/activations/commonsense_test_000211_layer40.npy
commonsense_test_000211,commonsense,harmlessness,harmlessness,40,-706.9819946289062,mean_centered,/Users/manouchehrrimer/Desktop/BlueDot_Perona_Vector_Project/outputs/vector_construction/persona_vectors/harmlessness_layer40.npy,/Users/manouchehrrimer/Desktop/BlueDot_Perona_Vector_Project/outputs/ethics_projection/activations/commonsense_test_000211_layer40.npy
commonsense_test_000211,commonsense,harmlessness,fairness,40,1151.7373046875,mean_centered,/Users/manouchehrrimer/Desktop/BlueDot_Perona_Vector_Project/outputs/vector_construction/persona_vectors/fairness_layer40.npy,/Users/manouchehrrimer/Desktop/BlueDot_Perona_Vector_Project/outputs/ethics_projection/activations/commonsense_test_000211_layer40.npy
commonsense_test_000211,commonsense,harmlessness,compassion,40,-893.9678344726562,mean_centered,/Users/manouchehrrimer/Desktop/BlueDot_Perona_Vector_Project/outputs/vector_construction/persona_vectors/compassion_layer40.npy,/Users/manouchehrrimer/Desktop/BlueDot_Perona_Vector_Project/outputs/ethics_projection/activations/commonsense_test_000211_layer40.npy
commonsense_test_000211,commonsense,harmlessness,honesty,47,2996.914794921875,mean_centered,/Users/manouchehrrimer/Desktop/BlueDot_Perona_Vector_Project/outputs/vector_construction/persona_vectors/honesty_layer47.npy,/Users/manouchehrrimer/Desktop/BlueDot_Perona_Vector_Project/outputs/ethics_projection/activations/commonsense_test_000211_layer47.npy
commonsense_test_000211,commonsense,harmlessness,harmlessness,47,3232.7880859375,mean_centered,/Users/manouchehrrimer/Desktop/BlueDot_Perona_Vector_Project/outputs/vector_construction/persona_vectors/harmlessness_layer47.npy,/Users/manouchehrrimer/Desktop/BlueDot_Perona_Vector_Project/outputs/ethics_projection/activations/commonsense_test_000211_layer47.npy
commonsense_test_000211,commonsense,harmlessness,fairness,47,2420.2333984375,mean_centered,/Users/manouchehrrimer/Desktop/BlueDot_Perona_Vector_Project/outputs/vector_construction/persona_vectors/fairness_layer47.npy,/Users/manouchehrrimer/Desktop/BlueDot_Perona_Vector_Project/outputs/ethics_projection/activations/commonsense_test_000211_layer47.npy
commonsense_test_000211,commonsense,harmlessness,compassion,47,815.7616577148438,mean_centered,/Users/manouchehrrimer/Desktop/BlueDot_Perona_Vector_Project/outputs/vector_construction/persona_vectors/compassion_layer47.npy,/Users/manouchehrrimer/Desktop/BlueDot_Perona_Vector_Project/outputs/ethics_projection/activations/commonsense_test_000211_layer47.npy
commonsense_test_000229,commonsense,honesty,honesty,32,620.0014038085938,mean_centered,/Users/manouchehrrimer/Desktop/BlueDot_Perona_Vector_Project/outputs/vector_construction/persona_vectors/honesty_layer32.npy,/Users/manouchehrrimer/Desktop/BlueDot_Perona_Vector_Project/outputs/ethics_projection/activations/commonsense_test_000229_layer32.npy
commonsense_test_000229,commonsense,honesty,harmlessness,32,-951.5484619140625,mean_centered,/Users/manouchehrrimer/Desktop/BlueDot_Perona_Vector_Project/outputs/vector_construction/persona_vectors/harmlessness_layer32.npy,/Users/manouchehrrimer/Desktop/BlueDot_Perona_Vector_Project/outputs/ethics_projection/activations/commonsense_test_000229_layer32.npy
commonsense_test_000229,commonsense,honesty,fairness,32,940.5750732421875,mean_centered,/Users/manouchehrrimer/Desktop/BlueDot_Perona_Vector_Project/outputs/vector_construction/persona_vectors/fairness_layer32.npy,/Users/manouchehrrimer/Desktop/BlueDot_Perona_Vector_Project/outputs/ethics_projection/activations/commonsense_test_000229_layer32.npy
commonsense_test_000229,commonsense,honesty,compassion,32,284.70904541015625,mean_centered,/Users/manouchehrrimer/Desktop/BlueDot_Perona_Vector_Project/outputs/vector_construction/persona_vectors/compassion_layer32.npy,/Users/manouchehrrimer/Desktop/BlueDot_Perona_Vector_Project/outputs/ethics_projection/activations/commonsense_test_000229_layer32.npy
commonsense_test_000229,commonsense,honesty,honesty,40,3446.45654296875,mean_centered,/Users/manouchehrrimer/Desktop/BlueDot_Perona_Vector_Project/outputs/vector_construction/persona_vectors/honesty_layer40.npy,/Users/manouchehrrimer/Desktop/BlueDot_Perona_Vector_Project/outputs/ethics_projection/activations/commonsense_test_000229_layer40.npy
commonsense_test_000229,commonsense,honesty,harmlessness,40,-301.849609375,mean_centered,/Users/manouchehrrimer/Desktop/BlueDot_Perona_Vector_Project/outputs/vector_construction/persona_vectors/harmlessness_layer40.npy,/Users/manouchehrrimer/Desktop/BlueDot_Perona_Vector_Project/outputs/ethics_projection/activations/commonsense_test_000229_layer40.npy
commonsense_test_000229,commonsense,honesty,fairness,40,3117.36474609375,mean_centered,/Users/manouchehrrimer/Desktop/BlueDot_Perona_Vector_Project/outputs/vector_construction/persona_vectors/fairness_layer40.npy,/Users/manouchehrrimer/Desktop/BlueDot_Perona_Vector_Project/outputs/ethics_projection/activations/commonsense_test_000229_layer40.npy
commonsense_test_000229,commonsense,honesty,compassion,40,-463.89605712890625,mean_centered,/Users/manouchehrrimer/Desktop/BlueDot_Perona_Vector_Project/outputs/vector_construction/persona_vectors/compassion_layer40.npy,/Users/manouchehrrimer/Desktop/BlueDot_Perona_Vector_Project/outputs/ethics_projection/activations/commonsense_test_000229_layer40.npy
commonsense_test_000229,commonsense,honesty,honesty,47,3060.017578125,mean_centered,/Users/manouchehrrimer/Desktop/BlueDot_Perona_Vector_Project/outputs/vector_construction/persona_vectors/honesty_layer47.npy,/Users/manouchehrrimer/Desktop/BlueDot_Perona_Vector_Project/outputs/ethics_projection/activations/commonsense_test_000229_layer47.npy
commonsense_test_000229,commonsense,honesty,harmlessness,47,3644.322998046875,mean_centered,/Users/manouchehrrimer/Desktop/BlueDot_Perona_Vector_Project/outputs/vector_construction/persona_vectors/harmlessness_layer47.npy,/Users/manouchehrrimer/Desktop/BlueDot_Perona_Vector_Project/outputs/ethics_projection/activations/commonsense_test_000229_layer47.npy
commonsense_test_000229,commonsense,honesty,fairness,47,1966.3380126953125,mean_centered,/Users/manouchehrrimer/Desktop/BlueDot_Perona_Vector_Project/outputs/vector_construction/persona_vectors/fairness_layer47.npy,/Users/manouchehrrimer/Desktop/BlueDot_Perona_Vector_Project/outputs/ethics_projection/activations/commonsense_test_000229_layer47.npy
commonsense_test_000229,commonsense,honesty,compassion,47,1350.68896484375,mean_centered,/Users/manouchehrrimer/Desktop/BlueDot_Perona_Vector_Project/outputs/vector_construction/persona_vectors/compassion_layer47.npy,/Users/manouchehrrimer/Desktop/BlueDot_Perona_Vector_Project/outputs/ethics_projection/activations/commonsense_test_000229_layer47.npy
commonsense_test_000270,commonsense,harmlessness,honesty,32,-218.29248046875,mean_centered,/Users/manouchehrrimer/Desktop/BlueDot_Perona_Vector_Project/outputs/vector_construction/persona_vectors/honesty_layer32.npy,/Users/manouchehrrimer/Desktop/BlueDot_Perona_Vector_Project/outputs/ethics_projection/activations/commonsense_test_000270_layer32.npy
commonsense_test_000270,commonsense,harmlessness,harmlessness,32,538.4019165039062,mean_centered,/Users/manouchehrrimer/Desktop/BlueDot_Perona_Vector_Project/outputs/vector_construction/persona_vectors/harmlessness_layer32.npy,/Users/manouchehrrimer/Desktop/BlueDot_Perona_Vector_Project/outputs/ethics_projection/activations/commonsense_test_000270_layer32.npy
commonsense_test_000270,commonsense,harmlessness,fairness,32,-116.6366195678711,mean_centered,/Users/manouchehrrimer/Desktop/BlueDot_Perona_Vector_Project/outputs/vector_construction/persona_vectors/fairness_layer32.npy,/Users/manouchehrrimer/Desktop/BlueDot_Perona_Vector_Project/outputs/ethics_projection/activations/commonsense_test_000270_layer32.npy
commonsense_test_000270,commonsense,harmlessness,compassion,32,-162.95497131347656,mean_centered,/Users/manouchehrrimer/Desktop/BlueDot_Perona_Vector_Project/outputs/vector_construction/persona_vectors/compassion_layer32.npy,/Users/manouchehrrimer/Desktop/BlueDot_Perona_Vector_Project/outputs/ethics_projection/activations/commonsense_test_000270_layer32.npy
commonsense_test_000270,commonsense,harmlessness,honesty,40,287.7532958984375,mean_centered,/Users/manouchehrrimer/Desktop/BlueDot_Perona_Vector_Project/outputs/vector_construction/persona_vectors/honesty_layer40.npy,/Users/manouchehrrimer/Desktop/BlueDot_Perona_Vector_Project/outputs/ethics_projection/activations/commonsense_test_000270_layer40.npy
commonsense_test_000270,commonsense,harmlessness,harmlessness,40,1396.962158203125,mean_centered,/Users/manouchehrrimer/Desktop/BlueDot_Perona_Vector_Project/outputs/vector_construction/persona_vectors/harmlessness_layer40.npy,/Users/manouchehrrimer/Desktop/BlueDot_Perona_Vector_Project/outputs/ethics_projection/activations/commonsense_test_000270_layer40.npy
commonsense_test_000270,commonsense,harmlessness,fairness,40,595.9718627929688,mean_centered,/Users/manouchehrrimer/Desktop/BlueDot_Perona_Vector_Project/outputs/vector_construction/persona_vectors/fairness_layer40.npy,/Users/manouchehrrimer/Desktop/BlueDot_Perona_Vector_Project/outputs/ethics_projection/activations/commonsense_test_000270_layer40.npy
commonsense_test_000270,commonsense,harmlessness,compassion,40,-483.5210876464844,mean_centered,/Users/manouchehrrimer/Desktop/BlueDot_Perona_Vector_Project/outputs/vector_construction/persona_vectors/compassion_layer40.npy,/Users/manouchehrrimer/Desktop/BlueDot_Perona_Vector_Project/outputs/ethics_projection/activations/commonsense_test_000270_layer40.npy
commonsense_test_000270,commonsense,harmlessness,honesty,47,3452.5107421875,mean_centered,/Users/manouchehrrimer/Desktop/BlueDot_Perona_Vector_Project/outputs/vector_construction/persona_vectors/honesty_layer47.npy,/Users/manouchehrrimer/Desktop/BlueDot_Perona_Vector_Project/outputs/ethics_projection/activations/commonsense_test_000270_layer47.npy
commonsense_test_000270,commonsense,harmlessness,harmlessness,47,4899.765625,mean_centered,/Users/manouchehrrimer/Desktop/BlueDot_Perona_Vector_Project/outputs/vector_construction/persona_vectors/harmlessness_layer47.npy,/Users/manouchehrrimer/Desktop/BlueDot_Perona_Vector_Project/outputs/ethics_projection/activations/commonsense_test_000270_layer47.npy
commonsense_test_000270,commonsense,harmlessness,fairness,47,1354.102783203125,mean_centered,/Users/manouchehrrimer/Desktop/BlueDot_Perona_Vector_Project/outputs/vector_construction/persona_vectors/fairness_layer47.npy,/Users/manouchehrrimer/Desktop/BlueDot_Perona_Vector_Project/outputs/ethics_projection/activations/commonsense_test_000270_layer47.npy
commonsense_test_000270,commonsense,harmlessness,compassion,47,1130.671630859375,mean_centered,/Users/manouchehrrimer/Desktop/BlueDot_Perona_Vector_Project/outputs/vector_construction/persona_vectors/compassion_layer47.npy,/Users/manouchehrrimer/Desktop/BlueDot_Perona_Vector_Project/outputs/ethics_projection/activations/commonsense_test_000270_layer47.npy
commonsense_test_000291,commonsense,harmlessness,honesty,32,-630.860107421875,mean_centered,/Users/manouchehrrimer/Desktop/BlueDot_Perona_Vector_Project/outputs/vector_construction/persona_vectors/honesty_layer32.npy,/Users/manouchehrrimer/Desktop/BlueDot_Perona_Vector_Project/outputs/ethics_projection/activations/commonsense_test_000291_layer32.npy
commonsense_test_000291,commonsense,harmlessness,harmlessness,32,1595.54638671875,mean_centered,/Users/manouchehrrimer/Desktop/BlueDot_Perona_Vector_Project/outputs/vector_construction/persona_vectors/harmlessness_layer32.npy,/Users/manouchehrrimer/Desktop/BlueDot_Perona_Vector_Project/outputs/ethics_projection/activations/commonsense_test_000291_layer32.npy
commonsense_test_000291,commonsense,harmlessness,fairness,32,-933.3795166015625,mean_centered,/Users/manouchehrrimer/Desktop/BlueDot_Perona_Vector_Project/outputs/vector_construction/persona_vectors/fairness_layer32.npy,/Users/manouchehrrimer/Desktop/BlueDot_Perona_Vector_Project/outputs/ethics_projection/activations/commonsense_test_000291_layer32.npy
commonsense_test_000291,commonsense,harmlessness,compassion,32,-492.6985168457031,mean_centered,/Users/manouchehrrimer/Desktop/BlueDot_Perona_Vector_Project/outputs/vector_construction/persona_vectors/compassion_layer32.npy,/Users/manouchehrrimer/Desktop/BlueDot_Perona_Vector_Project/outputs/ethics_projection/activations/commonsense_test_000291_layer32.npy
commonsense_test_000291,commonsense,harmlessness,honesty,40,-2466.794189453125,mean_centered,/Users/manouchehrrimer/Desktop/BlueDot_Perona_Vector_Project/outputs/vector_construction/persona_vectors/honesty_layer40.npy,/Users/manouchehrrimer/Desktop/BlueDot_Perona_Vector_Project/outputs/ethics_projection/activations/commonsense_test_000291_layer40.npy
commonsense_test_000291,commonsense,harmlessness,harmlessness,40,1152.694580078125,mean_centered,/Users/manouchehrrimer/Desktop/BlueDot_Perona_Vector_Project/outputs/vector_construction/persona_vectors/harmlessness_layer40.npy,/Users/manouchehrrimer/Desktop/BlueDot_Perona_Vector_Project/outputs/ethics_projection/activations/commonsense_test_000291_layer40.npy
commonsense_test_000291,commonsense,harmlessness,fairness,40,-1860.545166015625,mean_centered,/Users/manouchehrrimer/Desktop/BlueDot_Perona_Vector_Project/outputs/vector_construction/persona_vectors/fairness_layer40.npy,/Users/manouchehrrimer/Desktop/BlueDot_Perona_Vector_Project/outputs/ethics_projection/activations/commonsense_test_000291_layer40.npy
commonsense_test_000291,commonsense,harmlessness,compassion,40,51.99375915527344,mean_centered,/Users/manouchehrrimer/Desktop/BlueDot_Perona_Vector_Project/outputs/vector_construction/persona_vectors/compassion_layer40.npy,/Users/manouchehrrimer/Desktop/BlueDot_Perona_Vector_Project/outputs/ethics_projection/activations/commonsense_test_000291_layer40.npy
commonsense_test_000291,commonsense,harmlessness,honesty,47,-2164.23486328125,mean_centered,/Users/manouchehrrimer/Desktop/BlueDot_Perona_Vector_Project/outputs/vector_construction/persona_vectors/honesty_layer47.npy,/Users/manouchehrrimer/Desktop/BlueDot_Perona_Vector_Project/outputs/ethics_projection/activations/commonsense_test_000291_layer47.npy
commonsense_test_000291,commonsense,harmlessness,harmlessness,47,-2104.737060546875,mean_centered,/Users/manouchehrrimer/Desktop/BlueDot_Perona_Vector_Project/outputs/vector_construction/persona_vectors/harmlessness_layer47.npy,/Users/manouchehrrimer/Desktop/BlueDot_Perona_Vector_Project/outputs/ethics_projection/activations/commonsense_test_000291_layer47.npy
commonsense_test_000291,commonsense,harmlessness,fairness,47,-811.8305053710938,mean_centered,/Users/manouchehrrimer/Desktop/BlueDot_Perona_Vector_Project/outputs/vector_construction/persona_vectors/fairness_layer47.npy,/Users/manouchehrrimer/Desktop/BlueDot_Perona_Vector_Project/outputs/ethics_projection/activations/commonsense_test_000291_layer47.npy
commonsense_test_000291,commonsense,harmlessness,compassion,47,-1581.094482421875,mean_centered,/Users/manouchehrrimer/Desktop/BlueDot_Perona_Vector_Project/outputs/vector_construction/persona_vectors/compassion_layer47.npy,/Users/manouchehrrimer/Desktop/BlueDot_Perona_Vector_Project/outputs/ethics_projection/activations/commonsense_test_000291_layer47.npy
commonsense_test_000321,commonsense,harmlessness,honesty,32,265.37933349609375,mean_centered,/Users/manouchehrrimer/Desktop/BlueDot_Perona_Vector_Project/outputs/vector_construction/persona_vectors/honesty_layer32.npy,/Users/manouchehrrimer/Desktop/BlueDot_Perona_Vector_Project/outputs/ethics_projection/activations/commonsense_test_000321_layer32.npy
commonsense_test_000321,commonsense,harmlessness,harmlessness,32,17.999059677124023,mean_centered,/Users/manouchehrrimer/Desktop/BlueDot_Perona_Vector_Project/outputs/vector_construction/persona_vectors/harmlessness_layer32.npy,/Users/manouchehrrimer/Desktop/BlueDot_Perona_Vector_Project/outputs/ethics_projection/activations/commonsense_test_000321_layer32.npy
commonsense_test_000321,commonsense,harmlessness,fairness,32,297.0037536621094,mean_centered,/Users/manouchehrrimer/Desktop/BlueDot_Perona_Vector_Project/outputs/vector_construction/persona_vectors/fairness_layer32.npy,/Users/manouchehrrimer/Desktop/BlueDot_Perona_Vector_Project/outputs/ethics_projection/activations/commonsense_test_000321_layer32.npy
commonsense_test_000321,commonsense,harmlessness,compassion,32,-45.941680908203125,mean_centered,/Users/manouchehrrimer/Desktop/BlueDot_Perona_Vector_Project/outputs/vector_construction/persona_vectors/compassion_layer32.npy,/Users/manouchehrrimer/Desktop/BlueDot_Perona_Vector_Project/outputs/ethics_projection/activations/commonsense_test_000321_layer32.npy
commonsense_test_000321,commonsense,harmlessness,honesty,40,1538.78076171875,mean_centered,/Users/manouchehrrimer/Desktop/BlueDot_Perona_Vector_Project/outputs/vector_construction/persona_vectors/honesty_layer40.npy,/Users/manouchehrrimer/Desktop/BlueDot_Perona_Vector_Project/outputs/ethics_projection/activations/commonsense_test_000321_layer40.npy
commonsense_test_000321,commonsense,harmlessness,harmlessness,40,805.5762939453125,mean_centered,/Users/manouchehrrimer/Desktop/BlueDot_Perona_Vector_Project/outputs/vector_construction/persona_vectors/harmlessness_layer40.npy,/Users/manouchehrrimer/Desktop/BlueDot_Perona_Vector_Project/outputs/ethics_projection/activations/commonsense_test_000321_layer40.npy
commonsense_test_000321,commonsense,harmlessness,fairness,40,1217.544189453125,mean_centered,/Users/manouchehrrimer/Desktop/BlueDot_Perona_Vector_Project/outputs/vector_construction/persona_vectors/fairness_layer40.npy,/Users/manouchehrrimer/Desktop/BlueDot_Perona_Vector_Project/outputs/ethics_projection/activations/commonsense_test_000321_layer40.npy
commonsense_test_000321,commonsense,harmlessness,compassion,40,44.758544921875,mean_centered,/Users/manouchehrrimer/Desktop/BlueDot_Perona_Vector_Project/outputs/vector_construction/persona_vectors/compassion_layer40.npy,/Users/manouchehrrimer/Desktop/BlueDot_Perona_Vector_Project/outputs/ethics_projection/activations/commonsense_test_000321_layer40.npy
commonsense_test_000321,commonsense,harmlessness,honesty,47,3601.783203125,mean_centered,/Users/manouchehrrimer/Desktop/BlueDot_Perona_Vector_Project/outputs/vector_construction/persona_vectors/honesty_layer47.npy,/Users/manouchehrrimer/Desktop/BlueDot_Perona_Vector_Project/outputs/ethics_projection/activations/commonsense_test_000321_layer47.npy
commonsense_test_000321,commonsense,harmlessness,harmlessness,47,3999.899169921875,mean_centered,/Users/manouchehrrimer/Desktop/BlueDot_Perona_Vector_Project/outputs/vector_construction/persona_vectors/harmlessness_layer47.npy,/Users/manouchehrrimer/Desktop/BlueDot_Perona_Vector_Project/outputs/ethics_projection/activations/commonsense_test_000321_layer47.npy
commonsense_test_000321,commonsense,harmlessness,fairness,47,1532.9857177734375,mean_centered,/Users/manouchehrrimer/Desktop/BlueDot_Perona_Vector_Project/outputs/vector_construction/persona_vectors/fairness_layer47.npy,/Users/manouchehrrimer/Desktop/BlueDot_Perona_Vector_Project/outputs/ethics_projection/activations/commonsense_test_000321_layer47.npy
commonsense_test_000321,commonsense,harmlessness,compassion,47,1428.8221435546875,mean_centered,/Users/manouchehrrimer/Desktop/BlueDot_Perona_Vector_Project/outputs/vector_construction/persona_vectors/compassion_layer47.npy,/Users/manouchehrrimer/Desktop/BlueDot_Perona_Vector_Project/outputs/ethics_projection/activations/commonsense_test_000321_layer47.npy
commonsense_test_000322,commonsense,harmlessness,honesty,32,-892.8392944335938,mean_centered,/Users/manouchehrrimer/Desktop/BlueDot_Perona_Vector_Project/outputs/vector_construction/persona_vectors/honesty_layer32.npy,/Users/manouchehrrimer/Desktop/BlueDot_Perona_Vector_Project/outputs/ethics_projection/activations/commonsense_test_000322_layer32.npy
commonsense_test_000322,commonsense,harmlessness,harmlessness,32,256.2729797363281,mean_centered,/Users/manouchehrrimer/Desktop/BlueDot_Perona_Vector_Project/outputs/vector_construction/persona_vectors/harmlessness_layer32.npy,/Users/manouchehrrimer/Desktop/BlueDot_Perona_Vector_Project/outputs/ethics_projection/activations/commonsense_test_000322_layer32.npy
commonsense_test_000322,commonsense,harmlessness,fairness,32,210.1644744873047,mean_centered,/Users/manouchehrrimer/Desktop/BlueDot_Perona_Vector_Project/outputs/vector_construction/persona_vectors/fairness_layer32.npy,/Users/manouchehrrimer/Desktop/BlueDot_Perona_Vector_Project/outputs/ethics_projection/activations/commonsense_test_000322_layer32.npy
commonsense_test_000322,commonsense,harmlessness,compassion,32,-196.11416625976562,mean_centered,/Users/manouchehrrimer/Desktop/BlueDot_Perona_Vector_Project/outputs/vector_construction/persona_vectors/compassion_layer32.npy,/Users/manouchehrrimer/Desktop/BlueDot_Perona_Vector_Project/outputs/ethics_projection/activations/commonsense_test_000322_layer32.npy
commonsense_test_000322,commonsense,harmlessness,honesty,40,2299.25390625,mean_centered,/Users/manouchehrrimer/Desktop/BlueDot_Perona_Vector_Project/outputs/vector_construction/persona_vectors/honesty_layer40.npy,/Users/manouchehrrimer/Desktop/BlueDot_Perona_Vector_Project/outputs/ethics_projection/activations/commonsense_test_000322_layer40.npy
commonsense_test_000322,commonsense,harmlessness,harmlessness,40,396.2707214355469,mean_centered,/Users/manouchehrrimer/Desktop/BlueDot_Perona_Vector_Project/outputs/vector_construction/persona_vectors/harmlessness_layer40.npy,/Users/manouchehrrimer/Desktop/BlueDot_Perona_Vector_Project/outputs/ethics_projection/activations/commonsense_test_000322_layer40.npy
commonsense_test_000322,commonsense,harmlessness,fairness,40,2614.889892578125,mean_centered,/Users/manouchehrrimer/Desktop/BlueDot_Perona_Vector_Project/outputs/vector_construction/persona_vectors/fairness_layer40.npy,/Users/manouchehrrimer/Desktop/BlueDot_Perona_Vector_Project/outputs/ethics_projection/activations/commonsense_test_000322_layer40.npy
commonsense_test_000322,commonsense,harmlessness,compassion,40,-111.15510559082031,mean_centered,/Users/manouchehrrimer/Desktop/BlueDot_Perona_Vector_Project/outputs/vector_construction/persona_vectors/compassion_layer40.npy,/Users/manouchehrrimer/Desktop/BlueDot_Perona_Vector_Project/outputs/ethics_projection/activations/commonsense_test_000322_layer40.npy
commonsense_test_000322,commonsense,harmlessness,honesty,47,2216.81591796875,mean_centered,/Users/manouchehrrimer/Desktop/BlueDot_Perona_Vector_Project/outputs/vector_construction/persona_vectors/honesty_layer47.npy,/Users/manouchehrrimer/Desktop/BlueDot_Perona_Vector_Project/outputs/ethics_projection/activations/commonsense_test_000322_layer47.npy
commonsense_test_000322,commonsense,harmlessness,harmlessness,47,3785.9091796875,mean_centered,/Users/manouchehrrimer/Desktop/BlueDot_Perona_Vector_Project/outputs/vector_construction/persona_vectors/harmlessness_layer47.npy,/Users/manouchehrrimer/Desktop/BlueDot_Perona_Vector_Project/outputs/ethics_projection/activations/commonsense_test_000322_layer47.npy
commonsense_test_000322,commonsense,harmlessness,fairness,47,2274.1494140625,mean_centered,/Users/manouchehrrimer/Desktop/BlueDot_Perona_Vector_Project/outputs/vector_construction/persona_vectors/fairness_layer47.npy,/Users/manouchehrrimer/Desktop/BlueDot_Perona_Vector_Project/outputs/ethics_projection/activations/commonsense_test_000322_layer47.npy
commonsense_test_000322,commonsense,harmlessness,compassion,47,1702.970703125,mean_centered,/Users/manouchehrrimer/Desktop/BlueDot_Perona_Vector_Project/outputs/vector_construction/persona_vectors/compassion_layer47.npy,/Users/manouchehrrimer/Desktop/BlueDot_Perona_Vector_Project/outputs/ethics_projection/activations/commonsense_test_000322_layer47.npy
commonsense_test_000325,commonsense,honesty,honesty,32,-355.9880065917969,mean_centered,/Users/manouchehrrimer/Desktop/BlueDot_Perona_Vector_Project/outputs/vector_construction/persona_vectors/honesty_layer32.npy,/Users/manouchehrrimer/Desktop/BlueDot_Perona_Vector_Project/outputs/ethics_projection/activations/commonsense_test_000325_layer32.npy
commonsense_test_000325,commonsense,honesty,harmlessness,32,532.0379638671875,mean_centered,/Users/manouchehrrimer/Desktop/BlueDot_Perona_Vector_Project/outputs/vector_construction/persona_vectors/harmlessness_layer32.npy,/Users/manouchehrrimer/Desktop/BlueDot_Perona_Vector_Project/outputs/ethics_projection/activations/commonsense_test_000325_layer32.npy
commonsense_test_000325,commonsense,honesty,fairness,32,-374.5022277832031,mean_centered,/Users/manouchehrrimer/Desktop/BlueDot_Perona_Vector_Project/outputs/vector_construction/persona_vectors/fairness_layer32.npy,/Users/manouchehrrimer/Desktop/BlueDot_Perona_Vector_Project/outputs/ethics_projection/activations/commonsense_test_000325_layer32.npy
commonsense_test_000325,commonsense,honesty,compassion,32,-314.38916015625,mean_centered,/Users/manouchehrrimer/Desktop/BlueDot_Perona_Vector_Project/outputs/vector_construction/persona_vectors/compassion_layer32.npy,/Users/manouchehrrimer/Desktop/BlueDot_Perona_Vector_Project/outputs/ethics_projection/activations/commonsense_test_000325_layer32.npy
commonsense_test_000325,commonsense,honesty,honesty,40,-898.9275512695312,mean_centered,/Users/manouchehrrimer/Desktop/BlueDot_Perona_Vector_Project/outputs/vector_construction/persona_vectors/honesty_layer40.npy,/Users/manouchehrrimer/Desktop/BlueDot_Perona_Vector_Project/outputs/ethics_projection/activations/commonsense_test_000325_layer40.npy
commonsense_test_000325,commonsense,honesty,harmlessness,40,485.48516845703125,mean_centered,/Users/manouchehrrimer/Desktop/BlueDot_Perona_Vector_Project/outputs/vector_construction/persona_vectors/harmlessness_layer40.npy,/Users/manouchehrrimer/Desktop/BlueDot_Perona_Vector_Project/outputs/ethics_projection/activations/commonsense_test_000325_layer40.npy
commonsense_test_000325,commonsense,honesty,fairness,40,-732.140869140625,mean_centered,/Users/manouchehrrimer/Desktop/BlueDot_Perona_Vector_Project/outputs/vector_construction/persona_vectors/fairness_layer40.npy,/Users/manouchehrrimer/Desktop/BlueDot_Perona_Vector_Project/outputs/ethics_projection/activations/commonsense_test_000325_layer40.npy
commonsense_test_000325,commonsense,honesty,compassion,40,-312.9196472167969,mean_centered,/Users/manouchehrrimer/Desktop/BlueDot_Perona_Vector_Project/outputs/vector_construction/persona_vectors/compassion_layer40.npy,/Users/manouchehrrimer/Desktop/BlueDot_Perona_Vector_Project/outputs/ethics_projection/activations/commonsense_test_000325_layer40.npy
commonsense_test_000325,commonsense,honesty,honesty,47,-864.5548706054688,mean_centered,/Users/manouchehrrimer/Desktop/BlueDot_Perona_Vector_Project/outputs/vector_construction/persona_vectors/honesty_layer47.npy,/Users/manouchehrrimer/Desktop/BlueDot_Perona_Vector_Project/outputs/ethics_projection/activations/commonsense_test_000325_layer47.npy
commonsense_test_000325,commonsense,honesty,harmlessness,47,-934.0338745117188,mean_centered,/Users/manouchehrrimer/Desktop/BlueDot_Perona_Vector_Project/outputs/vector_construction/persona_vectors/harmlessness_layer47.npy,/Users/manouchehrrimer/Desktop/BlueDot_Perona_Vector_Project/outputs/ethics_projection/activations/commonsense_test_000325_layer47.npy
commonsense_test_000325,commonsense,honesty,fairness,47,-618.1571655273438,mean_centered,/Users/manouchehrrimer/Desktop/BlueDot_Perona_Vector_Project/outputs/vector_construction/persona_vectors/fairness_layer47.npy,/Users/manouchehrrimer/Desktop/BlueDot_Perona_Vector_Project/outputs/ethics_projection/activations/commonsense_test_000325_layer47.npy
commonsense_test_000325,commonsense,honesty,compassion,47,-1013.0076904296875,mean_centered,/Users/manouchehrrimer/Desktop/BlueDot_Perona_Vector_Project/outputs/vector_construction/persona_vectors/compassion_layer47.npy,/Users/manouchehrrimer/Desktop/BlueDot_Perona_Vector_Project/outputs/ethics_projection/activations/commonsense_test_000325_layer47.npy
commonsense_test_000351,commonsense,honesty,honesty,32,450.77392578125,mean_centered,/Users/manouchehrrimer/Desktop/BlueDot_Perona_Vector_Project/outputs/vector_construction/persona_vectors/honesty_layer32.npy,/Users/manouchehrrimer/Desktop/BlueDot_Perona_Vector_Project/outputs/ethics_projection/activations/commonsense_test_000351_layer32.npy
commonsense_test_000351,commonsense,honesty,harmlessness,32,-236.43365478515625,mean_centered,/Users/manouchehrrimer/Desktop/BlueDot_Perona_Vector_Project/outputs/vector_construction/persona_vectors/harmlessness_layer32.npy,/Users/manouchehrrimer/Desktop/BlueDot_Perona_Vector_Project/outputs/ethics_projection/activations/commonsense_test_000351_layer32.npy
commonsense_test_000351,commonsense,honesty,fairness,32,350.38385009765625,mean_centered,/Users/manouchehrrimer/Desktop/BlueDot_Perona_Vector_Project/outputs/vector_construction/persona_vectors/fairness_layer32.npy,/Users/manouchehrrimer/Desktop/BlueDot_Perona_Vector_Project/outputs/ethics_projection/activations/commonsense_test_000351_layer32.npy
commonsense_test_000351,commonsense,honesty,compassion,32,381.7923278808594,mean_centered,/Users/manouchehrrimer/Desktop/BlueDot_Perona_Vector_Project/outputs/vector_construction/persona_vectors/compassion_layer32.npy,/Users/manouchehrrimer/Desktop/BlueDot_Perona_Vector_Project/outputs/ethics_projection/activations/commonsense_test_000351_layer32.npy
commonsense_test_000351,commonsense,honesty,honesty,40,2303.1318359375,mean_centered,/Users/manouchehrrimer/Desktop/BlueDot_Perona_Vector_Project/outputs/vector_construction/persona_vectors/honesty_layer40.npy,/Users/manouchehrrimer/Desktop/BlueDot_Perona_Vector_Project/outputs/ethics_projection/activations/commonsense_test_000351_layer40.npy
commonsense_test_000351,commonsense,honesty,harmlessness,40,878.9170532226562,mean_centered,/Users/manouchehrrimer/Desktop/BlueDot_Perona_Vector_Project/outputs/vector_construction/persona_vectors/harmlessness_layer40.npy,/Users/manouchehrrimer/Desktop/BlueDot_Perona_Vector_Project/outputs/ethics_projection/activations/commonsense_test_000351_layer40.npy
commonsense_test_000351,commonsense,honesty,fairness,40,1587.4051513671875,mean_centered,/Users/manouchehrrimer/Desktop/BlueDot_Perona_Vector_Project/outputs/vector_construction/persona_vectors/fairness_layer40.npy,/Users/manouchehrrimer/Desktop/BlueDot_Perona_Vector_Project/outputs/ethics_projection/activations/commonsense_test_000351_layer40.npy
commonsense_test_000351,commonsense,honesty,compassion,40,-234.31390380859375,mean_centered,/Users/manouchehrrimer/Desktop/BlueDot_Perona_Vector_Project/outputs/vector_construction/persona_vectors/compassion_layer40.npy,/Users/manouchehrrimer/Desktop/BlueDot_Perona_Vector_Project/outputs/ethics_projection/activations/commonsense_test_000351_layer40.npy
commonsense_test_000351,commonsense,honesty,honesty,47,1442.130615234375,mean_centered,/Users/manouchehrrimer/Desktop/BlueDot_Perona_Vector_Project/outputs/vector_construction/persona_vectors/honesty_layer47.npy,/Users/manouchehrrimer/Desktop/BlueDot_Perona_Vector_Project/outputs/ethics_projection/activations/commonsense_test_000351_layer47.npy
commonsense_test_000351,commonsense,honesty,harmlessness,47,2396.5244140625,mean_centered,/Users/manouchehrrimer/Desktop/BlueDot_Perona_Vector_Project/outputs/vector_construction/persona_vectors/harmlessness_layer47.npy,/Users/manouchehrrimer/Desktop/BlueDot_Perona_Vector_Project/outputs/ethics_projection/activations/commonsense_test_000351_layer47.npy
commonsense_test_000351,commonsense,honesty,fairness,47,860.687255859375,mean_centered,/Users/manouchehrrimer/Desktop/BlueDot_Perona_Vector_Project/outputs/vector_construction/persona_vectors/fairness_layer47.npy,/Users/manouchehrrimer/Desktop/BlueDot_Perona_Vector_Project/outputs/ethics_projection/activations/commonsense_test_000351_layer47.npy
commonsense_test_000351,commonsense,honesty,compassion,47,570.6461181640625,mean_centered,/Users/manouchehrrimer/Desktop/BlueDot_Perona_Vector_Project/outputs/vector_construction/persona_vectors/compassion_layer47.npy,/Users/manouchehrrimer/Desktop/BlueDot_Perona_Vector_Project/outputs/ethics_projection/activations/commonsense_test_000351_layer47.npy
commonsense_test_000463,commonsense,harmlessness,honesty,32,266.1418151855469,mean_centered,/Users/manouchehrrimer/Desktop/BlueDot_Perona_Vector_Project/outputs/vector_construction/persona_vectors/honesty_layer32.npy,/Users/manouchehrrimer/Desktop/BlueDot_Perona_Vector_Project/outputs/ethics_projection/activations/commonsense_test_000463_layer32.npy
commonsense_test_000463,commonsense,harmlessness,harmlessness,32,-613.2938842773438,mean_centered,/Users/manouchehrrimer/Desktop/BlueDot_Perona_Vector_Project/outputs/vector_construction/persona_vectors/harmlessness_layer32.npy,/Users/manouchehrrimer/Desktop/BlueDot_Perona_Vector_Project/outputs/ethics_projection/activations/commonsense_test_000463_layer32.npy
commonsense_test_000463,commonsense,harmlessness,fairness,32,695.3062744140625,mean_centered,/Users/manouchehrrimer/Desktop/BlueDot_Perona_Vector_Project/outputs/vector_construction/persona_vectors/fairness_layer32.npy,/Users/manouchehrrimer/Desktop/BlueDot_Perona_Vector_Project/outputs/ethics_projection/activations/commonsense_test_000463_layer32.npy
commonsense_test_000463,commonsense,harmlessness,compassion,32,100.15985107421875,mean_centered,/Users/manouchehrrimer/Desktop/BlueDot_Perona_Vector_Project/outputs/vector_construction/persona_vectors/compassion_layer32.npy,/Users/manouchehrrimer/Desktop/BlueDot_Perona_Vector_Project/outputs/ethics_projection/activations/commonsense_test_000463_layer32.npy
commonsense_test_000463,commonsense,harmlessness,honesty,40,4210.5703125,mean_centered,/Users/manouchehrrimer/Desktop/BlueDot_Perona_Vector_Project/outputs/vector_construction/persona_vectors/honesty_layer40.npy,/Users/manouchehrrimer/Desktop/BlueDot_Perona_Vector_Project/outputs/ethics_projection/activations/commonsense_test_000463_layer40.npy
commonsense_test_000463,commonsense,harmlessness,harmlessness,40,42.21875,mean_centered,/Users/manouchehrrimer/Desktop/BlueDot_Perona_Vector_Project/outputs/vector_construction/persona_vectors/harmlessness_layer40.npy,/Users/manouchehrrimer/Desktop/BlueDot_Perona_Vector_Project/outputs/ethics_projection/activations/commonsense_test_000463_layer40.npy
commonsense_test_000463,commonsense,harmlessness,fairness,40,3599.544921875,mean_centered,/Users/manouchehrrimer/Desktop/BlueDot_Perona_Vector_Project/outputs/vector_construction/persona_vectors/fairness_layer40.npy,/Users/manouchehrrimer/Desktop/BlueDot_Perona_Vector_Project/outputs/ethics_projection/activations/commonsense_test_000463_layer40.npy
commonsense_test_000463,commonsense,harmlessness,compassion,40,-415.4313659667969,mean_centered,/Users/manouchehrrimer/Desktop/BlueDot_Perona_Vector_Project/outputs/vector_construction/persona_vectors/compassion_layer40.npy,/Users/manouchehrrimer/Desktop/BlueDot_Perona_Vector_Project/outputs/ethics_projection/activations/commonsense_test_000463_layer40.npy
commonsense_test_000463,commonsense,harmlessness,honesty,47,2343.7763671875,mean_centered,/Users/manouchehrrimer/Desktop/BlueDot_Perona_Vector_Project/outputs/vector_construction/persona_vectors/honesty_layer47.npy,/Users/manouchehrrimer/Desktop/BlueDot_Perona_Vector_Project/outputs/ethics_projection/activations/commonsense_test_000463_layer47.npy
commonsense_test_000463,commonsense,harmlessness,harmlessness,47,2919.97412109375,mean_centered,/Users/manouchehrrimer/Desktop/BlueDot_Perona_Vector_Project/outputs/vector_construction/persona_vectors/harmlessness_layer47.npy,/Users/manouchehrrimer/Desktop/BlueDot_Perona_Vector_Project/outputs/ethics_projection/activations/commonsense_test_000463_layer47.npy
commonsense_test_000463,commonsense,harmlessness,fairness,47,1789.289306640625,mean_centered,/Users/manouchehrrimer/Desktop/BlueDot_Perona_Vector_Project/outputs/vector_construction/persona_vectors/fairness_layer47.npy,/Users/manouchehrrimer/Desktop/BlueDot_Perona_Vector_Project/outputs/ethics_projection/activations/commonsense_test_000463_layer47.npy
commonsense_test_000463,commonsense,harmlessness,compassion,47,772.6884155273438,mean_centered,/Users/manouchehrrimer/Desktop/BlueDot_Perona_Vector_Project/outputs/vector_construction/persona_vectors/compassion_layer47.npy,/Users/manouchehrrimer/Desktop/BlueDot_Perona_Vector_Project/outputs/ethics_projection/activations/commonsense_test_000463_layer47.npy
commonsense_test_000486,commonsense,harmlessness,honesty,32,368.21173095703125,mean_centered,/Users/manouchehrrimer/Desktop/BlueDot_Perona_Vector_Project/outputs/vector_construction/persona_vectors/honesty_layer32.npy,/Users/manouchehrrimer/Desktop/BlueDot_Perona_Vector_Project/outputs/ethics_projection/activations/commonsense_test_000486_layer32.npy
commonsense_test_000486,commonsense,harmlessness,harmlessness,32,211.4128875732422,mean_centered,/Users/manouchehrrimer/Desktop/BlueDot_Perona_Vector_Project/outputs/vector_construction/persona_vectors/harmlessness_layer32.npy,/Users/manouchehrrimer/Desktop/BlueDot_Perona_Vector_Project/outputs/ethics_projection/activations/commonsense_test_000486_layer32.npy
commonsense_test_000486,commonsense,harmlessness,fairness,32,273.2234802246094,mean_centered,/Users/manouchehrrimer/Desktop/BlueDot_Perona_Vector_Project/outputs/vector_construction/persona_vectors/fairness_layer32.npy,/Users/manouchehrrimer/Desktop/BlueDot_Perona_Vector_Project/outputs/ethics_projection/activations/commonsense_test_000486_layer32.npy
commonsense_test_000486,commonsense,harmlessness,compassion,32,171.17388916015625,mean_centered,/Users/manouchehrrimer/Desktop/BlueDot_Perona_Vector_Project/outputs/vector_construction/persona_vectors/compassion_layer32.npy,/Users/manouchehrrimer/Desktop/BlueDot_Perona_Vector_Project/outputs/ethics_projection/activations/commonsense_test_000486_layer32.npy
commonsense_test_000486,commonsense,harmlessness,honesty,40,3988.43115234375,mean_centered,/Users/manouchehrrimer/Desktop/BlueDot_Perona_Vector_Project/outputs/vector_construction/persona_vectors/honesty_layer40.npy,/Users/manouchehrrimer/Desktop/BlueDot_Perona_Vector_Project/outputs/ethics_projection/activations/commonsense_test_000486_layer40.npy
commonsense_test_000486,commonsense,harmlessness,harmlessness,40,1070.7801513671875,mean_centered,/Users/manouchehrrimer/Desktop/BlueDot_Perona_Vector_Project/outputs/vector_construction/persona_vectors/harmlessness_layer40.npy,/Users/manouchehrrimer/Desktop/BlueDot_Perona_Vector_Project/outputs/ethics_projection/activations/commonsense_test_000486_layer40.npy
commonsense_test_000486,commonsense,harmlessness,fairness,40,2841.47607421875,mean_centered,/Users/manouchehrrimer/Desktop/BlueDot_Perona_Vector_Project/outputs/vector_construction/persona_vectors/fairness_layer40.npy,/Users/manouchehrrimer/Desktop/BlueDot_Perona_Vector_Project/outputs/ethics_projection/activations/commonsense_test_000486_layer40.npy
commonsense_test_000486,commonsense,harmlessness,compassion,40,127.99935913085938,mean_centered,/Users/manouchehrrimer/Desktop/BlueDot_Perona_Vector_Project/outputs/vector_construction/persona_vectors/compassion_layer40.npy,/Users/manouchehrrimer/Desktop/BlueDot_Perona_Vector_Project/outputs/ethics_projection/activations/commonsense_test_000486_layer40.npy
commonsense_test_000486,commonsense,harmlessness,honesty,47,2150.007080078125,mean_centered,/Users/manouchehrrimer/Desktop/BlueDot_Perona_Vector_Project/outputs/vector_construction/persona_vectors/honesty_layer47.npy,/Users/manouchehrrimer/Desktop/BlueDot_Perona_Vector_Project/outputs/ethics_projection/activations/commonsense_test_000486_layer47.npy
commonsense_test_000486,commonsense,harmlessness,harmlessness,47,2622.10595703125,mean_centered,/Users/manouchehrrimer/Desktop/BlueDot_Perona_Vector_Project/outputs/vector_construction/persona_vectors/harmlessness_layer47.npy,/Users/manouchehrrimer/Desktop/BlueDot_Perona_Vector_Project/outputs/ethics_projection/activations/commonsense_test_000486_layer47.npy
commonsense_test_000486,commonsense,harmlessness,fairness,47,800.5115966796875,mean_centered,/Users/manouchehrrimer/Desktop/BlueDot_Perona_Vector_Project/outputs/vector_construction/persona_vectors/fairness_layer47.npy,/Users/manouchehrrimer/Desktop/BlueDot_Perona_Vector_Project/outputs/ethics_projection/activations/commonsense_test_000486_layer47.npy
commonsense_test_000486,commonsense,harmlessness,compassion,47,726.1045532226562,mean_centered,/Users/manouchehrrimer/Desktop/BlueDot_Perona_Vector_Project/outputs/vector_construction/persona_vectors/compassion_layer47.npy,/Users/manouchehrrimer/Desktop/BlueDot_Perona_Vector_Project/outputs/ethics_projection/activations/commonsense_test_000486_layer47.npy
commonsense_test_000534,commonsense,harmlessness,honesty,32,88.20024871826172,mean_centered,/Users/manouchehrrimer/Desktop/BlueDot_Perona_Vector_Project/outputs/vector_construction/persona_vectors/honesty_layer32.npy,/Users/manouchehrrimer/Desktop/BlueDot_Perona_Vector_Project/outputs/ethics_projection/activations/commonsense_test_000534_layer32.npy
commonsense_test_000534,commonsense,harmlessness,harmlessness,32,421.20721435546875,mean_centered,/Users/manouchehrrimer/Desktop/BlueDot_Perona_Vector_Project/outputs/vector_construction/persona_vectors/harmlessness_layer32.npy,/Users/manouchehrrimer/Desktop/BlueDot_Perona_Vector_Project/outputs/ethics_projection/activations/commonsense_test_000534_layer32.npy
commonsense_test_000534,commonsense,harmlessness,fairness,32,-169.25503540039062,mean_centered,/Users/manouchehrrimer/Desktop/BlueDot_Perona_Vector_Project/outputs/vector_construction/persona_vectors/fairness_layer32.npy,/Users/manouchehrrimer/Desktop/BlueDot_Perona_Vector_Project/outputs/ethics_projection/activations/commonsense_test_000534_layer32.npy
commonsense_test_000534,commonsense,harmlessness,compassion,32,177.34542846679688,mean_centered,/Users/manouchehrrimer/Desktop/BlueDot_Perona_Vector_Project/outputs/vector_construction/persona_vectors/compassion_layer32.npy,/Users/manouchehrrimer/Desktop/BlueDot_Perona_Vector_Project/outputs/ethics_projection/activations/commonsense_test_000534_layer32.npy
commonsense_test_000534,commonsense,harmlessness,honesty,40,-2462.855712890625,mean_centered,/Users/manouchehrrimer/Desktop/BlueDot_Perona_Vector_Project/outputs/vector_construction/persona_vectors/honesty_layer40.npy,/Users/manouchehrrimer/Desktop/BlueDot_Perona_Vector_Project/outputs/ethics_projection/activations/commonsense_test_000534_layer40.npy
commonsense_test_000534,commonsense,harmlessness,harmlessness,40,885.58984375,mean_centered,/Users/manouchehrrimer/Desktop/BlueDot_Perona_Vector_Project/outputs/vector_construction/persona_vectors/harmlessness_layer40.npy,/Users/manouchehrrimer/Desktop/BlueDot_Perona_Vector_Project/outputs/ethics_projection/activations/commonsense_test_000534_layer40.npy
commonsense_test_000534,commonsense,harmlessness,fairness,40,-1934.3900146484375,mean_centered,/Users/manouchehrrimer/Desktop/BlueDot_Perona_Vector_Project/outputs/vector_construction/persona_vectors/fairness_layer40.npy,/Users/manouchehrrimer/Desktop/BlueDot_Perona_Vector_Project/outputs/ethics_projection/activations/commonsense_test_000534_layer40.npy
commonsense_test_000534,commonsense,harmlessness,compassion,40,283.082763671875,mean_centered,/Users/manouchehrrimer/Desktop/BlueDot_Perona_Vector_Project/outputs/vector_construction/persona_vectors/compassion_layer40.npy,/Users/manouchehrrimer/Desktop/BlueDot_Perona_Vector_Project/outputs/ethics_projection/activations/commonsense_test_000534_layer40.npy
commonsense_test_000534,commonsense,harmlessness,honesty,47,558.8132934570312,mean_centered,/Users/manouchehrrimer/Desktop/BlueDot_Perona_Vector_Project/outputs/vector_construction/persona_vectors/honesty_layer47.npy,/Users/manouchehrrimer/Desktop/BlueDot_Perona_Vector_Project/outputs/ethics_projection/activations/commonsense_test_000534_layer47.npy
commonsense_test_000534,commonsense,harmlessness,harmlessness,47,852.145263671875,mean_centered,/Users/manouchehrrimer/Desktop/BlueDot_Perona_Vector_Project/outputs/vector_construction/persona_vectors/harmlessness_layer47.npy,/Users/manouchehrrimer/Desktop/BlueDot_Perona_Vector_Project/outputs/ethics_projection/activations/commonsense_test_000534_layer47.npy
commonsense_test_000534,commonsense,harmlessness,fairness,47,53.58366394042969,mean_centered,/Users/manouchehrrimer/Desktop/BlueDot_Perona_Vector_Project/outputs/vector_construction/persona_vectors/fairness_layer47.npy,/Users/manouchehrrimer/Desktop/BlueDot_Perona_Vector_Project/outputs/ethics_projection/activations/commonsense_test_000534_layer47.npy
commonsense_test_000534,commonsense,harmlessness,compassion,47,414.5462646484375,mean_centered,/Users/manouchehrrimer/Desktop/BlueDot_Perona_Vector_Project/outputs/vector_construction/persona_vectors/compassion_layer47.npy,/Users/manouchehrrimer/Desktop/BlueDot_Perona_Vector_Project/outputs/ethics_projection/activations/commonsense_test_000534_layer47.npy
commonsense_test_000573,commonsense,harmlessness,honesty,32,-830.8921508789062,mean_centered,/Users/manouchehrrimer/Desktop/BlueDot_Perona_Vector_Project/outputs/vector_construction/persona_vectors/honesty_layer32.npy,/Users/manouchehrrimer/Desktop/BlueDot_Perona_Vector_Project/outputs/ethics_projection/activations/commonsense_test_000573_layer32.npy
commonsense_test_000573,commonsense,harmlessness,harmlessness,32,56.97990417480469,mean_centered,/Users/manouchehrrimer/Desktop/BlueDot_Perona_Vector_Project/outputs/vector_construction/persona_vectors/harmlessness_layer32.npy,/Users/manouchehrrimer/Desktop/BlueDot_Perona_Vector_Project/outputs/ethics_projection/activations/commonsense_test_000573_layer32.npy
commonsense_test_000573,commonsense,harmlessness,fairness,32,480.69757080078125,mean_centered,/Users/manouchehrrimer/Desktop/BlueDot_Perona_Vector_Project/outputs/vector_construction/persona_vectors/fairness_layer32.npy,/Users/manouchehrrimer/Desktop/BlueDot_Perona_Vector_Project/outputs/ethics_projection/activations/commonsense_test_000573_layer32.npy
commonsense_test_000573,commonsense,harmlessness,compassion,32,-265.7507019042969,mean_centered,/Users/manouchehrrimer/Desktop/BlueDot_Perona_Vector_Project/outputs/vector_construction/persona_vectors/compassion_layer32.npy,/Users/manouchehrrimer/Desktop/BlueDot_Perona_Vector_Project/outputs/ethics_projection/activations/commonsense_test_000573_layer32.npy
commonsense_test_000573,commonsense,harmlessness,honesty,40,1641.9296875,mean_centered,/Users/manouchehrrimer/Desktop/BlueDot_Perona_Vector_Project/outputs/vector_construction/persona_vectors/honesty_layer40.npy,/Users/manouchehrrimer/Desktop/BlueDot_Perona_Vector_Project/outputs/ethics_projection/activations/commonsense_test_000573_layer40.npy
commonsense_test_000573,commonsense,harmlessness,harmlessness,40,-264.7427062988281,mean_centered,/Users/manouchehrrimer/Desktop/BlueDot_Perona_Vector_Project/outputs/vector_construction/persona_vectors/harmlessness_layer40.npy,/Users/manouchehrrimer/Desktop/BlueDot_Perona_Vector_Project/outputs/ethics_projection/activations/commonsense_test_000573_layer40.npy
commonsense_test_000573,commonsense,harmlessness,fairness,40,2735.4970703125,mean_centered,/Users/manouchehrrimer/Desktop/BlueDot_Perona_Vector_Project/outputs/vector_construction/persona_vectors/fairness_layer40.npy,/Users/manouchehrrimer/Desktop/BlueDot_Perona_Vector_Project/outputs/ethics_projection/activations/commonsense_test_000573_layer40.npy
commonsense_test_000573,commonsense,harmlessness,compassion,40,-259.3062438964844,mean_centered,/Users/manouchehrrimer/Desktop/BlueDot_Perona_Vector_Project/outputs/vector_construction/persona_vectors/compassion_layer40.npy,/Users/manouchehrrimer/Desktop/BlueDot_Perona_Vector_Project/outputs/ethics_projection/activations/commonsense_test_000573_layer40.npy
commonsense_test_000573,commonsense,harmlessness,honesty,47,598.1998901367188,mean_centered,/Users/manouchehrrimer/Desktop/BlueDot_Perona_Vector_Project/outputs/vector_construction/persona_vectors/honesty_layer47.npy,/Users/manouchehrrimer/Desktop/BlueDot_Perona_Vector_Project/outputs/ethics_projection/activations/commonsense_test_000573_layer47.npy
commonsense_test_000573,commonsense,harmlessness,harmlessness,47,2154.062744140625,mean_centered,/Users/manouchehrrimer/Desktop/BlueDot_Perona_Vector_Project/outputs/vector_construction/persona_vectors/harmlessness_layer47.npy,/Users/manouchehrrimer/Desktop/BlueDot_Perona_Vector_Project/outputs/ethics_projection/activations/commonsense_test_000573_layer47.npy
commonsense_test_000573,commonsense,harmlessness,fairness,47,2176.5927734375,mean_centered,/Users/manouchehrrimer/Desktop/BlueDot_Perona_Vector_Project/outputs/vector_construction/persona_vectors/fairness_layer47.npy,/Users/manouchehrrimer/Desktop/BlueDot_Perona_Vector_Project/outputs/ethics_projection/activations/commonsense_test_000573_layer47.npy
commonsense_test_000573,commonsense,harmlessness,compassion,47,1161.5968017578125,mean_centered,/Users/manouchehrrimer/Desktop/BlueDot_Perona_Vector_Project/outputs/vector_construction/persona_vectors/compassion_layer47.npy,/Users/manouchehrrimer/Desktop/BlueDot_Perona_Vector_Project/outputs/ethics_projection/activations/commonsense_test_000573_layer47.npy
commonsense_test_000642,commonsense,compassion,honesty,32,-954.3547973632812,mean_centered,/Users/manouchehrrimer/Desktop/BlueDot_Perona_Vector_Project/outputs/vector_construction/persona_vectors/honesty_layer32.npy,/Users/manouchehrrimer/Desktop/BlueDot_Perona_Vector_Project/outputs/ethics_projection/activations/commonsense_test_000642_layer32.npy
commonsense_test_000642,commonsense,compassion,harmlessness,32,1406.185302734375,mean_centered,/Users/manouchehrrimer/Desktop/BlueDot_Perona_Vector_Project/outputs/vector_construction/persona_vectors/harmlessness_layer32.npy,/Users/manouchehrrimer/Desktop/BlueDot_Perona_Vector_Project/outputs/ethics_projection/activations/commonsense_test_000642_layer32.npy
commonsense_test_000642,commonsense,compassion,fairness,32,-1171.8172607421875,mean_centered,/Users/manouchehrrimer/Desktop/BlueDot_Perona_Vector_Project/outputs/vector_construction/persona_vectors/fairness_layer32.npy,/Users/manouchehrrimer/Desktop/BlueDot_Perona_Vector_Project/outputs/ethics_projection/activations/commonsense_test_000642_layer32.npy
commonsense_test_000642,commonsense,compassion,compassion,32,-779.0206298828125,mean_centered,/Users/manouchehrrimer/Desktop/BlueDot_Perona_Vector_Project/outputs/vector_construction/persona_vectors/compassion_layer32.npy,/Users/manouchehrrimer/Desktop/BlueDot_Perona_Vector_Project/outputs/ethics_projection/activations/commonsense_test_000642_layer32.npy
commonsense_test_000642,commonsense,compassion,honesty,40,-1664.33154296875,mean_centered,/Users/manouchehrrimer/Desktop/BlueDot_Perona_Vector_Project/outputs/vector_construction/persona_vectors/honesty_layer40.npy,/Users/manouchehrrimer/Desktop/BlueDot_Perona_Vector_Project/outputs/ethics_projection/activations/commonsense_test_000642_layer40.npy
commonsense_test_000642,commonsense,compassion,harmlessness,40,471.84814453125,mean_centered,/Users/manouchehrrimer/Desktop/BlueDot_Perona_Vector_Project/outputs/vector_construction/persona_vectors/harmlessness_layer40.npy,/Users/manouchehrrimer/Desktop/BlueDot_Perona_Vector_Project/outputs/ethics_projection/activations/commonsense_test_000642_layer40.npy
commonsense_test_000642,commonsense,compassion,fairness,40,-1162.233642578125,mean_centered,/Users/manouchehrrimer/Desktop/BlueDot_Perona_Vector_Project/outputs/vector_construction/persona_vectors/fairness_layer40.npy,/Users/manouchehrrimer/Desktop/BlueDot_Perona_Vector_Project/outputs/ethics_projection/activations/commonsense_test_000642_layer40.npy
commonsense_test_000642,commonsense,compassion,compassion,40,-68.72865295410156,mean_centered,/Users/manouchehrrimer/Desktop/BlueDot_Perona_Vector_Project/outputs/vector_construction/persona_vectors/compassion_layer40.npy,/Users/manouchehrrimer/Desktop/BlueDot_Perona_Vector_Project/outputs/ethics_projection/activations/commonsense_test_000642_layer40.npy
commonsense_test_000642,commonsense,compassion,honesty,47,-14.00823974609375,mean_centered,/Users/manouchehrrimer/Desktop/BlueDot_Perona_Vector_Project/outputs/vector_construction/persona_vectors/honesty_layer47.npy,/Users/manouchehrrimer/Desktop/BlueDot_Perona_Vector_Project/outputs/ethics_projection/activations/commonsense_test_000642_layer47.npy
commonsense_test_000642,commonsense,compassion,harmlessness,47,537.5199584960938,mean_centered,/Users/manouchehrrimer/Desktop/BlueDot_Perona_Vector_Project/outputs/vector_construction/persona_vectors/harmlessness_layer47.npy,/Users/manouchehrrimer/Desktop/BlueDot_Perona_Vector_Project/outputs/ethics_projection/activations/commonsense_test_000642_layer47.npy
commonsense_test_000642,commonsense,compassion,fairness,47,81.83076477050781,mean_centered,/Users/manouchehrrimer/Desktop/BlueDot_Perona_Vector_Project/outputs/vector_construction/persona_vectors/fairness_layer47.npy,/Users/manouchehrrimer/Desktop/BlueDot_Perona_Vector_Project/outputs/ethics_projection/activations/commonsense_test_000642_layer47.npy
commonsense_test_000642,commonsense,compassion,compassion,47,-65.80523681640625,mean_centered,/Users/manouchehrrimer/Desktop/BlueDot_Perona_Vector_Project/outputs/vector_construction/persona_vectors/compassion_layer47.npy,/Users/manouchehrrimer/Desktop/BlueDot_Perona_Vector_Project/outputs/ethics_projection/activations/commonsense_test_000642_layer47.npy
commonsense_test_000720,commonsense,harmlessness,honesty,32,-85.0191650390625,mean_centered,/Users/manouchehrrimer/Desktop/BlueDot_Perona_Vector_Project/outputs/vector_construction/persona_vectors/honesty_layer32.npy,/Users/manouchehrrimer/Desktop/BlueDot_Perona_Vector_Project/outputs/ethics_projection/activations/commonsense_test_000720_layer32.npy
commonsense_test_000720,commonsense,harmlessness,harmlessness,32,36.625980377197266,mean_centered,/Users/manouchehrrimer/Desktop/BlueDot_Perona_Vector_Project/outputs/vector_construction/persona_vectors/harmlessness_layer32.npy,/Users/manouchehrrimer/Desktop/BlueDot_Perona_Vector_Project/outputs/ethics_projection/activations/commonsense_test_000720_layer32.npy
commonsense_test_000720,commonsense,harmlessness,fairness,32,201.7176513671875,mean_centered,/Users/manouchehrrimer/Desktop/BlueDot_Perona_Vector_Project/outputs/vector_construction/persona_vectors/fairness_layer32.npy,/Users/manouchehrrimer/Desktop/BlueDot_Perona_Vector_Project/outputs/ethics_projection/activations/commonsense_test_000720_layer32.npy
commonsense_test_000720,commonsense,harmlessness,compassion,32,-304.7923278808594,mean_centered,/Users/manouchehrrimer/Desktop/BlueDot_Perona_Vector_Project/outputs/vector_construction/persona_vectors/compassion_layer32.npy,/Users/manouchehrrimer/Desktop/BlueDot_Perona_Vector_Project/outputs/ethics_projection/activations/commonsense_test_000720_layer32.npy
commonsense_test_000720,commonsense,harmlessness,honesty,40,4281.93310546875,mean_centered,/Users/manouchehrrimer/Desktop/BlueDot_Perona_Vector_Project/outputs/vector_construction/persona_vectors/honesty_layer40.npy,/Users/manouchehrrimer/Desktop/BlueDot_Perona_Vector_Project/outputs/ethics_projection/activations/commonsense_test_000720_layer40.npy
commonsense_test_000720,commonsense,harmlessness,harmlessness,40,37.23145294189453,mean_centered,/Users/manouchehrrimer/Desktop/BlueDot_Perona_Vector_Project/outputs/vector_construction/persona_vectors/harmlessness_layer40.npy,/Users/manouchehrrimer/Desktop/BlueDot_Perona_Vector_Project/outputs/ethics_projection/activations/commonsense_test_000720_layer40.npy
commonsense_test_000720,commonsense,harmlessness,fairness,40,3377.772216796875,mean_centered,/Users/manouchehrrimer/Desktop/BlueDot_Perona_Vector_Project/outputs/vector_construction/persona_vectors/fairness_layer40.npy,/Users/manouchehrrimer/Desktop/BlueDot_Perona_Vector_Project/outputs/ethics_projection/activations/commonsense_test_000720_layer40.npy
commonsense_test_000720,commonsense,harmlessness,compassion,40,-369.5741882324219,mean_centered,/Users/manouchehrrimer/Desktop/BlueDot_Perona_Vector_Project/outputs/vector_construction/persona_vectors/compassion_layer40.npy,/Users/manouchehrrimer/Desktop/BlueDot_Perona_Vector_Project/outputs/ethics_projection/activations/commonsense_test_000720_layer40.npy
commonsense_test_000720,commonsense,harmlessness,honesty,47,2747.41162109375,mean_centered,/Users/manouchehrrimer/Desktop/BlueDot_Perona_Vector_Project/outputs/vector_construction/persona_vectors/honesty_layer47.npy,/Users/manouchehrrimer/Desktop/BlueDot_Perona_Vector_Project/outputs/ethics_projection/activations/commonsense_test_000720_layer47.npy
commonsense_test_000720,commonsense,harmlessness,harmlessness,47,2538.94287109375,mean_centered,/Users/manouchehrrimer/Desktop/BlueDot_Perona_Vector_Project/outputs/vector_construction/persona_vectors/harmlessness_layer47.npy,/Users/manouchehrrimer/Desktop/BlueDot_Perona_Vector_Project/outputs/ethics_projection/activations/commonsense_test_000720_layer47.npy
commonsense_test_000720,commonsense,harmlessness,fairness,47,1783.3497314453125,mean_centered,/Users/manouchehrrimer/Desktop/BlueDot_Perona_Vector_Project/outputs/vector_construction/persona_vectors/fairness_layer47.npy,/Users/manouchehrrimer/Desktop/BlueDot_Perona_Vector_Project/outputs/ethics_projection/activations/commonsense_test_000720_layer47.npy
commonsense_test_000720,commonsense,harmlessness,compassion,47,1259.33935546875,mean_centered,/Users/manouchehrrimer/Desktop/BlueDot_Perona_Vector_Project/outputs/vector_construction/persona_vectors/compassion_layer47.npy,/Users/manouchehrrimer/Desktop/BlueDot_Perona_Vector_Project/outputs/ethics_projection/activations/commonsense_test_000720_layer47.npy
commonsense_test_000721,commonsense,harmlessness,honesty,32,345.95294189453125,mean_centered,/Users/manouchehrrimer/Desktop/BlueDot_Perona_Vector_Project/outputs/vector_construction/persona_vectors/honesty_layer32.npy,/Users/manouchehrrimer/Desktop/BlueDot_Perona_Vector_Project/outputs/ethics_projection/activations/commonsense_test_000721_layer32.npy
commonsense_test_000721,commonsense,harmlessness,harmlessness,32,373.1060485839844,mean_centered,/Users/manouchehrrimer/Desktop/BlueDot_Perona_Vector_Project/outputs/vector_construction/persona_vectors/harmlessness_layer32.npy,/Users/manouchehrrimer/Desktop/BlueDot_Perona_Vector_Project/outputs/ethics_projection/activations/commonsense_test_000721_layer32.npy
commonsense_test_000721,commonsense,harmlessness,fairness,32,-34.94424057006836,mean_centered,/Users/manouchehrrimer/Desktop/BlueDot_Perona_Vector_Project/outputs/vector_construction/persona_vectors/fairness_layer32.npy,/Users/manouchehrrimer/Desktop/BlueDot_Perona_Vector_Project/outputs/ethics_projection/activations/commonsense_test_000721_layer32.npy
commonsense_test_000721,commonsense,harmlessness,compassion,32,297.7348327636719,mean_centered,/Users/manouchehrrimer/Desktop/BlueDot_Perona_Vector_Project/outputs/vector_construction/persona_vectors/compassion_layer32.npy,/Users/manouchehrrimer/Desktop/BlueDot_Perona_Vector_Project/outputs/ethics_projection/activations/commonsense_test_000721_layer32.npy
commonsense_test_000721,commonsense,harmlessness,honesty,40,-166.45684814453125,mean_centered,/Users/manouchehrrimer/Desktop/BlueDot_Perona_Vector_Project/outputs/vector_construction/persona_vectors/honesty_layer40.npy,/Users/manouchehrrimer/Desktop/BlueDot_Perona_Vector_Project/outputs/ethics_projection/activations/commonsense_test_000721_layer40.npy
commonsense_test_000721,commonsense,harmlessness,harmlessness,40,1092.200439453125,mean_centered,/Users/manouchehrrimer/Desktop/BlueDot_Perona_Vector_Project/outputs/vector_construction/persona_vectors/harmlessness_layer40.npy,/Users/manouchehrrimer/Desktop/BlueDot_Perona_Vector_Project/outputs/ethics_projection/activations/commonsense_test_000721_layer40.npy
commonsense_test_000721,commonsense,harmlessness,fairness,40,-619.1202392578125,mean_centered,/Users/manouchehrrimer/Desktop/BlueDot_Perona_Vector_Project/outputs/vector_construction/persona_vectors/fairness_layer40.npy,/Users/manouchehrrimer/Desktop/BlueDot_Perona_Vector_Project/outputs/ethics_projection/activations/commonsense_test_000721_layer40.npy
commonsense_test_000721,commonsense,harmlessness,compassion,40,110.69602966308594,mean_centered,/Users/manouchehrrimer/Desktop/BlueDot_Perona_Vector_Project/outputs/vector_construction/persona_vectors/compassion_layer40.npy,/Users/manouchehrrimer/Desktop/BlueDot_Perona_Vector_Project/outputs/ethics_projection/activations/commonsense_test_000721_layer40.npy
commonsense_test_000721,commonsense,harmlessness,honesty,47,1047.2225341796875,mean_centered,/Users/manouchehrrimer/Desktop/BlueDot_Perona_Vector_Project/outputs/vector_construction/persona_vectors/honesty_layer47.npy,/Users/manouchehrrimer/Desktop/BlueDot_Perona_Vector_Project/outputs/ethics_projection/activations/commonsense_test_000721_layer47.npy
commonsense_test_000721,commonsense,harmlessness,harmlessness,47,2564.38427734375,mean_centered,/Users/manouchehrrimer/Desktop/BlueDot_Perona_Vector_Project/outputs/vector_construction/persona_vectors/harmlessness_layer47.npy,/Users/manouchehrrimer/Desktop/BlueDot_Perona_Vector_Project/outputs/ethics_projection/activations/commonsense_test_000721_layer47.npy
commonsense_test_000721,commonsense,harmlessness,fairness,47,-545.2594604492188,mean_centered,/Users/manouchehrrimer/Desktop/BlueDot_Perona_Vector_Project/outputs/vector_construction/persona_vectors/fairness_layer47.npy,/Users/manouchehrrimer/Desktop/BlueDot_Perona_Vector_Project/outputs/ethics_projection/activations/commonsense_test_000721_layer47.npy
commonsense_test_000721,commonsense,harmlessness,compassion,47,1297.326416015625,mean_centered,/Users/manouchehrrimer/Desktop/BlueDot_Perona_Vector_Project/outputs/vector_construction/persona_vectors/compassion_layer47.npy,/Users/manouchehrrimer/Desktop/BlueDot_Perona_Vector_Project/outputs/ethics_projection/activations/commonsense_test_000721_layer47.npy
commonsense_test_000744,commonsense,honesty,honesty,32,-232.5992889404297,mean_centered,/Users/manouchehrrimer/Desktop/BlueDot_Perona_Vector_Project/outputs/vector_construction/persona_vectors/honesty_layer32.npy,/Users/manouchehrrimer/Desktop/BlueDot_Perona_Vector_Project/outputs/ethics_projection/activations/commonsense_test_000744_layer32.npy
commonsense_test_000744,commonsense,honesty,harmlessness,32,69.15008544921875,mean_centered,/Users/manouchehrrimer/Desktop/BlueDot_Perona_Vector_Project/outputs/vector_construction/persona_vectors/harmlessness_layer32.npy,/Users/manouchehrrimer/Desktop/BlueDot_Perona_Vector_Project/outputs/ethics_projection/activations/commonsense_test_000744_layer32.npy
commonsense_test_000744,commonsense,honesty,fairness,32,-185.56704711914062,mean_centered,/Users/manouchehrrimer/Desktop/BlueDot_Perona_Vector_Project/outputs/vector_construction/persona_vectors/fairness_layer32.npy,/Users/manouchehrrimer/Desktop/BlueDot_Perona_Vector_Project/outputs/ethics_projection/activations/commonsense_test_000744_layer32.npy
commonsense_test_000744,commonsense,honesty,compassion,32,-96.0942611694336,mean_centered,/Users/manouchehrrimer/Desktop/BlueDot_Perona_Vector_Project/outputs/vector_construction/persona_vectors/compassion_layer32.npy,/Users/manouchehrrimer/Desktop/BlueDot_Perona_Vector_Project/outputs/ethics_projection/activations/commonsense_test_000744_layer32.npy
commonsense_test_000744,commonsense,honesty,honesty,40,2640.5498046875,mean_centered,/Users/manouchehrrimer/Desktop/BlueDot_Perona_Vector_Project/outputs/vector_construction/persona_vectors/honesty_layer40.npy,/Users/manouchehrrimer/Desktop/BlueDot_Perona_Vector_Project/outputs/ethics_projection/activations/commonsense_test_000744_layer40.npy
commonsense_test_000744,commonsense,honesty,harmlessness,40,476.5042724609375,mean_centered,/Users/manouchehrrimer/Desktop/BlueDot_Perona_Vector_Project/outputs/vector_construction/persona_vectors/harmlessness_layer40.npy,/Users/manouchehrrimer/Desktop/BlueDot_Perona_Vector_Project/outputs/ethics_projection/activations/commonsense_test_000744_layer40.npy
commonsense_test_000744,commonsense,honesty,fairness,40,1821.42578125,mean_centered,/Users/manouchehrrimer/Desktop/BlueDot_Perona_Vector_Project/outputs/vector_construction/persona_vectors/fairness_layer40.npy,/Users/manouchehrrimer/Desktop/BlueDot_Perona_Vector_Project/outputs/ethics_projection/activations/commonsense_test_000744_layer40.npy
commonsense_test_000744,commonsense,honesty,compassion,40,-288.1468505859375,mean_centered,/Users/manouchehrrimer/Desktop/BlueDot_Perona_Vector_Project/outputs/vector_construction/persona_vectors/compassion_layer40.npy,/Users/manouchehrrimer/Desktop/BlueDot_Perona_Vector_Project/outputs/ethics_projection/activations/commonsense_test_000744_layer40.npy
commonsense_test_000744,commonsense,honesty,honesty,47,2932.537353515625,mean_centered,/Users/manouchehrrimer/Desktop/BlueDot_Perona_Vector_Project/outputs/vector_construction/persona_vectors/honesty_layer47.npy,/Users/manouchehrrimer/Desktop/BlueDot_Perona_Vector_Project/outputs/ethics_projection/activations/commonsense_test_000744_layer47.npy
commonsense_test_000744,commonsense,honesty,harmlessness,47,3417.837158203125,mean_centered,/Users/manouchehrrimer/Desktop/BlueDot_Perona_Vector_Project/outputs/vector_construction/persona_vectors/harmlessness_layer47.npy,/Users/manouchehrrimer/Desktop/BlueDot_Perona_Vector_Project/outputs/ethics_projection/activations/commonsense_test_000744_layer47.npy
commonsense_test_000744,commonsense,honesty,fairness,47,852.72509765625,mean_centered,/Users/manouchehrrimer/Desktop/BlueDot_Perona_Vector_Project/outputs/vector_construction/persona_vectors/fairness_layer47.npy,/Users/manouchehrrimer/Desktop/BlueDot_Perona_Vector_Project/outputs/ethics_projection/activations/commonsense_test_000744_layer47.npy
commonsense_test_000744,commonsense,honesty,compassion,47,1340.824462890625,mean_centered,/Users/manouchehrrimer/Desktop/BlueDot_Perona_Vector_Project/outputs/vector_construction/persona_vectors/compassion_layer47.npy,/Users/manouchehrrimer/Desktop/BlueDot_Perona_Vector_Project/outputs/ethics_projection/activations/commonsense_test_000744_layer47.npy
commonsense_test_000803,commonsense,compassion,honesty,32,202.2176055908203,mean_centered,/Users/manouchehrrimer/Desktop/BlueDot_Perona_Vector_Project/outputs/vector_construction/persona_vectors/honesty_layer32.npy,/Users/manouchehrrimer/Desktop/BlueDot_Perona_Vector_Project/outputs/ethics_projection/activations/commonsense_test_000803_layer32.npy
commonsense_test_000803,commonsense,compassion,harmlessness,32,520.9182739257812,mean_centered,/Users/manouchehrrimer/Desktop/BlueDot_Perona_Vector_Project/outputs/vector_construction/persona_vectors/harmlessness_layer32.npy,/Users/manouchehrrimer/Desktop/BlueDot_Perona_Vector_Project/outputs/ethics_projection/activations/commonsense_test_000803_layer32.npy
commonsense_test_000803,commonsense,compassion,fairness,32,-141.40750122070312,mean_centered,/Users/manouchehrrimer/Desktop/BlueDot_Perona_Vector_Project/outputs/vector_construction/persona_vectors/fairness_layer32.npy,/Users/manouchehrrimer/Desktop/BlueDot_Perona_Vector_Project/outputs/ethics_projection/activations/commonsense_test_000803_layer32.npy
commonsense_test_000803,commonsense,compassion,compassion,32,-134.89895629882812,mean_centered,/Users/manouchehrrimer/Desktop/BlueDot_Perona_Vector_Project/outputs/vector_construction/persona_vectors/compassion_layer32.npy,/Users/manouchehrrimer/Desktop/BlueDot_Perona_Vector_Project/outputs/ethics_projection/activations/commonsense_test_000803_layer32.npy
commonsense_test_000803,commonsense,compassion,honesty,40,5354.50732421875,mean_centered,/Users/manouchehrrimer/Desktop/BlueDot_Perona_Vector_Project/outputs/vector_construction/persona_vectors/honesty_layer40.npy,/Users/manouchehrrimer/Desktop/BlueDot_Perona_Vector_Project/outputs/ethics_projection/activations/commonsense_test_000803_layer40.npy
commonsense_test_000803,commonsense,compassion,harmlessness,40,1505.0587158203125,mean_centered,/Users/manouchehrrimer/Desktop/BlueDot_Perona_Vector_Project/outputs/vector_construction/persona_vectors/harmlessness_layer40.npy,/Users/manouchehrrimer/Desktop/BlueDot_Perona_Vector_Project/outputs/ethics_projection/activations/commonsense_test_000803_layer40.npy
commonsense_test_000803,commonsense,compassion,fairness,40,3576.4853515625,mean_centered,/Users/manouchehrrimer/Desktop/BlueDot_Perona_Vector_Project/outputs/vector_construction/persona_vectors/fairness_layer40.npy,/Users/manouchehrrimer/Desktop/BlueDot_Perona_Vector_Project/outputs/ethics_projection/activations/commonsense_test_000803_layer40.npy
commonsense_test_000803,commonsense,compassion,compassion,40,-138.179443359375,mean_centered,/Users/manouchehrrimer/Desktop/BlueDot_Perona_Vector_Project/outputs/vector_construction/persona_vectors/compassion_layer40.npy,/Users/manouchehrrimer/Desktop/BlueDot_Perona_Vector_Project/outputs/ethics_projection/activations/commonsense_test_000803_layer40.npy
commonsense_test_000803,commonsense,compassion,honesty,47,3959.35400390625,mean_centered,/Users/manouchehrrimer/Desktop/BlueDot_Perona_Vector_Project/outputs/vector_construction/persona_vectors/honesty_layer47.npy,/Users/manouchehrrimer/Desktop/BlueDot_Perona_Vector_Project/outputs/ethics_projection/activations/commonsense_test_000803_layer47.npy
commonsense_test_000803,commonsense,compassion,harmlessness,47,4678.25830078125,mean_centered,/Users/manouchehrrimer/Desktop/BlueDot_Perona_Vector_Project/outputs/vector_construction/persona_vectors/harmlessness_layer47.npy,/Users/manouchehrrimer/Desktop/BlueDot_Perona_Vector_Project/outputs/ethics_projection/activations/commonsense_test_000803_layer47.npy
commonsense_test_000803,commonsense,compassion,fairness,47,742.4569091796875,mean_centered,/Users/manouchehrrimer/Desktop/BlueDot_Perona_Vector_Project/outputs/vector_construction/persona_vectors/fairness_layer47.npy,/Users/manouchehrrimer/Desktop/BlueDot_Perona_Vector_Project/outputs/ethics_projection/activations/commonsense_test_000803_layer47.npy
commonsense_test_000803,commonsense,compassion,compassion,47,1311.45361328125,mean_centered,/Users/manouchehrrimer/Desktop/BlueDot_Perona_Vector_Project/outputs/vector_construction/persona_vectors/compassion_layer47.npy,/Users/manouchehrrimer/Desktop/BlueDot_Perona_Vector_Project/outputs/ethics_projection/activations/commonsense_test_000803_layer47.npy
commonsense_test_000864,commonsense,harmlessness,honesty,32,-2198.15625,mean_centered,/Users/manouchehrrimer/Desktop/BlueDot_Perona_Vector_Project/outputs/vector_construction/persona_vectors/honesty_layer32.npy,/Users/manouchehrrimer/Desktop/BlueDot_Perona_Vector_Project/outputs/ethics_projection/activations/commonsense_test_000864_layer32.npy
commonsense_test_000864,commonsense,harmlessness,harmlessness,32,2306.423095703125,mean_centered,/Users/manouchehrrimer/Desktop/BlueDot_Perona_Vector_Project/outputs/vector_construction/persona_vectors/harmlessness_layer32.npy,/Users/manouchehrrimer/Desktop/BlueDot_Perona_Vector_Project/outputs/ethics_projection/activations/commonsense_test_000864_layer32.npy
commonsense_test_000864,commonsense,harmlessness,fairness,32,-1065.0584716796875,mean_centered,/Users/manouchehrrimer/Desktop/BlueDot_Perona_Vector_Project/outputs/vector_construction/persona_vectors/fairness_layer32.npy,/Users/manouchehrrimer/Desktop/BlueDot_Perona_Vector_Project/outputs/ethics_projection/activations/commonsense_test_000864_layer32.npy
commonsense_test_000864,commonsense,harmlessness,compassion,32,-1624.184814453125,mean_centered,/Users/manouchehrrimer/Desktop/BlueDot_Perona_Vector_Project/outputs/vector_construction/persona_vectors/compassion_layer32.npy,/Users/manouchehrrimer/Desktop/BlueDot_Perona_Vector_Project/outputs/ethics_projection/activations/commonsense_test_000864_layer32.npy
commonsense_test_000864,commonsense,harmlessness,honesty,40,-723.0740356445312,mean_centered,/Users/manouchehrrimer/Desktop/BlueDot_Perona_Vector_Project/outputs/vector_construction/persona_vectors/honesty_layer40.npy,/Users/manouchehrrimer/Desktop/BlueDot_Perona_Vector_Project/outputs/ethics_projection/activations/commonsense_test_000864_layer40.npy
commonsense_test_000864,commonsense,harmlessness,harmlessness,40,233.95230102539062,mean_centered,/Users/manouchehrrimer/Desktop/BlueDot_Perona_Vector_Project/outputs/vector_construction/persona_vectors/harmlessness_layer40.npy,/Users/manouchehrrimer/Desktop/BlueDot_Perona_Vector_Project/outputs/ethics_projection/activations/commonsense_test_000864_layer40.npy
commonsense_test_000864,commonsense,harmlessness,fairness,40,481.64715576171875,mean_centered,/Users/manouchehrrimer/Desktop/BlueDot_Perona_Vector_Project/outputs/vector_construction/persona_vectors/fairness_layer40.npy,/Users/manouchehrrimer/Desktop/BlueDot_Perona_Vector_Project/outputs/ethics_projection/activations/commonsense_test_000864_layer40.npy
commonsense_test_000864,commonsense,harmlessness,compassion,40,-271.9150085449219,mean_centered,/Users/manouchehrrimer/Desktop/BlueDot_Perona_Vector_Project/outputs/vector_construction/persona_vectors/compassion_layer40.npy,/Users/manouchehrrimer/Desktop/BlueDot_Perona_Vector_Project/outputs/ethics_projection/activations/commonsense_test_000864_layer40.npy
commonsense_test_000864,commonsense,harmlessness,honesty,47,-1789.962158203125,mean_centered,/Users/manouchehrrimer/Desktop/BlueDot_Perona_Vector_Project/outputs/vector_construction/persona_vectors/honesty_layer47.npy,/Users/manouchehrrimer/Desktop/BlueDot_Perona_Vector_Project/outputs/ethics_projection/activations/commonsense_test_000864_layer47.npy
commonsense_test_000864,commonsense,harmlessness,harmlessness,47,-1806.0546875,mean_centered,/Users/manouchehrrimer/Desktop/BlueDot_Perona_Vector_Project/outputs/vector_construction/persona_vectors/harmlessness_layer47.npy,/Users/manouchehrrimer/Desktop/BlueDot_Perona_Vector_Project/outputs/ethics_projection/activations/commonsense_test_000864_layer47.npy
commonsense_test_000864,commonsense,harmlessness,fairness,47,652.200927734375,mean_centered,/Users/manouchehrrimer/Desktop/BlueDot_Perona_Vector_Project/outputs/vector_construction/persona_vectors/fairness_layer47.npy,/Users/manouchehrrimer/Desktop/BlueDot_Perona_Vector_Project/outputs/ethics_projection/activations/commonsense_test_000864_layer47.npy
commonsense_test_000864,commonsense,harmlessness,compassion,47,-1683.62744140625,mean_centered,/Users/manouchehrrimer/Desktop/BlueDot_Perona_Vector_Project/outputs/vector_construction/persona_vectors/compassion_layer47.npy,/Users/manouchehrrimer/Desktop/BlueDot_Perona_Vector_Project/outputs/ethics_projection/activations/commonsense_test_000864_layer47.npy
commonsense_test_000869,commonsense,honesty,honesty,32,777.2656860351562,mean_centered,/Users/manouchehrrimer/Desktop/BlueDot_Perona_Vector_Project/outputs/vector_construction/persona_vectors/honesty_layer32.npy,/Users/manouchehrrimer/Desktop/BlueDot_Perona_Vector_Project/outputs/ethics_projection/activations/commonsense_test_000869_layer32.npy
commonsense_test_000869,commonsense,honesty,harmlessness,32,-285.4937744140625,mean_centered,/Users/manouchehrrimer/Desktop/BlueDot_Perona_Vector_Project/outputs/vector_construction/persona_vectors/harmlessness_layer32.npy,/Users/manouchehrrimer/Desktop/BlueDot_Perona_Vector_Project/outputs/ethics_projection/activations/commonsense_test_000869_layer32.npy
commonsense_test_000869,commonsense,honesty,fairness,32,782.2235717773438,mean_centered,/Users/manouchehrrimer/Desktop/BlueDot_Perona_Vector_Project/outputs/vector_construction/persona_vectors/fairness_layer32.npy,/Users/manouchehrrimer/Desktop/BlueDot_Perona_Vector_Project/outputs/ethics_projection/activations/commonsense_test_000869_layer32.npy
commonsense_test_000869,commonsense,honesty,compassion,32,808.6160278320312,mean_centered,/Users/manouchehrrimer/Desktop/BlueDot_Perona_Vector_Project/outputs/vector_construction/persona_vectors/compassion_layer32.npy,/Users/manouchehrrimer/Desktop/BlueDot_Perona_Vector_Project/outputs/ethics_projection/activations/commonsense_test_000869_layer32.npy
commonsense_test_000869,commonsense,honesty,honesty,40,3786.199462890625,mean_centered,/Users/manouchehrrimer/Desktop/BlueDot_Perona_Vector_Project/outputs/vector_construction/persona_vectors/honesty_layer40.npy,/Users/manouchehrrimer/Desktop/BlueDot_Perona_Vector_Project/outputs/ethics_projection/activations/commonsense_test_000869_layer40.npy
commonsense_test_000869,commonsense,honesty,harmlessness,40,1252.6685791015625,mean_centered,/Users/manouchehrrimer/Desktop/BlueDot_Perona_Vector_Project/outputs/vector_construction/persona_vectors/harmlessness_layer40.npy,/Users/manouchehrrimer/Desktop/BlueDot_Perona_Vector_Project/outputs/ethics_projection/activations/commonsense_test_000869_layer40.npy
commonsense_test_000869,commonsense,honesty,fairness,40,2813.763427734375,mean_centered,/Users/manouchehrrimer/Desktop/BlueDot_Perona_Vector_Project/outputs/vector_construction/persona_vectors/fairness_layer40.npy,/Users/manouchehrrimer/Desktop/BlueDot_Perona_Vector_Project/outputs/ethics_projection/activations/commonsense_test_000869_layer40.npy
commonsense_test_000869,commonsense,honesty,compassion,40,351.5685729980469,mean_centered,/Users/manouchehrrimer/Desktop/BlueDot_Perona_Vector_Project/outputs/vector_construction/persona_vectors/compassion_layer40.npy,/Users/manouchehrrimer/Desktop/BlueDot_Perona_Vector_Project/outputs/ethics_projection/activations/commonsense_test_000869_layer40.npy
commonsense_test_000869,commonsense,honesty,honesty,47,5664.5615234375,mean_centered,/Users/manouchehrrimer/Desktop/BlueDot_Perona_Vector_Project/outputs/vector_construction/persona_vectors/honesty_layer47.npy,/Users/manouchehrrimer/Desktop/BlueDot_Perona_Vector_Project/outputs/ethics_projection/activations/commonsense_test_000869_layer47.npy
commonsense_test_000869,commonsense,honesty,harmlessness,47,7890.083984375,mean_centered,/Users/manouchehrrimer/Desktop/BlueDot_Perona_Vector_Project/outputs/vector_construction/persona_vectors/harmlessness_layer47.npy,/Users/manouchehrrimer/Desktop/BlueDot_Perona_Vector_Project/outputs/ethics_projection/activations/commonsense_test_000869_layer47.npy
commonsense_test_000869,commonsense,honesty,fairness,47,2191.50390625,mean_centered,/Users/manouchehrrimer/Desktop/BlueDot_Perona_Vector_Project/outputs/vector_construction/persona_vectors/fairness_layer47.npy,/Users/manouchehrrimer/Desktop/BlueDot_Perona_Vector_Project/outputs/ethics_projection/activations/commonsense_test_000869_layer47.npy
commonsense_test_000869,commonsense,honesty,compassion,47,3680.70556640625,mean_centered,/Users/manouchehrrimer/Desktop/BlueDot_Perona_Vector_Project/outputs/vector_construction/persona_vectors/compassion_layer47.npy,/Users/manouchehrrimer/Desktop/BlueDot_Perona_Vector_Project/outputs/ethics_projection/activations/commonsense_test_000869_layer47.npy
commonsense_test_000889,commonsense,honesty,honesty,32,768.407958984375,mean_centered,/Users/manouchehrrimer/Desktop/BlueDot_Perona_Vector_Project/outputs/vector_construction/persona_vectors/honesty_layer32.npy,/Users/manouchehrrimer/Desktop/BlueDot_Perona_Vector_Project/outputs/ethics_projection/activations/commonsense_test_000889_layer32.npy
commonsense_test_000889,commonsense,honesty,harmlessness,32,-485.77679443359375,mean_centered,/Users/manouchehrrimer/Desktop/BlueDot_Perona_Vector_Project/outputs/vector_construction/persona_vectors/harmlessness_layer32.npy,/Users/manouchehrrimer/Desktop/BlueDot_Perona_Vector_Project/outputs/ethics_projection/activations/commonsense_test_000889_layer32.npy
commonsense_test_000889,commonsense,honesty,fairness,32,630.414306640625,mean_centered,/Users/manouchehrrimer/Desktop/BlueDot_Perona_Vector_Project/outputs/vector_construction/persona_vectors/fairness_layer32.npy,/Users/manouchehrrimer/Desktop/BlueDot_Perona_Vector_Project/outputs/ethics_projection/activations/commonsense_test_000889_layer32.npy
commonsense_test_000889,commonsense,honesty,compassion,32,875.5528564453125,mean_centered,/Users/manouchehrrimer/Desktop/BlueDot_Perona_Vector_Project/outputs/vector_construction/persona_vectors/compassion_layer32.npy,/Users/manouchehrrimer/Desktop/BlueDot_Perona_Vector_Project/outputs/ethics_projection/activations/commonsense_test_000889_layer32.npy
commonsense_test_000889,commonsense,honesty,honesty,40,3852.22119140625,mean_centered,/Users/manouchehrrimer/Desktop/BlueDot_Perona_Vector_Project/outputs/vector_construction/persona_vectors/honesty_layer40.npy,/Users/manouchehrrimer/Desktop/BlueDot_Perona_Vector_Project/outputs/ethics_projection/activations/commonsense_test_000889_layer40.npy
commonsense_test_000889,commonsense,honesty,harmlessness,40,1100.6893310546875,mean_centered,/Users/manouchehrrimer/Desktop/BlueDot_Perona_Vector_Project/outputs/vector_construction/persona_vectors/harmlessness_layer40.npy,/Users/manouchehrrimer/Desktop/BlueDot_Perona_Vector_Project/outputs/ethics_projection/activations/commonsense_test_000889_layer40.npy
commonsense_test_000889,commonsense,honesty,fairness,40,2308.957275390625,mean_centered,/Users/manouchehrrimer/Desktop/BlueDot_Perona_Vector_Project/outputs/vector_construction/persona_vectors/fairness_layer40.npy,/Users/manouchehrrimer/Desktop/BlueDot_Perona_Vector_Project/outputs/ethics_projection/activations/commonsense_test_000889_layer40.npy
commonsense_test_000889,commonsense,honesty,compassion,40,413.9186096191406,mean_centered,/Users/manouchehrrimer/Desktop/BlueDot_Perona_Vector_Project/outputs/vector_construction/persona_vectors/compassion_layer40.npy,/Users/manouchehrrimer/Desktop/BlueDot_Perona_Vector_Project/outputs/ethics_projection/activations/commonsense_test_000889_layer40.npy
commonsense_test_000889,commonsense,honesty,honesty,47,5256.2119140625,mean_centered,/Users/manouchehrrimer/Desktop/BlueDot_Perona_Vector_Project/outputs/vector_construction/persona_vectors/honesty_layer47.npy,/Users/manouchehrrimer/Desktop/BlueDot_Perona_Vector_Project/outputs/ethics_projection/activations/commonsense_test_000889_layer47.npy
commonsense_test_000889,commonsense,honesty,harmlessness,47,6091.4208984375,mean_centered,/Users/manouchehrrimer/Desktop/BlueDot_Perona_Vector_Project/outputs/vector_construction/persona_vectors/harmlessness_layer47.npy,/Users/manouchehrrimer/Desktop/BlueDot_Perona_Vector_Project/outputs/ethics_projection/activations/commonsense_test_000889_layer47.npy
commonsense_test_000889,commonsense,honesty,fairness,47,1470.9541015625,mean_centered,/Users/manouchehrrimer/Desktop/BlueDot_Perona_Vector_Project/outputs/vector_construction/persona_vectors/fairness_layer47.npy,/Users/manouchehrrimer/Desktop/BlueDot_Perona_Vector_Project/outputs/ethics_projection/activations/commonsense_test_000889_layer47.npy
commonsense_test_000889,commonsense,honesty,compassion,47,2498.5869140625,mean_centered,/Users/manouchehrrimer/Desktop/BlueDot_Perona_Vector_Project/outputs/vector_construction/persona_vectors/compassion_layer47.npy,/Users/manouchehrrimer/Desktop/BlueDot_Perona_Vector_Project/outputs/ethics_projection/activations/commonsense_test_000889_layer47.npy
commonsense_test_000965,commonsense,harmlessness,honesty,32,369.23016357421875,mean_centered,/Users/manouchehrrimer/Desktop/BlueDot_Perona_Vector_Project/outputs/vector_construction/persona_vectors/honesty_layer32.npy,/Users/manouchehrrimer/Desktop/BlueDot_Perona_Vector_Project/outputs/ethics_projection/activations/commonsense_test_000965_layer32.npy
commonsense_test_000965,commonsense,harmlessness,harmlessness,32,-1041.2509765625,mean_centered,/Users/manouchehrrimer/Desktop/BlueDot_Perona_Vector_Project/outputs/vector_construction/persona_vectors/harmlessness_layer32.npy,/Users/manouchehrrimer/Desktop/BlueDot_Perona_Vector_Project/outputs/ethics_projection/activations/commonsense_test_000965_layer32.npy
commonsense_test_000965,commonsense,harmlessness,fairness,32,1066.2423095703125,mean_centered,/Users/manouchehrrimer/Desktop/BlueDot_Perona_Vector_Project/outputs/vector_construction/persona_vectors/fairness_layer32.npy,/Users/manouchehrrimer/Desktop/BlueDot_Perona_Vector_Project/outputs/ethics_projection/activations/commonsense_test_000965_layer32.npy
commonsense_test_000965,commonsense,harmlessness,compassion,32,17.77972412109375,mean_centered,/Users/manouchehrrimer/Desktop/BlueDot_Perona_Vector_Project/outputs/vector_construction/persona_vectors/compassion_layer32.npy,/Users/manouchehrrimer/Desktop/BlueDot_Perona_Vector_Project/outputs/ethics_projection/activations/commonsense_test_000965_layer32.npy
commonsense_test_000965,commonsense,harmlessness,honesty,40,2890.74951171875,mean_centered,/Users/manouchehrrimer/Desktop/BlueDot_Perona_Vector_Project/outputs/vector_construction/persona_vectors/honesty_layer40.npy,/Users/manouchehrrimer/Desktop/BlueDot_Perona_Vector_Project/outputs/ethics_projection/activations/commonsense_test_000965_layer40.npy
commonsense_test_000965,commonsense,harmlessness,harmlessness,40,-482.06085205078125,mean_centered,/Users/manouchehrrimer/Desktop/BlueDot_Perona_Vector_Project/outputs/vector_construction/persona_vectors/harmlessness_layer40.npy,/Users/manouchehrrimer/Desktop/BlueDot_Perona_Vector_Project/outputs/ethics_projection/activations/commonsense_test_000965_layer40.npy
commonsense_test_000965,commonsense,harmlessness,fairness,40,2784.775634765625,mean_centered,/Users/manouchehrrimer/Desktop/BlueDot_Perona_Vector_Project/outputs/vector_construction/persona_vectors/fairness_layer40.npy,/Users/manouchehrrimer/Desktop/BlueDot_Perona_Vector_Project/outputs/ethics_projection/activations/commonsense_test_000965_layer40.npy
commonsense_test_000965,commonsense,harmlessness,compassion,40,-982.79052734375,mean_centered,/Users/manouchehrrimer/Desktop/BlueDot_Perona_Vector_Project/outputs/vector_construction/persona_vectors/compassion_layer40.npy,/Users/manouchehrrimer/Desktop/BlueDot_Perona_Vector_Project/outputs/ethics_projection/activations/commonsense_test_000965_layer40.npy
commonsense_test_000965,commonsense,harmlessness,honesty,47,3569.600830078125,mean_centered,/Users/manouchehrrimer/Desktop/BlueDot_Perona_Vector_Project/outputs/vector_construction/persona_vectors/honesty_layer47.npy,/Users/manouchehrrimer/Desktop/BlueDot_Perona_Vector_Project/outputs/ethics_projection/activations/commonsense_test_000965_layer47.npy
commonsense_test_000965,commonsense,harmlessness,harmlessness,47,4449.3505859375,mean_centered,/Users/manouchehrrimer/Desktop/BlueDot_Perona_Vector_Project/outputs/vector_construction/persona_vectors/harmlessness_layer47.npy,/Users/manouchehrrimer/Desktop/BlueDot_Perona_Vector_Project/outputs/ethics_projection/activations/commonsense_test_000965_layer47.npy
commonsense_test_000965,commonsense,harmlessness,fairness,47,2371.894775390625,mean_centered,/Users/manouchehrrimer/Desktop/BlueDot_Perona_Vector_Project/outputs/vector_construction/persona_vectors/fairness_layer47.npy,/Users/manouchehrrimer/Desktop/BlueDot_Perona_Vector_Project/outputs/ethics_projection/activations/commonsense_test_000965_layer47.npy
commonsense_test_000965,commonsense,harmlessness,compassion,47,1435.9344482421875,mean_centered,/Users/manouchehrrimer/Desktop/BlueDot_Perona_Vector_Project/outputs/vector_construction/persona_vectors/compassion_layer47.npy,/Users/manouchehrrimer/Desktop/BlueDot_Perona_Vector_Project/outputs/ethics_projection/activations/commonsense_test_000965_layer47.npy
commonsense_test_001032,commonsense,harmlessness,honesty,32,-436.1158447265625,mean_centered,/Users/manouchehrrimer/Desktop/BlueDot_Perona_Vector_Project/outputs/vector_construction/persona_vectors/honesty_layer32.npy,/Users/manouchehrrimer/Desktop/BlueDot_Perona_Vector_Project/outputs/ethics_projection/activations/commonsense_test_001032_layer32.npy
commonsense_test_001032,commonsense,harmlessness,harmlessness,32,1374.2161865234375,mean_centered,/Users/manouchehrrimer/Desktop/BlueDot_Perona_Vector_Project/outputs/vector_construction/persona_vectors/harmlessness_layer32.npy,/Users/manouchehrrimer/Desktop/BlueDot_Perona_Vector_Project/outputs/ethics_projection/activations/commonsense_test_001032_layer32.npy
commonsense_test_001032,commonsense,harmlessness,fairness,32,-532.0240478515625,mean_centered,/Users/manouchehrrimer/Desktop/BlueDot_Perona_Vector_Project/outputs/vector_construction/persona_vectors/fairness_layer32.npy,/Users/manouchehrrimer/Desktop/BlueDot_Perona_Vector_Project/outputs/ethics_projection/activations/commonsense_test_001032_layer32.npy
commonsense_test_001032,commonsense,harmlessness,compassion,32,-308.5554504394531,mean_centered,/Users/manouchehrrimer/Desktop/BlueDot_Perona_Vector_Project/outputs/vector_construction/persona_vectors/compassion_layer32.npy,/Users/manouchehrrimer/Desktop/BlueDot_Perona_Vector_Project/outputs/ethics_projection/activations/commonsense_test_001032_layer32.npy
commonsense_test_001032,commonsense,harmlessness,honesty,40,-4942.23828125,mean_centered,/Users/manouchehrrimer/Desktop/BlueDot_Perona_Vector_Project/outputs/vector_construction/persona_vectors/honesty_layer40.npy,/Users/manouchehrrimer/Desktop/BlueDot_Perona_Vector_Project/outputs/ethics_projection/activations/commonsense_test_001032_layer40.npy
commonsense_test_001032,commonsense,harmlessness,harmlessness,40,1024.391357421875,mean_centered,/Users/manouchehrrimer/Desktop/BlueDot_Perona_Vector_Project/outputs/vector_construction/persona_vectors/harmlessness_layer40.npy,/Users/manouchehrrimer/Desktop/BlueDot_Perona_Vector_Project/outputs/ethics_projection/activations/commonsense_test_001032_layer40.npy
commonsense_test_001032,commonsense,harmlessness,fairness,40,-3465.60595703125,mean_centered,/Users/manouchehrrimer/Desktop/BlueDot_Perona_Vector_Project/outputs/vector_construction/persona_vectors/fairness_layer40.npy,/Users/manouchehrrimer/Desktop/BlueDot_Perona_Vector_Project/outputs/ethics_projection/activations/commonsense_test_001032_layer40.npy
commonsense_test_001032,commonsense,harmlessness,compassion,40,-94.13548278808594,mean_centered,/Users/manouchehrrimer/Desktop/BlueDot_Perona_Vector_Project/outputs/vector_construction/persona_vectors/compassion_layer40.npy,/Users/manouchehrrimer/Desktop/BlueDot_Perona_Vector_Project/outputs/ethics_projection/activations/commonsense_test_001032_layer40.npy
commonsense_test_001032,commonsense,harmlessness,honesty,47,1570.65673828125,mean_centered,/Users/manouchehrrimer/Desktop/BlueDot_Perona_Vector_Project/outputs/vector_construction/persona_vectors/honesty_layer47.npy,/Users/manouchehrrimer/Desktop/BlueDot_Perona_Vector_Project/outputs/ethics_projection/activations/commonsense_test_001032_layer47.npy
commonsense_test_001032,commonsense,harmlessness,harmlessness,47,2644.411376953125,mean_centered,/Users/manouchehrrimer/Desktop/BlueDot_Perona_Vector_Project/outputs/vector_construction/persona_vectors/harmlessness_layer47.npy,/Users/manouchehrrimer/Desktop/BlueDot_Perona_Vector_Project/outputs/ethics_projection/activations/commonsense_test_001032_layer47.npy
commonsense_test_001032,commonsense,harmlessness,fairness,47,782.63134765625,mean_centered,/Users/manouchehrrimer/Desktop/BlueDot_Perona_Vector_Project/outputs/vector_construction/persona_vectors/fairness_layer47.npy,/Users/manouchehrrimer/Desktop/BlueDot_Perona_Vector_Project/outputs/ethics_projection/activations/commonsense_test_001032_layer47.npy
commonsense_test_001032,commonsense,harmlessness,compassion,47,846.173583984375,mean_centered,/Users/manouchehrrimer/Desktop/BlueDot_Perona_Vector_Project/outputs/vector_construction/persona_vectors/compassion_layer47.npy,/Users/manouchehrrimer/Desktop/BlueDot_Perona_Vector_Project/outputs/ethics_projection/activations/commonsense_test_001032_layer47.npy
commonsense_test_001221,commonsense,harmlessness,honesty,32,835.750244140625,mean_centered,/Users/manouchehrrimer/Desktop/BlueDot_Perona_Vector_Project/outputs/vector_construction/persona_vectors/honesty_layer32.npy,/Users/manouchehrrimer/Desktop/BlueDot_Perona_Vector_Project/outputs/ethics_projection/activations/commonsense_test_001221_layer32.npy
commonsense_test_001221,commonsense,harmlessness,harmlessness,32,-2230.45361328125,mean_centered,/Users/manouchehrrimer/Desktop/BlueDot_Perona_Vector_Project/outputs/vector_construction/persona_vectors/harmlessness_layer32.npy,/Users/manouchehrrimer/Desktop/BlueDot_Perona_Vector_Project/outputs/ethics_projection/activations/commonsense_test_001221_layer32.npy
commonsense_test_001221,commonsense,harmlessness,fairness,32,2183.876953125,mean_centered,/Users/manouchehrrimer/Desktop/BlueDot_Perona_Vector_Project/outputs/vector_construction/persona_vectors/fairness_layer32.npy,/Users/manouchehrrimer/Desktop/BlueDot_Perona_Vector_Project/outputs/ethics_projection/activations/commonsense_test_001221_layer32.npy
commonsense_test_001221,commonsense,harmlessness,compassion,32,1004.7852783203125,mean_centered,/Users/manouchehrrimer/Desktop/BlueDot_Perona_Vector_Project/outputs/vector_construction/persona_vectors/compassion_layer32.npy,/Users/manouchehrrimer/Desktop/BlueDot_Perona_Vector_Project/outputs/ethics_projection/activations/commonsense_test_001221_layer32.npy
commonsense_test_001221,commonsense,harmlessness,honesty,40,6440.41455078125,mean_centered,/Users/manouchehrrimer/Desktop/BlueDot_Perona_Vector_Project/outputs/vector_construction/persona_vectors/honesty_layer40.npy,/Users/manouchehrrimer/Desktop/BlueDot_Perona_Vector_Project/outputs/ethics_projection/activations/commonsense_test_001221_layer40.npy
commonsense_test_001221,commonsense,harmlessness,harmlessness,40,-513.4063720703125,mean_centered,/Users/manouchehrrimer/Desktop/BlueDot_Perona_Vector_Project/outputs/vector_construction/persona_vectors/harmlessness_layer40.npy,/Users/manouchehrrimer/Desktop/BlueDot_Perona_Vector_Project/outputs/ethics_projection/activations/commonsense_test_001221_layer40.npy
commonsense_test_001221,commonsense,harmlessness,fairness,40,6088.30810546875,mean_centered,/Users/manouchehrrimer/Desktop/BlueDot_Perona_Vector_Project/outputs/vector_construction/persona_vectors/fairness_layer40.npy,/Users/manouchehrrimer/Desktop/BlueDot_Perona_Vector_Project/outputs/ethics_projection/activations/commonsense_test_001221_layer40.npy
commonsense_test_001221,commonsense,harmlessness,compassion,40,-176.99777221679688,mean_centered,/Users/manouchehrrimer/Desktop/BlueDot_Perona_Vector_Project/outputs/vector_construction/persona_vectors/compassion_layer40.npy,/Users/manouchehrrimer/Desktop/BlueDot_Perona_Vector_Project/outputs/ethics_projection/activations/commonsense_test_001221_layer40.npy
commonsense_test_001221,commonsense,harmlessness,honesty,47,2862.05712890625,mean_centered,/Users/manouchehrrimer/Desktop/BlueDot_Perona_Vector_Project/outputs/vector_construction/persona_vectors/honesty_layer47.npy,/Users/manouchehrrimer/Desktop/BlueDot_Perona_Vector_Project/outputs/ethics_projection/activations/commonsense_test_001221_layer47.npy
commonsense_test_001221,commonsense,harmlessness,harmlessness,47,3670.7255859375,mean_centered,/Users/manouchehrrimer/Desktop/BlueDot_Perona_Vector_Project/outputs/vector_construction/persona_vectors/harmlessness_layer47.npy,/Users/manouchehrrimer/Desktop/BlueDot_Perona_Vector_Project/outputs/ethics_projection/activations/commonsense_test_001221_layer47.npy
commonsense_test_001221,commonsense,harmlessness,fairness,47,3282.501220703125,mean_centered,/Users/manouchehrrimer/Desktop/BlueDot_Perona_Vector_Project/outputs/vector_construction/persona_vectors/fairness_layer47.npy,/Users/manouchehrrimer/Desktop/BlueDot_Perona_Vector_Project/outputs/ethics_projection/activations/commonsense_test_001221_layer47.npy
commonsense_test_001221,commonsense,harmlessness,compassion,47,1493.82421875,mean_centered,/Users/manouchehrrimer/Desktop/BlueDot_Perona_Vector_Project/outputs/vector_construction/persona_vectors/compassion_layer47.npy,/Users/manouchehrrimer/Desktop/BlueDot_Perona_Vector_Project/outputs/ethics_projection/activations/commonsense_test_001221_layer47.npy
commonsense_test_001222,commonsense,harmlessness,honesty,32,1119.941650390625,mean_centered,/Users/manouchehrrimer/Desktop/BlueDot_Perona_Vector_Project/outputs/vector_construction/persona_vectors/honesty_layer32.npy,/Users/manouchehrrimer/Desktop/BlueDot_Perona_Vector_Project/outputs/ethics_projection/activations/commonsense_test_001222_layer32.npy
commonsense_test_001222,commonsense,harmlessness,harmlessness,32,-1029.2418212890625,mean_centered,/Users/manouchehrrimer/Desktop/BlueDot_Perona_Vector_Project/outputs/vector_construction/persona_vectors/harmlessness_layer32.npy,/Users/manouchehrrimer/Desktop/BlueDot_Perona_Vector_Project/outputs/ethics_projection/activations/commonsense_test_001222_layer32.npy
commonsense_test_001222,commonsense,harmlessness,fairness,32,1199.406494140625,mean_centered,/Users/manouchehrrimer/Desktop/BlueDot_Perona_Vector_Project/outputs/vector_construction/persona_vectors/fairness_layer32.npy,/Users/manouchehrrimer/Desktop/BlueDot_Perona_Vector_Project/outputs/ethics_projection/activations/commonsense_test_001222_layer32.npy
commonsense_test_001222,commonsense,harmlessness,compassion,32,1023.3922119140625,mean_centered,/Users/manouchehrrimer/Desktop/BlueDot_Perona_Vector_Project/outputs/vector_construction/persona_vectors/compassion_layer32.npy,/Users/manouchehrrimer/Desktop/BlueDot_Perona_Vector_Project/outputs/ethics_projection/activations/commonsense_test_001222_layer32.npy
commonsense_test_001222,commonsense,harmlessness,honesty,40,1044.3966064453125,mean_centered,/Users/manouchehrrimer/Desktop/BlueDot_Perona_Vector_Project/outputs/vector_construction/persona_vectors/honesty_layer40.npy,/Users/manouchehrrimer/Desktop/BlueDot_Perona_Vector_Project/outputs/ethics_projection/activations/commonsense_test_001222_layer40.npy
commonsense_test_001222,commonsense,harmlessness,harmlessness,40,430.38165283203125,mean_centered,/Users/manouchehrrimer/Desktop/BlueDot_Perona_Vector_Project/outputs/vector_construction/persona_vectors/harmlessness_layer40.npy,/Users/manouchehrrimer/Desktop/BlueDot_Perona_Vector_Project/outputs/ethics_projection/activations/commonsense_test_001222_layer40.npy
commonsense_test_001222,commonsense,harmlessness,fairness,40,768.0403442382812,mean_centered,/Users/manouchehrrimer/Desktop/BlueDot_Perona_Vector_Project/outputs/vector_construction/persona_vectors/fairness_layer40.npy,/Users/manouchehrrimer/Desktop/BlueDot_Perona_Vector_Project/outputs/ethics_projection/activations/commonsense_test_001222_layer40.npy
commonsense_test_001222,commonsense,harmlessness,compassion,40,190.93099975585938,mean_centered,/Users/manouchehrrimer/Desktop/BlueDot_Perona_Vector_Project/outputs/vector_construction/persona_vectors/compassion_layer40.npy,/Users/manouchehrrimer/Desktop/BlueDot_Perona_Vector_Project/outputs/ethics_projection/activations/commonsense_test_001222_layer40.npy
commonsense_test_001222,commonsense,harmlessness,honesty,47,2137.27294921875,mean_centered,/Users/manouchehrrimer/Desktop/BlueDot_Perona_Vector_Project/outputs/vector_construction/persona_vectors/honesty_layer47.npy,/Users/manouchehrrimer/Desktop/BlueDot_Perona_Vector_Project/outputs/ethics_projection/activations/commonsense_test_001222_layer47.npy
commonsense_test_001222,commonsense,harmlessness,harmlessness,47,2415.455322265625,mean_centered,/Users/manouchehrrimer/Desktop/BlueDot_Perona_Vector_Project/outputs/vector_construction/persona_vectors/harmlessness_layer47.npy,/Users/manouchehrrimer/Desktop/BlueDot_Perona_Vector_Project/outputs/ethics_projection/activations/commonsense_test_001222_layer47.npy
commonsense_test_001222,commonsense,harmlessness,fairness,47,1133.80908203125,mean_centered,/Users/manouchehrrimer/Desktop/BlueDot_Perona_Vector_Project/outputs/vector_construction/persona_vectors/fairness_layer47.npy,/Users/manouchehrrimer/Desktop/BlueDot_Perona_Vector_Project/outputs/ethics_projection/activations/commonsense_test_001222_layer47.npy
commonsense_test_001222,commonsense,harmlessness,compassion,47,877.3515625,mean_centered,/Users/manouchehrrimer/Desktop/BlueDot_Perona_Vector_Project/outputs/vector_construction/persona_vectors/compassion_layer47.npy,/Users/manouchehrrimer/Desktop/BlueDot_Perona_Vector_Project/outputs/ethics_projection/activations/commonsense_test_001222_layer47.npy
commonsense_test_001293,commonsense,compassion,honesty,32,-738.8250122070312,mean_centered,/Users/manouchehrrimer/Desktop/BlueDot_Perona_Vector_Project/outputs/vector_construction/persona_vectors/honesty_layer32.npy,/Users/manouchehrrimer/Desktop/BlueDot_Perona_Vector_Project/outputs/ethics_projection/activations/commonsense_test_001293_layer32.npy
commonsense_test_001293,commonsense,compassion,harmlessness,32,636.452880859375,mean_centered,/Users/manouchehrrimer/Desktop/BlueDot_Perona_Vector_Project/outputs/vector_construction/persona_vectors/harmlessness_layer32.npy,/Users/manouchehrrimer/Desktop/BlueDot_Perona_Vector_Project/outputs/ethics_projection/activations/commonsense_test_001293_layer32.npy
commonsense_test_001293,commonsense,compassion,fairness,32,-209.80776977539062,mean_centered,/Users/manouchehrrimer/Desktop/BlueDot_Perona_Vector_Project/outputs/vector_construction/persona_vectors/fairness_layer32.npy,/Users/manouchehrrimer/Desktop/BlueDot_Perona_Vector_Project/outputs/ethics_projection/activations/commonsense_test_001293_layer32.npy
commonsense_test_001293,commonsense,compassion,compassion,32,-567.676025390625,mean_centered,/Users/manouchehrrimer/Desktop/BlueDot_Perona_Vector_Project/outputs/vector_construction/persona_vectors/compassion_layer32.npy,/Users/manouchehrrimer/Desktop/BlueDot_Perona_Vector_Project/outputs/ethics_projection/activations/commonsense_test_001293_layer32.npy
commonsense_test_001293,commonsense,compassion,honesty,40,3693.57421875,mean_centered,/Users/manouchehrrimer/Desktop/BlueDot_Perona_Vector_Project/outputs/vector_construction/persona_vectors/honesty_layer40.npy,/Users/manouchehrrimer/Desktop/BlueDot_Perona_Vector_Project/outputs/ethics_projection/activations/commonsense_test_001293_layer40.npy
commonsense_test_001293,commonsense,compassion,harmlessness,40,251.2959747314453,mean_centered,/Users/manouchehrrimer/Desktop/BlueDot_Perona_Vector_Project/outputs/vector_construction/persona_vectors/harmlessness_layer40.npy,/Users/manouchehrrimer/Desktop/BlueDot_Perona_Vector_Project/outputs/ethics_projection/activations/commonsense_test_001293_layer40.npy
commonsense_test_001293,commonsense,compassion,fairness,40,3176.517822265625,mean_centered,/Users/manouchehrrimer/Desktop/BlueDot_Perona_Vector_Project/outputs/vector_construction/persona_vectors/fairness_layer40.npy,/Users/manouchehrrimer/Desktop/BlueDot_Perona_Vector_Project/outputs/ethics_projection/activations/commonsense_test_001293_layer40.npy
commonsense_test_001293,commonsense,compassion,compassion,40,-341.3353271484375,mean_centered,/Users/manouchehrrimer/Desktop/BlueDot_Perona_Vector_Project/outputs/vector_construction/persona_vectors/compassion_layer40.npy,/Users/manouchehrrimer/Desktop/BlueDot_Perona_Vector_Project/outputs/ethics_projection/activations/commonsense_test_001293_layer40.npy
commonsense_test_001293,commonsense,compassion,honesty,47,3652.37158203125,mean_centered,/Users/manouchehrrimer/Desktop/BlueDot_Perona_Vector_Project/outputs/vector_construction/persona_vectors/honesty_layer47.npy,/Users/manouchehrrimer/Desktop/BlueDot_Perona_Vector_Project/outputs/ethics_projection/activations/commonsense_test_001293_layer47.npy
commonsense_test_001293,commonsense,compassion,harmlessness,47,4425.2841796875,mean_centered,/Users/manouchehrrimer/Desktop/BlueDot_Perona_Vector_Project/outputs/vector_construction/persona_vectors/harmlessness_layer47.npy,/Users/manouchehrrimer/Desktop/BlueDot_Perona_Vector_Project/outputs/ethics_projection/activations/commonsense_test_001293_layer47.npy
commonsense_test_001293,commonsense,compassion,fairness,47,2333.54296875,mean_centered,/Users/manouchehrrimer/Desktop/BlueDot_Perona_Vector_Project/outputs/vector_construction/persona_vectors/fairness_layer47.npy,/Users/manouchehrrimer/Desktop/BlueDot_Perona_Vector_Project/outputs/ethics_projection/activations/commonsense_test_001293_layer47.npy
commonsense_test_001293,commonsense,compassion,compassion,47,1640.629638671875,mean_centered,/Users/manouchehrrimer/Desktop/BlueDot_Perona_Vector_Project/outputs/vector_construction/persona_vectors/compassion_layer47.npy,/Users/manouchehrrimer/Desktop/BlueDot_Perona_Vector_Project/outputs/ethics_projection/activations/commonsense_test_001293_layer47.npy
commonsense_test_001344,commonsense,honesty,honesty,32,247.83975219726562,mean_centered,/Users/manouchehrrimer/Desktop/BlueDot_Perona_Vector_Project/outputs/vector_construction/persona_vectors/honesty_layer32.npy,/Users/manouchehrrimer/Desktop/BlueDot_Perona_Vector_Project/outputs/ethics_projection/activations/commonsense_test_001344_layer32.npy
commonsense_test_001344,commonsense,honesty,harmlessness,32,-383.8592834472656,mean_centered,/Users/manouchehrrimer/Desktop/BlueDot_Perona_Vector_Project/outputs/vector_construction/persona_vectors/harmlessness_layer32.npy,/Users/manouchehrrimer/Desktop/BlueDot_Perona_Vector_Project/outputs/ethics_projection/activations/commonsense_test_001344_layer32.npy
commonsense_test_001344,commonsense,honesty,fairness,32,317.7770690917969,mean_centered,/Users/manouchehrrimer/Desktop/BlueDot_Perona_Vector_Project/outputs/vector_construction/persona_vectors/fairness_layer32.npy,/Users/manouchehrrimer/Desktop/BlueDot_Perona_Vector_Project/outputs/ethics_projection/activations/commonsense_test_001344_layer32.npy
commonsense_test_001344,commonsense,honesty,compassion,32,186.16183471679688,mean_centered,/Users/manouchehrrimer/Desktop/BlueDot_Perona_Vector_Project/outputs/vector_construction/persona_vectors/compassion_layer32.npy,/Users/manouchehrrimer/Desktop/BlueDot_Perona_Vector_Project/outputs/ethics_projection/activations/commonsense_test_001344_layer32.npy
commonsense_test_001344,commonsense,honesty,honesty,40,-564.1259155273438,mean_centered,/Users/manouchehrrimer/Desktop/BlueDot_Perona_Vector_Project/outputs/vector_construction/persona_vectors/honesty_layer40.npy,/Users/manouchehrrimer/Desktop/BlueDot_Perona_Vector_Project/outputs/ethics_projection/activations/commonsense_test_001344_layer40.npy
commonsense_test_001344,commonsense,honesty,harmlessness,40,469.0382080078125,mean_centered,/Users/manouchehrrimer/Desktop/BlueDot_Perona_Vector_Project/outputs/vector_construction/persona_vectors/harmlessness_layer40.npy,/Users/manouchehrrimer/Desktop/BlueDot_Perona_Vector_Project/outputs/ethics_projection/activations/commonsense_test_001344_layer40.npy
commonsense_test_001344,commonsense,honesty,fairness,40,-481.9263610839844,mean_centered,/Users/manouchehrrimer/Desktop/BlueDot_Perona_Vector_Project/outputs/vector_construction/persona_vectors/fairness_layer40.npy,/Users/manouchehrrimer/Desktop/BlueDot_Perona_Vector_Project/outputs/ethics_projection/activations/commonsense_test_001344_layer40.npy
commonsense_test_001344,commonsense,honesty,compassion,40,-807.9286499023438,mean_centered,/Users/manouchehrrimer/Desktop/BlueDot_Perona_Vector_Project/outputs/vector_construction/persona_vectors/compassion_layer40.npy,/Users/manouchehrrimer/Desktop/BlueDot_Perona_Vector_Project/outputs/ethics_projection/activations/commonsense_test_001344_layer40.npy
commonsense_test_001344,commonsense,honesty,honesty,47,1404.9161376953125,mean_centered,/Users/manouchehrrimer/Desktop/BlueDot_Perona_Vector_Project/outputs/vector_construction/persona_vectors/honesty_layer47.npy,/Users/manouchehrrimer/Desktop/BlueDot_Perona_Vector_Project/outputs/ethics_projection/activations/commonsense_test_001344_layer47.npy
commonsense_test_001344,commonsense,honesty,harmlessness,47,2348.52734375,mean_centered,/Users/manouchehrrimer/Desktop/BlueDot_Perona_Vector_Project/outputs/vector_construction/persona_vectors/harmlessness_layer47.npy,/Users/manouchehrrimer/Desktop/BlueDot_Perona_Vector_Project/outputs/ethics_projection/activations/commonsense_test_001344_layer47.npy
commonsense_test_001344,commonsense,honesty,fairness,47,284.6190185546875,mean_centered,/Users/manouchehrrimer/Desktop/BlueDot_Perona_Vector_Project/outputs/vector_construction/persona_vectors/fairness_layer47.npy,/Users/manouchehrrimer/Desktop/BlueDot_Perona_Vector_Project/outputs/ethics_projection/activations/commonsense_test_001344_layer47.npy
commonsense_test_001344,commonsense,honesty,compassion,47,-107.2061767578125,mean_centered,/Users/manouchehrrimer/Desktop/BlueDot_Perona_Vector_Project/outputs/vector_construction/persona_vectors/compassion_layer47.npy,/Users/manouchehrrimer/Desktop/BlueDot_Perona_Vector_Project/outputs/ethics_projection/activations/commonsense_test_001344_layer47.npy
commonsense_test_001402,commonsense,harmlessness,honesty,32,-1534.642822265625,mean_centered,/Users/manouchehrrimer/Desktop/BlueDot_Perona_Vector_Project/outputs/vector_construction/persona_vectors/honesty_layer32.npy,/Users/manouchehrrimer/Desktop/BlueDot_Perona_Vector_Project/outputs/ethics_projection/activations/commonsense_test_001402_layer32.npy
commonsense_test_001402,commonsense,harmlessness,harmlessness,32,2467.770263671875,mean_centered,/Users/manouchehrrimer/Desktop/BlueDot_Perona_Vector_Project/outputs/vector_construction/persona_vectors/harmlessness_layer32.npy,/Users/manouchehrrimer/Desktop/BlueDot_Perona_Vector_Project/outputs/ethics_projection/activations/commonsense_test_001402_layer32.npy
commonsense_test_001402,commonsense,harmlessness,fairness,32,-1827.20947265625,mean_centered,/Users/manouchehrrimer/Desktop/BlueDot_Perona_Vector_Project/outputs/vector_construction/persona_vectors/fairness_layer32.npy,/Users/manouchehrrimer/Desktop/BlueDot_Perona_Vector_Project/outputs/ethics_projection/activations/commonsense_test_001402_layer32.npy
commonsense_test_001402,commonsense,harmlessness,compassion,32,-1477.5634765625,mean_centered,/Users/manouchehrrimer/Desktop/BlueDot_Perona_Vector_Project/outputs/vector_construction/persona_vectors/compassion_layer32.npy,/Users/manouchehrrimer/Desktop/BlueDot_Perona_Vector_Project/outputs/ethics_projection/activations/commonsense_test_001402_layer32.npy
commonsense_test_001402,commonsense,harmlessness,honesty,40,-4330.5107421875,mean_centered,/Users/manouchehrrimer/Desktop/BlueDot_Perona_Vector_Project/outputs/vector_construction/persona_vectors/honesty_layer40.npy,/Users/manouchehrrimer/Desktop/BlueDot_Perona_Vector_Project/outputs/ethics_projection/activations/commonsense_test_001402_layer40.npy
commonsense_test_001402,commonsense,harmlessness,harmlessness,40,765.7457275390625,mean_centered,/Users/manouchehrrimer/Desktop/BlueDot_Perona_Vector_Project/outputs/vector_construction/persona_vectors/harmlessness_layer40.npy,/Users/manouchehrrimer/Desktop/BlueDot_Perona_Vector_Project/outputs/ethics_projection/activations/commonsense_test_001402_layer40.npy
commonsense_test_001402,commonsense,harmlessness,fairness,40,-3339.38232421875,mean_centered,/Users/manouchehrrimer/Desktop/BlueDot_Perona_Vector_Project/outputs/vector_construction/persona_vectors/fairness_layer40.npy,/Users/manouchehrrimer/Desktop/BlueDot_Perona_Vector_Project/outputs/ethics_projection/activations/commonsense_test_001402_layer40.npy
commonsense_test_001402,commonsense,harmlessness,compassion,40,-164.87428283691406,mean_centered,/Users/manouchehrrimer/Desktop/BlueDot_Perona_Vector_Project/outputs/vector_construction/persona_vectors/compassion_layer40.npy,/Users/manouchehrrimer/Desktop/BlueDot_Perona_Vector_Project/outputs/ethics_projection/activations/commonsense_test_001402_layer40.npy
commonsense_test_001402,commonsense,harmlessness,honesty,47,-3437.244140625,mean_centered,/Users/manouchehrrimer/Desktop/BlueDot_Perona_Vector_Project/outputs/vector_construction/persona_vectors/honesty_layer47.npy,/Users/manouchehrrimer/Desktop/BlueDot_Perona_Vector_Project/outputs/ethics_projection/activations/commonsense_test_001402_layer47.npy
commonsense_test_001402,commonsense,harmlessness,harmlessness,47,-4233.28955078125,mean_centered,/Users/manouchehrrimer/Desktop/BlueDot_Perona_Vector_Project/outputs/vector_construction/persona_vectors/harmlessness_layer47.npy,/Users/manouchehrrimer/Desktop/BlueDot_Perona_Vector_Project/outputs/ethics_projection/activations/commonsense_test_001402_layer47.npy
commonsense_test_001402,commonsense,harmlessness,fairness,47,-1894.090087890625,mean_centered,/Users/manouchehrrimer/Desktop/BlueDot_Perona_Vector_Project/outputs/vector_construction/persona_vectors/fairness_layer47.npy,/Users/manouchehrrimer/Desktop/BlueDot_Perona_Vector_Project/outputs/ethics_projection/activations/commonsense_test_001402_layer47.npy
commonsense_test_001402,commonsense,harmlessness,compassion,47,-2679.0615234375,mean_centered,/Users/manouchehrrimer/Desktop/BlueDot_Perona_Vector_Project/outputs/vector_construction/persona_vectors/compassion_layer47.npy,/Users/manouchehrrimer/Desktop/BlueDot_Perona_Vector_Project/outputs/ethics_projection/activations/commonsense_test_001402_layer47.npy
commonsense_test_001417,commonsense,honesty,honesty,32,-849.763427734375,mean_centered,/Users/manouchehrrimer/Desktop/BlueDot_Perona_Vector_Project/outputs/vector_construction/persona_vectors/honesty_layer32.npy,/Users/manouchehrrimer/Desktop/BlueDot_Perona_Vector_Project/outputs/ethics_projection/activations/commonsense_test_001417_layer32.npy
commonsense_test_001417,commonsense,honesty,harmlessness,32,1580.02294921875,mean_centered,/Users/manouchehrrimer/Desktop/BlueDot_Perona_Vector_Project/outputs/vector_construction/persona_vectors/harmlessness_layer32.npy,/Users/manouchehrrimer/Desktop/BlueDot_Perona_Vector_Project/outputs/ethics_projection/activations/commonsense_test_001417_layer32.npy
commonsense_test_001417,commonsense,honesty,fairness,32,-943.636474609375,mean_centered,/Users/manouchehrrimer/Desktop/BlueDot_Perona_Vector_Project/outputs/vector_construction/persona_vectors/fairness_layer32.npy,/Users/manouchehrrimer/Desktop/BlueDot_Perona_Vector_Project/outputs/ethics_projection/activations/commonsense_test_001417_layer32.npy
commonsense_test_001417,commonsense,honesty,compassion,32,-1061.2645263671875,mean_centered,/Users/manouchehrrimer/Desktop/BlueDot_Perona_Vector_Project/outputs/vector_construction/persona_vectors/compassion_layer32.npy,/Users/manouchehrrimer/Desktop/BlueDot_Perona_Vector_Project/outputs/ethics_projection/activations/commonsense_test_001417_layer32.npy
commonsense_test_001417,commonsense,honesty,honesty,40,835.7279052734375,mean_centered,/Users/manouchehrrimer/Desktop/BlueDot_Perona_Vector_Project/outputs/vector_construction/persona_vectors/honesty_layer40.npy,/Users/manouchehrrimer/Desktop/BlueDot_Perona_Vector_Project/outputs/ethics_projection/activations/commonsense_test_001417_layer40.npy
commonsense_test_001417,commonsense,honesty,harmlessness,40,546.56396484375,mean_centered,/Users/manouchehrrimer/Desktop/BlueDot_Perona_Vector_Project/outputs/vector_construction/persona_vectors/harmlessness_layer40.npy,/Users/manouchehrrimer/Desktop/BlueDot_Perona_Vector_Project/outputs/ethics_projection/activations/commonsense_test_001417_layer40.npy
commonsense_test_001417,commonsense,honesty,fairness,40,802.47119140625,mean_centered,/Users/manouchehrrimer/Desktop/BlueDot_Perona_Vector_Project/outputs/vector_construction/persona_vectors/fairness_layer40.npy,/Users/manouchehrrimer/Desktop/BlueDot_Perona_Vector_Project/outputs/ethics_projection/activations/commonsense_test_001417_layer40.npy
commonsense_test_001417,commonsense,honesty,compassion,40,65.69204711914062,mean_centered,/Users/manouchehrrimer/Desktop/BlueDot_Perona_Vector_Project/outputs/vector_construction/persona_vectors/compassion_layer40.npy,/Users/manouchehrrimer/Desktop/BlueDot_Perona_Vector_Project/outputs/ethics_projection/activations/commonsense_test_001417_layer40.npy
commonsense_test_001417,commonsense,honesty,honesty,47,-1019.956298828125,mean_centered,/Users/manouchehrrimer/Desktop/BlueDot_Perona_Vector_Project/outputs/vector_construction/persona_vectors/honesty_layer47.npy,/Users/manouchehrrimer/Desktop/BlueDot_Perona_Vector_Project/outputs/ethics_projection/activations/commonsense_test_001417_layer47.npy
commonsense_test_001417,commonsense,honesty,harmlessness,47,-1606.5880126953125,mean_centered,/Users/manouchehrrimer/Desktop/BlueDot_Perona_Vector_Project/outputs/vector_construction/persona_vectors/harmlessness_layer47.npy,/Users/manouchehrrimer/Desktop/BlueDot_Perona_Vector_Project/outputs/ethics_projection/activations/commonsense_test_001417_layer47.npy
commonsense_test_001417,commonsense,honesty,fairness,47,-81.23899841308594,mean_centered,/Users/manouchehrrimer/Desktop/BlueDot_Perona_Vector_Project/outputs/vector_construction/persona_vectors/fairness_layer47.npy,/Users/manouchehrrimer/Desktop/BlueDot_Perona_Vector_Project/outputs/ethics_projection/activations/commonsense_test_001417_layer47.npy
commonsense_test_001417,commonsense,honesty,compassion,47,-1251.20654296875,mean_centered,/Users/manouchehrrimer/Desktop/BlueDot_Perona_Vector_Project/outputs/vector_construction/persona_vectors/compassion_layer47.npy,/Users/manouchehrrimer/Desktop/BlueDot_Perona_Vector_Project/outputs/ethics_projection/activations/commonsense_test_001417_layer47.npy
commonsense_test_001426,commonsense,harmlessness,honesty,32,75.12199401855469,mean_centered,/Users/manouchehrrimer/Desktop/BlueDot_Perona_Vector_Project/outputs/vector_construction/persona_vectors/honesty_layer32.npy,/Users/manouchehrrimer/Desktop/BlueDot_Perona_Vector_Project/outputs/ethics_projection/activations/commonsense_test_001426_layer32.npy
commonsense_test_001426,commonsense,harmlessness,harmlessness,32,-276.826416015625,mean_centered,/Users/manouchehrrimer/Desktop/BlueDot_Perona_Vector_Project/outputs/vector_construction/persona_vectors/harmlessness_layer32.npy,/Users/manouchehrrimer/Desktop/BlueDot_Perona_Vector_Project/outputs/ethics_projection/activations/commonsense_test_001426_layer32.npy
commonsense_test_001426,commonsense,harmlessness,fairness,32,577.1522216796875,mean_centered,/Users/manouchehrrimer/Desktop/BlueDot_Perona_Vector_Project/outputs/vector_construction/persona_vectors/fairness_layer32.npy,/Users/manouchehrrimer/Desktop/BlueDot_Perona_Vector_Project/outputs/ethics_projection/activations/commonsense_test_001426_layer32.npy
commonsense_test_001426,commonsense,harmlessness,compassion,32,610.1260986328125,mean_centered,/Users/manouchehrrimer/Desktop/BlueDot_Perona_Vector_Project/outputs/vector_construction/persona_vectors/compassion_layer32.npy,/Users/manouchehrrimer/Desktop/BlueDot_Perona_Vector_Project/outputs/ethics_projection/activations/commonsense_test_001426_layer32.npy
commonsense_test_001426,commonsense,harmlessness,honesty,40,-796.1470336914062,mean_centered,/Users/manouchehrrimer/Desktop/BlueDot_Perona_Vector_Project/outputs/vector_construction/persona_vectors/honesty_layer40.npy,/Users/manouchehrrimer/Desktop/BlueDot_Perona_Vector_Project/outputs/ethics_projection/activations/commonsense_test_001426_layer40.npy
commonsense_test_001426,commonsense,harmlessness,harmlessness,40,369.7030029296875,mean_centered,/Users/manouchehrrimer/Desktop/BlueDot_Perona_Vector_Project/outputs/vector_construction/persona_vectors/harmlessness_layer40.npy,/Users/manouchehrrimer/Desktop/BlueDot_Perona_Vector_Project/outputs/ethics_projection/activations/commonsense_test_001426_layer40.npy
commonsense_test_001426,commonsense,harmlessness,fairness,40,-228.77919006347656,mean_centered,/Users/manouchehrrimer/Desktop/BlueDot_Perona_Vector_Project/outputs/vector_construction/persona_vectors/fairness_layer40.npy,/Users/manouchehrrimer/Desktop/BlueDot_Perona_Vector_Project/outputs/ethics_projection/activations/commonsense_test_001426_layer40.npy
commonsense_test_001426,commonsense,harmlessness,compassion,40,167.13851928710938,mean_centered,/Users/manouchehrrimer/Desktop/BlueDot_Perona_Vector_Project/outputs/vector_construction/persona_vectors/compassion_layer40.npy,/Users/manouchehrrimer/Desktop/BlueDot_Perona_Vector_Project/outputs/ethics_projection/activations/commonsense_test_001426_layer40.npy
commonsense_test_001426,commonsense,harmlessness,honesty,47,1829.62353515625,mean_centered,/Users/manouchehrrimer/Desktop/BlueDot_Perona_Vector_Project/outputs/vector_construction/persona_vectors/honesty_layer47.npy,/Users/manouchehrrimer/Desktop/BlueDot_Perona_Vector_Project/outputs/ethics_projection/activations/commonsense_test_001426_layer47.npy
commonsense_test_001426,commonsense,harmlessness,harmlessness,47,3108.486083984375,mean_centered,/Users/manouchehrrimer/Desktop/BlueDot_Perona_Vector_Project/outputs/vector_construction/persona_vectors/harmlessness_layer47.npy,/Users/manouchehrrimer/Desktop/BlueDot_Perona_Vector_Project/outputs/ethics_projection/activations/commonsense_test_001426_layer47.npy
commonsense_test_001426,commonsense,harmlessness,fairness,47,1073.7869873046875,mean_centered,/Users/manouchehrrimer/Desktop/BlueDot_Perona_Vector_Project/outputs/vector_construction/persona_vectors/fairness_layer47.npy,/Users/manouchehrrimer/Desktop/BlueDot_Perona_Vector_Project/outputs/ethics_projection/activations/commonsense_test_001426_layer47.npy
commonsense_test_001426,commonsense,harmlessness,compassion,47,1400.9898681640625,mean_centered,/Users/manouchehrrimer/Desktop/BlueDot_Perona_Vector_Project/outputs/vector_construction/persona_vectors/compassion_layer47.npy,/Users/manouchehrrimer/Desktop/BlueDot_Perona_Vector_Project/outputs/ethics_projection/activations/commonsense_test_001426_layer47.npy
commonsense_test_001483,commonsense,harmlessness,honesty,32,840.1087036132812,mean_centered,/Users/manouchehrrimer/Desktop/BlueDot_Perona_Vector_Project/outputs/vector_construction/persona_vectors/honesty_layer32.npy,/Users/manouchehrrimer/Desktop/BlueDot_Perona_Vector_Project/outputs/ethics_projection/activations/commonsense_test_001483_layer32.npy
commonsense_test_001483,commonsense,harmlessness,harmlessness,32,-777.7518310546875,mean_centered,/Users/manouchehrrimer/Desktop/BlueDot_Perona_Vector_Project/outputs/vector_construction/persona_vectors/harmlessness_layer32.npy,/Users/manouchehrrimer/Desktop/BlueDot_Perona_Vector_Project/outputs/ethics_projection/activations/commonsense_test_001483_layer32.npy
commonsense_test_001483,commonsense,harmlessness,fairness,32,471.8241271972656,mean_centered,/Users/manouchehrrimer/Desktop/BlueDot_Perona_Vector_Project/outputs/vector_construction/persona_vectors/fairness_layer32.npy,/Users/manouchehrrimer/Desktop/BlueDot_Perona_Vector_Project/outputs/ethics_projection/activations/commonsense_test_001483_layer32.npy
commonsense_test_001483,commonsense,harmlessness,compassion,32,669.3701782226562,mean_centered,/Users/manouchehrrimer/Desktop/BlueDot_Perona_Vector_Project/outputs/vector_construction/persona_vectors/compassion_layer32.npy,/Users/manouchehrrimer/Desktop/BlueDot_Perona_Vector_Project/outputs/ethics_projection/activations/commonsense_test_001483_layer32.npy
commonsense_test_001483,commonsense,harmlessness,honesty,40,334.5185546875,mean_centered,/Users/manouchehrrimer/Desktop/BlueDot_Perona_Vector_Project/outputs/vector_construction/persona_vectors/honesty_layer40.npy,/Users/manouchehrrimer/Desktop/BlueDot_Perona_Vector_Project/outputs/ethics_projection/activations/commonsense_test_001483_layer40.npy
commonsense_test_001483,commonsense,harmlessness,harmlessness,40,232.04771423339844,mean_centered,/Users/manouchehrrimer/Desktop/BlueDot_Perona_Vector_Project/outputs/vector_construction/persona_vectors/harmlessness_layer40.npy,/Users/manouchehrrimer/Desktop/BlueDot_Perona_Vector_Project/outputs/ethics_projection/activations/commonsense_test_001483_layer40.npy
commonsense_test_001483,commonsense,harmlessness,fairness,40,-444.7481689453125,mean_centered,/Users/manouchehrrimer/Desktop/BlueDot_Perona_Vector_Project/outputs/vector_construction/persona_vectors/fairness_layer40.npy,/Users/manouchehrrimer/Desktop/BlueDot_Perona_Vector_Project/outputs/ethics_projection/activations/commonsense_test_001483_layer40.npy
commonsense_test_001483,commonsense,harmlessness,compassion,40,160.75619506835938,mean_centered,/Users/manouchehrrimer/Desktop/BlueDot_Perona_Vector_Project/outputs/vector_construction/persona_vectors/compassion_layer40.npy,/Users/manouchehrrimer/Desktop/BlueDot_Perona_Vector_Project/outputs/ethics_projection/activations/commonsense_test_001483_layer40.npy
commonsense_test_001483,commonsense,harmlessness,honesty,47,816.8431396484375,mean_centered,/Users/manouchehrrimer/Desktop/BlueDot_Perona_Vector_Project/outputs/vector_construction/persona_vectors/honesty_layer47.npy,/Users/manouchehrrimer/Desktop/BlueDot_Perona_Vector_Project/outputs/ethics_projection/activations/commonsense_test_001483_layer47.npy
commonsense_test_001483,commonsense,harmlessness,harmlessness,47,1739.938720703125,mean_centered,/Users/manouchehrrimer/Desktop/BlueDot_Perona_Vector_Project/outputs/vector_construction/persona_vectors/harmlessness_layer47.npy,/Users/manouchehrrimer/Desktop/BlueDot_Perona_Vector_Project/outputs/ethics_projection/activations/commonsense_test_001483_layer47.npy
commonsense_test_001483,commonsense,harmlessness,fairness,47,-1001.6968994140625,mean_centered,/Users/manouchehrrimer/Desktop/BlueDot_Perona_Vector_Project/outputs/vector_construction/persona_vectors/fairness_layer47.npy,/Users/manouchehrrimer/Desktop/BlueDot_Perona_Vector_Project/outputs/ethics_projection/activations/commonsense_test_001483_layer47.npy
commonsense_test_001483,commonsense,harmlessness,compassion,47,1486.9671630859375,mean_centered,/Users/manouchehrrimer/Desktop/BlueDot_Perona_Vector_Project/outputs/vector_construction/persona_vectors/compassion_layer47.npy,/Users/manouchehrrimer/Desktop/BlueDot_Perona_Vector_Project/outputs/ethics_projection/activations/commonsense_test_001483_layer47.npy
commonsense_test_001498,commonsense,harmlessness,honesty,32,545.2894287109375,mean_centered,/Users/manouchehrrimer/Desktop/BlueDot_Perona_Vector_Project/outputs/vector_construction/persona_vectors/honesty_layer32.npy,/Users/manouchehrrimer/Desktop/BlueDot_Perona_Vector_Project/outputs/ethics_projection/activations/commonsense_test_001498_layer32.npy
commonsense_test_001498,commonsense,harmlessness,harmlessness,32,-640.5029296875,mean_centered,/Users/manouchehrrimer/Desktop/BlueDot_Perona_Vector_Project/outputs/vector_construction/persona_vectors/harmlessness_layer32.npy,/Users/manouchehrrimer/Desktop/BlueDot_Perona_Vector_Project/outputs/ethics_projection/activations/commonsense_test_001498_layer32.npy
commonsense_test_001498,commonsense,harmlessness,fairness,32,693.5806274414062,mean_centered,/Users/manouchehrrimer/Desktop/BlueDot_Perona_Vector_Project/outputs/vector_construction/persona_vectors/fairness_layer32.npy,/Users/manouchehrrimer/Desktop/BlueDot_Perona_Vector_Project/outputs/ethics_projection/activations/commonsense_test_001498_layer32.npy
commonsense_test_001498,commonsense,harmlessness,compassion,32,232.1894989013672,mean_centered,/Users/manouchehrrimer/Desktop/BlueDot_Perona_Vector_Project/outputs/vector_construction/persona_vectors/compassion_layer32.npy,/Users/manouchehrrimer/Desktop/BlueDot_Perona_Vector_Project/outputs/ethics_projection/activations/commonsense_test_001498_layer32.npy
commonsense_test_001498,commonsense,harmlessness,honesty,40,1021.8580932617188,mean_centered,/Users/manouchehrrimer/Desktop/BlueDot_Perona_Vector_Project/outputs/vector_construction/persona_vectors/honesty_layer40.npy,/Users/manouchehrrimer/Desktop/BlueDot_Perona_Vector_Project/outputs/ethics_projection/activations/commonsense_test_001498_layer40.npy
commonsense_test_001498,commonsense,harmlessness,harmlessness,40,-26.34829330444336,mean_centered,/Users/manouchehrrimer/Desktop/BlueDot_Perona_Vector_Project/outputs/vector_construction/persona_vectors/harmlessness_layer40.npy,/Users/manouchehrrimer/Desktop/BlueDot_Perona_Vector_Project/outputs/ethics_projection/activations/commonsense_test_001498_layer40.npy
commonsense_test_001498,commonsense,harmlessness,fairness,40,1101.2855224609375,mean_centered,/Users/manouchehrrimer/Desktop/BlueDot_Perona_Vector_Project/outputs/vector_construction/persona_vectors/fairness_layer40.npy,/Users/manouchehrrimer/Desktop/BlueDot_Perona_Vector_Project/outputs/ethics_projection/activations/commonsense_test_001498_layer40.npy
commonsense_test_001498,commonsense,harmlessness,compassion,40,-362.3171691894531,mean_centered,/Users/manouchehrrimer/Desktop/BlueDot_Perona_Vector_Project/outputs/vector_construction/persona_vectors/compassion_layer40.npy,/Users/manouchehrrimer/Desktop/BlueDot_Perona_Vector_Project/outputs/ethics_projection/activations/commonsense_test_001498_layer40.npy
commonsense_test_001498,commonsense,harmlessness,honesty,47,594.4779663085938,mean_centered,/Users/manouchehrrimer/Desktop/BlueDot_Perona_Vector_Project/outputs/vector_construction/persona_vectors/honesty_layer47.npy,/Users/manouchehrrimer/Desktop/BlueDot_Perona_Vector_Project/outputs/ethics_projection/activations/commonsense_test_001498_layer47.npy
commonsense_test_001498,commonsense,harmlessness,harmlessness,47,1170.1181640625,mean_centered,/Users/manouchehrrimer/Desktop/BlueDot_Perona_Vector_Project/outputs/vector_construction/persona_vectors/harmlessness_layer47.npy,/Users/manouchehrrimer/Desktop/BlueDot_Perona_Vector_Project/outputs/ethics_projection/activations/commonsense_test_001498_layer47.npy
commonsense_test_001498,commonsense,harmlessness,fairness,47,1138.69873046875,mean_centered,/Users/manouchehrrimer/Desktop/BlueDot_Perona_Vector_Project/outputs/vector_construction/persona_vectors/fairness_layer47.npy,/Users/manouchehrrimer/Desktop/BlueDot_Perona_Vector_Project/outputs/ethics_projection/activations/commonsense_test_001498_layer47.npy
commonsense_test_001498,commonsense,harmlessness,compassion,47,319.893310546875,mean_centered,/Users/manouchehrrimer/Desktop/BlueDot_Perona_Vector_Project/outputs/vector_construction/persona_vectors/compassion_layer47.npy,/Users/manouchehrrimer/Desktop/BlueDot_Perona_Vector_Project/outputs/ethics_projection/activations/commonsense_test_001498_layer47.npy
commonsense_test_001511,commonsense,harmlessness,honesty,32,1394.03125,mean_centered,/Users/manouchehrrimer/Desktop/BlueDot_Perona_Vector_Project/outputs/vector_construction/persona_vectors/honesty_layer32.npy,/Users/manouchehrrimer/Desktop/BlueDot_Perona_Vector_Project/outputs/ethics_projection/activations/commonsense_test_001511_layer32.npy
commonsense_test_001511,commonsense,harmlessness,harmlessness,32,-1296.0091552734375,mean_centered,/Users/manouchehrrimer/Desktop/BlueDot_Perona_Vector_Project/outputs/vector_construction/persona_vectors/harmlessness_layer32.npy,/Users/manouchehrrimer/Desktop/BlueDot_Perona_Vector_Project/outputs/ethics_projection/activations/commonsense_test_001511_layer32.npy
commonsense_test_001511,commonsense,harmlessness,fairness,32,1131.591552734375,mean_centered,/Users/manouchehrrimer/Desktop/BlueDot_Perona_Vector_Project/outputs/vector_construction/persona_vectors/fairness_layer32.npy,/Users/manouchehrrimer/Desktop/BlueDot_Perona_Vector_Project/outputs/ethics_projection/activations/commonsense_test_001511_layer32.npy
commonsense_test_001511,commonsense,harmlessness,compassion,32,1072.8541259765625,mean_centered,/Users/manouchehrrimer/Desktop/BlueDot_Perona_Vector_Project/outputs/vector_construction/persona_vectors/compassion_layer32.npy,/Users/manouchehrrimer/Desktop/BlueDot_Perona_Vector_Project/outputs/ethics_projection/activations/commonsense_test_001511_layer32.npy
commonsense_test_001511,commonsense,harmlessness,honesty,40,-46.00384521484375,mean_centered,/Users/manouchehrrimer/Desktop/BlueDot_Perona_Vector_Project/outputs/vector_construction/persona_vectors/honesty_layer40.npy,/Users/manouchehrrimer/Desktop/BlueDot_Perona_Vector_Project/outputs/ethics_projection/activations/commonsense_test_001511_layer40.npy
commonsense_test_001511,commonsense,harmlessness,harmlessness,40,303.9915771484375,mean_centered,/Users/manouchehrrimer/Desktop/BlueDot_Perona_Vector_Project/outputs/vector_construction/persona_vectors/harmlessness_layer40.npy,/Users/manouchehrrimer/Desktop/BlueDot_Perona_Vector_Project/outputs/ethics_projection/activations/commonsense_test_001511_layer40.npy
commonsense_test_001511,commonsense,harmlessness,fairness,40,-445.30523681640625,mean_centered,/Users/manouchehrrimer/Desktop/BlueDot_Perona_Vector_Project/outputs/vector_construction/persona_vectors/fairness_layer40.npy,/Users/manouchehrrimer/Desktop/BlueDot_Perona_Vector_Project/outputs/ethics_projection/activations/commonsense_test_001511_layer40.npy
commonsense_test_001511,commonsense,harmlessness,compassion,40,223.05406188964844,mean_centered,/Users/manouchehrrimer/Desktop/BlueDot_Perona_Vector_Project/outputs/vector_construction/persona_vectors/compassion_layer40.npy,/Users/manouchehrrimer/Desktop/BlueDot_Perona_Vector_Project/outputs/ethics_projection/activations/commonsense_test_001511_layer40.npy
commonsense_test_001511,commonsense,harmlessness,honesty,47,2232.634765625,mean_centered,/Users/manouchehrrimer/Desktop/BlueDot_Perona_Vector_Project/outputs/vector_construction/persona_vectors/honesty_layer47.npy,/Users/manouchehrrimer/Desktop/BlueDot_Perona_Vector_Project/outputs/ethics_projection/activations/commonsense_test_001511_layer47.npy
commonsense_test_001511,commonsense,harmlessness,harmlessness,47,3716.575927734375,mean_centered,/Users/manouchehrrimer/Desktop/BlueDot_Perona_Vector_Project/outputs/vector_construction/persona_vectors/harmlessness_layer47.npy,/Users/manouchehrrimer/Desktop/BlueDot_Perona_Vector_Project/outputs/ethics_projection/activations/commonsense_test_001511_layer47.npy
commonsense_test_001511,commonsense,harmlessness,fairness,47,-38.3734130859375,mean_centered,/Users/manouchehrrimer/Desktop/BlueDot_Perona_Vector_Project/outputs/vector_construction/persona_vectors/fairness_layer47.npy,/Users/manouchehrrimer/Desktop/BlueDot_Perona_Vector_Project/outputs/ethics_projection/activations/commonsense_test_001511_layer47.npy
commonsense_test_001511,commonsense,harmlessness,compassion,47,2166.766357421875,mean_centered,/Users/manouchehrrimer/Desktop/BlueDot_Perona_Vector_Project/outputs/vector_construction/persona_vectors/compassion_layer47.npy,/Users/manouchehrrimer/Desktop/BlueDot_Perona_Vector_Project/outputs/ethics_projection/activations/commonsense_test_001511_layer47.npy
commonsense_test_001644,commonsense,honesty,honesty,32,-777.4906005859375,mean_centered,/Users/manouchehrrimer/Desktop/BlueDot_Perona_Vector_Project/outputs/vector_construction/persona_vectors/honesty_layer32.npy,/Users/manouchehrrimer/Desktop/BlueDot_Perona_Vector_Project/outputs/ethics_projection/activations/commonsense_test_001644_layer32.npy
commonsense_test_001644,commonsense,honesty,harmlessness,32,1593.95556640625,mean_centered,/Users/manouchehrrimer/Desktop/BlueDot_Perona_Vector_Project/outputs/vector_construction/persona_vectors/harmlessness_layer32.npy,/Users/manouchehrrimer/Desktop/BlueDot_Perona_Vector_Project/outputs/ethics_projection/activations/commonsense_test_001644_layer32.npy
commonsense_test_001644,commonsense,honesty,fairness,32,-1070.000732421875,mean_centered,/Users/manouchehrrimer/Desktop/BlueDot_Perona_Vector_Project/outputs/vector_construction/persona_vectors/fairness_layer32.npy,/Users/manouchehrrimer/Desktop/BlueDot_Perona_Vector_Project/outputs/ethics_projection/activations/commonsense_test_001644_layer32.npy
commonsense_test_001644,commonsense,honesty,compassion,32,-937.033447265625,mean_centered,/Users/manouchehrrimer/Desktop/BlueDot_Perona_Vector_Project/outputs/vector_construction/persona_vectors/compassion_layer32.npy,/Users/manouchehrrimer/Desktop/BlueDot_Perona_Vector_Project/outputs/ethics_projection/activations/commonsense_test_001644_layer32.npy
commonsense_test_001644,commonsense,honesty,honesty,40,-390.0810852050781,mean_centered,/Users/manouchehrrimer/Desktop/BlueDot_Perona_Vector_Project/outputs/vector_construction/persona_vectors/honesty_layer40.npy,/Users/manouchehrrimer/Desktop/BlueDot_Perona_Vector_Project/outputs/ethics_projection/activations/commonsense_test_001644_layer40.npy
commonsense_test_001644,commonsense,honesty,harmlessness,40,659.1773681640625,mean_centered,/Users/manouchehrrimer/Desktop/BlueDot_Perona_Vector_Project/outputs/vector_construction/persona_vectors/harmlessness_layer40.npy,/Users/manouchehrrimer/Desktop/BlueDot_Perona_Vector_Project/outputs/ethics_projection/activations/commonsense_test_001644_layer40.npy
commonsense_test_001644,commonsense,honesty,fairness,40,-389.21240234375,mean_centered,/Users/manouchehrrimer/Desktop/BlueDot_Perona_Vector_Project/outputs/vector_construction/persona_vectors/fairness_layer40.npy,/Users/manouchehrrimer/Desktop/BlueDot_Perona_Vector_Project/outputs/ethics_projection/activations/commonsense_test_001644_layer40.npy
commonsense_test_001644,commonsense,honesty,compassion,40,-410.1068115234375,mean_centered,/Users/manouchehrrimer/Desktop/BlueDot_Perona_Vector_Project/outputs/vector_construction/persona_vectors/compassion_layer40.npy,/Users/manouchehrrimer/Desktop/BlueDot_Perona_Vector_Project/outputs/ethics_projection/activations/commonsense_test_001644_layer40.npy
commonsense_test_001644,commonsense,honesty,honesty,47,174.22634887695312,mean_centered,/Users/manouchehrrimer/Desktop/BlueDot_Perona_Vector_Project/outputs/vector_construction/persona_vectors/honesty_layer47.npy,/Users/manouchehrrimer/Desktop/BlueDot_Perona_Vector_Project/outputs/ethics_projection/activations/commonsense_test_001644_layer47.npy
commonsense_test_001644,commonsense,honesty,harmlessness,47,-176.78387451171875,mean_centered,/Users/manouchehrrimer/Desktop/BlueDot_Perona_Vector_Project/outputs/vector_construction/persona_vectors/harmlessness_layer47.npy,/Users/manouchehrrimer/Desktop/BlueDot_Perona_Vector_Project/outputs/ethics_projection/activations/commonsense_test_001644_layer47.npy
commonsense_test_001644,commonsense,honesty,fairness,47,-434.45330810546875,mean_centered,/Users/manouchehrrimer/Desktop/BlueDot_Perona_Vector_Project/outputs/vector_construction/persona_vectors/fairness_layer47.npy,/Users/manouchehrrimer/Desktop/BlueDot_Perona_Vector_Project/outputs/ethics_projection/activations/commonsense_test_001644_layer47.npy
commonsense_test_001644,commonsense,honesty,compassion,47,-607.8321533203125,mean_centered,/Users/manouchehrrimer/Desktop/BlueDot_Perona_Vector_Project/outputs/vector_construction/persona_vectors/compassion_layer47.npy,/Users/manouchehrrimer/Desktop/BlueDot_Perona_Vector_Project/outputs/ethics_projection/activations/commonsense_test_001644_layer47.npy
commonsense_test_001650,commonsense,harmlessness,honesty,32,24.835586547851562,mean_centered,/Users/manouchehrrimer/Desktop/BlueDot_Perona_Vector_Project/outputs/vector_construction/persona_vectors/honesty_layer32.npy,/Users/manouchehrrimer/Desktop/BlueDot_Perona_Vector_Project/outputs/ethics_projection/activations/commonsense_test_001650_layer32.npy
commonsense_test_001650,commonsense,harmlessness,harmlessness,32,-771.552978515625,mean_centered,/Users/manouchehrrimer/Desktop/BlueDot_Perona_Vector_Project/outputs/vector_construction/persona_vectors/harmlessness_layer32.npy,/Users/manouchehrrimer/Desktop/BlueDot_Perona_Vector_Project/outputs/ethics_projection/activations/commonsense_test_001650_layer32.npy
commonsense_test_001650,commonsense,harmlessness,fairness,32,797.8155517578125,mean_centered,/Users/manouchehrrimer/Desktop/BlueDot_Perona_Vector_Project/outputs/vector_construction/persona_vectors/fairness_layer32.npy,/Users/manouchehrrimer/Desktop/BlueDot_Perona_Vector_Project/outputs/ethics_projection/activations/commonsense_test_001650_layer32.npy
commonsense_test_001650,commonsense,harmlessness,compassion,32,-220.92657470703125,mean_centered,/Users/manouchehrrimer/Desktop/BlueDot_Perona_Vector_Project/outputs/vector_construction/persona_vectors/compassion_layer32.npy,/Users/manouchehrrimer/Desktop/BlueDot_Perona_Vector_Project/outputs/ethics_projection/activations/commonsense_test_001650_layer32.npy
commonsense_test_001650,commonsense,harmlessness,honesty,40,1295.2337646484375,mean_centered,/Users/manouchehrrimer/Desktop/BlueDot_Perona_Vector_Project/outputs/vector_construction/persona_vectors/honesty_layer40.npy,/Users/manouchehrrimer/Desktop/BlueDot_Perona_Vector_Project/outputs/ethics_projection/activations/commonsense_test_001650_layer40.npy
commonsense_test_001650,commonsense,harmlessness,harmlessness,40,-557.3038940429688,mean_centered,/Users/manouchehrrimer/Desktop/BlueDot_Perona_Vector_Project/outputs/vector_construction/persona_vectors/harmlessness_layer40.npy,/Users/manouchehrrimer/Desktop/BlueDot_Perona_Vector_Project/outputs/ethics_projection/activations/commonsense_test_001650_layer40.npy
commonsense_test_001650,commonsense,harmlessness,fairness,40,1802.745849609375,mean_centered,/Users/manouchehrrimer/Desktop/BlueDot_Perona_Vector_Project/outputs/vector_construction/persona_vectors/fairness_layer40.npy,/Users/manouchehrrimer/Desktop/BlueDot_Perona_Vector_Project/outputs/ethics_projection/activations/commonsense_test_001650_layer40.npy
commonsense_test_001650,commonsense,harmlessness,compassion,40,-702.7951049804688,mean_centered,/Users/manouchehrrimer/Desktop/BlueDot_Perona_Vector_Project/outputs/vector_construction/persona_vectors/compassion_layer40.npy,/Users/manouchehrrimer/Desktop/BlueDot_Perona_Vector_Project/outputs/ethics_projection/activations/commonsense_test_001650_layer40.npy
commonsense_test_001650,commonsense,harmlessness,honesty,47,-1900.128662109375,mean_centered,/Users/manouchehrrimer/Desktop/BlueDot_Perona_Vector_Project/outputs/vector_construction/persona_vectors/honesty_layer47.npy,/Users/manouchehrrimer/Desktop/BlueDot_Perona_Vector_Project/outputs/ethics_projection/activations/commonsense_test_001650_layer47.npy
commonsense_test_001650,commonsense,harmlessness,harmlessness,47,-3182.570068359375,mean_centered,/Users/manouchehrrimer/Desktop/BlueDot_Perona_Vector_Project/outputs/vector_construction/persona_vectors/harmlessness_layer47.npy,/Users/manouchehrrimer/Desktop/BlueDot_Perona_Vector_Project/outputs/ethics_projection/activations/commonsense_test_001650_layer47.npy
commonsense_test_001650,commonsense,harmlessness,fairness,47,373.01837158203125,mean_centered,/Users/manouchehrrimer/Desktop/BlueDot_Perona_Vector_Project/outputs/vector_construction/persona_vectors/fairness_layer47.npy,/Users/manouchehrrimer/Desktop/BlueDot_Perona_Vector_Project/outputs/ethics_projection/activations/commonsense_test_001650_layer47.npy
commonsense_test_001650,commonsense,harmlessness,compassion,47,-2144.820068359375,mean_centered,/Users/manouchehrrimer/Desktop/BlueDot_Perona_Vector_Project/outputs/vector_construction/persona_vectors/compassion_layer47.npy,/Users/manouchehrrimer/Desktop/BlueDot_Perona_Vector_Project/outputs/ethics_projection/activations/commonsense_test_001650_layer47.npy
commonsense_test_001702,commonsense,harmlessness,honesty,32,940.3020629882812,mean_centered,/Users/manouchehrrimer/Desktop/BlueDot_Perona_Vector_Project/outputs/vector_construction/persona_vectors/honesty_layer32.npy,/Users/manouchehrrimer/Desktop/BlueDot_Perona_Vector_Project/outputs/ethics_projection/activations/commonsense_test_001702_layer32.npy
commonsense_test_001702,commonsense,harmlessness,harmlessness,32,-1173.6409912109375,mean_centered,/Users/manouchehrrimer/Desktop/BlueDot_Perona_Vector_Project/outputs/vector_construction/persona_vectors/harmlessness_layer32.npy,/Users/manouchehrrimer/Desktop/BlueDot_Perona_Vector_Project/outputs/ethics_projection/activations/commonsense_test_001702_layer32.npy
commonsense_test_001702,commonsense,harmlessness,fairness,32,494.769287109375,mean_centered,/Users/manouchehrrimer/Desktop/BlueDot_Perona_Vector_Project/outputs/vector_construction/persona_vectors/fairness_layer32.npy,/Users/manouchehrrimer/Desktop/BlueDot_Perona_Vector_Project/outputs/ethics_projection/activations/commonsense_test_001702_layer32.npy
commonsense_test_001702,commonsense,harmlessness,compassion,32,597.4937133789062,mean_centered,/Users/manouchehrrimer/Desktop/BlueDot_Perona_Vector_Project/outputs/vector_construction/persona_vectors/compassion_layer32.npy,/Users/manouchehrrimer/Desktop/BlueDot_Perona_Vector_Project/outputs/ethics_projection/activations/commonsense_test_001702_layer32.npy
commonsense_test_001702,commonsense,harmlessness,honesty,40,443.2703857421875,mean_centered,/Users/manouchehrrimer/Desktop/BlueDot_Perona_Vector_Project/outputs/vector_construction/persona_vectors/honesty_layer40.npy,/Users/manouchehrrimer/Desktop/BlueDot_Perona_Vector_Project/outputs/ethics_projection/activations/commonsense_test_001702_layer40.npy
commonsense_test_001702,commonsense,harmlessness,harmlessness,40,-478.91253662109375,mean_centered,/Users/manouchehrrimer/Desktop/BlueDot_Perona_Vector_Project/outputs/vector_construction/persona_vectors/harmlessness_layer40.npy,/Users/manouchehrrimer/Desktop/BlueDot_Perona_Vector_Project/outputs/ethics_projection/activations/commonsense_test_001702_layer40.npy
commonsense_test_001702,commonsense,harmlessness,fairness,40,-186.43142700195312,mean_centered,/Users/manouchehrrimer/Desktop/BlueDot_Perona_Vector_Project/outputs/vector_construction/persona_vectors/fairness_layer40.npy,/Users/manouchehrrimer/Desktop/BlueDot_Perona_Vector_Project/outputs/ethics_projection/activations/commonsense_test_001702_layer40.npy
commonsense_test_001702,commonsense,harmlessness,compassion,40,-165.83596801757812,mean_centered,/Users/manouchehrrimer/Desktop/BlueDot_Perona_Vector_Project/outputs/vector_construction/persona_vectors/compassion_layer40.npy,/Users/manouchehrrimer/Desktop/BlueDot_Perona_Vector_Project/outputs/ethics_projection/activations/commonsense_test_001702_layer40.npy
commonsense_test_001702,commonsense,harmlessness,honesty,47,5436.25390625,mean_centered,/Users/manouchehrrimer/Desktop/BlueDot_Perona_Vector_Project/outputs/vector_construction/persona_vectors/honesty_layer47.npy,/Users/manouchehrrimer/Desktop/BlueDot_Perona_Vector_Project/outputs/ethics_projection/activations/commonsense_test_001702_layer47.npy
commonsense_test_001702,commonsense,harmlessness,harmlessness,47,5790.1630859375,mean_centered,/Users/manouchehrrimer/Desktop/BlueDot_Perona_Vector_Project/outputs/vector_construction/persona_vectors/harmlessness_layer47.npy,/Users/manouchehrrimer/Desktop/BlueDot_Perona_Vector_Project/outputs/ethics_projection/activations/commonsense_test_001702_layer47.npy
commonsense_test_001702,commonsense,harmlessness,fairness,47,1342.9224853515625,mean_centered,/Users/manouchehrrimer/Desktop/BlueDot_Perona_Vector_Project/outputs/vector_construction/persona_vectors/fairness_layer47.npy,/Users/manouchehrrimer/Desktop/BlueDot_Perona_Vector_Project/outputs/ethics_projection/activations/commonsense_test_001702_layer47.npy
commonsense_test_001702,commonsense,harmlessness,compassion,47,3314.93896484375,mean_centered,/Users/manouchehrrimer/Desktop/BlueDot_Perona_Vector_Project/outputs/vector_construction/persona_vectors/compassion_layer47.npy,/Users/manouchehrrimer/Desktop/BlueDot_Perona_Vector_Project/outputs/ethics_projection/activations/commonsense_test_001702_layer47.npy
commonsense_test_001813,commonsense,harmlessness,honesty,32,-504.1952209472656,mean_centered,/Users/manouchehrrimer/Desktop/BlueDot_Perona_Vector_Project/outputs/vector_construction/persona_vectors/honesty_layer32.npy,/Users/manouchehrrimer/Desktop/BlueDot_Perona_Vector_Project/outputs/ethics_projection/activations/commonsense_test_001813_layer32.npy
commonsense_test_001813,commonsense,harmlessness,harmlessness,32,1018.954345703125,mean_centered,/Users/manouchehrrimer/Desktop/BlueDot_Perona_Vector_Project/outputs/vector_construction/persona_vectors/harmlessness_layer32.npy,/Users/manouchehrrimer/Desktop/BlueDot_Perona_Vector_Project/outputs/ethics_projection/activations/commonsense_test_001813_layer32.npy
commonsense_test_001813,commonsense,harmlessness,fairness,32,-581.3935546875,mean_centered,/Users/manouchehrrimer/Desktop/BlueDot_Perona_Vector_Project/outputs/vector_construction/persona_vectors/fairness_layer32.npy,/Users/manouchehrrimer/Desktop/BlueDot_Perona_Vector_Project/outputs/ethics_projection/activations/commonsense_test_001813_layer32.npy
commonsense_test_001813,commonsense,harmlessness,compassion,32,-256.8489685058594,mean_centered,/Users/manouchehrrimer/Desktop/BlueDot_Perona_Vector_Project/outputs/vector_construction/persona_vectors/compassion_layer32.npy,/Users/manouchehrrimer/Desktop/BlueDot_Perona_Vector_Project/outputs/ethics_projection/activations/commonsense_test_001813_layer32.npy
commonsense_test_001813,commonsense,harmlessness,honesty,40,-5139.17919921875,mean_centered,/Users/manouchehrrimer/Desktop/BlueDot_Perona_Vector_Project/outputs/vector_construction/persona_vectors/honesty_layer40.npy,/Users/manouchehrrimer/Desktop/BlueDot_Perona_Vector_Project/outputs/ethics_projection/activations/commonsense_test_001813_layer40.npy
commonsense_test_001813,commonsense,harmlessness,harmlessness,40,735.15771484375,mean_centered,/Users/manouchehrrimer/Desktop/BlueDot_Perona_Vector_Project/outputs/vector_construction/persona_vectors/harmlessness_layer40.npy,/Users/manouchehrrimer/Desktop/BlueDot_Perona_Vector_Project/outputs/ethics_projection/activations/commonsense_test_001813_layer40.npy
commonsense_test_001813,commonsense,harmlessness,fairness,40,-3491.6015625,mean_centered,/Users/manouchehrrimer/Desktop/BlueDot_Perona_Vector_Project/outputs/vector_construction/persona_vectors/fairness_layer40.npy,/Users/manouchehrrimer/Desktop/BlueDot_Perona_Vector_Project/outputs/ethics_projection/activations/commonsense_test_001813_layer40.npy
commonsense_test_001813,commonsense,harmlessness,compassion,40,-139.18943786621094,mean_centered,/Users/manouchehrrimer/Desktop/BlueDot_Perona_Vector_Project/outputs/vector_construction/persona_vectors/compassion_layer40.npy,/Users/manouchehrrimer/Desktop/BlueDot_Perona_Vector_Project/outputs/ethics_projection/activations/commonsense_test_001813_layer40.npy
commonsense_test_001813,commonsense,harmlessness,honesty,47,-590.1073608398438,mean_centered,/Users/manouchehrrimer/Desktop/BlueDot_Perona_Vector_Project/outputs/vector_construction/persona_vectors/honesty_layer47.npy,/Users/manouchehrrimer/Desktop/BlueDot_Perona_Vector_Project/outputs/ethics_projection/activations/commonsense_test_001813_layer47.npy
commonsense_test_001813,commonsense,harmlessness,harmlessness,47,832.0276489257812,mean_centered,/Users/manouchehrrimer/Desktop/BlueDot_Perona_Vector_Project/outputs/vector_construction/persona_vectors/harmlessness_layer47.npy,/Users/manouchehrrimer/Desktop/BlueDot_Perona_Vector_Project/outputs/ethics_projection/activations/commonsense_test_001813_layer47.npy
commonsense_test_001813,commonsense,harmlessness,fairness,47,48.48164367675781,mean_centered,/Users/manouchehrrimer/Desktop/BlueDot_Perona_Vector_Project/outputs/vector_construction/persona_vectors/fairness_layer47.npy,/Users/manouchehrrimer/Desktop/BlueDot_Perona_Vector_Project/outputs/ethics_projection/activations/commonsense_test_001813_layer47.npy
commonsense_test_001813,commonsense,harmlessness,compassion,47,210.48353576660156,mean_centered,/Users/manouchehrrimer/Desktop/BlueDot_Perona_Vector_Project/outputs/vector_construction/persona_vectors/compassion_layer47.npy,/Users/manouchehrrimer/Desktop/BlueDot_Perona_Vector_Project/outputs/ethics_projection/activations/commonsense_test_001813_layer47.npy
commonsense_test_001878,commonsense,honesty,honesty,32,1347.892822265625,mean_centered,/Users/manouchehrrimer/Desktop/BlueDot_Perona_Vector_Project/outputs/vector_construction/persona_vectors/honesty_layer32.npy,/Users/manouchehrrimer/Desktop/BlueDot_Perona_Vector_Project/outputs/ethics_projection/activations/commonsense_test_001878_layer32.npy
commonsense_test_001878,commonsense,honesty,harmlessness,32,-1050.7135009765625,mean_centered,/Users/manouchehrrimer/Desktop/BlueDot_Perona_Vector_Project/outputs/vector_construction/persona_vectors/harmlessness_layer32.npy,/Users/manouchehrrimer/Desktop/BlueDot_Perona_Vector_Project/outputs/ethics_projection/activations/commonsense_test_001878_layer32.npy
commonsense_test_001878,commonsense,honesty,fairness,32,1207.010498046875,mean_centered,/Users/manouchehrrimer/Desktop/BlueDot_Perona_Vector_Project/outputs/vector_construction/persona_vectors/fairness_layer32.npy,/Users/manouchehrrimer/Desktop/BlueDot_Perona_Vector_Project/outputs/ethics_projection/activations/commonsense_test_001878_layer32.npy
commonsense_test_001878,commonsense,honesty,compassion,32,936.155517578125,mean_centered,/Users/manouchehrrimer/Desktop/BlueDot_Perona_Vector_Project/outputs/vector_construction/persona_vectors/compassion_layer32.npy,/Users/manouchehrrimer/Desktop/BlueDot_Perona_Vector_Project/outputs/ethics_projection/activations/commonsense_test_001878_layer32.npy
commonsense_test_001878,commonsense,honesty,honesty,40,2553.063720703125,mean_centered,/Users/manouchehrrimer/Desktop/BlueDot_Perona_Vector_Project/outputs/vector_construction/persona_vectors/honesty_layer40.npy,/Users/manouchehrrimer/Desktop/BlueDot_Perona_Vector_Project/outputs/ethics_projection/activations/commonsense_test_001878_layer40.npy
commonsense_test_001878,commonsense,honesty,harmlessness,40,727.8876342773438,mean_centered,/Users/manouchehrrimer/Desktop/BlueDot_Perona_Vector_Project/outputs/vector_construction/persona_vectors/harmlessness_layer40.npy,/Users/manouchehrrimer/Desktop/BlueDot_Perona_Vector_Project/outputs/ethics_projection/activations/commonsense_test_001878_layer40.npy
commonsense_test_001878,commonsense,honesty,fairness,40,1665.7265625,mean_centered,/Users/manouchehrrimer/Desktop/BlueDot_Perona_Vector_Project/outputs/vector_construction/persona_vectors/fairness_layer40.npy,/Users/manouchehrrimer/Desktop/BlueDot_Perona_Vector_Project/outputs/ethics_projection/activations/commonsense_test_001878_layer40.npy
commonsense_test_001878,commonsense,honesty,compassion,40,-187.02255249023438,mean_centered,/Users/manouchehrrimer/Desktop/BlueDot_Perona_Vector_Project/outputs/vector_construction/persona_vectors/compassion_layer40.npy,/Users/manouchehrrimer/Desktop/BlueDot_Perona_Vector_Project/outputs/ethics_projection/activations/commonsense_test_001878_layer40.npy
commonsense_test_001878,commonsense,honesty,honesty,47,3575.7392578125,mean_centered,/Users/manouchehrrimer/Desktop/BlueDot_Perona_Vector_Project/outputs/vector_construction/persona_vectors/honesty_layer47.npy,/Users/manouchehrrimer/Desktop/BlueDot_Perona_Vector_Project/outputs/ethics_projection/activations/commonsense_test_001878_layer47.npy
commonsense_test_001878,commonsense,honesty,harmlessness,47,4019.103271484375,mean_centered,/Users/manouchehrrimer/Desktop/BlueDot_Perona_Vector_Project/outputs/vector_construction/persona_vectors/harmlessness_layer47.npy,/Users/manouchehrrimer/Desktop/BlueDot_Perona_Vector_Project/outputs/ethics_projection/activations/commonsense_test_001878_layer47.npy
commonsense_test_001878,commonsense,honesty,fairness,47,1210.93896484375,mean_centered,/Users/manouchehrrimer/Desktop/BlueDot_Perona_Vector_Project/outputs/vector_construction/persona_vectors/fairness_layer47.npy,/Users/manouchehrrimer/Desktop/BlueDot_Perona_Vector_Project/outputs/ethics_projection/activations/commonsense_test_001878_layer47.npy
commonsense_test_001878,commonsense,honesty,compassion,47,1400.223388671875,mean_centered,/Users/manouchehrrimer/Desktop/BlueDot_Perona_Vector_Project/outputs/vector_construction/persona_vectors/compassion_layer47.npy,/Users/manouchehrrimer/Desktop/BlueDot_Perona_Vector_Project/outputs/ethics_projection/activations/commonsense_test_001878_layer47.npy
commonsense_test_002008,commonsense,honesty,honesty,32,-7.766624450683594,mean_centered,/Users/manouchehrrimer/Desktop/BlueDot_Perona_Vector_Project/outputs/vector_construction/persona_vectors/honesty_layer32.npy,/Users/manouchehrrimer/Desktop/BlueDot_Perona_Vector_Project/outputs/ethics_projection/activations/commonsense_test_002008_layer32.npy
commonsense_test_002008,commonsense,honesty,harmlessness,32,580.071533203125,mean_centered,/Users/manouchehrrimer/Desktop/BlueDot_Perona_Vector_Project/outputs/vector_construction/persona_vectors/harmlessness_layer32.npy,/Users/manouchehrrimer/Desktop/BlueDot_Perona_Vector_Project/outputs/ethics_projection/activations/commonsense_test_002008_layer32.npy
commonsense_test_002008,commonsense,honesty,fairness,32,-222.29676818847656,mean_centered,/Users/manouchehrrimer/Desktop/BlueDot_Perona_Vector_Project/outputs/vector_construction/persona_vectors/fairness_layer32.npy,/Users/manouchehrrimer/Desktop/BlueDot_Perona_Vector_Project/outputs/ethics_projection/activations/commonsense_test_002008_layer32.npy
commonsense_test_002008,commonsense,honesty,compassion,32,-125.36290740966797,mean_centered,/Users/manouchehrrimer/Desktop/BlueDot_Perona_Vector_Project/outputs/vector_construction/persona_vectors/compassion_layer32.npy,/Users/manouchehrrimer/Desktop/BlueDot_Perona_Vector_Project/outputs/ethics_projection/activations/commonsense_test_002008_layer32.npy
commonsense_test_002008,commonsense,honesty,honesty,40,2432.529296875,mean_centered,/Users/manouchehrrimer/Desktop/BlueDot_Perona_Vector_Project/outputs/vector_construction/persona_vectors/honesty_layer40.npy,/Users/manouchehrrimer/Desktop/BlueDot_Perona_Vector_Project/outputs/ethics_projection/activations/commonsense_test_002008_layer40.npy
commonsense_test_002008,commonsense,honesty,harmlessness,40,859.0623779296875,mean_centered,/Users/manouchehrrimer/Desktop/BlueDot_Perona_Vector_Project/outputs/vector_construction/persona_vectors/harmlessness_layer40.npy,/Users/manouchehrrimer/Desktop/BlueDot_Perona_Vector_Project/outputs/ethics_projection/activations/commonsense_test_002008_layer40.npy
commonsense_test_002008,commonsense,honesty,fairness,40,1614.980224609375,mean_centered,/Users/manouchehrrimer/Desktop/BlueDot_Perona_Vector_Project/outputs/vector_construction/persona_vectors/fairness_layer40.npy,/Users/manouchehrrimer/Desktop/BlueDot_Perona_Vector_Project/outputs/ethics_projection/activations/commonsense_test_002008_layer40.npy
commonsense_test_002008,commonsense,honesty,compassion,40,-143.67425537109375,mean_centered,/Users/manouchehrrimer/Desktop/BlueDot_Perona_Vector_Project/outputs/vector_construction/persona_vectors/compassion_layer40.npy,/Users/manouchehrrimer/Desktop/BlueDot_Perona_Vector_Project/outputs/ethics_projection/activations/commonsense_test_002008_layer40.npy
commonsense_test_002008,commonsense,honesty,honesty,47,2403.009765625,mean_centered,/Users/manouchehrrimer/Desktop/BlueDot_Perona_Vector_Project/outputs/vector_construction/persona_vectors/honesty_layer47.npy,/Users/manouchehrrimer/Desktop/BlueDot_Perona_Vector_Project/outputs/ethics_projection/activations/commonsense_test_002008_layer47.npy
commonsense_test_002008,commonsense,honesty,harmlessness,47,3307.446044921875,mean_centered,/Users/manouchehrrimer/Desktop/BlueDot_Perona_Vector_Project/outputs/vector_construction/persona_vectors/harmlessness_layer47.npy,/Users/manouchehrrimer/Desktop/BlueDot_Perona_Vector_Project/outputs/ethics_projection/activations/commonsense_test_002008_layer47.npy
commonsense_test_002008,commonsense,honesty,fairness,47,685.8801879882812,mean_centered,/Users/manouchehrrimer/Desktop/BlueDot_Perona_Vector_Project/outputs/vector_construction/persona_vectors/fairness_layer47.npy,/Users/manouchehrrimer/Desktop/BlueDot_Perona_Vector_Project/outputs/ethics_projection/activations/commonsense_test_002008_layer47.npy
commonsense_test_002008,commonsense,honesty,compassion,47,1280.874755859375,mean_centered,/Users/manouchehrrimer/Desktop/BlueDot_Perona_Vector_Project/outputs/vector_construction/persona_vectors/compassion_layer47.npy,/Users/manouchehrrimer/Desktop/BlueDot_Perona_Vector_Project/outputs/ethics_projection/activations/commonsense_test_002008_layer47.npy
commonsense_test_002090,commonsense,honesty,honesty,32,325.0438232421875,mean_centered,/Users/manouchehrrimer/Desktop/BlueDot_Perona_Vector_Project/outputs/vector_construction/persona_vectors/honesty_layer32.npy,/Users/manouchehrrimer/Desktop/BlueDot_Perona_Vector_Project/outputs/ethics_projection/activations/commonsense_test_002090_layer32.npy
commonsense_test_002090,commonsense,honesty,harmlessness,32,-602.10595703125,mean_centered,/Users/manouchehrrimer/Desktop/BlueDot_Perona_Vector_Project/outputs/vector_construction/persona_vectors/harmlessness_layer32.npy,/Users/manouchehrrimer/Desktop/BlueDot_Perona_Vector_Project/outputs/ethics_projection/activations/commonsense_test_002090_layer32.npy
commonsense_test_002090,commonsense,honesty,fairness,32,439.56024169921875,mean_centered,/Users/manouchehrrimer/Desktop/BlueDot_Perona_Vector_Project/outputs/vector_construction/persona_vectors/fairness_layer32.npy,/Users/manouchehrrimer/Desktop/BlueDot_Perona_Vector_Project/outputs/ethics_projection/activations/commonsense_test_002090_layer32.npy
commonsense_test_002090,commonsense,honesty,compassion,32,282.31298828125,mean_centered,/Users/manouchehrrimer/Desktop/BlueDot_Perona_Vector_Project/outputs/vector_construction/persona_vectors/compassion_layer32.npy,/Users/manouchehrrimer/Desktop/BlueDot_Perona_Vector_Project/outputs/ethics_projection/activations/commonsense_test_002090_layer32.npy
commonsense_test_002090,commonsense,honesty,honesty,40,227.78211975097656,mean_centered,/Users/manouchehrrimer/Desktop/BlueDot_Perona_Vector_Project/outputs/vector_construction/persona_vectors/honesty_layer40.npy,/Users/manouchehrrimer/Desktop/BlueDot_Perona_Vector_Project/outputs/ethics_projection/activations/commonsense_test_002090_layer40.npy
commonsense_test_002090,commonsense,honesty,harmlessness,40,-244.04547119140625,mean_centered,/Users/manouchehrrimer/Desktop/BlueDot_Perona_Vector_Project/outputs/vector_construction/persona_vectors/harmlessness_layer40.npy,/Users/manouchehrrimer/Desktop/BlueDot_Perona_Vector_Project/outputs/ethics_projection/activations/commonsense_test_002090_layer40.npy
commonsense_test_002090,commonsense,honesty,fairness,40,305.4947204589844,mean_centered,/Users/manouchehrrimer/Desktop/BlueDot_Perona_Vector_Project/outputs/vector_construction/persona_vectors/fairness_layer40.npy,/Users/manouchehrrimer/Desktop/BlueDot_Perona_Vector_Project/outputs/ethics_projection/activations/commonsense_test_002090_layer40.npy
commonsense_test_002090,commonsense,honesty,compassion,40,-36.25880432128906,mean_centered,/Users/manouchehrrimer/Desktop/BlueDot_Perona_Vector_Project/outputs/vector_construction/persona_vectors/compassion_layer40.npy,/Users/manouchehrrimer/Desktop/BlueDot_Perona_Vector_Project/outputs/ethics_projection/activations/commonsense_test_002090_layer40.npy
commonsense_test_002090,commonsense,honesty,honesty,47,1404.881103515625,mean_centered,/Users/manouchehrrimer/Desktop/BlueDot_Perona_Vector_Project/outputs/vector_construction/persona_vectors/honesty_layer47.npy,/Users/manouchehrrimer/Desktop/BlueDot_Perona_Vector_Project/outputs/ethics_projection/activations/commonsense_test_002090_layer47.npy
commonsense_test_002090,commonsense,honesty,harmlessness,47,1568.138916015625,mean_centered,/Users/manouchehrrimer/Desktop/BlueDot_Perona_Vector_Project/outputs/vector_construction/persona_vectors/harmlessness_layer47.npy,/Users/manouchehrrimer/Desktop/BlueDot_Perona_Vector_Project/outputs/ethics_projection/activations/commonsense_test_002090_layer47.npy
commonsense_test_002090,commonsense,honesty,fairness,47,891.9816284179688,mean_centered,/Users/manouchehrrimer/Desktop/BlueDot_Perona_Vector_Project/outputs/vector_construction/persona_vectors/fairness_layer47.npy,/Users/manouchehrrimer/Desktop/BlueDot_Perona_Vector_Project/outputs/ethics_projection/activations/commonsense_test_002090_layer47.npy
commonsense_test_002090,commonsense,honesty,compassion,47,881.5484619140625,mean_centered,/Users/manouchehrrimer/Desktop/BlueDot_Perona_Vector_Project/outputs/vector_construction/persona_vectors/compassion_layer47.npy,/Users/manouchehrrimer/Desktop/BlueDot_Perona_Vector_Project/outputs/ethics_projection/activations/commonsense_test_002090_layer47.npy
commonsense_test_002119,commonsense,fairness,honesty,32,-753.173828125,mean_centered,/Users/manouchehrrimer/Desktop/BlueDot_Perona_Vector_Project/outputs/vector_construction/persona_vectors/honesty_layer32.npy,/Users/manouchehrrimer/Desktop/BlueDot_Perona_Vector_Project/outputs/ethics_projection/activations/commonsense_test_002119_layer32.npy
commonsense_test_002119,commonsense,fairness,harmlessness,32,958.2877197265625,mean_centered,/Users/manouchehrrimer/Desktop/BlueDot_Perona_Vector_Project/outputs/vector_construction/persona_vectors/harmlessness_layer32.npy,/Users/manouchehrrimer/Desktop/BlueDot_Perona_Vector_Project/outputs/ethics_projection/activations/commonsense_test_002119_layer32.npy
commonsense_test_002119,commonsense,fairness,fairness,32,-1277.9385986328125,mean_centered,/Users/manouchehrrimer/Desktop/BlueDot_Perona_Vector_Project/outputs/vector_construction/persona_vectors/fairness_layer32.npy,/Users/manouchehrrimer/Desktop/BlueDot_Perona_Vector_Project/outputs/ethics_projection/activations/commonsense_test_002119_layer32.npy
commonsense_test_002119,commonsense,fairness,compassion,32,-558.2196655273438,mean_centered,/Users/manouchehrrimer/Desktop/BlueDot_Perona_Vector_Project/outputs/vector_construction/persona_vectors/compassion_layer32.npy,/Users/manouchehrrimer/Desktop/BlueDot_Perona_Vector_Project/outputs/ethics_projection/activations/commonsense_test_002119_layer32.npy
commonsense_test_002119,commonsense,fairness,honesty,40,-4996.1201171875,mean_centered,/Users/manouchehrrimer/Desktop/BlueDot_Perona_Vector_Project/outputs/vector_construction/persona_vectors/honesty_layer40.npy,/Users/manouchehrrimer/Desktop/BlueDot_Perona_Vector_Project/outputs/ethics_projection/activations/commonsense_test_002119_layer40.npy
commonsense_test_002119,commonsense,fairness,harmlessness,40,-269.51702880859375,mean_centered,/Users/manouchehrrimer/Desktop/BlueDot_Perona_Vector_Project/outputs/vector_construction/persona_vectors/harmlessness_layer40.npy,/Users/manouchehrrimer/Desktop/BlueDot_Perona_Vector_Project/outputs/ethics_projection/activations/commonsense_test_002119_layer40.npy
commonsense_test_002119,commonsense,fairness,fairness,40,-4188.94189453125,mean_centered,/Users/manouchehrrimer/Desktop/BlueDot_Perona_Vector_Project/outputs/vector_construction/persona_vectors/fairness_layer40.npy,/Users/manouchehrrimer/Desktop/BlueDot_Perona_Vector_Project/outputs/ethics_projection/activations/commonsense_test_002119_layer40.npy
commonsense_test_002119,commonsense,fairness,compassion,40,-16.425048828125,mean_centered,/Users/manouchehrrimer/Desktop/BlueDot_Perona_Vector_Project/outputs/vector_construction/persona_vectors/compassion_layer40.npy,/Users/manouchehrrimer/Desktop/BlueDot_Perona_Vector_Project/outputs/ethics_projection/activations/commonsense_test_002119_layer40.npy
commonsense_test_002119,commonsense,fairness,honesty,47,-2886.664794921875,mean_centered,/Users/manouchehrrimer/Desktop/BlueDot_Perona_Vector_Project/outputs/vector_construction/persona_vectors/honesty_layer47.npy,/Users/manouchehrrimer/Desktop/BlueDot_Perona_Vector_Project/outputs/ethics_projection/activations/commonsense_test_002119_layer47.npy
commonsense_test_002119,commonsense,fairness,harmlessness,47,-3298.41650390625,mean_centered,/Users/manouchehrrimer/Desktop/BlueDot_Perona_Vector_Project/outputs/vector_construction/persona_vectors/harmlessness_layer47.npy,/Users/manouchehrrimer/Desktop/BlueDot_Perona_Vector_Project/outputs/ethics_projection/activations/commonsense_test_002119_layer47.npy
commonsense_test_002119,commonsense,fairness,fairness,47,-1862.273193359375,mean_centered,/Users/manouchehrrimer/Desktop/BlueDot_Perona_Vector_Project/outputs/vector_construction/persona_vectors/fairness_layer47.npy,/Users/manouchehrrimer/Desktop/BlueDot_Perona_Vector_Project/outputs/ethics_projection/activations/commonsense_test_002119_layer47.npy
commonsense_test_002119,commonsense,fairness,compassion,47,-946.0233764648438,mean_centered,/Users/manouchehrrimer/Desktop/BlueDot_Perona_Vector_Project/outputs/vector_construction/persona_vectors/compassion_layer47.npy,/Users/manouchehrrimer/Desktop/BlueDot_Perona_Vector_Project/outputs/ethics_projection/activations/commonsense_test_002119_layer47.npy
commonsense_test_002179,commonsense,fairness,honesty,32,-663.60205078125,mean_centered,/Users/manouchehrrimer/Desktop/BlueDot_Perona_Vector_Project/outputs/vector_construction/persona_vectors/honesty_layer32.npy,/Users/manouchehrrimer/Desktop/BlueDot_Perona_Vector_Project/outputs/ethics_projection/activations/commonsense_test_002179_layer32.npy
commonsense_test_002179,commonsense,fairness,harmlessness,32,790.3123168945312,mean_centered,/Users/manouchehrrimer/Desktop/BlueDot_Perona_Vector_Project/outputs/vector_construction/persona_vectors/harmlessness_layer32.npy,/Users/manouchehrrimer/Desktop/BlueDot_Perona_Vector_Project/outputs/ethics_projection/activations/commonsense_test_002179_layer32.npy
commonsense_test_002179,commonsense,fairness,fairness,32,-1280.47314453125,mean_centered,/Users/manouchehrrimer/Desktop/BlueDot_Perona_Vector_Project/outputs/vector_construction/persona_vectors/fairness_layer32.npy,/Users/manouchehrrimer/Desktop/BlueDot_Perona_Vector_Project/outputs/ethics_projection/activations/commonsense_test_002179_layer32.npy
commonsense_test_002179,commonsense,fairness,compassion,32,244.38107299804688,mean_centered,/Users/manouchehrrimer/Desktop/BlueDot_Perona_Vector_Project/outputs/vector_construction/persona_vectors/compassion_layer32.npy,/Users/manouchehrrimer/Desktop/BlueDot_Perona_Vector_Project/outputs/ethics_projection/activations/commonsense_test_002179_layer32.npy
commonsense_test_002179,commonsense,fairness,honesty,40,-6002.1142578125,mean_centered,/Users/manouchehrrimer/Desktop/BlueDot_Perona_Vector_Project/outputs/vector_construction/persona_vectors/honesty_layer40.npy,/Users/manouchehrrimer/Desktop/BlueDot_Perona_Vector_Project/outputs/ethics_projection/activations/commonsense_test_002179_layer40.npy
commonsense_test_002179,commonsense,fairness,harmlessness,40,-35.864105224609375,mean_centered,/Users/manouchehrrimer/Desktop/BlueDot_Perona_Vector_Project/outputs/vector_construction/persona_vectors/harmlessness_layer40.npy,/Users/manouchehrrimer/Desktop/BlueDot_Perona_Vector_Project/outputs/ethics_projection/activations/commonsense_test_002179_layer40.npy
commonsense_test_002179,commonsense,fairness,fairness,40,-5271.6142578125,mean_centered,/Users/manouchehrrimer/Desktop/BlueDot_Perona_Vector_Project/outputs/vector_construction/persona_vectors/fairness_layer40.npy,/Users/manouchehrrimer/Desktop/BlueDot_Perona_Vector_Project/outputs/ethics_projection/activations/commonsense_test_002179_layer40.npy
commonsense_test_002179,commonsense,fairness,compassion,40,1297.345947265625,mean_centered,/Users/manouchehrrimer/Desktop/BlueDot_Perona_Vector_Project/outputs/vector_construction/persona_vectors/compassion_layer40.npy,/Users/manouchehrrimer/Desktop/BlueDot_Perona_Vector_Project/outputs/ethics_projection/activations/commonsense_test_002179_layer40.npy
commonsense_test_002179,commonsense,fairness,honesty,47,-3862.7001953125,mean_centered,/Users/manouchehrrimer/Desktop/BlueDot_Perona_Vector_Project/outputs/vector_construction/persona_vectors/honesty_layer47.npy,/Users/manouchehrrimer/Desktop/BlueDot_Perona_Vector_Project/outputs/ethics_projection/activations/commonsense_test_002179_layer47.npy
commonsense_test_002179,commonsense,fairness,harmlessness,47,-3927.58740234375,mean_centered,/Users/manouchehrrimer/Desktop/BlueDot_Perona_Vector_Project/outputs/vector_construction/persona_vectors/harmlessness_layer47.npy,/Users/manouchehrrimer/Desktop/BlueDot_Perona_Vector_Project/outputs/ethics_projection/activations/commonsense_test_002179_layer47.npy
commonsense_test_002179,commonsense,fairness,fairness,47,-3364.0234375,mean_centered,/Users/manouchehrrimer/Desktop/BlueDot_Perona_Vector_Project/outputs/vector_construction/persona_vectors/fairness_layer47.npy,/Users/manouchehrrimer/Desktop/BlueDot_Perona_Vector_Project/outputs/ethics_projection/activations/commonsense_test_002179_layer47.npy
commonsense_test_002179,commonsense,fairness,compassion,47,-810.8987426757812,mean_centered,/Users/manouchehrrimer/Desktop/BlueDot_Perona_Vector_Project/outputs/vector_construction/persona_vectors/compassion_layer47.npy,/Users/manouchehrrimer/Desktop/BlueDot_Perona_Vector_Project/outputs/ethics_projection/activations/commonsense_test_002179_layer47.npy
commonsense_test_002210,commonsense,honesty,honesty,32,-932.8028564453125,mean_centered,/Users/manouchehrrimer/Desktop/BlueDot_Perona_Vector_Project/outputs/vector_construction/persona_vectors/honesty_layer32.npy,/Users/manouchehrrimer/Desktop/BlueDot_Perona_Vector_Project/outputs/ethics_projection/activations/commonsense_test_002210_layer32.npy
commonsense_test_002210,commonsense,honesty,harmlessness,32,1174.2979736328125,mean_centered,/Users/manouchehrrimer/Desktop/BlueDot_Perona_Vector_Project/outputs/vector_construction/persona_vectors/harmlessness_layer32.npy,/Users/manouchehrrimer/Desktop/BlueDot_Perona_Vector_Project/outputs/ethics_projection/activations/commonsense_test_002210_layer32.npy
commonsense_test_002210,commonsense,honesty,fairness,32,-1306.39453125,mean_centered,/Users/manouchehrrimer/Desktop/BlueDot_Perona_Vector_Project/outputs/vector_construction/persona_vectors/fairness_layer32.npy,/Users/manouchehrrimer/Desktop/BlueDot_Perona_Vector_Project/outputs/ethics_projection/activations/commonsense_test_002210_layer32.npy
commonsense_test_002210,commonsense,honesty,compassion,32,-460.6278381347656,mean_centered,/Users/manouchehrrimer/Desktop/BlueDot_Perona_Vector_Project/outputs/vector_construction/persona_vectors/compassion_layer32.npy,/Users/manouchehrrimer/Desktop/BlueDot_Perona_Vector_Project/outputs/ethics_projection/activations/commonsense_test_002210_layer32.npy
commonsense_test_002210,commonsense,honesty,honesty,40,-2687.35791015625,mean_centered,/Users/manouchehrrimer/Desktop/BlueDot_Perona_Vector_Project/outputs/vector_construction/persona_vectors/honesty_layer40.npy,/Users/manouchehrrimer/Desktop/BlueDot_Perona_Vector_Project/outputs/ethics_projection/activations/commonsense_test_002210_layer40.npy
commonsense_test_002210,commonsense,honesty,harmlessness,40,-268.6083068847656,mean_centered,/Users/manouchehrrimer/Desktop/BlueDot_Perona_Vector_Project/outputs/vector_construction/persona_vectors/harmlessness_layer40.npy,/Users/manouchehrrimer/Desktop/BlueDot_Perona_Vector_Project/outputs/ethics_projection/activations/commonsense_test_002210_layer40.npy
commonsense_test_002210,commonsense,honesty,fairness,40,-2434.584716796875,mean_centered,/Users/manouchehrrimer/Desktop/BlueDot_Perona_Vector_Project/outputs/vector_construction/persona_vectors/fairness_layer40.npy,/Users/manouchehrrimer/Desktop/BlueDot_Perona_Vector_Project/outputs/ethics_projection/activations/commonsense_test_002210_layer40.npy
commonsense_test_002210,commonsense,honesty,compassion,40,293.8269958496094,mean_centered,/Users/manouchehrrimer/Desktop/BlueDot_Perona_Vector_Project/outputs/vector_construction/persona_vectors/compassion_layer40.npy,/Users/manouchehrrimer/Desktop/BlueDot_Perona_Vector_Project/outputs/ethics_projection/activations/commonsense_test_002210_layer40.npy
commonsense_test_002210,commonsense,honesty,honesty,47,-5552.73974609375,mean_centered,/Users/manouchehrrimer/Desktop/BlueDot_Perona_Vector_Project/outputs/vector_construction/persona_vectors/honesty_layer47.npy,/Users/manouchehrrimer/Desktop/BlueDot_Perona_Vector_Project/outputs/ethics_projection/activations/commonsense_test_002210_layer47.npy
commonsense_test_002210,commonsense,honesty,harmlessness,47,-7335.48974609375,mean_centered,/Users/manouchehrrimer/Desktop/BlueDot_Perona_Vector_Project/outputs/vector_construction/persona_vectors/harmlessness_layer47.npy,/Users/manouchehrrimer/Desktop/BlueDot_Perona_Vector_Project/outputs/ethics_projection/activations/commonsense_test_002210_layer47.npy
commonsense_test_002210,commonsense,honesty,fairness,47,-3389.302734375,mean_centered,/Users/manouchehrrimer/Desktop/BlueDot_Perona_Vector_Project/outputs/vector_construction/persona_vectors/fairness_layer47.npy,/Users/manouchehrrimer/Desktop/BlueDot_Perona_Vector_Project/outputs/ethics_projection/activations/commonsense_test_002210_layer47.npy
commonsense_test_002210,commonsense,honesty,compassion,47,-3319.37158203125,mean_centered,/Users/manouchehrrimer/Desktop/BlueDot_Perona_Vector_Project/outputs/vector_construction/persona_vectors/compassion_layer47.npy,/Users/manouchehrrimer/Desktop/BlueDot_Perona_Vector_Project/outputs/ethics_projection/activations/commonsense_test_002210_layer47.npy
commonsense_test_002266,commonsense,compassion,honesty,32,-911.9427490234375,mean_centered,/Users/manouchehrrimer/Desktop/BlueDot_Perona_Vector_Project/outputs/vector_construction/persona_vectors/honesty_layer32.npy,/Users/manouchehrrimer/Desktop/BlueDot_Perona_Vector_Project/outputs/ethics_projection/activations/commonsense_test_002266_layer32.npy
commonsense_test_002266,commonsense,compassion,harmlessness,32,1408.7421875,mean_centered,/Users/manouchehrrimer/Desktop/BlueDot_Perona_Vector_Project/outputs/vector_construction/persona_vectors/harmlessness_layer32.npy,/Users/manouchehrrimer/Desktop/BlueDot_Perona_Vector_Project/outputs/ethics_projection/activations/commonsense_test_002266_layer32.npy
commonsense_test_002266,commonsense,compassion,fairness,32,-1341.35546875,mean_centered,/Users/manouchehrrimer/Desktop/BlueDot_Perona_Vector_Project/outputs/vector_construction/persona_vectors/fairness_layer32.npy,/Users/manouchehrrimer/Desktop/BlueDot_Perona_Vector_Project/outputs/ethics_projection/activations/commonsense_test_002266_layer32.npy
commonsense_test_002266,commonsense,compassion,compassion,32,-369.86395263671875,mean_centered,/Users/manouchehrrimer/Desktop/BlueDot_Perona_Vector_Project/outputs/vector_construction/persona_vectors/compassion_layer32.npy,/Users/manouchehrrimer/Desktop/BlueDot_Perona_Vector_Project/outputs/ethics_projection/activations/commonsense_test_002266_layer32.npy
commonsense_test_002266,commonsense,compassion,honesty,40,-6801.06884765625,mean_centered,/Users/manouchehrrimer/Desktop/BlueDot_Perona_Vector_Project/outputs/vector_construction/persona_vectors/honesty_layer40.npy,/Users/manouchehrrimer/Desktop/BlueDot_Perona_Vector_Project/outputs/ethics_projection/activations/commonsense_test_002266_layer40.npy
commonsense_test_002266,commonsense,compassion,harmlessness,40,-347.11077880859375,mean_centered,/Users/manouchehrrimer/Desktop/BlueDot_Perona_Vector_Project/outputs/vector_construction/persona_vectors/harmlessness_layer40.npy,/Users/manouchehrrimer/Desktop/BlueDot_Perona_Vector_Project/outputs/ethics_projection/activations/commonsense_test_002266_layer40.npy
commonsense_test_002266,commonsense,compassion,fairness,40,-5146.48681640625,mean_centered,/Users/manouchehrrimer/Desktop/BlueDot_Perona_Vector_Project/outputs/vector_construction/persona_vectors/fairness_layer40.npy,/Users/manouchehrrimer/Desktop/BlueDot_Perona_Vector_Project/outputs/ethics_projection/activations/commonsense_test_002266_layer40.npy
commonsense_test_002266,commonsense,compassion,compassion,40,67.01559448242188,mean_centered,/Users/manouchehrrimer/Desktop/BlueDot_Perona_Vector_Project/outputs/vector_construction/persona_vectors/compassion_layer40.npy,/Users/manouchehrrimer/Desktop/BlueDot_Perona_Vector_Project/outputs/ethics_projection/activations/commonsense_test_002266_layer40.npy
commonsense_test_002266,commonsense,compassion,honesty,47,-8486.4130859375,mean_centered,/Users/manouchehrrimer/Desktop/BlueDot_Perona_Vector_Project/outputs/vector_construction/persona_vectors/honesty_layer47.npy,/Users/manouchehrrimer/Desktop/BlueDot_Perona_Vector_Project/outputs/ethics_projection/activations/commonsense_test_002266_layer47.npy
commonsense_test_002266,commonsense,compassion,harmlessness,47,-10804.962890625,mean_centered,/Users/manouchehrrimer/Desktop/BlueDot_Perona_Vector_Project/outputs/vector_construction/persona_vectors/harmlessness_layer47.npy,/Users/manouchehrrimer/Desktop/BlueDot_Perona_Vector_Project/outputs/ethics_projection/activations/commonsense_test_002266_layer47.npy
commonsense_test_002266,commonsense,compassion,fairness,47,-4232.52734375,mean_centered,/Users/manouchehrrimer/Desktop/BlueDot_Perona_Vector_Project/outputs/vector_construction/persona_vectors/fairness_layer47.npy,/Users/manouchehrrimer/Desktop/BlueDot_Perona_Vector_Project/outputs/ethics_projection/activations/commonsense_test_002266_layer47.npy
commonsense_test_002266,commonsense,compassion,compassion,47,-4822.46142578125,mean_centered,/Users/manouchehrrimer/Desktop/BlueDot_Perona_Vector_Project/outputs/vector_construction/persona_vectors/compassion_layer47.npy,/Users/manouchehrrimer/Desktop/BlueDot_Perona_Vector_Project/outputs/ethics_projection/activations/commonsense_test_002266_layer47.npy
commonsense_test_002299,commonsense,honesty,honesty,32,-562.2298583984375,mean_centered,/Users/manouchehrrimer/Desktop/BlueDot_Perona_Vector_Project/outputs/vector_construction/persona_vectors/honesty_layer32.npy,/Users/manouchehrrimer/Desktop/BlueDot_Perona_Vector_Project/outputs/ethics_projection/activations/commonsense_test_002299_layer32.npy
commonsense_test_002299,commonsense,honesty,harmlessness,32,1196.59765625,mean_centered,/Users/manouchehrrimer/Desktop/BlueDot_Perona_Vector_Project/outputs/vector_construction/persona_vectors/harmlessness_layer32.npy,/Users/manouchehrrimer/Desktop/BlueDot_Perona_Vector_Project/outputs/ethics_projection/activations/commonsense_test_002299_layer32.npy
commonsense_test_002299,commonsense,honesty,fairness,32,-1649.03125,mean_centered,/Users/manouchehrrimer/Desktop/BlueDot_Perona_Vector_Project/outputs/vector_construction/persona_vectors/fairness_layer32.npy,/Users/manouchehrrimer/Desktop/BlueDot_Perona_Vector_Project/outputs/ethics_projection/activations/commonsense_test_002299_layer32.npy
commonsense_test_002299,commonsense,honesty,compassion,32,-953.2890014648438,mean_centered,/Users/manouchehrrimer/Desktop/BlueDot_Perona_Vector_Project/outputs/vector_construction/persona_vectors/compassion_layer32.npy,/Users/manouchehrrimer/Desktop/BlueDot_Perona_Vector_Project/outputs/ethics_projection/activations/commonsense_test_002299_layer32.npy
commonsense_test_002299,commonsense,honesty,honesty,40,-254.00921630859375,mean_centered,/Users/manouchehrrimer/Desktop/BlueDot_Perona_Vector_Project/outputs/vector_construction/persona_vectors/honesty_layer40.npy,/Users/manouchehrrimer/Desktop/BlueDot_Perona_Vector_Project/outputs/ethics_projection/activations/commonsense_test_002299_layer40.npy
commonsense_test_002299,commonsense,honesty,harmlessness,40,-398.6856689453125,mean_centered,/Users/manouchehrrimer/Desktop/BlueDot_Perona_Vector_Project/outputs/vector_construction/persona_vectors/harmlessness_layer40.npy,/Users/manouchehrrimer/Desktop/BlueDot_Perona_Vector_Project/outputs/ethics_projection/activations/commonsense_test_002299_layer40.npy
commonsense_test_002299,commonsense,honesty,fairness,40,-888.1447143554688,mean_centered,/Users/manouchehrrimer/Desktop/BlueDot_Perona_Vector_Project/outputs/vector_construction/persona_vectors/fairness_layer40.npy,/Users/manouchehrrimer/Desktop/BlueDot_Perona_Vector_Project/outputs/ethics_projection/activations/commonsense_test_002299_layer40.npy
commonsense_test_002299,commonsense,honesty,compassion,40,-142.92547607421875,mean_centered,/Users/manouchehrrimer/Desktop/BlueDot_Perona_Vector_Project/outputs/vector_construction/persona_vectors/compassion_layer40.npy,/Users/manouchehrrimer/Desktop/BlueDot_Perona_Vector_Project/outputs/ethics_projection/activations/commonsense_test_002299_layer40.npy
commonsense_test_002299,commonsense,honesty,honesty,47,2170.712890625,mean_centered,/Users/manouchehrrimer/Desktop/BlueDot_Perona_Vector_Project/outputs/vector_construction/persona_vectors/honesty_layer47.npy,/Users/manouchehrrimer/Desktop/BlueDot_Perona_Vector_Project/outputs/ethics_projection/activations/commonsense_test_002299_layer47.npy
commonsense_test_002299,commonsense,honesty,harmlessness,47,447.413818359375,mean_centered,/Users/manouchehrrimer/Desktop/BlueDot_Perona_Vector_Project/outputs/vector_construction/persona_vectors/harmlessness_layer47.npy,/Users/manouchehrrimer/Desktop/BlueDot_Perona_Vector_Project/outputs/ethics_projection/activations/commonsense_test_002299_layer47.npy
commonsense_test_002299,commonsense,honesty,fairness,47,-340.591064453125,mean_centered,/Users/manouchehrrimer/Desktop/BlueDot_Perona_Vector_Project/outputs/vector_construction/persona_vectors/fairness_layer47.npy,/Users/manouchehrrimer/Desktop/BlueDot_Perona_Vector_Project/outputs/ethics_projection/activations/commonsense_test_002299_layer47.npy
commonsense_test_002299,commonsense,honesty,compassion,47,194.39959716796875,mean_centered,/Users/manouchehrrimer/Desktop/BlueDot_Perona_Vector_Project/outputs/vector_construction/persona_vectors/compassion_layer47.npy,/Users/manouchehrrimer/Desktop/BlueDot_Perona_Vector_Project/outputs/ethics_projection/activations/commonsense_test_002299_layer47.npy
commonsense_test_002338,commonsense,fairness,honesty,32,-1278.3173828125,mean_centered,/Users/manouchehrrimer/Desktop/BlueDot_Perona_Vector_Project/outputs/vector_construction/persona_vectors/honesty_layer32.npy,/Users/manouchehrrimer/Desktop/BlueDot_Perona_Vector_Project/outputs/ethics_projection/activations/commonsense_test_002338_layer32.npy
commonsense_test_002338,commonsense,fairness,harmlessness,32,1668.50439453125,mean_centered,/Users/manouchehrrimer/Desktop/BlueDot_Perona_Vector_Project/outputs/vector_construction/persona_vectors/harmlessness_layer32.npy,/Users/manouchehrrimer/Desktop/BlueDot_Perona_Vector_Project/outputs/ethics_projection/activations/commonsense_test_002338_layer32.npy
commonsense_test_002338,commonsense,fairness,fairness,32,-1991.624267578125,mean_centered,/Users/manouchehrrimer/Desktop/BlueDot_Perona_Vector_Project/outputs/vector_construction/persona_vectors/fairness_layer32.npy,/Users/manouchehrrimer/Desktop/BlueDot_Perona_Vector_Project/outputs/ethics_projection/activations/commonsense_test_002338_layer32.npy
commonsense_test_002338,commonsense,fairness,compassion,32,-671.647705078125,mean_centered,/Users/manouchehrrimer/Desktop/BlueDot_Perona_Vector_Project/outputs/vector_construction/persona_vectors/compassion_layer32.npy,/Users/manouchehrrimer/Desktop/BlueDot_Perona_Vector_Project/outputs/ethics_projection/activations/commonsense_test_002338_layer32.npy
commonsense_test_002338,commonsense,fairness,honesty,40,-2778.364990234375,mean_centered,/Users/manouchehrrimer/Desktop/BlueDot_Perona_Vector_Project/outputs/vector_construction/persona_vectors/honesty_layer40.npy,/Users/manouchehrrimer/Desktop/BlueDot_Perona_Vector_Project/outputs/ethics_projection/activations/commonsense_test_002338_layer40.npy
commonsense_test_002338,commonsense,fairness,harmlessness,40,-353.46087646484375,mean_centered,/Users/manouchehrrimer/Desktop/BlueDot_Perona_Vector_Project/outputs/vector_construction/persona_vectors/harmlessness_layer40.npy,/Users/manouchehrrimer/Desktop/BlueDot_Perona_Vector_Project/outputs/ethics_projection/activations/commonsense_test_002338_layer40.npy
commonsense_test_002338,commonsense,fairness,fairness,40,-2532.157958984375,mean_centered,/Users/manouchehrrimer/Desktop/BlueDot_Perona_Vector_Project/outputs/vector_construction/persona_vectors/fairness_layer40.npy,/Users/manouchehrrimer/Desktop/BlueDot_Perona_Vector_Project/outputs/ethics_projection/activations/commonsense_test_002338_layer40.npy
commonsense_test_002338,commonsense,fairness,compassion,40,591.9049072265625,mean_centered,/Users/manouchehrrimer/Desktop/BlueDot_Perona_Vector_Project/outputs/vector_construction/persona_vectors/compassion_layer40.npy,/Users/manouchehrrimer/Desktop/BlueDot_Perona_Vector_Project/outputs/ethics_projection/activations/commonsense_test_002338_layer40.npy
commonsense_test_002338,commonsense,fairness,honesty,47,-1066.7822265625,mean_centered,/Users/manouchehrrimer/Desktop/BlueDot_Perona_Vector_Project/outputs/vector_construction/persona_vectors/honesty_layer47.npy,/Users/manouchehrrimer/Desktop/BlueDot_Perona_Vector_Project/outputs/ethics_projection/activations/commonsense_test_002338_layer47.npy
commonsense_test_002338,commonsense,fairness,harmlessness,47,-1258.78955078125,mean_centered,/Users/manouchehrrimer/Desktop/BlueDot_Perona_Vector_Project/outputs/vector_construction/persona_vectors/harmlessness_layer47.npy,/Users/manouchehrrimer/Desktop/BlueDot_Perona_Vector_Project/outputs/ethics_projection/activations/commonsense_test_002338_layer47.npy
commonsense_test_002338,commonsense,fairness,fairness,47,-1471.8936767578125,mean_centered,/Users/manouchehrrimer/Desktop/BlueDot_Perona_Vector_Project/outputs/vector_construction/persona_vectors/fairness_layer47.npy,/Users/manouchehrrimer/Desktop/BlueDot_Perona_Vector_Project/outputs/ethics_projection/activations/commonsense_test_002338_layer47.npy
commonsense_test_002338,commonsense,fairness,compassion,47,201.11087036132812,mean_centered,/Users/manouchehrrimer/Desktop/BlueDot_Perona_Vector_Project/outputs/vector_construction/persona_vectors/compassion_layer47.npy,/Users/manouchehrrimer/Desktop/BlueDot_Perona_Vector_Project/outputs/ethics_projection/activations/commonsense_test_002338_layer47.npy
commonsense_test_002405,commonsense,compassion,honesty,32,-2057.752685546875,mean_centered,/Users/manouchehrrimer/Desktop/BlueDot_Perona_Vector_Project/outputs/vector_construction/persona_vectors/honesty_layer32.npy,/Users/manouchehrrimer/Desktop/BlueDot_Perona_Vector_Project/outputs/ethics_projection/activations/commonsense_test_002405_layer32.npy
commonsense_test_002405,commonsense,compassion,harmlessness,32,2511.650146484375,mean_centered,/Users/manouchehrrimer/Desktop/BlueDot_Perona_Vector_Project/outputs/vector_construction/persona_vectors/harmlessness_layer32.npy,/Users/manouchehrrimer/Desktop/BlueDot_Perona_Vector_Project/outputs/ethics_projection/activations/commonsense_test_002405_layer32.npy
commonsense_test_002405,commonsense,compassion,fairness,32,-2491.335205078125,mean_centered,/Users/manouchehrrimer/Desktop/BlueDot_Perona_Vector_Project/outputs/vector_construction/persona_vectors/fairness_layer32.npy,/Users/manouchehrrimer/Desktop/BlueDot_Perona_Vector_Project/outputs/ethics_projection/activations/commonsense_test_002405_layer32.npy
commonsense_test_002405,commonsense,compassion,compassion,32,-769.261474609375,mean_centered,/Users/manouchehrrimer/Desktop/BlueDot_Perona_Vector_Project/outputs/vector_construction/persona_vectors/compassion_layer32.npy,/Users/manouchehrrimer/Desktop/BlueDot_Perona_Vector_Project/outputs/ethics_projection/activations/commonsense_test_002405_layer32.npy
commonsense_test_002405,commonsense,compassion,honesty,40,-11420.9384765625,mean_centered,/Users/manouchehrrimer/Desktop/BlueDot_Perona_Vector_Project/outputs/vector_construction/persona_vectors/honesty_layer40.npy,/Users/manouchehrrimer/Desktop/BlueDot_Perona_Vector_Project/outputs/ethics_projection/activations/commonsense_test_002405_layer40.npy
commonsense_test_002405,commonsense,compassion,harmlessness,40,-117.99612426757812,mean_centered,/Users/manouchehrrimer/Desktop/BlueDot_Perona_Vector_Project/outputs/vector_construction/persona_vectors/harmlessness_layer40.npy,/Users/manouchehrrimer/Desktop/BlueDot_Perona_Vector_Project/outputs/ethics_projection/activations/commonsense_test_002405_layer40.npy
commonsense_test_002405,commonsense,compassion,fairness,40,-8627.0888671875,mean_centered,/Users/manouchehrrimer/Desktop/BlueDot_Perona_Vector_Project/outputs/vector_construction/persona_vectors/fairness_layer40.npy,/Users/manouchehrrimer/Desktop/BlueDot_Perona_Vector_Project/outputs/ethics_projection/activations/commonsense_test_002405_layer40.npy
commonsense_test_002405,commonsense,compassion,compassion,40,804.1866455078125,mean_centered,/Users/manouchehrrimer/Desktop/BlueDot_Perona_Vector_Project/outputs/vector_construction/persona_vectors/compassion_layer40.npy,/Users/manouchehrrimer/Desktop/BlueDot_Perona_Vector_Project/outputs/ethics_projection/activations/commonsense_test_002405_layer40.npy
commonsense_test_002405,commonsense,compassion,honesty,47,107.43716430664062,mean_centered,/Users/manouchehrrimer/Desktop/BlueDot_Perona_Vector_Project/outputs/vector_construction/persona_vectors/honesty_layer47.npy,/Users/manouchehrrimer/Desktop/BlueDot_Perona_Vector_Project/outputs/ethics_projection/activations/commonsense_test_002405_layer47.npy
commonsense_test_002405,commonsense,compassion,harmlessness,47,950.4478759765625,mean_centered,/Users/manouchehrrimer/Desktop/BlueDot_Perona_Vector_Project/outputs/vector_construction/persona_vectors/harmlessness_layer47.npy,/Users/manouchehrrimer/Desktop/BlueDot_Perona_Vector_Project/outputs/ethics_projection/activations/commonsense_test_002405_layer47.npy
commonsense_test_002405,commonsense,compassion,fairness,47,-579.484130859375,mean_centered,/Users/manouchehrrimer/Desktop/BlueDot_Perona_Vector_Project/outputs/vector_construction/persona_vectors/fairness_layer47.npy,/Users/manouchehrrimer/Desktop/BlueDot_Perona_Vector_Project/outputs/ethics_projection/activations/commonsense_test_002405_layer47.npy
commonsense_test_002405,commonsense,compassion,compassion,47,1382.7508544921875,mean_centered,/Users/manouchehrrimer/Desktop/BlueDot_Perona_Vector_Project/outputs/vector_construction/persona_vectors/compassion_layer47.npy,/Users/manouchehrrimer/Desktop/BlueDot_Perona_Vector_Project/outputs/ethics_projection/activations/commonsense_test_002405_layer47.npy
commonsense_test_002430,commonsense,honesty,honesty,32,-1052.4910888671875,mean_centered,/Users/manouchehrrimer/Desktop/BlueDot_Perona_Vector_Project/outputs/vector_construction/persona_vectors/honesty_layer32.npy,/Users/manouchehrrimer/Desktop/BlueDot_Perona_Vector_Project/outputs/ethics_projection/activations/commonsense_test_002430_layer32.npy
commonsense_test_002430,commonsense,honesty,harmlessness,32,1337.17041015625,mean_centered,/Users/manouchehrrimer/Desktop/BlueDot_Perona_Vector_Project/outputs/vector_construction/persona_vectors/harmlessness_layer32.npy,/Users/manouchehrrimer/Desktop/BlueDot_Perona_Vector_Project/outputs/ethics_projection/activations/commonsense_test_002430_layer32.npy
commonsense_test_002430,commonsense,honesty,fairness,32,-1595.845458984375,mean_centered,/Users/manouchehrrimer/Desktop/BlueDot_Perona_Vector_Project/outputs/vector_construction/persona_vectors/fairness_layer32.npy,/Users/manouchehrrimer/Desktop/BlueDot_Perona_Vector_Project/outputs/ethics_projection/activations/commonsense_test_002430_layer32.npy
commonsense_test_002430,commonsense,honesty,compassion,32,42.67108154296875,mean_centered,/Users/manouchehrrimer/Desktop/BlueDot_Perona_Vector_Project/outputs/vector_construction/persona_vectors/compassion_layer32.npy,/Users/manouchehrrimer/Desktop/BlueDot_Perona_Vector_Project/outputs/ethics_projection/activations/commonsense_test_002430_layer32.npy
commonsense_test_002430,commonsense,honesty,honesty,40,-8861.2431640625,mean_centered,/Users/manouchehrrimer/Desktop/BlueDot_Perona_Vector_Project/outputs/vector_construction/persona_vectors/honesty_layer40.npy,/Users/manouchehrrimer/Desktop/BlueDot_Perona_Vector_Project/outputs/ethics_projection/activations/commonsense_test_002430_layer40.npy
commonsense_test_002430,commonsense,honesty,harmlessness,40,105.96290588378906,mean_centered,/Users/manouchehrrimer/Desktop/BlueDot_Perona_Vector_Project/outputs/vector_construction/persona_vectors/harmlessness_layer40.npy,/Users/manouchehrrimer/Desktop/BlueDot_Perona_Vector_Project/outputs/ethics_projection/activations/commonsense_test_002430_layer40.npy
commonsense_test_002430,commonsense,honesty,fairness,40,-7035.58203125,mean_centered,/Users/manouchehrrimer/Desktop/BlueDot_Perona_Vector_Project/outputs/vector_construction/persona_vectors/fairness_layer40.npy,/Users/manouchehrrimer/Desktop/BlueDot_Perona_Vector_Project/outputs/ethics_projection/activations/commonsense_test_002430_layer40.npy
commonsense_test_002430,commonsense,honesty,compassion,40,1214.6883544921875,mean_centered,/Users/manouchehrrimer/Desktop/BlueDot_Perona_Vector_Project/outputs/vector_construction/persona_vectors/compassion_layer40.npy,/Users/manouchehrrimer/Desktop/BlueDot_Perona_Vector_Project/outputs/ethics_projection/activations/commonsense_test_002430_layer40.npy
commonsense_test_002430,commonsense,honesty,honesty,47,-4253.5849609375,mean_centered,/Users/manouchehrrimer/Desktop/BlueDot_Perona_Vector_Project/outputs/vector_construction/persona_vectors/honesty_layer47.npy,/Users/manouchehrrimer/Desktop/BlueDot_Perona_Vector_Project/outputs/ethics_projection/activations/commonsense_test_002430_layer47.npy
commonsense_test_002430,commonsense,honesty,harmlessness,47,-4063.899169921875,mean_centered,/Users/manouchehrrimer/Desktop/BlueDot_Perona_Vector_Project/outputs/vector_construction/persona_vectors/harmlessness_layer47.npy,/Users/manouchehrrimer/Desktop/BlueDot_Perona_Vector_Project/outputs/ethics_projection/activations/commonsense_test_002430_layer47.npy
commonsense_test_002430,commonsense,honesty,fairness,47,-2346.112548828125,mean_centered,/Users/manouchehrrimer/Desktop/BlueDot_Perona_Vector_Project/outputs/vector_construction/persona_vectors/fairness_layer47.npy,/Users/manouchehrrimer/Desktop/BlueDot_Perona_Vector_Project/outputs/ethics_projection/activations/commonsense_test_002430_layer47.npy
commonsense_test_002430,commonsense,honesty,compassion,47,-1188.48828125,mean_centered,/Users/manouchehrrimer/Desktop/BlueDot_Perona_Vector_Project/outputs/vector_construction/persona_vectors/compassion_layer47.npy,/Users/manouchehrrimer/Desktop/BlueDot_Perona_Vector_Project/outputs/ethics_projection/activations/commonsense_test_002430_layer47.npy
commonsense_test_002506,commonsense,compassion,honesty,32,-401.2887268066406,mean_centered,/Users/manouchehrrimer/Desktop/BlueDot_Perona_Vector_Project/outputs/vector_construction/persona_vectors/honesty_layer32.npy,/Users/manouchehrrimer/Desktop/BlueDot_Perona_Vector_Project/outputs/ethics_projection/activations/commonsense_test_002506_layer32.npy
commonsense_test_002506,commonsense,compassion,harmlessness,32,529.0369873046875,mean_centered,/Users/manouchehrrimer/Desktop/BlueDot_Perona_Vector_Project/outputs/vector_construction/persona_vectors/harmlessness_layer32.npy,/Users/manouchehrrimer/Desktop/BlueDot_Perona_Vector_Project/outputs/ethics_projection/activations/commonsense_test_002506_layer32.npy
commonsense_test_002506,commonsense,compassion,fairness,32,-944.4669799804688,mean_centered,/Users/manouchehrrimer/Desktop/BlueDot_Perona_Vector_Project/outputs/vector_construction/persona_vectors/fairness_layer32.npy,/Users/manouchehrrimer/Desktop/BlueDot_Perona_Vector_Project/outputs/ethics_projection/activations/commonsense_test_002506_layer32.npy
commonsense_test_002506,commonsense,compassion,compassion,32,479.897705078125,mean_centered,/Users/manouchehrrimer/Desktop/BlueDot_Perona_Vector_Project/outputs/vector_construction/persona_vectors/compassion_layer32.npy,/Users/manouchehrrimer/Desktop/BlueDot_Perona_Vector_Project/outputs/ethics_projection/activations/commonsense_test_002506_layer32.npy
commonsense_test_002506,commonsense,compassion,honesty,40,-8078.36083984375,mean_centered,/Users/manouchehrrimer/Desktop/BlueDot_Perona_Vector_Project/outputs/vector_construction/persona_vectors/honesty_layer40.npy,/Users/manouchehrrimer/Desktop/BlueDot_Perona_Vector_Project/outputs/ethics_projection/activations/commonsense_test_002506_layer40.npy
commonsense_test_002506,commonsense,compassion,harmlessness,40,333.4771728515625,mean_centered,/Users/manouchehrrimer/Desktop/BlueDot_Perona_Vector_Project/outputs/vector_construction/persona_vectors/harmlessness_layer40.npy,/Users/manouchehrrimer/Desktop/BlueDot_Perona_Vector_Project/outputs/ethics_projection/activations/commonsense_test_002506_layer40.npy
commonsense_test_002506,commonsense,compassion,fairness,40,-6701.9501953125,mean_centered,/Users/manouchehrrimer/Desktop/BlueDot_Perona_Vector_Project/outputs/vector_construction/persona_vectors/fairness_layer40.npy,/Users/manouchehrrimer/Desktop/BlueDot_Perona_Vector_Project/outputs/ethics_projection/activations/commonsense_test_002506_layer40.npy
commonsense_test_002506,commonsense,compassion,compassion,40,1416.29052734375,mean_centered,/Users/manouchehrrimer/Desktop/BlueDot_Perona_Vector_Project/outputs/vector_construction/persona_vectors/compassion_layer40.npy,/Users/manouchehrrimer/Desktop/BlueDot_Perona_Vector_Project/outputs/ethics_projection/activations/commonsense_test_002506_layer40.npy
commonsense_test_002506,commonsense,compassion,honesty,47,-10945.845703125,mean_centered,/Users/manouchehrrimer/Desktop/BlueDot_Perona_Vector_Project/outputs/vector_construction/persona_vectors/honesty_layer47.npy,/Users/manouchehrrimer/Desktop/BlueDot_Perona_Vector_Project/outputs/ethics_projection/activations/commonsense_test_002506_layer47.npy
commonsense_test_002506,commonsense,compassion,harmlessness,47,-11583.70703125,mean_centered,/Users/manouchehrrimer/Desktop/BlueDot_Perona_Vector_Project/outputs/vector_construction/persona_vectors/harmlessness_layer47.npy,/Users/manouchehrrimer/Desktop/BlueDot_Perona_Vector_Project/outputs/ethics_projection/activations/commonsense_test_002506_layer47.npy
commonsense_test_002506,commonsense,compassion,fairness,47,-5978.484375,mean_centered,/Users/manouchehrrimer/Desktop/BlueDot_Perona_Vector_Project/outputs/vector_construction/persona_vectors/fairness_layer47.npy,/Users/manouchehrrimer/Desktop/BlueDot_Perona_Vector_Project/outputs/ethics_projection/activations/commonsense_test_002506_layer47.npy
commonsense_test_002506,commonsense,compassion,compassion,47,-4810.939453125,mean_centered,/Users/manouchehrrimer/Desktop/BlueDot_Perona_Vector_Project/outputs/vector_construction/persona_vectors/compassion_layer47.npy,/Users/manouchehrrimer/Desktop/BlueDot_Perona_Vector_Project/outputs/ethics_projection/activations/commonsense_test_002506_layer47.npy
commonsense_test_002512,commonsense,honesty,honesty,32,-1654.5008544921875,mean_centered,/Users/manouchehrrimer/Desktop/BlueDot_Perona_Vector_Project/outputs/vector_construction/persona_vectors/honesty_layer32.npy,/Users/manouchehrrimer/Desktop/BlueDot_Perona_Vector_Project/outputs/ethics_projection/activations/commonsense_test_002512_layer32.npy
commonsense_test_002512,commonsense,honesty,harmlessness,32,1989.1328125,mean_centered,/Users/manouchehrrimer/Desktop/BlueDot_Perona_Vector_Project/outputs/vector_construction/persona_vectors/harmlessness_layer32.npy,/Users/manouchehrrimer/Desktop/BlueDot_Perona_Vector_Project/outputs/ethics_projection/activations/commonsense_test_002512_layer32.npy
commonsense_test_002512,commonsense,honesty,fairness,32,-2183.09765625,mean_centered,/Users/manouchehrrimer/Desktop/BlueDot_Perona_Vector_Project/outputs/vector_construction/persona_vectors/fairness_layer32.npy,/Users/manouchehrrimer/Desktop/BlueDot_Perona_Vector_Project/outputs/ethics_projection/activations/commonsense_test_002512_layer32.npy
commonsense_test_002512,commonsense,honesty,compassion,32,-968.2154541015625,mean_centered,/Users/manouchehrrimer/Desktop/BlueDot_Perona_Vector_Project/outputs/vector_construction/persona_vectors/compassion_layer32.npy,/Users/manouchehrrimer/Desktop/BlueDot_Perona_Vector_Project/outputs/ethics_projection/activations/commonsense_test_002512_layer32.npy
commonsense_test_002512,commonsense,honesty,honesty,40,-7230.66357421875,mean_centered,/Users/manouchehrrimer/Desktop/BlueDot_Perona_Vector_Project/outputs/vector_construction/persona_vectors/honesty_layer40.npy,/Users/manouchehrrimer/Desktop/BlueDot_Perona_Vector_Project/outputs/ethics_projection/activations/commonsense_test_002512_layer40.npy
commonsense_test_002512,commonsense,honesty,harmlessness,40,-109.39480590820312,mean_centered,/Users/manouchehrrimer/Desktop/BlueDot_Perona_Vector_Project/outputs/vector_construction/persona_vectors/harmlessness_layer40.npy,/Users/manouchehrrimer/Desktop/BlueDot_Perona_Vector_Project/outputs/ethics_projection/activations/commonsense_test_002512_layer40.npy
commonsense_test_002512,commonsense,honesty,fairness,40,-5930.87060546875,mean_centered,/Users/manouchehrrimer/Desktop/BlueDot_Perona_Vector_Project/outputs/vector_construction/persona_vectors/fairness_layer40.npy,/Users/manouchehrrimer/Desktop/BlueDot_Perona_Vector_Project/outputs/ethics_projection/activations/commonsense_test_002512_layer40.npy
commonsense_test_002512,commonsense,honesty,compassion,40,668.35888671875,mean_centered,/Users/manouchehrrimer/Desktop/BlueDot_Perona_Vector_Project/outputs/vector_construction/persona_vectors/compassion_layer40.npy,/Users/manouchehrrimer/Desktop/BlueDot_Perona_Vector_Project/outputs/ethics_projection/activations/commonsense_test_002512_layer40.npy
commonsense_test_002512,commonsense,honesty,honesty,47,-274.87799072265625,mean_centered,/Users/manouchehrrimer/Desktop/BlueDot_Perona_Vector_Project/outputs/vector_construction/persona_vectors/honesty_layer47.npy,/Users/manouchehrrimer/Desktop/BlueDot_Perona_Vector_Project/outputs/ethics_projection/activations/commonsense_test_002512_layer47.npy
commonsense_test_002512,commonsense,honesty,harmlessness,47,-559.8369140625,mean_centered,/Users/manouchehrrimer/Desktop/BlueDot_Perona_Vector_Project/outputs/vector_construction/persona_vectors/harmlessness_layer47.npy,/Users/manouchehrrimer/Desktop/BlueDot_Perona_Vector_Project/outputs/ethics_projection/activations/commonsense_test_002512_layer47.npy
commonsense_test_002512,commonsense,honesty,fairness,47,-892.2454833984375,mean_centered,/Users/manouchehrrimer/Desktop/BlueDot_Perona_Vector_Project/outputs/vector_construction/persona_vectors/fairness_layer47.npy,/Users/manouchehrrimer/Desktop/BlueDot_Perona_Vector_Project/outputs/ethics_projection/activations/commonsense_test_002512_layer47.npy
commonsense_test_002512,commonsense,honesty,compassion,47,122.69227600097656,mean_centered,/Users/manouchehrrimer/Desktop/BlueDot_Perona_Vector_Project/outputs/vector_construction/persona_vectors/compassion_layer47.npy,/Users/manouchehrrimer/Desktop/BlueDot_Perona_Vector_Project/outputs/ethics_projection/activations/commonsense_test_002512_layer47.npy
commonsense_test_002567,commonsense,honesty,honesty,32,-1680.328369140625,mean_centered,/Users/manouchehrrimer/Desktop/BlueDot_Perona_Vector_Project/outputs/vector_construction/persona_vectors/honesty_layer32.npy,/Users/manouchehrrimer/Desktop/BlueDot_Perona_Vector_Project/outputs/ethics_projection/activations/commonsense_test_002567_layer32.npy
commonsense_test_002567,commonsense,honesty,harmlessness,32,2119.513427734375,mean_centered,/Users/manouchehrrimer/Desktop/BlueDot_Perona_Vector_Project/outputs/vector_construction/persona_vectors/harmlessness_layer32.npy,/Users/manouchehrrimer/Desktop/BlueDot_Perona_Vector_Project/outputs/ethics_projection/activations/commonsense_test_002567_layer32.npy
commonsense_test_002567,commonsense,honesty,fairness,32,-2256.314453125,mean_centered,/Users/manouchehrrimer/Desktop/BlueDot_Perona_Vector_Project/outputs/vector_construction/persona_vectors/fairness_layer32.npy,/Users/manouchehrrimer/Desktop/BlueDot_Perona_Vector_Project/outputs/ethics_projection/activations/commonsense_test_002567_layer32.npy
commonsense_test_002567,commonsense,honesty,compassion,32,-836.067138671875,mean_centered,/Users/manouchehrrimer/Desktop/BlueDot_Perona_Vector_Project/outputs/vector_construction/persona_vectors/compassion_layer32.npy,/Users/manouchehrrimer/Desktop/BlueDot_Perona_Vector_Project/outputs/ethics_projection/activations/commonsense_test_002567_layer32.npy
commonsense_test_002567,commonsense,honesty,honesty,40,-4024.149169921875,mean_centered,/Users/manouchehrrimer/Desktop/BlueDot_Perona_Vector_Project/outputs/vector_construction/persona_vectors/honesty_layer40.npy,/Users/manouchehrrimer/Desktop/BlueDot_Perona_Vector_Project/outputs/ethics_projection/activations/commonsense_test_002567_layer40.npy
commonsense_test_002567,commonsense,honesty,harmlessness,40,-216.50067138671875,mean_centered,/Users/manouchehrrimer/Desktop/BlueDot_Perona_Vector_Project/outputs/vector_construction/persona_vectors/harmlessness_layer40.npy,/Users/manouchehrrimer/Desktop/BlueDot_Perona_Vector_Project/outputs/ethics_projection/activations/commonsense_test_002567_layer40.npy
commonsense_test_002567,commonsense,honesty,fairness,40,-3708.4228515625,mean_centered,/Users/manouchehrrimer/Desktop/BlueDot_Perona_Vector_Project/outputs/vector_construction/persona_vectors/fairness_layer40.npy,/Users/manouchehrrimer/Desktop/BlueDot_Perona_Vector_Project/outputs/ethics_projection/activations/commonsense_test_002567_layer40.npy
commonsense_test_002567,commonsense,honesty,compassion,40,936.36669921875,mean_centered,/Users/manouchehrrimer/Desktop/BlueDot_Perona_Vector_Project/outputs/vector_construction/persona_vectors/compassion_layer40.npy,/Users/manouchehrrimer/Desktop/BlueDot_Perona_Vector_Project/outputs/ethics_projection/activations/commonsense_test_002567_layer40.npy
commonsense_test_002567,commonsense,honesty,honesty,47,889.24462890625,mean_centered,/Users/manouchehrrimer/Desktop/BlueDot_Perona_Vector_Project/outputs/vector_construction/persona_vectors/honesty_layer47.npy,/Users/manouchehrrimer/Desktop/BlueDot_Perona_Vector_Project/outputs/ethics_projection/activations/commonsense_test_002567_layer47.npy
commonsense_test_002567,commonsense,honesty,harmlessness,47,1859.5216064453125,mean_centered,/Users/manouchehrrimer/Desktop/BlueDot_Perona_Vector_Project/outputs/vector_construction/persona_vectors/harmlessness_layer47.npy,/Users/manouchehrrimer/Desktop/BlueDot_Perona_Vector_Project/outputs/ethics_projection/activations/commonsense_test_002567_layer47.npy
commonsense_test_002567,commonsense,honesty,fairness,47,-753.1072998046875,mean_centered,/Users/manouchehrrimer/Desktop/BlueDot_Perona_Vector_Project/outputs/vector_construction/persona_vectors/fairness_layer47.npy,/Users/manouchehrrimer/Desktop/BlueDot_Perona_Vector_Project/outputs/ethics_projection/activations/commonsense_test_002567_layer47.npy
commonsense_test_002567,commonsense,honesty,compassion,47,2148.521484375,mean_centered,/Users/manouchehrrimer/Desktop/BlueDot_Perona_Vector_Project/outputs/vector_construction/persona_vectors/compassion_layer47.npy,/Users/manouchehrrimer/Desktop/BlueDot_Perona_Vector_Project/outputs/ethics_projection/activations/commonsense_test_002567_layer47.npy
commonsense_test_002583,commonsense,compassion,honesty,32,-1997.75244140625,mean_centered,/Users/manouchehrrimer/Desktop/BlueDot_Perona_Vector_Project/outputs/vector_construction/persona_vectors/honesty_layer32.npy,/Users/manouchehrrimer/Desktop/BlueDot_Perona_Vector_Project/outputs/ethics_projection/activations/commonsense_test_002583_layer32.npy
commonsense_test_002583,commonsense,compassion,harmlessness,32,3043.7919921875,mean_centered,/Users/manouchehrrimer/Desktop/BlueDot_Perona_Vector_Project/outputs/vector_construction/persona_vectors/harmlessness_layer32.npy,/Users/manouchehrrimer/Desktop/BlueDot_Perona_Vector_Project/outputs/ethics_projection/activations/commonsense_test_002583_layer32.npy
commonsense_test_002583,commonsense,compassion,fairness,32,-3149.877685546875,mean_centered,/Users/manouchehrrimer/Desktop/BlueDot_Perona_Vector_Project/outputs/vector_construction/persona_vectors/fairness_layer32.npy,/Users/manouchehrrimer/Desktop/BlueDot_Perona_Vector_Project/outputs/ethics_projection/activations/commonsense_test_002583_layer32.npy
commonsense_test_002583,commonsense,compassion,compassion,32,-1932.1568603515625,mean_centered,/Users/manouchehrrimer/Desktop/BlueDot_Perona_Vector_Project/outputs/vector_construction/persona_vectors/compassion_layer32.npy,/Users/manouchehrrimer/Desktop/BlueDot_Perona_Vector_Project/outputs/ethics_projection/activations/commonsense_test_002583_layer32.npy
commonsense_test_002583,commonsense,compassion,honesty,40,-3269.701171875,mean_centered,/Users/manouchehrrimer/Desktop/BlueDot_Perona_Vector_Project/outputs/vector_construction/persona_vectors/honesty_layer40.npy,/Users/manouchehrrimer/Desktop/BlueDot_Perona_Vector_Project/outputs/ethics_projection/activations/commonsense_test_002583_layer40.npy
commonsense_test_002583,commonsense,compassion,harmlessness,40,-317.3090515136719,mean_centered,/Users/manouchehrrimer/Desktop/BlueDot_Perona_Vector_Project/outputs/vector_construction/persona_vectors/harmlessness_layer40.npy,/Users/manouchehrrimer/Desktop/BlueDot_Perona_Vector_Project/outputs/ethics_projection/activations/commonsense_test_002583_layer40.npy
commonsense_test_002583,commonsense,compassion,fairness,40,-3025.607666015625,mean_centered,/Users/manouchehrrimer/Desktop/BlueDot_Perona_Vector_Project/outputs/vector_construction/persona_vectors/fairness_layer40.npy,/Users/manouchehrrimer/Desktop/BlueDot_Perona_Vector_Project/outputs/ethics_projection/activations/commonsense_test_002583_layer40.npy
commonsense_test_002583,commonsense,compassion,compassion,40,-265.44976806640625,mean_centered,/Users/manouchehrrimer/Desktop/BlueDot_Perona_Vector_Project/outputs/vector_construction/persona_vectors/compassion_layer40.npy,/Users/manouchehrrimer/Desktop/BlueDot_Perona_Vector_Project/outputs/ethics_projection/activations/commonsense_test_002583_layer40.npy
commonsense_test_002583,commonsense,compassion,honesty,47,-2339.5185546875,mean_centered,/Users/manouchehrrimer/Desktop/BlueDot_Perona_Vector_Project/outputs/vector_construction/persona_vectors/honesty_layer47.npy,/Users/manouchehrrimer/Desktop/BlueDot_Perona_Vector_Project/outputs/ethics_projection/activations/commonsense_test_002583_layer47.npy
commonsense_test_002583,commonsense,compassion,harmlessness,47,-3784.12841796875,mean_centered,/Users/manouchehrrimer/Desktop/BlueDot_Perona_Vector_Project/outputs/vector_construction/persona_vectors/harmlessness_layer47.npy,/Users/manouchehrrimer/Desktop/BlueDot_Perona_Vector_Project/outputs/ethics_projection/activations/commonsense_test_002583_layer47.npy
commonsense_test_002583,commonsense,compassion,fairness,47,-2113.65771484375,mean_centered,/Users/manouchehrrimer/Desktop/BlueDot_Perona_Vector_Project/outputs/vector_construction/persona_vectors/fairness_layer47.npy,/Users/manouchehrrimer/Desktop/BlueDot_Perona_Vector_Project/outputs/ethics_projection/activations/commonsense_test_002583_layer47.npy
commonsense_test_002583,commonsense,compassion,compassion,47,-1916.80029296875,mean_centered,/Users/manouchehrrimer/Desktop/BlueDot_Perona_Vector_Project/outputs/vector_construction/persona_vectors/compassion_layer47.npy,/Users/manouchehrrimer/Desktop/BlueDot_Perona_Vector_Project/outputs/ethics_projection/activations/commonsense_test_002583_layer47.npy
commonsense_test_002727,commonsense,compassion,honesty,32,-1884.6551513671875,mean_centered,/Users/manouchehrrimer/Desktop/BlueDot_Perona_Vector_Project/outputs/vector_construction/persona_vectors/honesty_layer32.npy,/Users/manouchehrrimer/Desktop/BlueDot_Perona_Vector_Project/outputs/ethics_projection/activations/commonsense_test_002727_layer32.npy
commonsense_test_002727,commonsense,compassion,harmlessness,32,2462.0029296875,mean_centered,/Users/manouchehrrimer/Desktop/BlueDot_Perona_Vector_Project/outputs/vector_construction/persona_vectors/harmlessness_layer32.npy,/Users/manouchehrrimer/Desktop/BlueDot_Perona_Vector_Project/outputs/ethics_projection/activations/commonsense_test_002727_layer32.npy
commonsense_test_002727,commonsense,compassion,fairness,32,-1943.0869140625,mean_centered,/Users/manouchehrrimer/Desktop/BlueDot_Perona_Vector_Project/outputs/vector_construction/persona_vectors/fairness_layer32.npy,/Users/manouchehrrimer/Desktop/BlueDot_Perona_Vector_Project/outputs/ethics_projection/activations/commonsense_test_002727_layer32.npy
commonsense_test_002727,commonsense,compassion,compassion,32,-1058.511474609375,mean_centered,/Users/manouchehrrimer/Desktop/BlueDot_Perona_Vector_Project/outputs/vector_construction/persona_vectors/compassion_layer32.npy,/Users/manouchehrrimer/Desktop/BlueDot_Perona_Vector_Project/outputs/ethics_projection/activations/commonsense_test_002727_layer32.npy
commonsense_test_002727,commonsense,compassion,honesty,40,1632.88037109375,mean_centered,/Users/manouchehrrimer/Desktop/BlueDot_Perona_Vector_Project/outputs/vector_construction/persona_vectors/honesty_layer40.npy,/Users/manouchehrrimer/Desktop/BlueDot_Perona_Vector_Project/outputs/ethics_projection/activations/commonsense_test_002727_layer40.npy
commonsense_test_002727,commonsense,compassion,harmlessness,40,789.96728515625,mean_centered,/Users/manouchehrrimer/Desktop/BlueDot_Perona_Vector_Project/outputs/vector_construction/persona_vectors/harmlessness_layer40.npy,/Users/manouchehrrimer/Desktop/BlueDot_Perona_Vector_Project/outputs/ethics_projection/activations/commonsense_test_002727_layer40.npy
commonsense_test_002727,commonsense,compassion,fairness,40,1015.4654541015625,mean_centered,/Users/manouchehrrimer/Desktop/BlueDot_Perona_Vector_Project/outputs/vector_construction/persona_vectors/fairness_layer40.npy,/Users/manouchehrrimer/Desktop/BlueDot_Perona_Vector_Project/outputs/ethics_projection/activations/commonsense_test_002727_layer40.npy
commonsense_test_002727,commonsense,compassion,compassion,40,95.76608276367188,mean_centered,/Users/manouchehrrimer/Desktop/BlueDot_Perona_Vector_Project/outputs/vector_construction/persona_vectors/compassion_layer40.npy,/Users/manouchehrrimer/Desktop/BlueDot_Perona_Vector_Project/outputs/ethics_projection/activations/commonsense_test_002727_layer40.npy
commonsense_test_002727,commonsense,compassion,honesty,47,-1923.570556640625,mean_centered,/Users/manouchehrrimer/Desktop/BlueDot_Perona_Vector_Project/outputs/vector_construction/persona_vectors/honesty_layer47.npy,/Users/manouchehrrimer/Desktop/BlueDot_Perona_Vector_Project/outputs/ethics_projection/activations/commonsense_test_002727_layer47.npy
commonsense_test_002727,commonsense,compassion,harmlessness,47,-1383.082275390625,mean_centered,/Users/manouchehrrimer/Desktop/BlueDot_Perona_Vector_Project/outputs/vector_construction/persona_vectors/harmlessness_layer47.npy,/Users/manouchehrrimer/Desktop/BlueDot_Perona_Vector_Project/outputs/ethics_projection/activations/commonsense_test_002727_layer47.npy
commonsense_test_002727,commonsense,compassion,fairness,47,-1386.1766357421875,mean_centered,/Users/manouchehrrimer/Desktop/BlueDot_Perona_Vector_Project/outputs/vector_construction/persona_vectors/fairness_layer47.npy,/Users/manouchehrrimer/Desktop/BlueDot_Perona_Vector_Project/outputs/ethics_projection/activations/commonsense_test_002727_layer47.npy
commonsense_test_002727,commonsense,compassion,compassion,47,-1278.3477783203125,mean_centered,/Users/manouchehrrimer/Desktop/BlueDot_Perona_Vector_Project/outputs/vector_construction/persona_vectors/compassion_layer47.npy,/Users/manouchehrrimer/Desktop/BlueDot_Perona_Vector_Project/outputs/ethics_projection/activations/commonsense_test_002727_layer47.npy
commonsense_test_002784,commonsense,compassion,honesty,32,-1184.1602783203125,mean_centered,/Users/manouchehrrimer/Desktop/BlueDot_Perona_Vector_Project/outputs/vector_construction/persona_vectors/honesty_layer32.npy,/Users/manouchehrrimer/Desktop/BlueDot_Perona_Vector_Project/outputs/ethics_projection/activations/commonsense_test_002784_layer32.npy
commonsense_test_002784,commonsense,compassion,harmlessness,32,1456.9002685546875,mean_centered,/Users/manouchehrrimer/Desktop/BlueDot_Perona_Vector_Project/outputs/vector_construction/persona_vectors/harmlessness_layer32.npy,/Users/manouchehrrimer/Desktop/BlueDot_Perona_Vector_Project/outputs/ethics_projection/activations/commonsense_test_002784_layer32.npy
commonsense_test_002784,commonsense,compassion,fairness,32,-1674.8619384765625,mean_centered,/Users/manouchehrrimer/Desktop/BlueDot_Perona_Vector_Project/outputs/vector_construction/persona_vectors/fairness_layer32.npy,/Users/manouchehrrimer/Desktop/BlueDot_Perona_Vector_Project/outputs/ethics_projection/activations/commonsense_test_002784_layer32.npy
commonsense_test_002784,commonsense,compassion,compassion,32,-361.14044189453125,mean_centered,/Users/manouchehrrimer/Desktop/BlueDot_Perona_Vector_Project/outputs/vector_construction/persona_vectors/compassion_layer32.npy,/Users/manouchehrrimer/Desktop/BlueDot_Perona_Vector_Project/outputs/ethics_projection/activations/commonsense_test_002784_layer32.npy
commonsense_test_002784,commonsense,compassion,honesty,40,-8667.1943359375,mean_centered,/Users/manouchehrrimer/Desktop/BlueDot_Perona_Vector_Project/outputs/vector_construction/persona_vectors/honesty_layer40.npy,/Users/manouchehrrimer/Desktop/BlueDot_Perona_Vector_Project/outputs/ethics_projection/activations/commonsense_test_002784_layer40.npy
commonsense_test_002784,commonsense,compassion,harmlessness,40,-311.9167785644531,mean_centered,/Users/manouchehrrimer/Desktop/BlueDot_Perona_Vector_Project/outputs/vector_construction/persona_vectors/harmlessness_layer40.npy,/Users/manouchehrrimer/Desktop/BlueDot_Perona_Vector_Project/outputs/ethics_projection/activations/commonsense_test_002784_layer40.npy
commonsense_test_002784,commonsense,compassion,fairness,40,-6554.39453125,mean_centered,/Users/manouchehrrimer/Desktop/BlueDot_Perona_Vector_Project/outputs/vector_construction/persona_vectors/fairness_layer40.npy,/Users/manouchehrrimer/Desktop/BlueDot_Perona_Vector_Project/outputs/ethics_projection/activations/commonsense_test_002784_layer40.npy
commonsense_test_002784,commonsense,compassion,compassion,40,517.529296875,mean_centered,/Users/manouchehrrimer/Desktop/BlueDot_Perona_Vector_Project/outputs/vector_construction/persona_vectors/compassion_layer40.npy,/Users/manouchehrrimer/Desktop/BlueDot_Perona_Vector_Project/outputs/ethics_projection/activations/commonsense_test_002784_layer40.npy
commonsense_test_002784,commonsense,compassion,honesty,47,-1801.7353515625,mean_centered,/Users/manouchehrrimer/Desktop/BlueDot_Perona_Vector_Project/outputs/vector_construction/persona_vectors/honesty_layer47.npy,/Users/manouchehrrimer/Desktop/BlueDot_Perona_Vector_Project/outputs/ethics_projection/activations/commonsense_test_002784_layer47.npy
commonsense_test_002784,commonsense,compassion,harmlessness,47,-1338.5650634765625,mean_centered,/Users/manouchehrrimer/Desktop/BlueDot_Perona_Vector_Project/outputs/vector_construction/persona_vectors/harmlessness_layer47.npy,/Users/manouchehrrimer/Desktop/BlueDot_Perona_Vector_Project/outputs/ethics_projection/activations/commonsense_test_002784_layer47.npy
commonsense_test_002784,commonsense,compassion,fairness,47,-1192.110595703125,mean_centered,/Users/manouchehrrimer/Desktop/BlueDot_Perona_Vector_Project/outputs/vector_construction/persona_vectors/fairness_layer47.npy,/Users/manouchehrrimer/Desktop/BlueDot_Perona_Vector_Project/outputs/ethics_projection/activations/commonsense_test_002784_layer47.npy
commonsense_test_002784,commonsense,compassion,compassion,47,426.1715087890625,mean_centered,/Users/manouchehrrimer/Desktop/BlueDot_Perona_Vector_Project/outputs/vector_construction/persona_vectors/compassion_layer47.npy,/Users/manouchehrrimer/Desktop/BlueDot_Perona_Vector_Project/outputs/ethics_projection/activations/commonsense_test_002784_layer47.npy
commonsense_test_002867,commonsense,fairness,honesty,32,-2828.701171875,mean_centered,/Users/manouchehrrimer/Desktop/BlueDot_Perona_Vector_Project/outputs/vector_construction/persona_vectors/honesty_layer32.npy,/Users/manouchehrrimer/Desktop/BlueDot_Perona_Vector_Project/outputs/ethics_projection/activations/commonsense_test_002867_layer32.npy
commonsense_test_002867,commonsense,fairness,harmlessness,32,2495.90673828125,mean_centered,/Users/manouchehrrimer/Desktop/BlueDot_Perona_Vector_Project/outputs/vector_construction/persona_vectors/harmlessness_layer32.npy,/Users/manouchehrrimer/Desktop/BlueDot_Perona_Vector_Project/outputs/ethics_projection/activations/commonsense_test_002867_layer32.npy
commonsense_test_002867,commonsense,fairness,fairness,32,-2855.961181640625,mean_centered,/Users/manouchehrrimer/Desktop/BlueDot_Perona_Vector_Project/outputs/vector_construction/persona_vectors/fairness_layer32.npy,/Users/manouchehrrimer/Desktop/BlueDot_Perona_Vector_Project/outputs/ethics_projection/activations/commonsense_test_002867_layer32.npy
commonsense_test_002867,commonsense,fairness,compassion,32,-1168.919921875,mean_centered,/Users/manouchehrrimer/Desktop/BlueDot_Perona_Vector_Project/outputs/vector_construction/persona_vectors/compassion_layer32.npy,/Users/manouchehrrimer/Desktop/BlueDot_Perona_Vector_Project/outputs/ethics_projection/activations/commonsense_test_002867_layer32.npy
commonsense_test_002867,commonsense,fairness,honesty,40,-11878.736328125,mean_centered,/Users/manouchehrrimer/Desktop/BlueDot_Perona_Vector_Project/outputs/vector_construction/persona_vectors/honesty_layer40.npy,/Users/manouchehrrimer/Desktop/BlueDot_Perona_Vector_Project/outputs/ethics_projection/activations/commonsense_test_002867_layer40.npy
commonsense_test_002867,commonsense,fairness,harmlessness,40,-607.8093872070312,mean_centered,/Users/manouchehrrimer/Desktop/BlueDot_Perona_Vector_Project/outputs/vector_construction/persona_vectors/harmlessness_layer40.npy,/Users/manouchehrrimer/Desktop/BlueDot_Perona_Vector_Project/outputs/ethics_projection/activations/commonsense_test_002867_layer40.npy
commonsense_test_002867,commonsense,fairness,fairness,40,-8710.6220703125,mean_centered,/Users/manouchehrrimer/Desktop/BlueDot_Perona_Vector_Project/outputs/vector_construction/persona_vectors/fairness_layer40.npy,/Users/manouchehrrimer/Desktop/BlueDot_Perona_Vector_Project/outputs/ethics_projection/activations/commonsense_test_002867_layer40.npy
commonsense_test_002867,commonsense,fairness,compassion,40,727.13427734375,mean_centered,/Users/manouchehrrimer/Desktop/BlueDot_Perona_Vector_Project/outputs/vector_construction/persona_vectors/compassion_layer40.npy,/Users/manouchehrrimer/Desktop/BlueDot_Perona_Vector_Project/outputs/ethics_projection/activations/commonsense_test_002867_layer40.npy
commonsense_test_002867,commonsense,fairness,honesty,47,-5936.3427734375,mean_centered,/Users/manouchehrrimer/Desktop/BlueDot_Perona_Vector_Project/outputs/vector_construction/persona_vectors/honesty_layer47.npy,/Users/manouchehrrimer/Desktop/BlueDot_Perona_Vector_Project/outputs/ethics_projection/activations/commonsense_test_002867_layer47.npy
commonsense_test_002867,commonsense,fairness,harmlessness,47,-6342.79931640625,mean_centered,/Users/manouchehrrimer/Desktop/BlueDot_Perona_Vector_Project/outputs/vector_construction/persona_vectors/harmlessness_layer47.npy,/Users/manouchehrrimer/Desktop/BlueDot_Perona_Vector_Project/outputs/ethics_projection/activations/commonsense_test_002867_layer47.npy
commonsense_test_002867,commonsense,fairness,fairness,47,-3303.882568359375,mean_centered,/Users/manouchehrrimer/Desktop/BlueDot_Perona_Vector_Project/outputs/vector_construction/persona_vectors/fairness_layer47.npy,/Users/manouchehrrimer/Desktop/BlueDot_Perona_Vector_Project/outputs/ethics_projection/activations/commonsense_test_002867_layer47.npy
commonsense_test_002867,commonsense,fairness,compassion,47,-1424.302490234375,mean_centered,/Users/manouchehrrimer/Desktop/BlueDot_Perona_Vector_Project/outputs/vector_construction/persona_vectors/compassion_layer47.npy,/Users/manouchehrrimer/Desktop/BlueDot_Perona_Vector_Project/outputs/ethics_projection/activations/commonsense_test_002867_layer47.npy
commonsense_test_002966,commonsense,compassion,honesty,32,-1214.9151611328125,mean_centered,/Users/manouchehrrimer/Desktop/BlueDot_Perona_Vector_Project/outputs/vector_construction/persona_vectors/honesty_layer32.npy,/Users/manouchehrrimer/Desktop/BlueDot_Perona_Vector_Project/outputs/ethics_projection/activations/commonsense_test_002966_layer32.npy
commonsense_test_002966,commonsense,compassion,harmlessness,32,1998.989013671875,mean_centered,/Users/manouchehrrimer/Desktop/BlueDot_Perona_Vector_Project/outputs/vector_construction/persona_vectors/harmlessness_layer32.npy,/Users/manouchehrrimer/Desktop/BlueDot_Perona_Vector_Project/outputs/ethics_projection/activations/commonsense_test_002966_layer32.npy
commonsense_test_002966,commonsense,compassion,fairness,32,-1960.6337890625,mean_centered,/Users/manouchehrrimer/Desktop/BlueDot_Perona_Vector_Project/outputs/vector_construction/persona_vectors/fairness_layer32.npy,/Users/manouchehrrimer/Desktop/BlueDot_Perona_Vector_Project/outputs/ethics_projection/activations/commonsense_test_002966_layer32.npy
commonsense_test_002966,commonsense,compassion,compassion,32,-921.821533203125,mean_centered,/Users/manouchehrrimer/Desktop/BlueDot_Perona_Vector_Project/outputs/vector_construction/persona_vectors/compassion_layer32.npy,/Users/manouchehrrimer/Desktop/BlueDot_Perona_Vector_Project/outputs/ethics_projection/activations/commonsense_test_002966_layer32.npy
commonsense_test_002966,commonsense,compassion,honesty,40,-7871.25537109375,mean_centered,/Users/manouchehrrimer/Desktop/BlueDot_Perona_Vector_Project/outputs/vector_construction/persona_vectors/honesty_layer40.npy,/Users/manouchehrrimer/Desktop/BlueDot_Perona_Vector_Project/outputs/ethics_projection/activations/commonsense_test_002966_layer40.npy
commonsense_test_002966,commonsense,compassion,harmlessness,40,82.46015930175781,mean_centered,/Users/manouchehrrimer/Desktop/BlueDot_Perona_Vector_Project/outputs/vector_construction/persona_vectors/harmlessness_layer40.npy,/Users/manouchehrrimer/Desktop/BlueDot_Perona_Vector_Project/outputs/ethics_projection/activations/commonsense_test_002966_layer40.npy
commonsense_test_002966,commonsense,compassion,fairness,40,-6323.56640625,mean_centered,/Users/manouchehrrimer/Desktop/BlueDot_Perona_Vector_Project/outputs/vector_construction/persona_vectors/fairness_layer40.npy,/Users/manouchehrrimer/Desktop/BlueDot_Perona_Vector_Project/outputs/ethics_projection/activations/commonsense_test_002966_layer40.npy
commonsense_test_002966,commonsense,compassion,compassion,40,341.56097412109375,mean_centered,/Users/manouchehrrimer/Desktop/BlueDot_Perona_Vector_Project/outputs/vector_construction/persona_vectors/compassion_layer40.npy,/Users/manouchehrrimer/Desktop/BlueDot_Perona_Vector_Project/outputs/ethics_projection/activations/commonsense_test_002966_layer40.npy
commonsense_test_002966,commonsense,compassion,honesty,47,-3947.650390625,mean_centered,/Users/manouchehrrimer/Desktop/BlueDot_Perona_Vector_Project/outputs/vector_construction/persona_vectors/honesty_layer47.npy,/Users/manouchehrrimer/Desktop/BlueDot_Perona_Vector_Project/outputs/ethics_projection/activations/commonsense_test_002966_layer47.npy
commonsense_test_002966,commonsense,compassion,harmlessness,47,-4815.0263671875,mean_centered,/Users/manouchehrrimer/Desktop/BlueDot_Perona_Vector_Project/outputs/vector_construction/persona_vectors/harmlessness_layer47.npy,/Users/manouchehrrimer/Desktop/BlueDot_Perona_Vector_Project/outputs/ethics_projection/activations/commonsense_test_002966_layer47.npy
commonsense_test_002966,commonsense,compassion,fairness,47,-2907.23828125,mean_centered,/Users/manouchehrrimer/Desktop/BlueDot_Perona_Vector_Project/outputs/vector_construction/persona_vectors/fairness_layer47.npy,/Users/manouchehrrimer/Desktop/BlueDot_Perona_Vector_Project/outputs/ethics_projection/activations/commonsense_test_002966_layer47.npy
commonsense_test_002966,commonsense,compassion,compassion,47,-2366.95361328125,mean_centered,/Users/manouchehrrimer/Desktop/BlueDot_Perona_Vector_Project/outputs/vector_construction/persona_vectors/compassion_layer47.npy,/Users/manouchehrrimer/Desktop/BlueDot_Perona_Vector_Project/outputs/ethics_projection/activations/commonsense_test_002966_layer47.npy
commonsense_test_002969,commonsense,honesty,honesty,32,834.67236328125,mean_centered,/Users/manouchehrrimer/Desktop/BlueDot_Perona_Vector_Project/outputs/vector_construction/persona_vectors/honesty_layer32.npy,/Users/manouchehrrimer/Desktop/BlueDot_Perona_Vector_Project/outputs/ethics_projection/activations/commonsense_test_002969_layer32.npy
commonsense_test_002969,commonsense,honesty,harmlessness,32,-1122.344482421875,mean_centered,/Users/manouchehrrimer/Desktop/BlueDot_Perona_Vector_Project/outputs/vector_construction/persona_vectors/harmlessness_layer32.npy,/Users/manouchehrrimer/Desktop/BlueDot_Perona_Vector_Project/outputs/ethics_projection/activations/commonsense_test_002969_layer32.npy
commonsense_test_002969,commonsense,honesty,fairness,32,415.33978271484375,mean_centered,/Users/manouchehrrimer/Desktop/BlueDot_Perona_Vector_Project/outputs/vector_construction/persona_vectors/fairness_layer32.npy,/Users/manouchehrrimer/Desktop/BlueDot_Perona_Vector_Project/outputs/ethics_projection/activations/commonsense_test_002969_layer32.npy
commonsense_test_002969,commonsense,honesty,compassion,32,1219.3123779296875,mean_centered,/Users/manouchehrrimer/Desktop/BlueDot_Perona_Vector_Project/outputs/vector_construction/persona_vectors/compassion_layer32.npy,/Users/manouchehrrimer/Desktop/BlueDot_Perona_Vector_Project/outputs/ethics_projection/activations/commonsense_test_002969_layer32.npy
commonsense_test_002969,commonsense,honesty,honesty,40,-243.18685913085938,mean_centered,/Users/manouchehrrimer/Desktop/BlueDot_Perona_Vector_Project/outputs/vector_construction/persona_vectors/honesty_layer40.npy,/Users/manouchehrrimer/Desktop/BlueDot_Perona_Vector_Project/outputs/ethics_projection/activations/commonsense_test_002969_layer40.npy
commonsense_test_002969,commonsense,honesty,harmlessness,40,-650.377197265625,mean_centered,/Users/manouchehrrimer/Desktop/BlueDot_Perona_Vector_Project/outputs/vector_construction/persona_vectors/harmlessness_layer40.npy,/Users/manouchehrrimer/Desktop/BlueDot_Perona_Vector_Project/outputs/ethics_projection/activations/commonsense_test_002969_layer40.npy
commonsense_test_002969,commonsense,honesty,fairness,40,-832.87744140625,mean_centered,/Users/manouchehrrimer/Desktop/BlueDot_Perona_Vector_Project/outputs/vector_construction/persona_vectors/fairness_layer40.npy,/Users/manouchehrrimer/Desktop/BlueDot_Perona_Vector_Project/outputs/ethics_projection/activations/commonsense_test_002969_layer40.npy
commonsense_test_002969,commonsense,honesty,compassion,40,647.37548828125,mean_centered,/Users/manouchehrrimer/Desktop/BlueDot_Perona_Vector_Project/outputs/vector_construction/persona_vectors/compassion_layer40.npy,/Users/manouchehrrimer/Desktop/BlueDot_Perona_Vector_Project/outputs/ethics_projection/activations/commonsense_test_002969_layer40.npy
commonsense_test_002969,commonsense,honesty,honesty,47,-1982.621826171875,mean_centered,/Users/manouchehrrimer/Desktop/BlueDot_Perona_Vector_Project/outputs/vector_construction/persona_vectors/honesty_layer47.npy,/Users/manouchehrrimer/Desktop/BlueDot_Perona_Vector_Project/outputs/ethics_projection/activations/commonsense_test_002969_layer47.npy
commonsense_test_002969,commonsense,honesty,harmlessness,47,-3413.694091796875,mean_centered,/Users/manouchehrrimer/Desktop/BlueDot_Perona_Vector_Project/outputs/vector_construction/persona_vectors/harmlessness_layer47.npy,/Users/manouchehrrimer/Desktop/BlueDot_Perona_Vector_Project/outputs/ethics_projection/activations/commonsense_test_002969_layer47.npy
commonsense_test_002969,commonsense,honesty,fairness,47,-867.869384765625,mean_centered,/Users/manouchehrrimer/Desktop/BlueDot_Perona_Vector_Project/outputs/vector_construction/persona_vectors/fairness_layer47.npy,/Users/manouchehrrimer/Desktop/BlueDot_Perona_Vector_Project/outputs/ethics_projection/activations/commonsense_test_002969_layer47.npy
commonsense_test_002969,commonsense,honesty,compassion,47,-993.3103637695312,mean_centered,/Users/manouchehrrimer/Desktop/BlueDot_Perona_Vector_Project/outputs/vector_construction/persona_vectors/compassion_layer47.npy,/Users/manouchehrrimer/Desktop/BlueDot_Perona_Vector_Project/outputs/ethics_projection/activations/commonsense_test_002969_layer47.npy
commonsense_test_002972,commonsense,honesty,honesty,32,-159.29629516601562,mean_centered,/Users/manouchehrrimer/Desktop/BlueDot_Perona_Vector_Project/outputs/vector_construction/persona_vectors/honesty_layer32.npy,/Users/manouchehrrimer/Desktop/BlueDot_Perona_Vector_Project/outputs/ethics_projection/activations/commonsense_test_002972_layer32.npy
commonsense_test_002972,commonsense,honesty,harmlessness,32,73.02888488769531,mean_centered,/Users/manouchehrrimer/Desktop/BlueDot_Perona_Vector_Project/outputs/vector_construction/persona_vectors/harmlessness_layer32.npy,/Users/manouchehrrimer/Desktop/BlueDot_Perona_Vector_Project/outputs/ethics_projection/activations/commonsense_test_002972_layer32.npy
commonsense_test_002972,commonsense,honesty,fairness,32,-676.804931640625,mean_centered,/Users/manouchehrrimer/Desktop/BlueDot_Perona_Vector_Project/outputs/vector_construction/persona_vectors/fairness_layer32.npy,/Users/manouchehrrimer/Desktop/BlueDot_Perona_Vector_Project/outputs/ethics_projection/activations/commonsense_test_002972_layer32.npy
commonsense_test_002972,commonsense,honesty,compassion,32,661.96337890625,mean_centered,/Users/manouchehrrimer/Desktop/BlueDot_Perona_Vector_Project/outputs/vector_construction/persona_vectors/compassion_layer32.npy,/Users/manouchehrrimer/Desktop/BlueDot_Perona_Vector_Project/outputs/ethics_projection/activations/commonsense_test_002972_layer32.npy
commonsense_test_002972,commonsense,honesty,honesty,40,-2890.607177734375,mean_centered,/Users/manouchehrrimer/Desktop/BlueDot_Perona_Vector_Project/outputs/vector_construction/persona_vectors/honesty_layer40.npy,/Users/manouchehrrimer/Desktop/BlueDot_Perona_Vector_Project/outputs/ethics_projection/activations/commonsense_test_002972_layer40.npy
commonsense_test_002972,commonsense,honesty,harmlessness,40,-329.97113037109375,mean_centered,/Users/manouchehrrimer/Desktop/BlueDot_Perona_Vector_Project/outputs/vector_construction/persona_vectors/harmlessness_layer40.npy,/Users/manouchehrrimer/Desktop/BlueDot_Perona_Vector_Project/outputs/ethics_projection/activations/commonsense_test_002972_layer40.npy
commonsense_test_002972,commonsense,honesty,fairness,40,-2924.862060546875,mean_centered,/Users/manouchehrrimer/Desktop/BlueDot_Perona_Vector_Project/outputs/vector_construction/persona_vectors/fairness_layer40.npy,/Users/manouchehrrimer/Desktop/BlueDot_Perona_Vector_Project/outputs/ethics_projection/activations/commonsense_test_002972_layer40.npy
commonsense_test_002972,commonsense,honesty,compassion,40,771.638671875,mean_centered,/Users/manouchehrrimer/Desktop/BlueDot_Perona_Vector_Project/outputs/vector_construction/persona_vectors/compassion_layer40.npy,/Users/manouchehrrimer/Desktop/BlueDot_Perona_Vector_Project/outputs/ethics_projection/activations/commonsense_test_002972_layer40.npy
commonsense_test_002972,commonsense,honesty,honesty,47,-1101.90283203125,mean_centered,/Users/manouchehrrimer/Desktop/BlueDot_Perona_Vector_Project/outputs/vector_construction/persona_vectors/honesty_layer47.npy,/Users/manouchehrrimer/Desktop/BlueDot_Perona_Vector_Project/outputs/ethics_projection/activations/commonsense_test_002972_layer47.npy
commonsense_test_002972,commonsense,honesty,harmlessness,47,-1995.35546875,mean_centered,/Users/manouchehrrimer/Desktop/BlueDot_Perona_Vector_Project/outputs/vector_construction/persona_vectors/harmlessness_layer47.npy,/Users/manouchehrrimer/Desktop/BlueDot_Perona_Vector_Project/outputs/ethics_projection/activations/commonsense_test_002972_layer47.npy
commonsense_test_002972,commonsense,honesty,fairness,47,-1422.3509521484375,mean_centered,/Users/manouchehrrimer/Desktop/BlueDot_Perona_Vector_Project/outputs/vector_construction/persona_vectors/fairness_layer47.npy,/Users/manouchehrrimer/Desktop/BlueDot_Perona_Vector_Project/outputs/ethics_projection/activations/commonsense_test_002972_layer47.npy
commonsense_test_002972,commonsense,honesty,compassion,47,-747.1859741210938,mean_centered,/Users/manouchehrrimer/Desktop/BlueDot_Perona_Vector_Project/outputs/vector_construction/persona_vectors/compassion_layer47.npy,/Users/manouchehrrimer/Desktop/BlueDot_Perona_Vector_Project/outputs/ethics_projection/activations/commonsense_test_002972_layer47.npy
commonsense_test_002988,commonsense,harmlessness,honesty,32,-29.15802001953125,mean_centered,/Users/manouchehrrimer/Desktop/BlueDot_Perona_Vector_Project/outputs/vector_construction/persona_vectors/honesty_layer32.npy,/Users/manouchehrrimer/Desktop/BlueDot_Perona_Vector_Project/outputs/ethics_projection/activations/commonsense_test_002988_layer32.npy
commonsense_test_002988,commonsense,harmlessness,harmlessness,32,-143.0157012939453,mean_centered,/Users/manouchehrrimer/Desktop/BlueDot_Perona_Vector_Project/outputs/vector_construction/persona_vectors/harmlessness_layer32.npy,/Users/manouchehrrimer/Desktop/BlueDot_Perona_Vector_Project/outputs/ethics_projection/activations/commonsense_test_002988_layer32.npy
commonsense_test_002988,commonsense,harmlessness,fairness,32,-614.8731689453125,mean_centered,/Users/manouchehrrimer/Desktop/BlueDot_Perona_Vector_Project/outputs/vector_construction/persona_vectors/fairness_layer32.npy,/Users/manouchehrrimer/Desktop/BlueDot_Perona_Vector_Project/outputs/ethics_projection/activations/commonsense_test_002988_layer32.npy
commonsense_test_002988,commonsense,harmlessness,compassion,32,78.62026977539062,mean_centered,/Users/manouchehrrimer/Desktop/BlueDot_Perona_Vector_Project/outputs/vector_construction/persona_vectors/compassion_layer32.npy,/Users/manouchehrrimer/Desktop/BlueDot_Perona_Vector_Project/outputs/ethics_projection/activations/commonsense_test_002988_layer32.npy
commonsense_test_002988,commonsense,harmlessness,honesty,40,-6501.43359375,mean_centered,/Users/manouchehrrimer/Desktop/BlueDot_Perona_Vector_Project/outputs/vector_construction/persona_vectors/honesty_layer40.npy,/Users/manouchehrrimer/Desktop/BlueDot_Perona_Vector_Project/outputs/ethics_projection/activations/commonsense_test_002988_layer40.npy
commonsense_test_002988,commonsense,harmlessness,harmlessness,40,-565.4699096679688,mean_centered,/Users/manouchehrrimer/Desktop/BlueDot_Perona_Vector_Project/outputs/vector_construction/persona_vectors/harmlessness_layer40.npy,/Users/manouchehrrimer/Desktop/BlueDot_Perona_Vector_Project/outputs/ethics_projection/activations/commonsense_test_002988_layer40.npy
commonsense_test_002988,commonsense,harmlessness,fairness,40,-5193.43603515625,mean_centered,/Users/manouchehrrimer/Desktop/BlueDot_Perona_Vector_Project/outputs/vector_construction/persona_vectors/fairness_layer40.npy,/Users/manouchehrrimer/Desktop/BlueDot_Perona_Vector_Project/outputs/ethics_projection/activations/commonsense_test_002988_layer40.npy
commonsense_test_002988,commonsense,harmlessness,compassion,40,231.2073974609375,mean_centered,/Users/manouchehrrimer/Desktop/BlueDot_Perona_Vector_Project/outputs/vector_construction/persona_vectors/compassion_layer40.npy,/Users/manouchehrrimer/Desktop/BlueDot_Perona_Vector_Project/outputs/ethics_projection/activations/commonsense_test_002988_layer40.npy
commonsense_test_002988,commonsense,harmlessness,honesty,47,-5343.07861328125,mean_centered,/Users/manouchehrrimer/Desktop/BlueDot_Perona_Vector_Project/outputs/vector_construction/persona_vectors/honesty_layer47.npy,/Users/manouchehrrimer/Desktop/BlueDot_Perona_Vector_Project/outputs/ethics_projection/activations/commonsense_test_002988_layer47.npy
commonsense_test_002988,commonsense,harmlessness,harmlessness,47,-7364.21630859375,mean_centered,/Users/manouchehrrimer/Desktop/BlueDot_Perona_Vector_Project/outputs/vector_construction/persona_vectors/harmlessness_layer47.npy,/Users/manouchehrrimer/Desktop/BlueDot_Perona_Vector_Project/outputs/ethics_projection/activations/commonsense_test_002988_layer47.npy
commonsense_test_002988,commonsense,harmlessness,fairness,47,-3273.3349609375,mean_centered,/Users/manouchehrrimer/Desktop/BlueDot_Perona_Vector_Project/outputs/vector_construction/persona_vectors/fairness_layer47.npy,/Users/manouchehrrimer/Desktop/BlueDot_Perona_Vector_Project/outputs/ethics_projection/activations/commonsense_test_002988_layer47.npy
commonsense_test_002988,commonsense,harmlessness,compassion,47,-3109.76513671875,mean_centered,/Users/manouchehrrimer/Desktop/BlueDot_Perona_Vector_Project/outputs/vector_construction/persona_vectors/compassion_layer47.npy,/Users/manouchehrrimer/Desktop/BlueDot_Perona_Vector_Project/outputs/ethics_projection/activations/commonsense_test_002988_layer47.npy
commonsense_test_003024,commonsense,compassion,honesty,32,-285.72686767578125,mean_centered,/Users/manouchehrrimer/Desktop/BlueDot_Perona_Vector_Project/outputs/vector_construction/persona_vectors/honesty_layer32.npy,/Users/manouchehrrimer/Desktop/BlueDot_Perona_Vector_Project/outputs/ethics_projection/activations/commonsense_test_003024_layer32.npy
commonsense_test_003024,commonsense,compassion,harmlessness,32,80.2255859375,mean_centered,/Users/manouchehrrimer/Desktop/BlueDot_Perona_Vector_Project/outputs/vector_construction/persona_vectors/harmlessness_layer32.npy,/Users/manouchehrrimer/Desktop/BlueDot_Perona_Vector_Project/outputs/ethics_projection/activations/commonsense_test_003024_layer32.npy
commonsense_test_003024,commonsense,compassion,fairness,32,-1077.078857421875,mean_centered,/Users/manouchehrrimer/Desktop/BlueDot_Perona_Vector_Project/outputs/vector_construction/persona_vectors/fairness_layer32.npy,/Users/manouchehrrimer/Desktop/BlueDot_Perona_Vector_Project/outputs/ethics_projection/activations/commonsense_test_003024_layer32.npy
commonsense_test_003024,commonsense,compassion,compassion,32,-185.12094116210938,mean_centered,/Users/manouchehrrimer/Desktop/BlueDot_Perona_Vector_Project/outputs/vector_construction/persona_vectors/compassion_layer32.npy,/Users/manouchehrrimer/Desktop/BlueDot_Perona_Vector_Project/outputs/ethics_projection/activations/commonsense_test_003024_layer32.npy
commonsense_test_003024,commonsense,compassion,honesty,40,-3245.3154296875,mean_centered,/Users/manouchehrrimer/Desktop/BlueDot_Perona_Vector_Project/outputs/vector_construction/persona_vectors/honesty_layer40.npy,/Users/manouchehrrimer/Desktop/BlueDot_Perona_Vector_Project/outputs/ethics_projection/activations/commonsense_test_003024_layer40.npy
commonsense_test_003024,commonsense,compassion,harmlessness,40,-980.25830078125,mean_centered,/Users/manouchehrrimer/Desktop/BlueDot_Perona_Vector_Project/outputs/vector_construction/persona_vectors/harmlessness_layer40.npy,/Users/manouchehrrimer/Desktop/BlueDot_Perona_Vector_Project/outputs/ethics_projection/activations/commonsense_test_003024_layer40.npy
commonsense_test_003024,commonsense,compassion,fairness,40,-3261.7177734375,mean_centered,/Users/manouchehrrimer/Desktop/BlueDot_Perona_Vector_Project/outputs/vector_construction/persona_vectors/fairness_layer40.npy,/Users/manouchehrrimer/Desktop/BlueDot_Perona_Vector_Project/outputs/ethics_projection/activations/commonsense_test_003024_layer40.npy
commonsense_test_003024,commonsense,compassion,compassion,40,42.227294921875,mean_centered,/Users/manouchehrrimer/Desktop/BlueDot_Perona_Vector_Project/outputs/vector_construction/persona_vectors/compassion_layer40.npy,/Users/manouchehrrimer/Desktop/BlueDot_Perona_Vector_Project/outputs/ethics_projection/activations/commonsense_test_003024_layer40.npy
commonsense_test_003024,commonsense,compassion,honesty,47,-697.981201171875,mean_centered,/Users/manouchehrrimer/Desktop/BlueDot_Perona_Vector_Project/outputs/vector_construction/persona_vectors/honesty_layer47.npy,/Users/manouchehrrimer/Desktop/BlueDot_Perona_Vector_Project/outputs/ethics_projection/activations/commonsense_test_003024_layer47.npy
commonsense_test_003024,commonsense,compassion,harmlessness,47,-1616.418701171875,mean_centered,/Users/manouchehrrimer/Desktop/BlueDot_Perona_Vector_Project/outputs/vector_construction/persona_vectors/harmlessness_layer47.npy,/Users/manouchehrrimer/Desktop/BlueDot_Perona_Vector_Project/outputs/ethics_projection/activations/commonsense_test_003024_layer47.npy
commonsense_test_003024,commonsense,compassion,fairness,47,-1897.3912353515625,mean_centered,/Users/manouchehrrimer/Desktop/BlueDot_Perona_Vector_Project/outputs/vector_construction/persona_vectors/fairness_layer47.npy,/Users/manouchehrrimer/Desktop/BlueDot_Perona_Vector_Project/outputs/ethics_projection/activations/commonsense_test_003024_layer47.npy
commonsense_test_003024,commonsense,compassion,compassion,47,-88.2884521484375,mean_centered,/Users/manouchehrrimer/Desktop/BlueDot_Perona_Vector_Project/outputs/vector_construction/persona_vectors/compassion_layer47.npy,/Users/manouchehrrimer/Desktop/BlueDot_Perona_Vector_Project/outputs/ethics_projection/activations/commonsense_test_003024_layer47.npy
commonsense_test_003083,commonsense,compassion,honesty,32,-162.2275390625,mean_centered,/Users/manouchehrrimer/Desktop/BlueDot_Perona_Vector_Project/outputs/vector_construction/persona_vectors/honesty_layer32.npy,/Users/manouchehrrimer/Desktop/BlueDot_Perona_Vector_Project/outputs/ethics_projection/activations/commonsense_test_003083_layer32.npy
commonsense_test_003083,commonsense,compassion,harmlessness,32,436.9047546386719,mean_centered,/Users/manouchehrrimer/Desktop/BlueDot_Perona_Vector_Project/outputs/vector_construction/persona_vectors/harmlessness_layer32.npy,/Users/manouchehrrimer/Desktop/BlueDot_Perona_Vector_Project/outputs/ethics_projection/activations/commonsense_test_003083_layer32.npy
commonsense_test_003083,commonsense,compassion,fairness,32,-1339.604248046875,mean_centered,/Users/manouchehrrimer/Desktop/BlueDot_Perona_Vector_Project/outputs/vector_construction/persona_vectors/fairness_layer32.npy,/Users/manouchehrrimer/Desktop/BlueDot_Perona_Vector_Project/outputs/ethics_projection/activations/commonsense_test_003083_layer32.npy
commonsense_test_003083,commonsense,compassion,compassion,32,-82.79986572265625,mean_centered,/Users/manouchehrrimer/Desktop/BlueDot_Perona_Vector_Project/outputs/vector_construction/persona_vectors/compassion_layer32.npy,/Users/manouchehrrimer/Desktop/BlueDot_Perona_Vector_Project/outputs/ethics_projection/activations/commonsense_test_003083_layer32.npy
commonsense_test_003083,commonsense,compassion,honesty,40,-1852.0052490234375,mean_centered,/Users/manouchehrrimer/Desktop/BlueDot_Perona_Vector_Project/outputs/vector_construction/persona_vectors/honesty_layer40.npy,/Users/manouchehrrimer/Desktop/BlueDot_Perona_Vector_Project/outputs/ethics_projection/activations/commonsense_test_003083_layer40.npy
commonsense_test_003083,commonsense,compassion,harmlessness,40,-279.663330078125,mean_centered,/Users/manouchehrrimer/Desktop/BlueDot_Perona_Vector_Project/outputs/vector_construction/persona_vectors/harmlessness_layer40.npy,/Users/manouchehrrimer/Desktop/BlueDot_Perona_Vector_Project/outputs/ethics_projection/activations/commonsense_test_003083_layer40.npy
commonsense_test_003083,commonsense,compassion,fairness,40,-2691.470703125,mean_centered,/Users/manouchehrrimer/Desktop/BlueDot_Perona_Vector_Project/outputs/vector_construction/persona_vectors/fairness_layer40.npy,/Users/manouchehrrimer/Desktop/BlueDot_Perona_Vector_Project/outputs/ethics_projection/activations/commonsense_test_003083_layer40.npy
commonsense_test_003083,commonsense,compassion,compassion,40,495.1411437988281,mean_centered,/Users/manouchehrrimer/Desktop/BlueDot_Perona_Vector_Project/outputs/vector_construction/persona_vectors/compassion_layer40.npy,/Users/manouchehrrimer/Desktop/BlueDot_Perona_Vector_Project/outputs/ethics_projection/activations/commonsense_test_003083_layer40.npy
commonsense_test_003083,commonsense,compassion,honesty,47,1146.527099609375,mean_centered,/Users/manouchehrrimer/Desktop/BlueDot_Perona_Vector_Project/outputs/vector_construction/persona_vectors/honesty_layer47.npy,/Users/manouchehrrimer/Desktop/BlueDot_Perona_Vector_Project/outputs/ethics_projection/activations/commonsense_test_003083_layer47.npy
commonsense_test_003083,commonsense,compassion,harmlessness,47,-124.60386657714844,mean_centered,/Users/manouchehrrimer/Desktop/BlueDot_Perona_Vector_Project/outputs/vector_construction/persona_vectors/harmlessness_layer47.npy,/Users/manouchehrrimer/Desktop/BlueDot_Perona_Vector_Project/outputs/ethics_projection/activations/commonsense_test_003083_layer47.npy
commonsense_test_003083,commonsense,compassion,fairness,47,-1696.3046875,mean_centered,/Users/manouchehrrimer/Desktop/BlueDot_Perona_Vector_Project/outputs/vector_construction/persona_vectors/fairness_layer47.npy,/Users/manouchehrrimer/Desktop/BlueDot_Perona_Vector_Project/outputs/ethics_projection/activations/commonsense_test_003083_layer47.npy
commonsense_test_003083,commonsense,compassion,compassion,47,462.9894104003906,mean_centered,/Users/manouchehrrimer/Desktop/BlueDot_Perona_Vector_Project/outputs/vector_construction/persona_vectors/compassion_layer47.npy,/Users/manouchehrrimer/Desktop/BlueDot_Perona_Vector_Project/outputs/ethics_projection/activations/commonsense_test_003083_layer47.npy
commonsense_test_003137,commonsense,compassion,honesty,32,-836.285400390625,mean_centered,/Users/manouchehrrimer/Desktop/BlueDot_Perona_Vector_Project/outputs/vector_construction/persona_vectors/honesty_layer32.npy,/Users/manouchehrrimer/Desktop/BlueDot_Perona_Vector_Project/outputs/ethics_projection/activations/commonsense_test_003137_layer32.npy
commonsense_test_003137,commonsense,compassion,harmlessness,32,1001.6603393554688,mean_centered,/Users/manouchehrrimer/Desktop/BlueDot_Perona_Vector_Project/outputs/vector_construction/persona_vectors/harmlessness_layer32.npy,/Users/manouchehrrimer/Desktop/BlueDot_Perona_Vector_Project/outputs/ethics_projection/activations/commonsense_test_003137_layer32.npy
commonsense_test_003137,commonsense,compassion,fairness,32,-1494.8533935546875,mean_centered,/Users/manouchehrrimer/Desktop/BlueDot_Perona_Vector_Project/outputs/vector_construction/persona_vectors/fairness_layer32.npy,/Users/manouchehrrimer/Desktop/BlueDot_Perona_Vector_Project/outputs/ethics_projection/activations/commonsense_test_003137_layer32.npy
commonsense_test_003137,commonsense,compassion,compassion,32,-458.3343200683594,mean_centered,/Users/manouchehrrimer/Desktop/BlueDot_Perona_Vector_Project/outputs/vector_construction/persona_vectors/compassion_layer32.npy,/Users/manouchehrrimer/Desktop/BlueDot_Perona_Vector_Project/outputs/ethics_projection/activations/commonsense_test_003137_layer32.npy
commonsense_test_003137,commonsense,compassion,honesty,40,-9224.4853515625,mean_centered,/Users/manouchehrrimer/Desktop/BlueDot_Perona_Vector_Project/outputs/vector_construction/persona_vectors/honesty_layer40.npy,/Users/manouchehrrimer/Desktop/BlueDot_Perona_Vector_Project/outputs/ethics_projection/activations/commonsense_test_003137_layer40.npy
commonsense_test_003137,commonsense,compassion,harmlessness,40,-318.94183349609375,mean_centered,/Users/manouchehrrimer/Desktop/BlueDot_Perona_Vector_Project/outputs/vector_construction/persona_vectors/harmlessness_layer40.npy,/Users/manouchehrrimer/Desktop/BlueDot_Perona_Vector_Project/outputs/ethics_projection/activations/commonsense_test_003137_layer40.npy
commonsense_test_003137,commonsense,compassion,fairness,40,-7359.7333984375,mean_centered,/Users/manouchehrrimer/Desktop/BlueDot_Perona_Vector_Project/outputs/vector_construction/persona_vectors/fairness_layer40.npy,/Users/manouchehrrimer/Desktop/BlueDot_Perona_Vector_Project/outputs/ethics_projection/activations/commonsense_test_003137_layer40.npy
commonsense_test_003137,commonsense,compassion,compassion,40,120.51568603515625,mean_centered,/Users/manouchehrrimer/Desktop/BlueDot_Perona_Vector_Project/outputs/vector_construction/persona_vectors/compassion_layer40.npy,/Users/manouchehrrimer/Desktop/BlueDot_Perona_Vector_Project/outputs/ethics_projection/activations/commonsense_test_003137_layer40.npy
commonsense_test_003137,commonsense,compassion,honesty,47,-5213.21044921875,mean_centered,/Users/manouchehrrimer/Desktop/BlueDot_Perona_Vector_Project/outputs/vector_construction/persona_vectors/honesty_layer47.npy,/Users/manouchehrrimer/Desktop/BlueDot_Perona_Vector_Project/outputs/ethics_projection/activations/commonsense_test_003137_layer47.npy
commonsense_test_003137,commonsense,compassion,harmlessness,47,-6919.3115234375,mean_centered,/Users/manouchehrrimer/Desktop/BlueDot_Perona_Vector_Project/outputs/vector_construction/persona_vectors/harmlessness_layer47.npy,/Users/manouchehrrimer/Desktop/BlueDot_Perona_Vector_Project/outputs/ethics_projection/activations/commonsense_test_003137_layer47.npy
commonsense_test_003137,commonsense,compassion,fairness,47,-3967.30322265625,mean_centered,/Users/manouchehrrimer/Desktop/BlueDot_Perona_Vector_Project/outputs/vector_construction/persona_vectors/fairness_layer47.npy,/Users/manouchehrrimer/Desktop/BlueDot_Perona_Vector_Project/outputs/ethics_projection/activations/commonsense_test_003137_layer47.npy
commonsense_test_003137,commonsense,compassion,compassion,47,-3035.951171875,mean_centered,/Users/manouchehrrimer/Desktop/BlueDot_Perona_Vector_Project/outputs/vector_construction/persona_vectors/compassion_layer47.npy,/Users/manouchehrrimer/Desktop/BlueDot_Perona_Vector_Project/outputs/ethics_projection/activations/commonsense_test_003137_layer47.npy
commonsense_test_003190,commonsense,honesty,honesty,32,508.223876953125,mean_centered,/Users/manouchehrrimer/Desktop/BlueDot_Perona_Vector_Project/outputs/vector_construction/persona_vectors/honesty_layer32.npy,/Users/manouchehrrimer/Desktop/BlueDot_Perona_Vector_Project/outputs/ethics_projection/activations/commonsense_test_003190_layer32.npy
commonsense_test_003190,commonsense,honesty,harmlessness,32,-414.1098327636719,mean_centered,/Users/manouchehrrimer/Desktop/BlueDot_Perona_Vector_Project/outputs/vector_construction/persona_vectors/harmlessness_layer32.npy,/Users/manouchehrrimer/Desktop/BlueDot_Perona_Vector_Project/outputs/ethics_projection/activations/commonsense_test_003190_layer32.npy
commonsense_test_003190,commonsense,honesty,fairness,32,-336.1404724121094,mean_centered,/Users/manouchehrrimer/Desktop/BlueDot_Perona_Vector_Project/outputs/vector_construction/persona_vectors/fairness_layer32.npy,/Users/manouchehrrimer/Desktop/BlueDot_Perona_Vector_Project/outputs/ethics_projection/activations/commonsense_test_003190_layer32.npy
commonsense_test_003190,commonsense,honesty,compassion,32,396.016845703125,mean_centered,/Users/manouchehrrimer/Desktop/BlueDot_Perona_Vector_Project/outputs/vector_construction/persona_vectors/compassion_layer32.npy,/Users/manouchehrrimer/Desktop/BlueDot_Perona_Vector_Project/outputs/ethics_projection/activations/commonsense_test_003190_layer32.npy
commonsense_test_003190,commonsense,honesty,honesty,40,1654.0374755859375,mean_centered,/Users/manouchehrrimer/Desktop/BlueDot_Perona_Vector_Project/outputs/vector_construction/persona_vectors/honesty_layer40.npy,/Users/manouchehrrimer/Desktop/BlueDot_Perona_Vector_Project/outputs/ethics_projection/activations/commonsense_test_003190_layer40.npy
commonsense_test_003190,commonsense,honesty,harmlessness,40,-19.767120361328125,mean_centered,/Users/manouchehrrimer/Desktop/BlueDot_Perona_Vector_Project/outputs/vector_construction/persona_vectors/harmlessness_layer40.npy,/Users/manouchehrrimer/Desktop/BlueDot_Perona_Vector_Project/outputs/ethics_projection/activations/commonsense_test_003190_layer40.npy
commonsense_test_003190,commonsense,honesty,fairness,40,228.1231689453125,mean_centered,/Users/manouchehrrimer/Desktop/BlueDot_Perona_Vector_Project/outputs/vector_construction/persona_vectors/fairness_layer40.npy,/Users/manouchehrrimer/Desktop/BlueDot_Perona_Vector_Project/outputs/ethics_projection/activations/commonsense_test_003190_layer40.npy
commonsense_test_003190,commonsense,honesty,compassion,40,256.74658203125,mean_centered,/Users/manouchehrrimer/Desktop/BlueDot_Perona_Vector_Project/outputs/vector_construction/persona_vectors/compassion_layer40.npy,/Users/manouchehrrimer/Desktop/BlueDot_Perona_Vector_Project/outputs/ethics_projection/activations/commonsense_test_003190_layer40.npy
commonsense_test_003190,commonsense,honesty,honesty,47,3979.98681640625,mean_centered,/Users/manouchehrrimer/Desktop/BlueDot_Perona_Vector_Project/outputs/vector_construction/persona_vectors/honesty_layer47.npy,/Users/manouchehrrimer/Desktop/BlueDot_Perona_Vector_Project/outputs/ethics_projection/activations/commonsense_test_003190_layer47.npy
commonsense_test_003190,commonsense,honesty,harmlessness,47,5623.947265625,mean_centered,/Users/manouchehrrimer/Desktop/BlueDot_Perona_Vector_Project/outputs/vector_construction/persona_vectors/harmlessness_layer47.npy,/Users/manouchehrrimer/Desktop/BlueDot_Perona_Vector_Project/outputs/ethics_projection/activations/commonsense_test_003190_layer47.npy
commonsense_test_003190,commonsense,honesty,fairness,47,-254.6663818359375,mean_centered,/Users/manouchehrrimer/Desktop/BlueDot_Perona_Vector_Project/outputs/vector_construction/persona_vectors/fairness_layer47.npy,/Users/manouchehrrimer/Desktop/BlueDot_Perona_Vector_Project/outputs/ethics_projection/activations/commonsense_test_003190_layer47.npy
commonsense_test_003190,commonsense,honesty,compassion,47,2483.28955078125,mean_centered,/Users/manouchehrrimer/Desktop/BlueDot_Perona_Vector_Project/outputs/vector_construction/persona_vectors/compassion_layer47.npy,/Users/manouchehrrimer/Desktop/BlueDot_Perona_Vector_Project/outputs/ethics_projection/activations/commonsense_test_003190_layer47.npy
commonsense_test_003273,commonsense,compassion,honesty,32,-889.5107421875,mean_centered,/Users/manouchehrrimer/Desktop/BlueDot_Perona_Vector_Project/outputs/vector_construction/persona_vectors/honesty_layer32.npy,/Users/manouchehrrimer/Desktop/BlueDot_Perona_Vector_Project/outputs/ethics_projection/activations/commonsense_test_003273_layer32.npy
commonsense_test_003273,commonsense,compassion,harmlessness,32,965.6015014648438,mean_centered,/Users/manouchehrrimer/Desktop/BlueDot_Perona_Vector_Project/outputs/vector_construction/persona_vectors/harmlessness_layer32.npy,/Users/manouchehrrimer/Desktop/BlueDot_Perona_Vector_Project/outputs/ethics_projection/activations/commonsense_test_003273_layer32.npy
commonsense_test_003273,commonsense,compassion,fairness,32,-1494.445068359375,mean_centered,/Users/manouchehrrimer/Desktop/BlueDot_Perona_Vector_Project/outputs/vector_construction/persona_vectors/fairness_layer32.npy,/Users/manouchehrrimer/Desktop/BlueDot_Perona_Vector_Project/outputs/ethics_projection/activations/commonsense_test_003273_layer32.npy
commonsense_test_003273,commonsense,compassion,compassion,32,-546.9532470703125,mean_centered,/Users/manouchehrrimer/Desktop/BlueDot_Perona_Vector_Project/outputs/vector_construction/persona_vectors/compassion_layer32.npy,/Users/manouchehrrimer/Desktop/BlueDot_Perona_Vector_Project/outputs/ethics_projection/activations/commonsense_test_003273_layer32.npy
commonsense_test_003273,commonsense,compassion,honesty,40,-9082.796875,mean_centered,/Users/manouchehrrimer/Desktop/BlueDot_Perona_Vector_Project/outputs/vector_construction/persona_vectors/honesty_layer40.npy,/Users/manouchehrrimer/Desktop/BlueDot_Perona_Vector_Project/outputs/ethics_projection/activations/commonsense_test_003273_layer40.npy
commonsense_test_003273,commonsense,compassion,harmlessness,40,-611.5693359375,mean_centered,/Users/manouchehrrimer/Desktop/BlueDot_Perona_Vector_Project/outputs/vector_construction/persona_vectors/harmlessness_layer40.npy,/Users/manouchehrrimer/Desktop/BlueDot_Perona_Vector_Project/outputs/ethics_projection/activations/commonsense_test_003273_layer40.npy
commonsense_test_003273,commonsense,compassion,fairness,40,-7386.58203125,mean_centered,/Users/manouchehrrimer/Desktop/BlueDot_Perona_Vector_Project/outputs/vector_construction/persona_vectors/fairness_layer40.npy,/Users/manouchehrrimer/Desktop/BlueDot_Perona_Vector_Project/outputs/ethics_projection/activations/commonsense_test_003273_layer40.npy
commonsense_test_003273,commonsense,compassion,compassion,40,214.69110107421875,mean_centered,/Users/manouchehrrimer/Desktop/BlueDot_Perona_Vector_Project/outputs/vector_construction/persona_vectors/compassion_layer40.npy,/Users/manouchehrrimer/Desktop/BlueDot_Perona_Vector_Project/outputs/ethics_projection/activations/commonsense_test_003273_layer40.npy
commonsense_test_003273,commonsense,compassion,honesty,47,-4366.0146484375,mean_centered,/Users/manouchehrrimer/Desktop/BlueDot_Perona_Vector_Project/outputs/vector_construction/persona_vectors/honesty_layer47.npy,/Users/manouchehrrimer/Desktop/BlueDot_Perona_Vector_Project/outputs/ethics_projection/activations/commonsense_test_003273_layer47.npy
commonsense_test_003273,commonsense,compassion,harmlessness,47,-5319.92626953125,mean_centered,/Users/manouchehrrimer/Desktop/BlueDot_Perona_Vector_Project/outputs/vector_construction/persona_vectors/harmlessness_layer47.npy,/Users/manouchehrrimer/Desktop/BlueDot_Perona_Vector_Project/outputs/ethics_projection/activations/commonsense_test_003273_layer47.npy
commonsense_test_003273,commonsense,compassion,fairness,47,-2648.99853515625,mean_centered,/Users/manouchehrrimer/Desktop/BlueDot_Perona_Vector_Project/outputs/vector_construction/persona_vectors/fairness_layer47.npy,/Users/manouchehrrimer/Desktop/BlueDot_Perona_Vector_Project/outputs/ethics_projection/activations/commonsense_test_003273_layer47.npy
commonsense_test_003273,commonsense,compassion,compassion,47,-1231.7474365234375,mean_centered,/Users/manouchehrrimer/Desktop/BlueDot_Perona_Vector_Project/outputs/vector_construction/persona_vectors/compassion_layer47.npy,/Users/manouchehrrimer/Desktop/BlueDot_Perona_Vector_Project/outputs/ethics_projection/activations/commonsense_test_003273_layer47.npy
commonsense_test_003315,commonsense,honesty,honesty,32,-569.5614013671875,mean_centered,/Users/manouchehrrimer/Desktop/BlueDot_Perona_Vector_Project/outputs/vector_construction/persona_vectors/honesty_layer32.npy,/Users/manouchehrrimer/Desktop/BlueDot_Perona_Vector_Project/outputs/ethics_projection/activations/commonsense_test_003315_layer32.npy
commonsense_test_003315,commonsense,honesty,harmlessness,32,950.8970947265625,mean_centered,/Users/manouchehrrimer/Desktop/BlueDot_Perona_Vector_Project/outputs/vector_construction/persona_vectors/harmlessness_layer32.npy,/Users/manouchehrrimer/Desktop/BlueDot_Perona_Vector_Project/outputs/ethics_projection/activations/commonsense_test_003315_layer32.npy
commonsense_test_003315,commonsense,honesty,fairness,32,-1287.864501953125,mean_centered,/Users/manouchehrrimer/Desktop/BlueDot_Perona_Vector_Project/outputs/vector_construction/persona_vectors/fairness_layer32.npy,/Users/manouchehrrimer/Desktop/BlueDot_Perona_Vector_Project/outputs/ethics_projection/activations/commonsense_test_003315_layer32.npy
commonsense_test_003315,commonsense,honesty,compassion,32,-232.06582641601562,mean_centered,/Users/manouchehrrimer/Desktop/BlueDot_Perona_Vector_Project/outputs/vector_construction/persona_vectors/compassion_layer32.npy,/Users/manouchehrrimer/Desktop/BlueDot_Perona_Vector_Project/outputs/ethics_projection/activations/commonsense_test_003315_layer32.npy
commonsense_test_003315,commonsense,honesty,honesty,40,-1449.664306640625,mean_centered,/Users/manouchehrrimer/Desktop/BlueDot_Perona_Vector_Project/outputs/vector_construction/persona_vectors/honesty_layer40.npy,/Users/manouchehrrimer/Desktop/BlueDot_Perona_Vector_Project/outputs/ethics_projection/activations/commonsense_test_003315_layer40.npy
commonsense_test_003315,commonsense,honesty,harmlessness,40,106.12291717529297,mean_centered,/Users/manouchehrrimer/Desktop/BlueDot_Perona_Vector_Project/outputs/vector_construction/persona_vectors/harmlessness_layer40.npy,/Users/manouchehrrimer/Desktop/BlueDot_Perona_Vector_Project/outputs/ethics_projection/activations/commonsense_test_003315_layer40.npy
commonsense_test_003315,commonsense,honesty,fairness,40,-1853.593994140625,mean_centered,/Users/manouchehrrimer/Desktop/BlueDot_Perona_Vector_Project/outputs/vector_construction/persona_vectors/fairness_layer40.npy,/Users/manouchehrrimer/Desktop/BlueDot_Perona_Vector_Project/outputs/ethics_projection/activations/commonsense_test_003315_layer40.npy
commonsense_test_003315,commonsense,honesty,compassion,40,450.89007568359375,mean_centered,/Users/manouchehrrimer/Desktop/BlueDot_Perona_Vector_Project/outputs/vector_construction/persona_vectors/compassion_layer40.npy,/Users/manouchehrrimer/Desktop/BlueDot_Perona_Vector_Project/outputs/ethics_projection/activations/commonsense_test_003315_layer40.npy
commonsense_test_003315,commonsense,honesty,honesty,47,-2366.380126953125,mean_centered,/Users/manouchehrrimer/Desktop/BlueDot_Perona_Vector_Project/outputs/vector_construction/persona_vectors/honesty_layer47.npy,/Users/manouchehrrimer/Desktop/BlueDot_Perona_Vector_Project/outputs/ethics_projection/activations/commonsense_test_003315_layer47.npy
commonsense_test_003315,commonsense,honesty,harmlessness,47,-3462.160400390625,mean_centered,/Users/manouchehrrimer/Desktop/BlueDot_Perona_Vector_Project/outputs/vector_construction/persona_vectors/harmlessness_layer47.npy,/Users/manouchehrrimer/Desktop/BlueDot_Perona_Vector_Project/outputs/ethics_projection/activations/commonsense_test_003315_layer47.npy
commonsense_test_003315,commonsense,honesty,fairness,47,-2878.5380859375,mean_centered,/Users/manouchehrrimer/Desktop/BlueDot_Perona_Vector_Project/outputs/vector_construction/persona_vectors/fairness_layer47.npy,/Users/manouchehrrimer/Desktop/BlueDot_Perona_Vector_Project/outputs/ethics_projection/activations/commonsense_test_003315_layer47.npy
commonsense_test_003315,commonsense,honesty,compassion,47,-1596.5032958984375,mean_centered,/Users/manouchehrrimer/Desktop/BlueDot_Perona_Vector_Project/outputs/vector_construction/persona_vectors/compassion_layer47.npy,/Users/manouchehrrimer/Desktop/BlueDot_Perona_Vector_Project/outputs/ethics_projection/activations/commonsense_test_003315_layer47.npy
commonsense_test_003318,commonsense,honesty,honesty,32,-508.1558837890625,mean_centered,/Users/manouchehrrimer/Desktop/BlueDot_Perona_Vector_Project/outputs/vector_construction/persona_vectors/honesty_layer32.npy,/Users/manouchehrrimer/Desktop/BlueDot_Perona_Vector_Project/outputs/ethics_projection/activations/commonsense_test_003318_layer32.npy
commonsense_test_003318,commonsense,honesty,harmlessness,32,1201.44091796875,mean_centered,/Users/manouchehrrimer/Desktop/BlueDot_Perona_Vector_Project/outputs/vector_construction/persona_vectors/harmlessness_layer32.npy,/Users/manouchehrrimer/Desktop/BlueDot_Perona_Vector_Project/outputs/ethics_projection/activations/commonsense_test_003318_layer32.npy
commonsense_test_003318,commonsense,honesty,fairness,32,-1239.828369140625,mean_centered,/Users/manouchehrrimer/Desktop/BlueDot_Perona_Vector_Project/outputs/vector_construction/persona_vectors/fairness_layer32.npy,/Users/manouchehrrimer/Desktop/BlueDot_Perona_Vector_Project/outputs/ethics_projection/activations/commonsense_test_003318_layer32.npy
commonsense_test_003318,commonsense,honesty,compassion,32,-379.1827697753906,mean_centered,/Users/manouchehrrimer/Desktop/BlueDot_Perona_Vector_Project/outputs/vector_construction/persona_vectors/compassion_layer32.npy,/Users/manouchehrrimer/Desktop/BlueDot_Perona_Vector_Project/outputs/ethics_projection/activations/commonsense_test_003318_layer32.npy
commonsense_test_003318,commonsense,honesty,honesty,40,490.30084228515625,mean_centered,/Users/manouchehrrimer/Desktop/BlueDot_Perona_Vector_Project/outputs/vector_construction/persona_vectors/honesty_layer40.npy,/Users/manouchehrrimer/Desktop/BlueDot_Perona_Vector_Project/outputs/ethics_projection/activations/commonsense_test_003318_layer40.npy
commonsense_test_003318,commonsense,honesty,harmlessness,40,527.54443359375,mean_centered,/Users/manouchehrrimer/Desktop/BlueDot_Perona_Vector_Project/outputs/vector_construction/persona_vectors/harmlessness_layer40.npy,/Users/manouchehrrimer/Desktop/BlueDot_Perona_Vector_Project/outputs/ethics_projection/activations/commonsense_test_003318_layer40.npy
commonsense_test_003318,commonsense,honesty,fairness,40,-473.294189453125,mean_centered,/Users/manouchehrrimer/Desktop/BlueDot_Perona_Vector_Project/outputs/vector_construction/persona_vectors/fairness_layer40.npy,/Users/manouchehrrimer/Desktop/BlueDot_Perona_Vector_Project/outputs/ethics_projection/activations/commonsense_test_003318_layer40.npy
commonsense_test_003318,commonsense,honesty,compassion,40,399.6711730957031,mean_centered,/Users/manouchehrrimer/Desktop/BlueDot_Perona_Vector_Project/outputs/vector_construction/persona_vectors/compassion_layer40.npy,/Users/manouchehrrimer/Desktop/BlueDot_Perona_Vector_Project/outputs/ethics_projection/activations/commonsense_test_003318_layer40.npy
commonsense_test_003318,commonsense,honesty,honesty,47,-551.2073364257812,mean_centered,/Users/manouchehrrimer/Desktop/BlueDot_Perona_Vector_Project/outputs/vector_construction/persona_vectors/honesty_layer47.npy,/Users/manouchehrrimer/Desktop/BlueDot_Perona_Vector_Project/outputs/ethics_projection/activations/commonsense_test_003318_layer47.npy
commonsense_test_003318,commonsense,honesty,harmlessness,47,144.130126953125,mean_centered,/Users/manouchehrrimer/Desktop/BlueDot_Perona_Vector_Project/outputs/vector_construction/persona_vectors/harmlessness_layer47.npy,/Users/manouchehrrimer/Desktop/BlueDot_Perona_Vector_Project/outputs/ethics_projection/activations/commonsense_test_003318_layer47.npy
commonsense_test_003318,commonsense,honesty,fairness,47,-1391.810546875,mean_centered,/Users/manouchehrrimer/Desktop/BlueDot_Perona_Vector_Project/outputs/vector_construction/persona_vectors/fairness_layer47.npy,/Users/manouchehrrimer/Desktop/BlueDot_Perona_Vector_Project/outputs/ethics_projection/activations/commonsense_test_003318_layer47.npy
commonsense_test_003318,commonsense,honesty,compassion,47,-267.55450439453125,mean_centered,/Users/manouchehrrimer/Desktop/BlueDot_Perona_Vector_Project/outputs/vector_construction/persona_vectors/compassion_layer47.npy,/Users/manouchehrrimer/Desktop/BlueDot_Perona_Vector_Project/outputs/ethics_projection/activations/commonsense_test_003318_layer47.npy
commonsense_test_003362,commonsense,compassion,honesty,32,755.2835083007812,mean_centered,/Users/manouchehrrimer/Desktop/BlueDot_Perona_Vector_Project/outputs/vector_construction/persona_vectors/honesty_layer32.npy,/Users/manouchehrrimer/Desktop/BlueDot_Perona_Vector_Project/outputs/ethics_projection/activations/commonsense_test_003362_layer32.npy
commonsense_test_003362,commonsense,compassion,harmlessness,32,-903.0140380859375,mean_centered,/Users/manouchehrrimer/Desktop/BlueDot_Perona_Vector_Project/outputs/vector_construction/persona_vectors/harmlessness_layer32.npy,/Users/manouchehrrimer/Desktop/BlueDot_Perona_Vector_Project/outputs/ethics_projection/activations/commonsense_test_003362_layer32.npy
commonsense_test_003362,commonsense,compassion,fairness,32,461.48785400390625,mean_centered,/Users/manouchehrrimer/Desktop/BlueDot_Perona_Vector_Project/outputs/vector_construction/persona_vectors/fairness_layer32.npy,/Users/manouchehrrimer/Desktop/BlueDot_Perona_Vector_Project/outputs/ethics_projection/activations/commonsense_test_003362_layer32.npy
commonsense_test_003362,commonsense,compassion,compassion,32,891.0492553710938,mean_centered,/Users/manouchehrrimer/Desktop/BlueDot_Perona_Vector_Project/outputs/vector_construction/persona_vectors/compassion_layer32.npy,/Users/manouchehrrimer/Desktop/BlueDot_Perona_Vector_Project/outputs/ethics_projection/activations/commonsense_test_003362_layer32.npy
commonsense_test_003362,commonsense,compassion,honesty,40,-4061.58642578125,mean_centered,/Users/manouchehrrimer/Desktop/BlueDot_Perona_Vector_Project/outputs/vector_construction/persona_vectors/honesty_layer40.npy,/Users/manouchehrrimer/Desktop/BlueDot_Perona_Vector_Project/outputs/ethics_projection/activations/commonsense_test_003362_layer40.npy
commonsense_test_003362,commonsense,compassion,harmlessness,40,-421.4598388671875,mean_centered,/Users/manouchehrrimer/Desktop/BlueDot_Perona_Vector_Project/outputs/vector_construction/persona_vectors/harmlessness_layer40.npy,/Users/manouchehrrimer/Desktop/BlueDot_Perona_Vector_Project/outputs/ethics_projection/activations/commonsense_test_003362_layer40.npy
commonsense_test_003362,commonsense,compassion,fairness,40,-3332.452880859375,mean_centered,/Users/manouchehrrimer/Desktop/BlueDot_Perona_Vector_Project/outputs/vector_construction/persona_vectors/fairness_layer40.npy,/Users/manouchehrrimer/Desktop/BlueDot_Perona_Vector_Project/outputs/ethics_projection/activations/commonsense_test_003362_layer40.npy
commonsense_test_003362,commonsense,compassion,compassion,40,370.0745849609375,mean_centered,/Users/manouchehrrimer/Desktop/BlueDot_Perona_Vector_Project/outputs/vector_construction/persona_vectors/compassion_layer40.npy,/Users/manouchehrrimer/Desktop/BlueDot_Perona_Vector_Project/outputs/ethics_projection/activations/commonsense_test_003362_layer40.npy
commonsense_test_003362,commonsense,compassion,honesty,47,360.3518981933594,mean_centered,/Users/manouchehrrimer/Desktop/BlueDot_Perona_Vector_Project/outputs/vector_construction/persona_vectors/honesty_layer47.npy,/Users/manouchehrrimer/Desktop/BlueDot_Perona_Vector_Project/outputs/ethics_projection/activations/commonsense_test_003362_layer47.npy
commonsense_test_003362,commonsense,compassion,harmlessness,47,168.77908325195312,mean_centered,/Users/manouchehrrimer/Desktop/BlueDot_Perona_Vector_Project/outputs/vector_construction/persona_vectors/harmlessness_layer47.npy,/Users/manouchehrrimer/Desktop/BlueDot_Perona_Vector_Project/outputs/ethics_projection/activations/commonsense_test_003362_layer47.npy
commonsense_test_003362,commonsense,compassion,fairness,47,-791.7757568359375,mean_centered,/Users/manouchehrrimer/Desktop/BlueDot_Perona_Vector_Project/outputs/vector_construction/persona_vectors/fairness_layer47.npy,/Users/manouchehrrimer/Desktop/BlueDot_Perona_Vector_Project/outputs/ethics_projection/activations/commonsense_test_003362_layer47.npy
commonsense_test_003362,commonsense,compassion,compassion,47,522.4080810546875,mean_centered,/Users/manouchehrrimer/Desktop/BlueDot_Perona_Vector_Project/outputs/vector_construction/persona_vectors/compassion_layer47.npy,/Users/manouchehrrimer/Desktop/BlueDot_Perona_Vector_Project/outputs/ethics_projection/activations/commonsense_test_003362_layer47.npy
commonsense_test_003437,commonsense,honesty,honesty,32,-992.8543701171875,mean_centered,/Users/manouchehrrimer/Desktop/BlueDot_Perona_Vector_Project/outputs/vector_construction/persona_vectors/honesty_layer32.npy,/Users/manouchehrrimer/Desktop/BlueDot_Perona_Vector_Project/outputs/ethics_projection/activations/commonsense_test_003437_layer32.npy
commonsense_test_003437,commonsense,honesty,harmlessness,32,1005.0537109375,mean_centered,/Users/manouchehrrimer/Desktop/BlueDot_Perona_Vector_Project/outputs/vector_construction/persona_vectors/harmlessness_layer32.npy,/Users/manouchehrrimer/Desktop/BlueDot_Perona_Vector_Project/outputs/ethics_projection/activations/commonsense_test_003437_layer32.npy
commonsense_test_003437,commonsense,honesty,fairness,32,-1244.5316162109375,mean_centered,/Users/manouchehrrimer/Desktop/BlueDot_Perona_Vector_Project/outputs/vector_construction/persona_vectors/fairness_layer32.npy,/Users/manouchehrrimer/Desktop/BlueDot_Perona_Vector_Project/outputs/ethics_projection/activations/commonsense_test_003437_layer32.npy
commonsense_test_003437,commonsense,honesty,compassion,32,-36.228118896484375,mean_centered,/Users/manouchehrrimer/Desktop/BlueDot_Perona_Vector_Project/outputs/vector_construction/persona_vectors/compassion_layer32.npy,/Users/manouchehrrimer/Desktop/BlueDot_Perona_Vector_Project/outputs/ethics_projection/activations/commonsense_test_003437_layer32.npy
commonsense_test_003437,commonsense,honesty,honesty,40,-7044.02197265625,mean_centered,/Users/manouchehrrimer/Desktop/BlueDot_Perona_Vector_Project/outputs/vector_construction/persona_vectors/honesty_layer40.npy,/Users/manouchehrrimer/Desktop/BlueDot_Perona_Vector_Project/outputs/ethics_projection/activations/commonsense_test_003437_layer40.npy
commonsense_test_003437,commonsense,honesty,harmlessness,40,-470.05780029296875,mean_centered,/Users/manouchehrrimer/Desktop/BlueDot_Perona_Vector_Project/outputs/vector_construction/persona_vectors/harmlessness_layer40.npy,/Users/manouchehrrimer/Desktop/BlueDot_Perona_Vector_Project/outputs/ethics_projection/activations/commonsense_test_003437_layer40.npy
commonsense_test_003437,commonsense,honesty,fairness,40,-5129.533203125,mean_centered,/Users/manouchehrrimer/Desktop/BlueDot_Perona_Vector_Project/outputs/vector_construction/persona_vectors/fairness_layer40.npy,/Users/manouchehrrimer/Desktop/BlueDot_Perona_Vector_Project/outputs/ethics_projection/activations/commonsense_test_003437_layer40.npy
commonsense_test_003437,commonsense,honesty,compassion,40,742.193115234375,mean_centered,/Users/manouchehrrimer/Desktop/BlueDot_Perona_Vector_Project/outputs/vector_construction/persona_vectors/compassion_layer40.npy,/Users/manouchehrrimer/Desktop/BlueDot_Perona_Vector_Project/outputs/ethics_projection/activations/commonsense_test_003437_layer40.npy
commonsense_test_003437,commonsense,honesty,honesty,47,-5694.623046875,mean_centered,/Users/manouchehrrimer/Desktop/BlueDot_Perona_Vector_Project/outputs/vector_construction/persona_vectors/honesty_layer47.npy,/Users/manouchehrrimer/Desktop/BlueDot_Perona_Vector_Project/outputs/ethics_projection/activations/commonsense_test_003437_layer47.npy
commonsense_test_003437,commonsense,honesty,harmlessness,47,-6610.41455078125,mean_centered,/Users/manouchehrrimer/Desktop/BlueDot_Perona_Vector_Project/outputs/vector_construction/persona_vectors/harmlessness_layer47.npy,/Users/manouchehrrimer/Desktop/BlueDot_Perona_Vector_Project/outputs/ethics_projection/activations/commonsense_test_003437_layer47.npy
commonsense_test_003437,commonsense,honesty,fairness,47,-2640.62451171875,mean_centered,/Users/manouchehrrimer/Desktop/BlueDot_Perona_Vector_Project/outputs/vector_construction/persona_vectors/fairness_layer47.npy,/Users/manouchehrrimer/Desktop/BlueDot_Perona_Vector_Project/outputs/ethics_projection/activations/commonsense_test_003437_layer47.npy
commonsense_test_003437,commonsense,honesty,compassion,47,-1886.825439453125,mean_centered,/Users/manouchehrrimer/Desktop/BlueDot_Perona_Vector_Project/outputs/vector_construction/persona_vectors/compassion_layer47.npy,/Users/manouchehrrimer/Desktop/BlueDot_Perona_Vector_Project/outputs/ethics_projection/activations/commonsense_test_003437_layer47.npy
commonsense_test_003535,commonsense,honesty,honesty,32,98.55636596679688,mean_centered,/Users/manouchehrrimer/Desktop/BlueDot_Perona_Vector_Project/outputs/vector_construction/persona_vectors/honesty_layer32.npy,/Users/manouchehrrimer/Desktop/BlueDot_Perona_Vector_Project/outputs/ethics_projection/activations/commonsense_test_003535_layer32.npy
commonsense_test_003535,commonsense,honesty,harmlessness,32,216.16098022460938,mean_centered,/Users/manouchehrrimer/Desktop/BlueDot_Perona_Vector_Project/outputs/vector_construction/persona_vectors/harmlessness_layer32.npy,/Users/manouchehrrimer/Desktop/BlueDot_Perona_Vector_Project/outputs/ethics_projection/activations/commonsense_test_003535_layer32.npy
commonsense_test_003535,commonsense,honesty,fairness,32,-903.7393798828125,mean_centered,/Users/manouchehrrimer/Desktop/BlueDot_Perona_Vector_Project/outputs/vector_construction/persona_vectors/fairness_layer32.npy,/Users/manouchehrrimer/Desktop/BlueDot_Perona_Vector_Project/outputs/ethics_projection/activations/commonsense_test_003535_layer32.npy
commonsense_test_003535,commonsense,honesty,compassion,32,-14.77191162109375,mean_centered,/Users/manouchehrrimer/Desktop/BlueDot_Perona_Vector_Project/outputs/vector_construction/persona_vectors/compassion_layer32.npy,/Users/manouchehrrimer/Desktop/BlueDot_Perona_Vector_Project/outputs/ethics_projection/activations/commonsense_test_003535_layer32.npy
commonsense_test_003535,commonsense,honesty,honesty,40,424.134765625,mean_centered,/Users/manouchehrrimer/Desktop/BlueDot_Perona_Vector_Project/outputs/vector_construction/persona_vectors/honesty_layer40.npy,/Users/manouchehrrimer/Desktop/BlueDot_Perona_Vector_Project/outputs/ethics_projection/activations/commonsense_test_003535_layer40.npy
commonsense_test_003535,commonsense,honesty,harmlessness,40,-390.44561767578125,mean_centered,/Users/manouchehrrimer/Desktop/BlueDot_Perona_Vector_Project/outputs/vector_construction/persona_vectors/harmlessness_layer40.npy,/Users/manouchehrrimer/Desktop/BlueDot_Perona_Vector_Project/outputs/ethics_projection/activations/commonsense_test_003535_layer40.npy
commonsense_test_003535,commonsense,honesty,fairness,40,-678.4854125976562,mean_centered,/Users/manouchehrrimer/Desktop/BlueDot_Perona_Vector_Project/outputs/vector_construction/persona_vectors/fairness_layer40.npy,/Users/manouchehrrimer/Desktop/BlueDot_Perona_Vector_Project/outputs/ethics_projection/activations/commonsense_test_003535_layer40.npy
commonsense_test_003535,commonsense,honesty,compassion,40,600.0775146484375,mean_centered,/Users/manouchehrrimer/Desktop/BlueDot_Perona_Vector_Project/outputs/vector_construction/persona_vectors/compassion_layer40.npy,/Users/manouchehrrimer/Desktop/BlueDot_Perona_Vector_Project/outputs/ethics_projection/activations/commonsense_test_003535_layer40.npy
commonsense_test_003535,commonsense,honesty,honesty,47,1566.645263671875,mean_centered,/Users/manouchehrrimer/Desktop/BlueDot_Perona_Vector_Project/outputs/vector_construction/persona_vectors/honesty_layer47.npy,/Users/manouchehrrimer/Desktop/BlueDot_Perona_Vector_Project/outputs/ethics_projection/activations/commonsense_test_003535_layer47.npy
commonsense_test_003535,commonsense,honesty,harmlessness,47,97.80184936523438,mean_centered,/Users/manouchehrrimer/Desktop/BlueDot_Perona_Vector_Project/outputs/vector_construction/persona_vectors/harmlessness_layer47.npy,/Users/manouchehrrimer/Desktop/BlueDot_Perona_Vector_Project/outputs/ethics_projection/activations/commonsense_test_003535_layer47.npy
commonsense_test_003535,commonsense,honesty,fairness,47,-992.2886962890625,mean_centered,/Users/manouchehrrimer/Desktop/BlueDot_Perona_Vector_Project/outputs/vector_construction/persona_vectors/fairness_layer47.npy,/Users/manouchehrrimer/Desktop/BlueDot_Perona_Vector_Project/outputs/ethics_projection/activations/commonsense_test_003535_layer47.npy
commonsense_test_003535,commonsense,honesty,compassion,47,451.14837646484375,mean_centered,/Users/manouchehrrimer/Desktop/BlueDot_Perona_Vector_Project/outputs/vector_construction/persona_vectors/compassion_layer47.npy,/Users/manouchehrrimer/Desktop/BlueDot_Perona_Vector_Project/outputs/ethics_projection/activations/commonsense_test_003535_layer47.npy
commonsense_test_003563,commonsense,compassion,honesty,32,-1699.811767578125,mean_centered,/Users/manouchehrrimer/Desktop/BlueDot_Perona_Vector_Project/outputs/vector_construction/persona_vectors/honesty_layer32.npy,/Users/manouchehrrimer/Desktop/BlueDot_Perona_Vector_Project/outputs/ethics_projection/activations/commonsense_test_003563_layer32.npy
commonsense_test_003563,commonsense,compassion,harmlessness,32,2018.668212890625,mean_centered,/Users/manouchehrrimer/Desktop/BlueDot_Perona_Vector_Project/outputs/vector_construction/persona_vectors/harmlessness_layer32.npy,/Users/manouchehrrimer/Desktop/BlueDot_Perona_Vector_Project/outputs/ethics_projection/activations/commonsense_test_003563_layer32.npy
commonsense_test_003563,commonsense,compassion,fairness,32,-2259.0029296875,mean_centered,/Users/manouchehrrimer/Desktop/BlueDot_Perona_Vector_Project/outputs/vector_construction/persona_vectors/fairness_layer32.npy,/Users/manouchehrrimer/Desktop/BlueDot_Perona_Vector_Project/outputs/ethics_projection/activations/commonsense_test_003563_layer32.npy
commonsense_test_003563,commonsense,compassion,compassion,32,-844.8677368164062,mean_centered,/Users/manouchehrrimer/Desktop/BlueDot_Perona_Vector_Project/outputs/vector_construction/persona_vectors/compassion_layer32.npy,/Users/manouchehrrimer/Desktop/BlueDot_Perona_Vector_Project/outputs/ethics_projection/activations/commonsense_test_003563_layer32.npy
commonsense_test_003563,commonsense,compassion,honesty,40,-4432.74072265625,mean_centered,/Users/manouchehrrimer/Desktop/BlueDot_Perona_Vector_Project/outputs/vector_construction/persona_vectors/honesty_layer40.npy,/Users/manouchehrrimer/Desktop/BlueDot_Perona_Vector_Project/outputs/ethics_projection/activations/commonsense_test_003563_layer40.npy
commonsense_test_003563,commonsense,compassion,harmlessness,40,-272.6098937988281,mean_centered,/Users/manouchehrrimer/Desktop/BlueDot_Perona_Vector_Project/outputs/vector_construction/persona_vectors/harmlessness_layer40.npy,/Users/manouchehrrimer/Desktop/BlueDot_Perona_Vector_Project/outputs/ethics_projection/activations/commonsense_test_003563_layer40.npy
commonsense_test_003563,commonsense,compassion,fairness,40,-4056.635009765625,mean_centered,/Users/manouchehrrimer/Desktop/BlueDot_Perona_Vector_Project/outputs/vector_construction/persona_vectors/fairness_layer40.npy,/Users/manouchehrrimer/Desktop/BlueDot_Perona_Vector_Project/outputs/ethics_projection/activations/commonsense_test_003563_layer40.npy
commonsense_test_003563,commonsense,compassion,compassion,40,897.4073486328125,mean_centered,/Users/manouchehrrimer/Desktop/BlueDot_Perona_Vector_Project/outputs/vector_construction/persona_vectors/compassion_layer40.npy,/Users/manouchehrrimer/Desktop/BlueDot_Perona_Vector_Project/outputs/ethics_projection/activations/commonsense_test_003563_layer40.npy
commonsense_test_003563,commonsense,compassion,honesty,47,2393.25341796875,mean_centered,/Users/manouchehrrimer/Desktop/BlueDot_Perona_Vector_Project/outputs/vector_construction/persona_vectors/honesty_layer47.npy,/Users/manouchehrrimer/Desktop/BlueDot_Perona_Vector_Project/outputs/ethics_projection/activations/commonsense_test_003563_layer47.npy
commonsense_test_003563,commonsense,compassion,harmlessness,47,3516.115478515625,mean_centered,/Users/manouchehrrimer/Desktop/BlueDot_Perona_Vector_Project/outputs/vector_construction/persona_vectors/harmlessness_layer47.npy,/Users/manouchehrrimer/Desktop/BlueDot_Perona_Vector_Project/outputs/ethics_projection/activations/commonsense_test_003563_layer47.npy
commonsense_test_003563,commonsense,compassion,fairness,47,-518.6248779296875,mean_centered,/Users/manouchehrrimer/Desktop/BlueDot_Perona_Vector_Project/outputs/vector_construction/persona_vectors/fairness_layer47.npy,/Users/manouchehrrimer/Desktop/BlueDot_Perona_Vector_Project/outputs/ethics_projection/activations/commonsense_test_003563_layer47.npy
commonsense_test_003563,commonsense,compassion,compassion,47,2786.000732421875,mean_centered,/Users/manouchehrrimer/Desktop/BlueDot_Perona_Vector_Project/outputs/vector_construction/persona_vectors/compassion_layer47.npy,/Users/manouchehrrimer/Desktop/BlueDot_Perona_Vector_Project/outputs/ethics_projection/activations/commonsense_test_003563_layer47.npy
commonsense_test_003589,commonsense,fairness,honesty,32,-1211.72119140625,mean_centered,/Users/manouchehrrimer/Desktop/BlueDot_Perona_Vector_Project/outputs/vector_construction/persona_vectors/honesty_layer32.npy,/Users/manouchehrrimer/Desktop/BlueDot_Perona_Vector_Project/outputs/ethics_projection/activations/commonsense_test_003589_layer32.npy
commonsense_test_003589,commonsense,fairness,harmlessness,32,723.9563598632812,mean_centered,/Users/manouchehrrimer/Desktop/BlueDot_Perona_Vector_Project/outputs/vector_construction/persona_vectors/harmlessness_layer32.npy,/Users/manouchehrrimer/Desktop/BlueDot_Perona_Vector_Project/outputs/ethics_projection/activations/commonsense_test_003589_layer32.npy
commonsense_test_003589,commonsense,fairness,fairness,32,-1105.902587890625,mean_centered,/Users/manouchehrrimer/Desktop/BlueDot_Perona_Vector_Project/outputs/vector_construction/persona_vectors/fairness_layer32.npy,/Users/manouchehrrimer/Desktop/BlueDot_Perona_Vector_Project/outputs/ethics_projection/activations/commonsense_test_003589_layer32.npy
commonsense_test_003589,commonsense,fairness,compassion,32,312.3167724609375,mean_centered,/Users/manouchehrrimer/Desktop/BlueDot_Perona_Vector_Project/outputs/vector_construction/persona_vectors/compassion_layer32.npy,/Users/manouchehrrimer/Desktop/BlueDot_Perona_Vector_Project/outputs/ethics_projection/activations/commonsense_test_003589_layer32.npy
commonsense_test_003589,commonsense,fairness,honesty,40,-8004.77001953125,mean_centered,/Users/manouchehrrimer/Desktop/BlueDot_Perona_Vector_Project/outputs/vector_construction/persona_vectors/honesty_layer40.npy,/Users/manouchehrrimer/Desktop/BlueDot_Perona_Vector_Project/outputs/ethics_projection/activations/commonsense_test_003589_layer40.npy
commonsense_test_003589,commonsense,fairness,harmlessness,40,-229.9223175048828,mean_centered,/Users/manouchehrrimer/Desktop/BlueDot_Perona_Vector_Project/outputs/vector_construction/persona_vectors/harmlessness_layer40.npy,/Users/manouchehrrimer/Desktop/BlueDot_Perona_Vector_Project/outputs/ethics_projection/activations/commonsense_test_003589_layer40.npy
commonsense_test_003589,commonsense,fairness,fairness,40,-6298.30419921875,mean_centered,/Users/manouchehrrimer/Desktop/BlueDot_Perona_Vector_Project/outputs/vector_construction/persona_vectors/fairness_layer40.npy,/Users/manouchehrrimer/Desktop/BlueDot_Perona_Vector_Project/outputs/ethics_projection/activations/commonsense_test_003589_layer40.npy
commonsense_test_003589,commonsense,fairness,compassion,40,1189.5657958984375,mean_centered,/Users/manouchehrrimer/Desktop/BlueDot_Perona_Vector_Project/outputs/vector_construction/persona_vectors/compassion_layer40.npy,/Users/manouchehrrimer/Desktop/BlueDot_Perona_Vector_Project/outputs/ethics_projection/activations/commonsense_test_003589_layer40.npy
commonsense_test_003589,commonsense,fairness,honesty,47,-2548.54931640625,mean_centered,/Users/manouchehrrimer/Desktop/BlueDot_Perona_Vector_Project/outputs/vector_construction/persona_vectors/honesty_layer47.npy,/Users/manouchehrrimer/Desktop/BlueDot_Perona_Vector_Project/outputs/ethics_projection/activations/commonsense_test_003589_layer47.npy
commonsense_test_003589,commonsense,fairness,harmlessness,47,308.8843994140625,mean_centered,/Users/manouchehrrimer/Desktop/BlueDot_Perona_Vector_Project/outputs/vector_construction/persona_vectors/harmlessness_layer47.npy,/Users/manouchehrrimer/Desktop/BlueDot_Perona_Vector_Project/outputs/ethics_projection/activations/commonsense_test_003589_layer47.npy
commonsense_test_003589,commonsense,fairness,fairness,47,-738.7465209960938,mean_centered,/Users/manouchehrrimer/Desktop/BlueDot_Perona_Vector_Project/outputs/vector_construction/persona_vectors/fairness_layer47.npy,/Users/manouchehrrimer/Desktop/BlueDot_Perona_Vector_Project/outputs/ethics_projection/activations/commonsense_test_003589_layer47.npy
commonsense_test_003589,commonsense,fairness,compassion,47,2497.2255859375,mean_centered,/Users/manouchehrrimer/Desktop/BlueDot_Perona_Vector_Project/outputs/vector_construction/persona_vectors/compassion_layer47.npy,/Users/manouchehrrimer/Desktop/BlueDot_Perona_Vector_Project/outputs/ethics_projection/activations/commonsense_test_003589_layer47.npy
commonsense_test_003590,commonsense,honesty,honesty,32,-1757.4732666015625,mean_centered,/Users/manouchehrrimer/Desktop/BlueDot_Perona_Vector_Project/outputs/vector_construction/persona_vectors/honesty_layer32.npy,/Users/manouchehrrimer/Desktop/BlueDot_Perona_Vector_Project/outputs/ethics_projection/activations/commonsense_test_003590_layer32.npy
commonsense_test_003590,commonsense,honesty,harmlessness,32,1767.2171630859375,mean_centered,/Users/manouchehrrimer/Desktop/BlueDot_Perona_Vector_Project/outputs/vector_construction/persona_vectors/harmlessness_layer32.npy,/Users/manouchehrrimer/Desktop/BlueDot_Perona_Vector_Project/outputs/ethics_projection/activations/commonsense_test_003590_layer32.npy
commonsense_test_003590,commonsense,honesty,fairness,32,-1792.4368896484375,mean_centered,/Users/manouchehrrimer/Desktop/BlueDot_Perona_Vector_Project/outputs/vector_construction/persona_vectors/fairness_layer32.npy,/Users/manouchehrrimer/Desktop/BlueDot_Perona_Vector_Project/outputs/ethics_projection/activations/commonsense_test_003590_layer32.npy
commonsense_test_003590,commonsense,honesty,compassion,32,-687.336181640625,mean_centered,/Users/manouchehrrimer/Desktop/BlueDot_Perona_Vector_Project/outputs/vector_construction/persona_vectors/compassion_layer32.npy,/Users/manouchehrrimer/Desktop/BlueDot_Perona_Vector_Project/outputs/ethics_projection/activations/commonsense_test_003590_layer32.npy
commonsense_test_003590,commonsense,honesty,honesty,40,-8843.2685546875,mean_centered,/Users/manouchehrrimer/Desktop/BlueDot_Perona_Vector_Project/outputs/vector_construction/persona_vectors/honesty_layer40.npy,/Users/manouchehrrimer/Desktop/BlueDot_Perona_Vector_Project/outputs/ethics_projection/activations/commonsense_test_003590_layer40.npy
commonsense_test_003590,commonsense,honesty,harmlessness,40,-326.8329772949219,mean_centered,/Users/manouchehrrimer/Desktop/BlueDot_Perona_Vector_Project/outputs/vector_construction/persona_vectors/harmlessness_layer40.npy,/Users/manouchehrrimer/Desktop/BlueDot_Perona_Vector_Project/outputs/ethics_projection/activations/commonsense_test_003590_layer40.npy
commonsense_test_003590,commonsense,honesty,fairness,40,-6849.50439453125,mean_centered,/Users/manouchehrrimer/Desktop/BlueDot_Perona_Vector_Project/outputs/vector_construction/persona_vectors/fairness_layer40.npy,/Users/manouchehrrimer/Desktop/BlueDot_Perona_Vector_Project/outputs/ethics_projection/activations/commonsense_test_003590_layer40.npy
commonsense_test_003590,commonsense,honesty,compassion,40,405.12255859375,mean_centered,/Users/manouchehrrimer/Desktop/BlueDot_Perona_Vector_Project/outputs/vector_construction/persona_vectors/compassion_layer40.npy,/Users/manouchehrrimer/Desktop/BlueDot_Perona_Vector_Project/outputs/ethics_projection/activations/commonsense_test_003590_layer40.npy
commonsense_test_003590,commonsense,honesty,honesty,47,-4165.26025390625,mean_centered,/Users/manouchehrrimer/Desktop/BlueDot_Perona_Vector_Project/outputs/vector_construction/persona_vectors/honesty_layer47.npy,/Users/manouchehrrimer/Desktop/BlueDot_Perona_Vector_Project/outputs/ethics_projection/activations/commonsense_test_003590_layer47.npy
commonsense_test_003590,commonsense,honesty,harmlessness,47,-4428.08447265625,mean_centered,/Users/manouchehrrimer/Desktop/BlueDot_Perona_Vector_Project/outputs/vector_construction/persona_vectors/harmlessness_layer47.npy,/Users/manouchehrrimer/Desktop/BlueDot_Perona_Vector_Project/outputs/ethics_projection/activations/commonsense_test_003590_layer47.npy
commonsense_test_003590,commonsense,honesty,fairness,47,-2444.637939453125,mean_centered,/Users/manouchehrrimer/Desktop/BlueDot_Perona_Vector_Project/outputs/vector_construction/persona_vectors/fairness_layer47.npy,/Users/manouchehrrimer/Desktop/BlueDot_Perona_Vector_Project/outputs/ethics_projection/activations/commonsense_test_003590_layer47.npy
commonsense_test_003590,commonsense,honesty,compassion,47,-1053.6103515625,mean_centered,/Users/manouchehrrimer/Desktop/BlueDot_Perona_Vector_Project/outputs/vector_construction/persona_vectors/compassion_layer47.npy,/Users/manouchehrrimer/Desktop/BlueDot_Perona_Vector_Project/outputs/ethics_projection/activations/commonsense_test_003590_layer47.npy
commonsense_test_003599,commonsense,compassion,honesty,32,-1539.0037841796875,mean_centered,/Users/manouchehrrimer/Desktop/BlueDot_Perona_Vector_Project/outputs/vector_construction/persona_vectors/honesty_layer32.npy,/Users/manouchehrrimer/Desktop/BlueDot_Perona_Vector_Project/outputs/ethics_projection/activations/commonsense_test_003599_layer32.npy
commonsense_test_003599,commonsense,compassion,harmlessness,32,1891.7166748046875,mean_centered,/Users/manouchehrrimer/Desktop/BlueDot_Perona_Vector_Project/outputs/vector_construction/persona_vectors/harmlessness_layer32.npy,/Users/manouchehrrimer/Desktop/BlueDot_Perona_Vector_Project/outputs/ethics_projection/activations/commonsense_test_003599_layer32.npy
commonsense_test_003599,commonsense,compassion,fairness,32,-2061.39794921875,mean_centered,/Users/manouchehrrimer/Desktop/BlueDot_Perona_Vector_Project/outputs/vector_construction/persona_vectors/fairness_layer32.npy,/Users/manouchehrrimer/Desktop/BlueDot_Perona_Vector_Project/outputs/ethics_projection/activations/commonsense_test_003599_layer32.npy
commonsense_test_003599,commonsense,compassion,compassion,32,-762.1461181640625,mean_centered,/Users/manouchehrrimer/Desktop/BlueDot_Perona_Vector_Project/outputs/vector_construction/persona_vectors/compassion_layer32.npy,/Users/manouchehrrimer/Desktop/BlueDot_Perona_Vector_Project/outputs/ethics_projection/activations/commonsense_test_003599_layer32.npy
commonsense_test_003599,commonsense,compassion,honesty,40,-7199.81494140625,mean_centered,/Users/manouchehrrimer/Desktop/BlueDot_Perona_Vector_Project/outputs/vector_construction/persona_vectors/honesty_layer40.npy,/Users/manouchehrrimer/Desktop/BlueDot_Perona_Vector_Project/outputs/ethics_projection/activations/commonsense_test_003599_layer40.npy
commonsense_test_003599,commonsense,compassion,harmlessness,40,-8.54428482055664,mean_centered,/Users/manouchehrrimer/Desktop/BlueDot_Perona_Vector_Project/outputs/vector_construction/persona_vectors/harmlessness_layer40.npy,/Users/manouchehrrimer/Desktop/BlueDot_Perona_Vector_Project/outputs/ethics_projection/activations/commonsense_test_003599_layer40.npy
commonsense_test_003599,commonsense,compassion,fairness,40,-5853.5849609375,mean_centered,/Users/manouchehrrimer/Desktop/BlueDot_Perona_Vector_Project/outputs/vector_construction/persona_vectors/fairness_layer40.npy,/Users/manouchehrrimer/Desktop/BlueDot_Perona_Vector_Project/outputs/ethics_projection/activations/commonsense_test_003599_layer40.npy
commonsense_test_003599,commonsense,compassion,compassion,40,763.0521240234375,mean_centered,/Users/manouchehrrimer/Desktop/BlueDot_Perona_Vector_Project/outputs/vector_construction/persona_vectors/compassion_layer40.npy,/Users/manouchehrrimer/Desktop/BlueDot_Perona_Vector_Project/outputs/ethics_projection/activations/commonsense_test_003599_layer40.npy
commonsense_test_003599,commonsense,compassion,honesty,47,-2447.049072265625,mean_centered,/Users/manouchehrrimer/Desktop/BlueDot_Perona_Vector_Project/outputs/vector_construction/persona_vectors/honesty_layer47.npy,/Users/manouchehrrimer/Desktop/BlueDot_Perona_Vector_Project/outputs/ethics_projection/activations/commonsense_test_003599_layer47.npy
commonsense_test_003599,commonsense,compassion,harmlessness,47,-2534.74658203125,mean_centered,/Users/manouchehrrimer/Desktop/BlueDot_Perona_Vector_Project/outputs/vector_construction/persona_vectors/harmlessness_layer47.npy,/Users/manouchehrrimer/Desktop/BlueDot_Perona_Vector_Project/outputs/ethics_projection/activations/commonsense_test_003599_layer47.npy
commonsense_test_003599,commonsense,compassion,fairness,47,-2318.13671875,mean_centered,/Users/manouchehrrimer/Desktop/BlueDot_Perona_Vector_Project/outputs/vector_construction/persona_vectors/fairness_layer47.npy,/Users/manouchehrrimer/Desktop/BlueDot_Perona_Vector_Project/outputs/ethics_projection/activations/commonsense_test_003599_layer47.npy
commonsense_test_003599,commonsense,compassion,compassion,47,-911.5452270507812,mean_centered,/Users/manouchehrrimer/Desktop/BlueDot_Perona_Vector_Project/outputs/vector_construction/persona_vectors/compassion_layer47.npy,/Users/manouchehrrimer/Desktop/BlueDot_Perona_Vector_Project/outputs/ethics_projection/activations/commonsense_test_003599_layer47.npy
commonsense_test_003614,commonsense,compassion,honesty,32,-1490.6700439453125,mean_centered,/Users/manouchehrrimer/Desktop/BlueDot_Perona_Vector_Project/outputs/vector_construction/persona_vectors/honesty_layer32.npy,/Users/manouchehrrimer/Desktop/BlueDot_Perona_Vector_Project/outputs/ethics_projection/activations/commonsense_test_003614_layer32.npy
commonsense_test_003614,commonsense,compassion,harmlessness,32,1684.2552490234375,mean_centered,/Users/manouchehrrimer/Desktop/BlueDot_Perona_Vector_Project/outputs/vector_construction/persona_vectors/harmlessness_layer32.npy,/Users/manouchehrrimer/Desktop/BlueDot_Perona_Vector_Project/outputs/ethics_projection/activations/commonsense_test_003614_layer32.npy
commonsense_test_003614,commonsense,compassion,fairness,32,-2015.557861328125,mean_centered,/Users/manouchehrrimer/Desktop/BlueDot_Perona_Vector_Project/outputs/vector_construction/persona_vectors/fairness_layer32.npy,/Users/manouchehrrimer/Desktop/BlueDot_Perona_Vector_Project/outputs/ethics_projection/activations/commonsense_test_003614_layer32.npy
commonsense_test_003614,commonsense,compassion,compassion,32,-946.659912109375,mean_centered,/Users/manouchehrrimer/Desktop/BlueDot_Perona_Vector_Project/outputs/vector_construction/persona_vectors/compassion_layer32.npy,/Users/manouchehrrimer/Desktop/BlueDot_Perona_Vector_Project/outputs/ethics_projection/activations/commonsense_test_003614_layer32.npy
commonsense_test_003614,commonsense,compassion,honesty,40,-9776.103515625,mean_centered,/Users/manouchehrrimer/Desktop/BlueDot_Perona_Vector_Project/outputs/vector_construction/persona_vectors/honesty_layer40.npy,/Users/manouchehrrimer/Desktop/BlueDot_Perona_Vector_Project/outputs/ethics_projection/activations/commonsense_test_003614_layer40.npy
commonsense_test_003614,commonsense,compassion,harmlessness,40,-637.9618530273438,mean_centered,/Users/manouchehrrimer/Desktop/BlueDot_Perona_Vector_Project/outputs/vector_construction/persona_vectors/harmlessness_layer40.npy,/Users/manouchehrrimer/Desktop/BlueDot_Perona_Vector_Project/outputs/ethics_projection/activations/commonsense_test_003614_layer40.npy
commonsense_test_003614,commonsense,compassion,fairness,40,-7589.73388671875,mean_centered,/Users/manouchehrrimer/Desktop/BlueDot_Perona_Vector_Project/outputs/vector_construction/persona_vectors/fairness_layer40.npy,/Users/manouchehrrimer/Desktop/BlueDot_Perona_Vector_Project/outputs/ethics_projection/activations/commonsense_test_003614_layer40.npy
commonsense_test_003614,commonsense,compassion,compassion,40,11.229766845703125,mean_centered,/Users/manouchehrrimer/Desktop/BlueDot_Perona_Vector_Project/outputs/vector_construction/persona_vectors/compassion_layer40.npy,/Users/manouchehrrimer/Desktop/BlueDot_Perona_Vector_Project/outputs/ethics_projection/activations/commonsense_test_003614_layer40.npy
commonsense_test_003614,commonsense,compassion,honesty,47,-4445.50146484375,mean_centered,/Users/manouchehrrimer/Desktop/BlueDot_Perona_Vector_Project/outputs/vector_construction/persona_vectors/honesty_layer47.npy,/Users/manouchehrrimer/Desktop/BlueDot_Perona_Vector_Project/outputs/ethics_projection/activations/commonsense_test_003614_layer47.npy
commonsense_test_003614,commonsense,compassion,harmlessness,47,-6225.88916015625,mean_centered,/Users/manouchehrrimer/Desktop/BlueDot_Perona_Vector_Project/outputs/vector_construction/persona_vectors/harmlessness_layer47.npy,/Users/manouchehrrimer/Desktop/BlueDot_Perona_Vector_Project/outputs/ethics_projection/activations/commonsense_test_003614_layer47.npy
commonsense_test_003614,commonsense,compassion,fairness,47,-2442.169921875,mean_centered,/Users/manouchehrrimer/Desktop/BlueDot_Perona_Vector_Project/outputs/vector_construction/persona_vectors/fairness_layer47.npy,/Users/manouchehrrimer/Desktop/BlueDot_Perona_Vector_Project/outputs/ethics_projection/activations/commonsense_test_003614_layer47.npy
commonsense_test_003614,commonsense,compassion,compassion,47,-1865.92333984375,mean_centered,/Users/manouchehrrimer/Desktop/BlueDot_Perona_Vector_Project/outputs/vector_construction/persona_vectors/compassion_layer47.npy,/Users/manouchehrrimer/Desktop/BlueDot_Perona_Vector_Project/outputs/ethics_projection/activations/commonsense_test_003614_layer47.npy
commonsense_test_003672,commonsense,compassion,honesty,32,-247.9490966796875,mean_centered,/Users/manouchehrrimer/Desktop/BlueDot_Perona_Vector_Project/outputs/vector_construction/persona_vectors/honesty_layer32.npy,/Users/manouchehrrimer/Desktop/BlueDot_Perona_Vector_Project/outputs/ethics_projection/activations/commonsense_test_003672_layer32.npy
commonsense_test_003672,commonsense,compassion,harmlessness,32,384.2213439941406,mean_centered,/Users/manouchehrrimer/Desktop/BlueDot_Perona_Vector_Project/outputs/vector_construction/persona_vectors/harmlessness_layer32.npy,/Users/manouchehrrimer/Desktop/BlueDot_Perona_Vector_Project/outputs/ethics_projection/activations/commonsense_test_003672_layer32.npy
commonsense_test_003672,commonsense,compassion,fairness,32,-787.4021606445312,mean_centered,/Users/manouchehrrimer/Desktop/BlueDot_Perona_Vector_Project/outputs/vector_construction/persona_vectors/fairness_layer32.npy,/Users/manouchehrrimer/Desktop/BlueDot_Perona_Vector_Project/outputs/ethics_projection/activations/commonsense_test_003672_layer32.npy
commonsense_test_003672,commonsense,compassion,compassion,32,-136.84683227539062,mean_centered,/Users/manouchehrrimer/Desktop/BlueDot_Perona_Vector_Project/outputs/vector_construction/persona_vectors/compassion_layer32.npy,/Users/manouchehrrimer/Desktop/BlueDot_Perona_Vector_Project/outputs/ethics_projection/activations/commonsense_test_003672_layer32.npy
commonsense_test_003672,commonsense,compassion,honesty,40,-3584.052001953125,mean_centered,/Users/manouchehrrimer/Desktop/BlueDot_Perona_Vector_Project/outputs/vector_construction/persona_vectors/honesty_layer40.npy,/Users/manouchehrrimer/Desktop/BlueDot_Perona_Vector_Project/outputs/ethics_projection/activations/commonsense_test_003672_layer40.npy
commonsense_test_003672,commonsense,compassion,harmlessness,40,-474.3027648925781,mean_centered,/Users/manouchehrrimer/Desktop/BlueDot_Perona_Vector_Project/outputs/vector_construction/persona_vectors/harmlessness_layer40.npy,/Users/manouchehrrimer/Desktop/BlueDot_Perona_Vector_Project/outputs/ethics_projection/activations/commonsense_test_003672_layer40.npy
commonsense_test_003672,commonsense,compassion,fairness,40,-3259.805419921875,mean_centered,/Users/manouchehrrimer/Desktop/BlueDot_Perona_Vector_Project/outputs/vector_construction/persona_vectors/fairness_layer40.npy,/Users/manouchehrrimer/Desktop/BlueDot_Perona_Vector_Project/outputs/ethics_projection/activations/commonsense_test_003672_layer40.npy
commonsense_test_003672,commonsense,compassion,compassion,40,148.94798278808594,mean_centered,/Users/manouchehrrimer/Desktop/BlueDot_Perona_Vector_Project/outputs/vector_construction/persona_vectors/compassion_layer40.npy,/Users/manouchehrrimer/Desktop/BlueDot_Perona_Vector_Project/outputs/ethics_projection/activations/commonsense_test_003672_layer40.npy
commonsense_test_003672,commonsense,compassion,honesty,47,-3009.462646484375,mean_centered,/Users/manouchehrrimer/Desktop/BlueDot_Perona_Vector_Project/outputs/vector_construction/persona_vectors/honesty_layer47.npy,/Users/manouchehrrimer/Desktop/BlueDot_Perona_Vector_Project/outputs/ethics_projection/activations/commonsense_test_003672_layer47.npy
commonsense_test_003672,commonsense,compassion,harmlessness,47,-3900.376708984375,mean_centered,/Users/manouchehrrimer/Desktop/BlueDot_Perona_Vector_Project/outputs/vector_construction/persona_vectors/harmlessness_layer47.npy,/Users/manouchehrrimer/Desktop/BlueDot_Perona_Vector_Project/outputs/ethics_projection/activations/commonsense_test_003672_layer47.npy
commonsense_test_003672,commonsense,compassion,fairness,47,-2017.549072265625,mean_centered,/Users/manouchehrrimer/Desktop/BlueDot_Perona_Vector_Project/outputs/vector_construction/persona_vectors/fairness_layer47.npy,/Users/manouchehrrimer/Desktop/BlueDot_Perona_Vector_Project/outputs/ethics_projection/activations/commonsense_test_003672_layer47.npy
commonsense_test_003672,commonsense,compassion,compassion,47,-1518.865478515625,mean_centered,/Users/manouchehrrimer/Desktop/BlueDot_Perona_Vector_Project/outputs/vector_construction/persona_vectors/compassion_layer47.npy,/Users/manouchehrrimer/Desktop/BlueDot_Perona_Vector_Project/outputs/ethics_projection/activations/commonsense_test_003672_layer47.npy
commonsense_test_003758,commonsense,fairness,honesty,32,-2040.4443359375,mean_centered,/Users/manouchehrrimer/Desktop/BlueDot_Perona_Vector_Project/outputs/vector_construction/persona_vectors/honesty_layer32.npy,/Users/manouchehrrimer/Desktop/BlueDot_Perona_Vector_Project/outputs/ethics_projection/activations/commonsense_test_003758_layer32.npy
commonsense_test_003758,commonsense,fairness,harmlessness,32,2130.7578125,mean_centered,/Users/manouchehrrimer/Desktop/BlueDot_Perona_Vector_Project/outputs/vector_construction/persona_vectors/harmlessness_layer32.npy,/Users/manouchehrrimer/Desktop/BlueDot_Perona_Vector_Project/outputs/ethics_projection/activations/commonsense_test_003758_layer32.npy
commonsense_test_003758,commonsense,fairness,fairness,32,-2204.8427734375,mean_centered,/Users/manouchehrrimer/Desktop/BlueDot_Perona_Vector_Project/outputs/vector_construction/persona_vectors/fairness_layer32.npy,/Users/manouchehrrimer/Desktop/BlueDot_Perona_Vector_Project/outputs/ethics_projection/activations/commonsense_test_003758_layer32.npy
commonsense_test_003758,commonsense,fairness,compassion,32,-1015.078125,mean_centered,/Users/manouchehrrimer/Desktop/BlueDot_Perona_Vector_Project/outputs/vector_construction/persona_vectors/compassion_layer32.npy,/Users/manouchehrrimer/Desktop/BlueDot_Perona_Vector_Project/outputs/ethics_projection/activations/commonsense_test_003758_layer32.npy
commonsense_test_003758,commonsense,fairness,honesty,40,-9166.509765625,mean_centered,/Users/manouchehrrimer/Desktop/BlueDot_Perona_Vector_Project/outputs/vector_construction/persona_vectors/honesty_layer40.npy,/Users/manouchehrrimer/Desktop/BlueDot_Perona_Vector_Project/outputs/ethics_projection/activations/commonsense_test_003758_layer40.npy
commonsense_test_003758,commonsense,fairness,harmlessness,40,-899.8463745117188,mean_centered,/Users/manouchehrrimer/Desktop/BlueDot_Perona_Vector_Project/outputs/vector_construction/persona_vectors/harmlessness_layer40.npy,/Users/manouchehrrimer/Desktop/BlueDot_Perona_Vector_Project/outputs/ethics_projection/activations/commonsense_test_003758_layer40.npy
commonsense_test_003758,commonsense,fairness,fairness,40,-6995.3740234375,mean_centered,/Users/manouchehrrimer/Desktop/BlueDot_Perona_Vector_Project/outputs/vector_construction/persona_vectors/fairness_layer40.npy,/Users/manouchehrrimer/Desktop/BlueDot_Perona_Vector_Project/outputs/ethics_projection/activations/commonsense_test_003758_layer40.npy
commonsense_test_003758,commonsense,fairness,compassion,40,486.1160888671875,mean_centered,/Users/manouchehrrimer/Desktop/BlueDot_Perona_Vector_Project/outputs/vector_construction/persona_vectors/compassion_layer40.npy,/Users/manouchehrrimer/Desktop/BlueDot_Perona_Vector_Project/outputs/ethics_projection/activations/commonsense_test_003758_layer40.npy
commonsense_test_003758,commonsense,fairness,honesty,47,-4046.31640625,mean_centered,/Users/manouchehrrimer/Desktop/BlueDot_Perona_Vector_Project/outputs/vector_construction/persona_vectors/honesty_layer47.npy,/Users/manouchehrrimer/Desktop/BlueDot_Perona_Vector_Project/outputs/ethics_projection/activations/commonsense_test_003758_layer47.npy
commonsense_test_003758,commonsense,fairness,harmlessness,47,-3834.8671875,mean_centered,/Users/manouchehrrimer/Desktop/BlueDot_Perona_Vector_Project/outputs/vector_construction/persona_vectors/harmlessness_layer47.npy,/Users/manouchehrrimer/Desktop/BlueDot_Perona_Vector_Project/outputs/ethics_projection/activations/commonsense_test_003758_layer47.npy
commonsense_test_003758,commonsense,fairness,fairness,47,-1492.4866943359375,mean_centered,/Users/manouchehrrimer/Desktop/BlueDot_Perona_Vector_Project/outputs/vector_construction/persona_vectors/fairness_layer47.npy,/Users/manouchehrrimer/Desktop/BlueDot_Perona_Vector_Project/outputs/ethics_projection/activations/commonsense_test_003758_layer47.npy
commonsense_test_003758,commonsense,fairness,compassion,47,-374.40191650390625,mean_centered,/Users/manouchehrrimer/Desktop/BlueDot_Perona_Vector_Project/outputs/vector_construction/persona_vectors/compassion_layer47.npy,/Users/manouchehrrimer/Desktop/BlueDot_Perona_Vector_Project/outputs/ethics_projection/activations/commonsense_test_003758_layer47.npy
commonsense_test_003813,commonsense,fairness,honesty,32,-1168.544189453125,mean_centered,/Users/manouchehrrimer/Desktop/BlueDot_Perona_Vector_Project/outputs/vector_construction/persona_vectors/honesty_layer32.npy,/Users/manouchehrrimer/Desktop/BlueDot_Perona_Vector_Project/outputs/ethics_projection/activations/commonsense_test_003813_layer32.npy
commonsense_test_003813,commonsense,fairness,harmlessness,32,1703.988525390625,mean_centered,/Users/manouchehrrimer/Desktop/BlueDot_Perona_Vector_Project/outputs/vector_construction/persona_vectors/harmlessness_layer32.npy,/Users/manouchehrrimer/Desktop/BlueDot_Perona_Vector_Project/outputs/ethics_projection/activations/commonsense_test_003813_layer32.npy
commonsense_test_003813,commonsense,fairness,fairness,32,-1814.9913330078125,mean_centered,/Users/manouchehrrimer/Desktop/BlueDot_Perona_Vector_Project/outputs/vector_construction/persona_vectors/fairness_layer32.npy,/Users/manouchehrrimer/Desktop/BlueDot_Perona_Vector_Project/outputs/ethics_projection/activations/commonsense_test_003813_layer32.npy
commonsense_test_003813,commonsense,fairness,compassion,32,-835.4807739257812,mean_centered,/Users/manouchehrrimer/Desktop/BlueDot_Perona_Vector_Project/outputs/vector_construction/persona_vectors/compassion_layer32.npy,/Users/manouchehrrimer/Desktop/BlueDot_Perona_Vector_Project/outputs/ethics_projection/activations/commonsense_test_003813_layer32.npy
commonsense_test_003813,commonsense,fairness,honesty,40,-4151.86279296875,mean_centered,/Users/manouchehrrimer/Desktop/BlueDot_Perona_Vector_Project/outputs/vector_construction/persona_vectors/honesty_layer40.npy,/Users/manouchehrrimer/Desktop/BlueDot_Perona_Vector_Project/outputs/ethics_projection/activations/commonsense_test_003813_layer40.npy
commonsense_test_003813,commonsense,fairness,harmlessness,40,26.863197326660156,mean_centered,/Users/manouchehrrimer/Desktop/BlueDot_Perona_Vector_Project/outputs/vector_construction/persona_vectors/harmlessness_layer40.npy,/Users/manouchehrrimer/Desktop/BlueDot_Perona_Vector_Project/outputs/ethics_projection/activations/commonsense_test_003813_layer40.npy
commonsense_test_003813,commonsense,fairness,fairness,40,-3692.9619140625,mean_centered,/Users/manouchehrrimer/Desktop/BlueDot_Perona_Vector_Project/outputs/vector_construction/persona_vectors/fairness_layer40.npy,/Users/manouchehrrimer/Desktop/BlueDot_Perona_Vector_Project/outputs/ethics_projection/activations/commonsense_test_003813_layer40.npy
commonsense_test_003813,commonsense,fairness,compassion,40,464.8692932128906,mean_centered,/Users/manouchehrrimer/Desktop/BlueDot_Perona_Vector_Project/outputs/vector_construction/persona_vectors/compassion_layer40.npy,/Users/manouchehrrimer/Desktop/BlueDot_Perona_Vector_Project/outputs/ethics_projection/activations/commonsense_test_003813_layer40.npy
commonsense_test_003813,commonsense,fairness,honesty,47,-705.474609375,mean_centered,/Users/manouchehrrimer/Desktop/BlueDot_Perona_Vector_Project/outputs/vector_construction/persona_vectors/honesty_layer47.npy,/Users/manouchehrrimer/Desktop/BlueDot_Perona_Vector_Project/outputs/ethics_projection/activations/commonsense_test_003813_layer47.npy
commonsense_test_003813,commonsense,fairness,harmlessness,47,-712.0882568359375,mean_centered,/Users/manouchehrrimer/Desktop/BlueDot_Perona_Vector_Project/outputs/vector_construction/persona_vectors/harmlessness_layer47.npy,/Users/manouchehrrimer/Desktop/BlueDot_Perona_Vector_Project/outputs/ethics_projection/activations/commonsense_test_003813_layer47.npy
commonsense_test_003813,commonsense,fairness,fairness,47,-2215.2138671875,mean_centered,/Users/manouchehrrimer/Desktop/BlueDot_Perona_Vector_Project/outputs/vector_construction/persona_vectors/fairness_layer47.npy,/Users/manouchehrrimer/Desktop/BlueDot_Perona_Vector_Project/outputs/ethics_projection/activations/commonsense_test_003813_layer47.npy
commonsense_test_003813,commonsense,fairness,compassion,47,-278.023193359375,mean_centered,/Users/manouchehrrimer/Desktop/BlueDot_Perona_Vector_Project/outputs/vector_construction/persona_vectors/compassion_layer47.npy,/Users/manouchehrrimer/Desktop/BlueDot_Perona_Vector_Project/outputs/ethics_projection/activations/commonsense_test_003813_layer47.npy
deontology_test_000026,deontology,honesty,honesty,32,-324.372314453125,mean_centered,/Users/manouchehrrimer/Desktop/BlueDot_Perona_Vector_Project/outputs/vector_construction/persona_vectors/honesty_layer32.npy,/Users/manouchehrrimer/Desktop/BlueDot_Perona_Vector_Project/outputs/ethics_projection/activations/deontology_test_000026_layer32.npy
deontology_test_000026,deontology,honesty,harmlessness,32,1577.7900390625,mean_centered,/Users/manouchehrrimer/Desktop/BlueDot_Perona_Vector_Project/outputs/vector_construction/persona_vectors/harmlessness_layer32.npy,/Users/manouchehrrimer/Desktop/BlueDot_Perona_Vector_Project/outputs/ethics_projection/activations/deontology_test_000026_layer32.npy
deontology_test_000026,deontology,honesty,fairness,32,-943.4262084960938,mean_centered,/Users/manouchehrrimer/Desktop/BlueDot_Perona_Vector_Project/outputs/vector_construction/persona_vectors/fairness_layer32.npy,/Users/manouchehrrimer/Desktop/BlueDot_Perona_Vector_Project/outputs/ethics_projection/activations/deontology_test_000026_layer32.npy
deontology_test_000026,deontology,honesty,compassion,32,-564.1245727539062,mean_centered,/Users/manouchehrrimer/Desktop/BlueDot_Perona_Vector_Project/outputs/vector_construction/persona_vectors/compassion_layer32.npy,/Users/manouchehrrimer/Desktop/BlueDot_Perona_Vector_Project/outputs/ethics_projection/activations/deontology_test_000026_layer32.npy
deontology_test_000026,deontology,honesty,honesty,40,-1603.8475341796875,mean_centered,/Users/manouchehrrimer/Desktop/BlueDot_Perona_Vector_Project/outputs/vector_construction/persona_vectors/honesty_layer40.npy,/Users/manouchehrrimer/Desktop/BlueDot_Perona_Vector_Project/outputs/ethics_projection/activations/deontology_test_000026_layer40.npy
deontology_test_000026,deontology,honesty,harmlessness,40,1022.3098754882812,mean_centered,/Users/manouchehrrimer/Desktop/BlueDot_Perona_Vector_Project/outputs/vector_construction/persona_vectors/harmlessness_layer40.npy,/Users/manouchehrrimer/Desktop/BlueDot_Perona_Vector_Project/outputs/ethics_projection/activations/deontology_test_000026_layer40.npy
deontology_test_000026,deontology,honesty,fairness,40,-1512.98388671875,mean_centered,/Users/manouchehrrimer/Desktop/BlueDot_Perona_Vector_Project/outputs/vector_construction/persona_vectors/fairness_layer40.npy,/Users/manouchehrrimer/Desktop/BlueDot_Perona_Vector_Project/outputs/ethics_projection/activations/deontology_test_000026_layer40.npy
deontology_test_000026,deontology,honesty,compassion,40,302.722900390625,mean_centered,/Users/manouchehrrimer/Desktop/BlueDot_Perona_Vector_Project/outputs/vector_construction/persona_vectors/compassion_layer40.npy,/Users/manouchehrrimer/Desktop/BlueDot_Perona_Vector_Project/outputs/ethics_projection/activations/deontology_test_000026_layer40.npy
deontology_test_000026,deontology,honesty,honesty,47,-4922.70556640625,mean_centered,/Users/manouchehrrimer/Desktop/BlueDot_Perona_Vector_Project/outputs/vector_construction/persona_vectors/honesty_layer47.npy,/Users/manouchehrrimer/Desktop/BlueDot_Perona_Vector_Project/outputs/ethics_projection/activations/deontology_test_000026_layer47.npy
deontology_test_000026,deontology,honesty,harmlessness,47,-5448.40625,mean_centered,/Users/manouchehrrimer/Desktop/BlueDot_Perona_Vector_Project/outputs/vector_construction/persona_vectors/harmlessness_layer47.npy,/Users/manouchehrrimer/Desktop/BlueDot_Perona_Vector_Project/outputs/ethics_projection/activations/deontology_test_000026_layer47.npy
deontology_test_000026,deontology,honesty,fairness,47,-2683.73583984375,mean_centered,/Users/manouchehrrimer/Desktop/BlueDot_Perona_Vector_Project/outputs/vector_construction/persona_vectors/fairness_layer47.npy,/Users/manouchehrrimer/Desktop/BlueDot_Perona_Vector_Project/outputs/ethics_projection/activations/deontology_test_000026_layer47.npy
deontology_test_000026,deontology,honesty,compassion,47,-2998.176513671875,mean_centered,/Users/manouchehrrimer/Desktop/BlueDot_Perona_Vector_Project/outputs/vector_construction/persona_vectors/compassion_layer47.npy,/Users/manouchehrrimer/Desktop/BlueDot_Perona_Vector_Project/outputs/ethics_projection/activations/deontology_test_000026_layer47.npy
deontology_test_000032,deontology,honesty,honesty,32,363.9739685058594,mean_centered,/Users/manouchehrrimer/Desktop/BlueDot_Perona_Vector_Project/outputs/vector_construction/persona_vectors/honesty_layer32.npy,/Users/manouchehrrimer/Desktop/BlueDot_Perona_Vector_Project/outputs/ethics_projection/activations/deontology_test_000032_layer32.npy
deontology_test_000032,deontology,honesty,harmlessness,32,-253.75833129882812,mean_centered,/Users/manouchehrrimer/Desktop/BlueDot_Perona_Vector_Project/outputs/vector_construction/persona_vectors/harmlessness_layer32.npy,/Users/manouchehrrimer/Desktop/BlueDot_Perona_Vector_Project/outputs/ethics_projection/activations/deontology_test_000032_layer32.npy
deontology_test_000032,deontology,honesty,fairness,32,217.68142700195312,mean_centered,/Users/manouchehrrimer/Desktop/BlueDot_Perona_Vector_Project/outputs/vector_construction/persona_vectors/fairness_layer32.npy,/Users/manouchehrrimer/Desktop/BlueDot_Perona_Vector_Project/outputs/ethics_projection/activations/deontology_test_000032_layer32.npy
deontology_test_000032,deontology,honesty,compassion,32,46.29303741455078,mean_centered,/Users/manouchehrrimer/Desktop/BlueDot_Perona_Vector_Project/outputs/vector_construction/persona_vectors/compassion_layer32.npy,/Users/manouchehrrimer/Desktop/BlueDot_Perona_Vector_Project/outputs/ethics_projection/activations/deontology_test_000032_layer32.npy
deontology_test_000032,deontology,honesty,honesty,40,750.0707397460938,mean_centered,/Users/manouchehrrimer/Desktop/BlueDot_Perona_Vector_Project/outputs/vector_construction/persona_vectors/honesty_layer40.npy,/Users/manouchehrrimer/Desktop/BlueDot_Perona_Vector_Project/outputs/ethics_projection/activations/deontology_test_000032_layer40.npy
deontology_test_000032,deontology,honesty,harmlessness,40,235.44296264648438,mean_centered,/Users/manouchehrrimer/Desktop/BlueDot_Perona_Vector_Project/outputs/vector_construction/persona_vectors/harmlessness_layer40.npy,/Users/manouchehrrimer/Desktop/BlueDot_Perona_Vector_Project/outputs/ethics_projection/activations/deontology_test_000032_layer40.npy
deontology_test_000032,deontology,honesty,fairness,40,341.4168701171875,mean_centered,/Users/manouchehrrimer/Desktop/BlueDot_Perona_Vector_Project/outputs/vector_construction/persona_vectors/fairness_layer40.npy,/Users/manouchehrrimer/Desktop/BlueDot_Perona_Vector_Project/outputs/ethics_projection/activations/deontology_test_000032_layer40.npy
deontology_test_000032,deontology,honesty,compassion,40,-81.5284423828125,mean_centered,/Users/manouchehrrimer/Desktop/BlueDot_Perona_Vector_Project/outputs/vector_construction/persona_vectors/compassion_layer40.npy,/Users/manouchehrrimer/Desktop/BlueDot_Perona_Vector_Project/outputs/ethics_projection/activations/deontology_test_000032_layer40.npy
deontology_test_000032,deontology,honesty,honesty,47,-2458.4921875,mean_centered,/Users/manouchehrrimer/Desktop/BlueDot_Perona_Vector_Project/outputs/vector_construction/persona_vectors/honesty_layer47.npy,/Users/manouchehrrimer/Desktop/BlueDot_Perona_Vector_Project/outputs/ethics_projection/activations/deontology_test_000032_layer47.npy
deontology_test_000032,deontology,honesty,harmlessness,47,-3081.4052734375,mean_centered,/Users/manouchehrrimer/Desktop/BlueDot_Perona_Vector_Project/outputs/vector_construction/persona_vectors/harmlessness_layer47.npy,/Users/manouchehrrimer/Desktop/BlueDot_Perona_Vector_Project/outputs/ethics_projection/activations/deontology_test_000032_layer47.npy
deontology_test_000032,deontology,honesty,fairness,47,-855.2166748046875,mean_centered,/Users/manouchehrrimer/Desktop/BlueDot_Perona_Vector_Project/outputs/vector_construction/persona_vectors/fairness_layer47.npy,/Users/manouchehrrimer/Desktop/BlueDot_Perona_Vector_Project/outputs/ethics_projection/activations/deontology_test_000032_layer47.npy
deontology_test_000032,deontology,honesty,compassion,47,-1975.312744140625,mean_centered,/Users/manouchehrrimer/Desktop/BlueDot_Perona_Vector_Project/outputs/vector_construction/persona_vectors/compassion_layer47.npy,/Users/manouchehrrimer/Desktop/BlueDot_Perona_Vector_Project/outputs/ethics_projection/activations/deontology_test_000032_layer47.npy
deontology_test_000033,deontology,honesty,honesty,32,352.53778076171875,mean_centered,/Users/manouchehrrimer/Desktop/BlueDot_Perona_Vector_Project/outputs/vector_construction/persona_vectors/honesty_layer32.npy,/Users/manouchehrrimer/Desktop/BlueDot_Perona_Vector_Project/outputs/ethics_projection/activations/deontology_test_000033_layer32.npy
deontology_test_000033,deontology,honesty,harmlessness,32,-107.47941589355469,mean_centered,/Users/manouchehrrimer/Desktop/BlueDot_Perona_Vector_Project/outputs/vector_construction/persona_vectors/harmlessness_layer32.npy,/Users/manouchehrrimer/Desktop/BlueDot_Perona_Vector_Project/outputs/ethics_projection/activations/deontology_test_000033_layer32.npy
deontology_test_000033,deontology,honesty,fairness,32,27.483989715576172,mean_centered,/Users/manouchehrrimer/Desktop/BlueDot_Perona_Vector_Project/outputs/vector_construction/persona_vectors/fairness_layer32.npy,/Users/manouchehrrimer/Desktop/BlueDot_Perona_Vector_Project/outputs/ethics_projection/activations/deontology_test_000033_layer32.npy
deontology_test_000033,deontology,honesty,compassion,32,-156.11892700195312,mean_centered,/Users/manouchehrrimer/Desktop/BlueDot_Perona_Vector_Project/outputs/vector_construction/persona_vectors/compassion_layer32.npy,/Users/manouchehrrimer/Desktop/BlueDot_Perona_Vector_Project/outputs/ethics_projection/activations/deontology_test_000033_layer32.npy
deontology_test_000033,deontology,honesty,honesty,40,547.5708618164062,mean_centered,/Users/manouchehrrimer/Desktop/BlueDot_Perona_Vector_Project/outputs/vector_construction/persona_vectors/honesty_layer40.npy,/Users/manouchehrrimer/Desktop/BlueDot_Perona_Vector_Project/outputs/ethics_projection/activations/deontology_test_000033_layer40.npy
deontology_test_000033,deontology,honesty,harmlessness,40,-3.401653289794922,mean_centered,/Users/manouchehrrimer/Desktop/BlueDot_Perona_Vector_Project/outputs/vector_construction/persona_vectors/harmlessness_layer40.npy,/Users/manouchehrrimer/Desktop/BlueDot_Perona_Vector_Project/outputs/ethics_projection/activations/deontology_test_000033_layer40.npy
deontology_test_000033,deontology,honesty,fairness,40,12.5611572265625,mean_centered,/Users/manouchehrrimer/Desktop/BlueDot_Perona_Vector_Project/outputs/vector_construction/persona_vectors/fairness_layer40.npy,/Users/manouchehrrimer/Desktop/BlueDot_Perona_Vector_Project/outputs/ethics_projection/activations/deontology_test_000033_layer40.npy
deontology_test_000033,deontology,honesty,compassion,40,-184.43832397460938,mean_centered,/Users/manouchehrrimer/Desktop/BlueDot_Perona_Vector_Project/outputs/vector_construction/persona_vectors/compassion_layer40.npy,/Users/manouchehrrimer/Desktop/BlueDot_Perona_Vector_Project/outputs/ethics_projection/activations/deontology_test_000033_layer40.npy
deontology_test_000033,deontology,honesty,honesty,47,-1308.6348876953125,mean_centered,/Users/manouchehrrimer/Desktop/BlueDot_Perona_Vector_Project/outputs/vector_construction/persona_vectors/honesty_layer47.npy,/Users/manouchehrrimer/Desktop/BlueDot_Perona_Vector_Project/outputs/ethics_projection/activations/deontology_test_000033_layer47.npy
deontology_test_000033,deontology,honesty,harmlessness,47,-2312.118408203125,mean_centered,/Users/manouchehrrimer/Desktop/BlueDot_Perona_Vector_Project/outputs/vector_construction/persona_vectors/harmlessness_layer47.npy,/Users/manouchehrrimer/Desktop/BlueDot_Perona_Vector_Project/outputs/ethics_projection/activations/deontology_test_000033_layer47.npy
deontology_test_000033,deontology,honesty,fairness,47,-822.2515869140625,mean_centered,/Users/manouchehrrimer/Desktop/BlueDot_Perona_Vector_Project/outputs/vector_construction/persona_vectors/fairness_layer47.npy,/Users/manouchehrrimer/Desktop/BlueDot_Perona_Vector_Project/outputs/ethics_projection/activations/deontology_test_000033_layer47.npy
deontology_test_000033,deontology,honesty,compassion,47,-1602.7174072265625,mean_centered,/Users/manouchehrrimer/Desktop/BlueDot_Perona_Vector_Project/outputs/vector_construction/persona_vectors/compassion_layer47.npy,/Users/manouchehrrimer/Desktop/BlueDot_Perona_Vector_Project/outputs/ethics_projection/activations/deontology_test_000033_layer47.npy
deontology_test_000070,deontology,honesty,honesty,32,722.2750244140625,mean_centered,/Users/manouchehrrimer/Desktop/BlueDot_Perona_Vector_Project/outputs/vector_construction/persona_vectors/honesty_layer32.npy,/Users/manouchehrrimer/Desktop/BlueDot_Perona_Vector_Project/outputs/ethics_projection/activations/deontology_test_000070_layer32.npy
deontology_test_000070,deontology,honesty,harmlessness,32,-262.4486083984375,mean_centered,/Users/manouchehrrimer/Desktop/BlueDot_Perona_Vector_Project/outputs/vector_construction/persona_vectors/harmlessness_layer32.npy,/Users/manouchehrrimer/Desktop/BlueDot_Perona_Vector_Project/outputs/ethics_projection/activations/deontology_test_000070_layer32.npy
deontology_test_000070,deontology,honesty,fairness,32,539.6209716796875,mean_centered,/Users/manouchehrrimer/Desktop/BlueDot_Perona_Vector_Project/outputs/vector_construction/persona_vectors/fairness_layer32.npy,/Users/manouchehrrimer/Desktop/BlueDot_Perona_Vector_Project/outputs/ethics_projection/activations/deontology_test_000070_layer32.npy
deontology_test_000070,deontology,honesty,compassion,32,955.9495239257812,mean_centered,/Users/manouchehrrimer/Desktop/BlueDot_Perona_Vector_Project/outputs/vector_construction/persona_vectors/compassion_layer32.npy,/Users/manouchehrrimer/Desktop/BlueDot_Perona_Vector_Project/outputs/ethics_projection/activations/deontology_test_000070_layer32.npy
deontology_test_000070,deontology,honesty,honesty,40,1329.3525390625,mean_centered,/Users/manouchehrrimer/Desktop/BlueDot_Perona_Vector_Project/outputs/vector_construction/persona_vectors/honesty_layer40.npy,/Users/manouchehrrimer/Desktop/BlueDot_Perona_Vector_Project/outputs/ethics_projection/activations/deontology_test_000070_layer40.npy
deontology_test_000070,deontology,honesty,harmlessness,40,851.1126098632812,mean_centered,/Users/manouchehrrimer/Desktop/BlueDot_Perona_Vector_Project/outputs/vector_construction/persona_vectors/harmlessness_layer40.npy,/Users/manouchehrrimer/Desktop/BlueDot_Perona_Vector_Project/outputs/ethics_projection/activations/deontology_test_000070_layer40.npy
deontology_test_000070,deontology,honesty,fairness,40,993.93603515625,mean_centered,/Users/manouchehrrimer/Desktop/BlueDot_Perona_Vector_Project/outputs/vector_construction/persona_vectors/fairness_layer40.npy,/Users/manouchehrrimer/Desktop/BlueDot_Perona_Vector_Project/outputs/ethics_projection/activations/deontology_test_000070_layer40.npy
deontology_test_000070,deontology,honesty,compassion,40,943.1351318359375,mean_centered,/Users/manouchehrrimer/Desktop/BlueDot_Perona_Vector_Project/outputs/vector_construction/persona_vectors/compassion_layer40.npy,/Users/manouchehrrimer/Desktop/BlueDot_Perona_Vector_Project/outputs/ethics_projection/activations/deontology_test_000070_layer40.npy
deontology_test_000070,deontology,honesty,honesty,47,1218.599609375,mean_centered,/Users/manouchehrrimer/Desktop/BlueDot_Perona_Vector_Project/outputs/vector_construction/persona_vectors/honesty_layer47.npy,/Users/manouchehrrimer/Desktop/BlueDot_Perona_Vector_Project/outputs/ethics_projection/activations/deontology_test_000070_layer47.npy
deontology_test_000070,deontology,honesty,harmlessness,47,2022.9569091796875,mean_centered,/Users/manouchehrrimer/Desktop/BlueDot_Perona_Vector_Project/outputs/vector_construction/persona_vectors/harmlessness_layer47.npy,/Users/manouchehrrimer/Desktop/BlueDot_Perona_Vector_Project/outputs/ethics_projection/activations/deontology_test_000070_layer47.npy
deontology_test_000070,deontology,honesty,fairness,47,823.5191040039062,mean_centered,/Users/manouchehrrimer/Desktop/BlueDot_Perona_Vector_Project/outputs/vector_construction/persona_vectors/fairness_layer47.npy,/Users/manouchehrrimer/Desktop/BlueDot_Perona_Vector_Project/outputs/ethics_projection/activations/deontology_test_000070_layer47.npy
deontology_test_000070,deontology,honesty,compassion,47,1378.868408203125,mean_centered,/Users/manouchehrrimer/Desktop/BlueDot_Perona_Vector_Project/outputs/vector_construction/persona_vectors/compassion_layer47.npy,/Users/manouchehrrimer/Desktop/BlueDot_Perona_Vector_Project/outputs/ethics_projection/activations/deontology_test_000070_layer47.npy
deontology_test_000093,deontology,honesty,honesty,32,-347.14605712890625,mean_centered,/Users/manouchehrrimer/Desktop/BlueDot_Perona_Vector_Project/outputs/vector_construction/persona_vectors/honesty_layer32.npy,/Users/manouchehrrimer/Desktop/BlueDot_Perona_Vector_Project/outputs/ethics_projection/activations/deontology_test_000093_layer32.npy
deontology_test_000093,deontology,honesty,harmlessness,32,967.09033203125,mean_centered,/Users/manouchehrrimer/Desktop/BlueDot_Perona_Vector_Project/outputs/vector_construction/persona_vectors/harmlessness_layer32.npy,/Users/manouchehrrimer/Desktop/BlueDot_Perona_Vector_Project/outputs/ethics_projection/activations/deontology_test_000093_layer32.npy
deontology_test_000093,deontology,honesty,fairness,32,-755.0380859375,mean_centered,/Users/manouchehrrimer/Desktop/BlueDot_Perona_Vector_Project/outputs/vector_construction/persona_vectors/fairness_layer32.npy,/Users/manouchehrrimer/Desktop/BlueDot_Perona_Vector_Project/outputs/ethics_projection/activations/deontology_test_000093_layer32.npy
deontology_test_000093,deontology,honesty,compassion,32,-575.0549926757812,mean_centered,/Users/manouchehrrimer/Desktop/BlueDot_Perona_Vector_Project/outputs/vector_construction/persona_vectors/compassion_layer32.npy,/Users/manouchehrrimer/Desktop/BlueDot_Perona_Vector_Project/outputs/ethics_projection/activations/deontology_test_000093_layer32.npy
deontology_test_000093,deontology,honesty,honesty,40,-1156.566650390625,mean_centered,/Users/manouchehrrimer/Desktop/BlueDot_Perona_Vector_Project/outputs/vector_construction/persona_vectors/honesty_layer40.npy,/Users/manouchehrrimer/Desktop/BlueDot_Perona_Vector_Project/outputs/ethics_projection/activations/deontology_test_000093_layer40.npy
deontology_test_000093,deontology,honesty,harmlessness,40,362.20361328125,mean_centered,/Users/manouchehrrimer/Desktop/BlueDot_Perona_Vector_Project/outputs/vector_construction/persona_vectors/harmlessness_layer40.npy,/Users/manouchehrrimer/Desktop/BlueDot_Perona_Vector_Project/outputs/ethics_projection/activations/deontology_test_000093_layer40.npy
deontology_test_000093,deontology,honesty,fairness,40,-1045.03857421875,mean_centered,/Users/manouchehrrimer/Desktop/BlueDot_Perona_Vector_Project/outputs/vector_construction/persona_vectors/fairness_layer40.npy,/Users/manouchehrrimer/Desktop/BlueDot_Perona_Vector_Project/outputs/ethics_projection/activations/deontology_test_000093_layer40.npy
deontology_test_000093,deontology,honesty,compassion,40,75.89569091796875,mean_centered,/Users/manouchehrrimer/Desktop/BlueDot_Perona_Vector_Project/outputs/vector_construction/persona_vectors/compassion_layer40.npy,/Users/manouchehrrimer/Desktop/BlueDot_Perona_Vector_Project/outputs/ethics_projection/activations/deontology_test_000093_layer40.npy
deontology_test_000093,deontology,honesty,honesty,47,-3640.43115234375,mean_centered,/Users/manouchehrrimer/Desktop/BlueDot_Perona_Vector_Project/outputs/vector_construction/persona_vectors/honesty_layer47.npy,/Users/manouchehrrimer/Desktop/BlueDot_Perona_Vector_Project/outputs/ethics_projection/activations/deontology_test_000093_layer47.npy
deontology_test_000093,deontology,honesty,harmlessness,47,-4827.98779296875,mean_centered,/Users/manouchehrrimer/Desktop/BlueDot_Perona_Vector_Project/outputs/vector_construction/persona_vectors/harmlessness_layer47.npy,/Users/manouchehrrimer/Desktop/BlueDot_Perona_Vector_Project/outputs/ethics_projection/activations/deontology_test_000093_layer47.npy
deontology_test_000093,deontology,honesty,fairness,47,-1841.7279052734375,mean_centered,/Users/manouchehrrimer/Desktop/BlueDot_Perona_Vector_Project/outputs/vector_construction/persona_vectors/fairness_layer47.npy,/Users/manouchehrrimer/Desktop/BlueDot_Perona_Vector_Project/outputs/ethics_projection/activations/deontology_test_000093_layer47.npy
deontology_test_000093,deontology,honesty,compassion,47,-2676.22021484375,mean_centered,/Users/manouchehrrimer/Desktop/BlueDot_Perona_Vector_Project/outputs/vector_construction/persona_vectors/compassion_layer47.npy,/Users/manouchehrrimer/Desktop/BlueDot_Perona_Vector_Project/outputs/ethics_projection/activations/deontology_test_000093_layer47.npy
deontology_test_000120,deontology,honesty,honesty,32,109.52348327636719,mean_centered,/Users/manouchehrrimer/Desktop/BlueDot_Perona_Vector_Project/outputs/vector_construction/persona_vectors/honesty_layer32.npy,/Users/manouchehrrimer/Desktop/BlueDot_Perona_Vector_Project/outputs/ethics_projection/activations/deontology_test_000120_layer32.npy
deontology_test_000120,deontology,honesty,harmlessness,32,753.4879150390625,mean_centered,/Users/manouchehrrimer/Desktop/BlueDot_Perona_Vector_Project/outputs/vector_construction/persona_vectors/harmlessness_layer32.npy,/Users/manouchehrrimer/Desktop/BlueDot_Perona_Vector_Project/outputs/ethics_projection/activations/deontology_test_000120_layer32.npy
deontology_test_000120,deontology,honesty,fairness,32,-363.70281982421875,mean_centered,/Users/manouchehrrimer/Desktop/BlueDot_Perona_Vector_Project/outputs/vector_construction/persona_vectors/fairness_layer32.npy,/Users/manouchehrrimer/Desktop/BlueDot_Perona_Vector_Project/outputs/ethics_projection/activations/deontology_test_000120_layer32.npy
deontology_test_000120,deontology,honesty,compassion,32,-250.10491943359375,mean_centered,/Users/manouchehrrimer/Desktop/BlueDot_Perona_Vector_Project/outputs/vector_construction/persona_vectors/compassion_layer32.npy,/Users/manouchehrrimer/Desktop/BlueDot_Perona_Vector_Project/outputs/ethics_projection/activations/deontology_test_000120_layer32.npy
deontology_test_000120,deontology,honesty,honesty,40,2147.602783203125,mean_centered,/Users/manouchehrrimer/Desktop/BlueDot_Perona_Vector_Project/outputs/vector_construction/persona_vectors/honesty_layer40.npy,/Users/manouchehrrimer/Desktop/BlueDot_Perona_Vector_Project/outputs/ethics_projection/activations/deontology_test_000120_layer40.npy
deontology_test_000120,deontology,honesty,harmlessness,40,1302.513916015625,mean_centered,/Users/manouchehrrimer/Desktop/BlueDot_Perona_Vector_Project/outputs/vector_construction/persona_vectors/harmlessness_layer40.npy,/Users/manouchehrrimer/Desktop/BlueDot_Perona_Vector_Project/outputs/ethics_projection/activations/deontology_test_000120_layer40.npy
deontology_test_000120,deontology,honesty,fairness,40,916.7866821289062,mean_centered,/Users/manouchehrrimer/Desktop/BlueDot_Perona_Vector_Project/outputs/vector_construction/persona_vectors/fairness_layer40.npy,/Users/manouchehrrimer/Desktop/BlueDot_Perona_Vector_Project/outputs/ethics_projection/activations/deontology_test_000120_layer40.npy
deontology_test_000120,deontology,honesty,compassion,40,233.94888305664062,mean_centered,/Users/manouchehrrimer/Desktop/BlueDot_Perona_Vector_Project/outputs/vector_construction/persona_vectors/compassion_layer40.npy,/Users/manouchehrrimer/Desktop/BlueDot_Perona_Vector_Project/outputs/ethics_projection/activations/deontology_test_000120_layer40.npy
deontology_test_000120,deontology,honesty,honesty,47,660.25732421875,mean_centered,/Users/manouchehrrimer/Desktop/BlueDot_Perona_Vector_Project/outputs/vector_construction/persona_vectors/honesty_layer47.npy,/Users/manouchehrrimer/Desktop/BlueDot_Perona_Vector_Project/outputs/ethics_projection/activations/deontology_test_000120_layer47.npy
deontology_test_000120,deontology,honesty,harmlessness,47,1302.4937744140625,mean_centered,/Users/manouchehrrimer/Desktop/BlueDot_Perona_Vector_Project/outputs/vector_construction/persona_vectors/harmlessness_layer47.npy,/Users/manouchehrrimer/Desktop/BlueDot_Perona_Vector_Project/outputs/ethics_projection/activations/deontology_test_000120_layer47.npy
deontology_test_000120,deontology,honesty,fairness,47,-786.6569213867188,mean_centered,/Users/manouchehrrimer/Desktop/BlueDot_Perona_Vector_Project/outputs/vector_construction/persona_vectors/fairness_layer47.npy,/Users/manouchehrrimer/Desktop/BlueDot_Perona_Vector_Project/outputs/ethics_projection/activations/deontology_test_000120_layer47.npy
deontology_test_000120,deontology,honesty,compassion,47,110.31301879882812,mean_centered,/Users/manouchehrrimer/Desktop/BlueDot_Perona_Vector_Project/outputs/vector_construction/persona_vectors/compassion_layer47.npy,/Users/manouchehrrimer/Desktop/BlueDot_Perona_Vector_Project/outputs/ethics_projection/activations/deontology_test_000120_layer47.npy
deontology_test_000134,deontology,honesty,honesty,32,-286.06829833984375,mean_centered,/Users/manouchehrrimer/Desktop/BlueDot_Perona_Vector_Project/outputs/vector_construction/persona_vectors/honesty_layer32.npy,/Users/manouchehrrimer/Desktop/BlueDot_Perona_Vector_Project/outputs/ethics_projection/activations/deontology_test_000134_layer32.npy
deontology_test_000134,deontology,honesty,harmlessness,32,-341.53424072265625,mean_centered,/Users/manouchehrrimer/Desktop/BlueDot_Perona_Vector_Project/outputs/vector_construction/persona_vectors/harmlessness_layer32.npy,/Users/manouchehrrimer/Desktop/BlueDot_Perona_Vector_Project/outputs/ethics_projection/activations/deontology_test_000134_layer32.npy
deontology_test_000134,deontology,honesty,fairness,32,268.6693115234375,mean_centered,/Users/manouchehrrimer/Desktop/BlueDot_Perona_Vector_Project/outputs/vector_construction/persona_vectors/fairness_layer32.npy,/Users/manouchehrrimer/Desktop/BlueDot_Perona_Vector_Project/outputs/ethics_projection/activations/deontology_test_000134_layer32.npy
deontology_test_000134,deontology,honesty,compassion,32,-135.12850952148438,mean_centered,/Users/manouchehrrimer/Desktop/BlueDot_Perona_Vector_Project/outputs/vector_construction/persona_vectors/compassion_layer32.npy,/Users/manouchehrrimer/Desktop/BlueDot_Perona_Vector_Project/outputs/ethics_projection/activations/deontology_test_000134_layer32.npy
deontology_test_000134,deontology,honesty,honesty,40,662.3695068359375,mean_centered,/Users/manouchehrrimer/Desktop/BlueDot_Perona_Vector_Project/outputs/vector_construction/persona_vectors/honesty_layer40.npy,/Users/manouchehrrimer/Desktop/BlueDot_Perona_Vector_Project/outputs/ethics_projection/activations/deontology_test_000134_layer40.npy
deontology_test_000134,deontology,honesty,harmlessness,40,-231.9767303466797,mean_centered,/Users/manouchehrrimer/Desktop/BlueDot_Perona_Vector_Project/outputs/vector_construction/persona_vectors/harmlessness_layer40.npy,/Users/manouchehrrimer/Desktop/BlueDot_Perona_Vector_Project/outputs/ethics_projection/activations/deontology_test_000134_layer40.npy
deontology_test_000134,deontology,honesty,fairness,40,993.4718627929688,mean_centered,/Users/manouchehrrimer/Desktop/BlueDot_Perona_Vector_Project/outputs/vector_construction/persona_vectors/fairness_layer40.npy,/Users/manouchehrrimer/Desktop/BlueDot_Perona_Vector_Project/outputs/ethics_projection/activations/deontology_test_000134_layer40.npy
deontology_test_000134,deontology,honesty,compassion,40,-468.4595031738281,mean_centered,/Users/manouchehrrimer/Desktop/BlueDot_Perona_Vector_Project/outputs/vector_construction/persona_vectors/compassion_layer40.npy,/Users/manouchehrrimer/Desktop/BlueDot_Perona_Vector_Project/outputs/ethics_projection/activations/deontology_test_000134_layer40.npy
deontology_test_000134,deontology,honesty,honesty,47,770.43115234375,mean_centered,/Users/manouchehrrimer/Desktop/BlueDot_Perona_Vector_Project/outputs/vector_construction/persona_vectors/honesty_layer47.npy,/Users/manouchehrrimer/Desktop/BlueDot_Perona_Vector_Project/outputs/ethics_projection/activations/deontology_test_000134_layer47.npy
deontology_test_000134,deontology,honesty,harmlessness,47,2145.231689453125,mean_centered,/Users/manouchehrrimer/Desktop/BlueDot_Perona_Vector_Project/outputs/vector_construction/persona_vectors/harmlessness_layer47.npy,/Users/manouchehrrimer/Desktop/BlueDot_Perona_Vector_Project/outputs/ethics_projection/activations/deontology_test_000134_layer47.npy
deontology_test_000134,deontology,honesty,fairness,47,1120.6341552734375,mean_centered,/Users/manouchehrrimer/Desktop/BlueDot_Perona_Vector_Project/outputs/vector_construction/persona_vectors/fairness_layer47.npy,/Users/manouchehrrimer/Desktop/BlueDot_Perona_Vector_Project/outputs/ethics_projection/activations/deontology_test_000134_layer47.npy
deontology_test_000134,deontology,honesty,compassion,47,887.2195434570312,mean_centered,/Users/manouchehrrimer/Desktop/BlueDot_Perona_Vector_Project/outputs/vector_construction/persona_vectors/compassion_layer47.npy,/Users/manouchehrrimer/Desktop/BlueDot_Perona_Vector_Project/outputs/ethics_projection/activations/deontology_test_000134_layer47.npy
deontology_test_000149,deontology,honesty,honesty,32,1330.39453125,mean_centered,/Users/manouchehrrimer/Desktop/BlueDot_Perona_Vector_Project/outputs/vector_construction/persona_vectors/honesty_layer32.npy,/Users/manouchehrrimer/Desktop/BlueDot_Perona_Vector_Project/outputs/ethics_projection/activations/deontology_test_000149_layer32.npy
deontology_test_000149,deontology,honesty,harmlessness,32,-1188.7525634765625,mean_centered,/Users/manouchehrrimer/Desktop/BlueDot_Perona_Vector_Project/outputs/vector_construction/persona_vectors/harmlessness_layer32.npy,/Users/manouchehrrimer/Desktop/BlueDot_Perona_Vector_Project/outputs/ethics_projection/activations/deontology_test_000149_layer32.npy
deontology_test_000149,deontology,honesty,fairness,32,1242.483642578125,mean_centered,/Users/manouchehrrimer/Desktop/BlueDot_Perona_Vector_Project/outputs/vector_construction/persona_vectors/fairness_layer32.npy,/Users/manouchehrrimer/Desktop/BlueDot_Perona_Vector_Project/outputs/ethics_projection/activations/deontology_test_000149_layer32.npy
deontology_test_000149,deontology,honesty,compassion,32,643.28759765625,mean_centered,/Users/manouchehrrimer/Desktop/BlueDot_Perona_Vector_Project/outputs/vector_construction/persona_vectors/compassion_layer32.npy,/Users/manouchehrrimer/Desktop/BlueDot_Perona_Vector_Project/outputs/ethics_projection/activations/deontology_test_000149_layer32.npy
deontology_test_000149,deontology,honesty,honesty,40,2310.0751953125,mean_centered,/Users/manouchehrrimer/Desktop/BlueDot_Perona_Vector_Project/outputs/vector_construction/persona_vectors/honesty_layer40.npy,/Users/manouchehrrimer/Desktop/BlueDot_Perona_Vector_Project/outputs/ethics_projection/activations/deontology_test_000149_layer40.npy
deontology_test_000149,deontology,honesty,harmlessness,40,312.7142639160156,mean_centered,/Users/manouchehrrimer/Desktop/BlueDot_Perona_Vector_Project/outputs/vector_construction/persona_vectors/harmlessness_layer40.npy,/Users/manouchehrrimer/Desktop/BlueDot_Perona_Vector_Project/outputs/ethics_projection/activations/deontology_test_000149_layer40.npy
deontology_test_000149,deontology,honesty,fairness,40,1650.9315185546875,mean_centered,/Users/manouchehrrimer/Desktop/BlueDot_Perona_Vector_Project/outputs/vector_construction/persona_vectors/fairness_layer40.npy,/Users/manouchehrrimer/Desktop/BlueDot_Perona_Vector_Project/outputs/ethics_projection/activations/deontology_test_000149_layer40.npy
deontology_test_000149,deontology,honesty,compassion,40,44.111671447753906,mean_centered,/Users/manouchehrrimer/Desktop/BlueDot_Perona_Vector_Project/outputs/vector_construction/persona_vectors/compassion_layer40.npy,/Users/manouchehrrimer/Desktop/BlueDot_Perona_Vector_Project/outputs/ethics_projection/activations/deontology_test_000149_layer40.npy
deontology_test_000149,deontology,honesty,honesty,47,-1121.2843017578125,mean_centered,/Users/manouchehrrimer/Desktop/BlueDot_Perona_Vector_Project/outputs/vector_construction/persona_vectors/honesty_layer47.npy,/Users/manouchehrrimer/Desktop/BlueDot_Perona_Vector_Project/outputs/ethics_projection/activations/deontology_test_000149_layer47.npy
deontology_test_000149,deontology,honesty,harmlessness,47,-1695.041748046875,mean_centered,/Users/manouchehrrimer/Desktop/BlueDot_Perona_Vector_Project/outputs/vector_construction/persona_vectors/harmlessness_layer47.npy,/Users/manouchehrrimer/Desktop/BlueDot_Perona_Vector_Project/outputs/ethics_projection/activations/deontology_test_000149_layer47.npy
deontology_test_000149,deontology,honesty,fairness,47,87.86686706542969,mean_centered,/Users/manouchehrrimer/Desktop/BlueDot_Perona_Vector_Project/outputs/vector_construction/persona_vectors/fairness_layer47.npy,/Users/manouchehrrimer/Desktop/BlueDot_Perona_Vector_Project/outputs/ethics_projection/activations/deontology_test_000149_layer47.npy
deontology_test_000149,deontology,honesty,compassion,47,-1073.4788818359375,mean_centered,/Users/manouchehrrimer/Desktop/BlueDot_Perona_Vector_Project/outputs/vector_construction/persona_vectors/compassion_layer47.npy,/Users/manouchehrrimer/Desktop/BlueDot_Perona_Vector_Project/outputs/ethics_projection/activations/deontology_test_000149_layer47.npy
deontology_test_000315,deontology,honesty,honesty,32,-623.8418579101562,mean_centered,/Users/manouchehrrimer/Desktop/BlueDot_Perona_Vector_Project/outputs/vector_construction/persona_vectors/honesty_layer32.npy,/Users/manouchehrrimer/Desktop/BlueDot_Perona_Vector_Project/outputs/ethics_projection/activations/deontology_test_000315_layer32.npy
deontology_test_000315,deontology,honesty,harmlessness,32,-546.8043212890625,mean_centered,/Users/manouchehrrimer/Desktop/BlueDot_Perona_Vector_Project/outputs/vector_construction/persona_vectors/harmlessness_layer32.npy,/Users/manouchehrrimer/Desktop/BlueDot_Perona_Vector_Project/outputs/ethics_projection/activations/deontology_test_000315_layer32.npy
deontology_test_000315,deontology,honesty,fairness,32,208.11752319335938,mean_centered,/Users/manouchehrrimer/Desktop/BlueDot_Perona_Vector_Project/outputs/vector_construction/persona_vectors/fairness_layer32.npy,/Users/manouchehrrimer/Desktop/BlueDot_Perona_Vector_Project/outputs/ethics_projection/activations/deontology_test_000315_layer32.npy
deontology_test_000315,deontology,honesty,compassion,32,-771.3474731445312,mean_centered,/Users/manouchehrrimer/Desktop/BlueDot_Perona_Vector_Project/outputs/vector_construction/persona_vectors/compassion_layer32.npy,/Users/manouchehrrimer/Desktop/BlueDot_Perona_Vector_Project/outputs/ethics_projection/activations/deontology_test_000315_layer32.npy
deontology_test_000315,deontology,honesty,honesty,40,-1971.8681640625,mean_centered,/Users/manouchehrrimer/Desktop/BlueDot_Perona_Vector_Project/outputs/vector_construction/persona_vectors/honesty_layer40.npy,/Users/manouchehrrimer/Desktop/BlueDot_Perona_Vector_Project/outputs/ethics_projection/activations/deontology_test_000315_layer40.npy
deontology_test_000315,deontology,honesty,harmlessness,40,-1387.931884765625,mean_centered,/Users/manouchehrrimer/Desktop/BlueDot_Perona_Vector_Project/outputs/vector_construction/persona_vectors/harmlessness_layer40.npy,/Users/manouchehrrimer/Desktop/BlueDot_Perona_Vector_Project/outputs/ethics_projection/activations/deontology_test_000315_layer40.npy
deontology_test_000315,deontology,honesty,fairness,40,-370.4219970703125,mean_centered,/Users/manouchehrrimer/Desktop/BlueDot_Perona_Vector_Project/outputs/vector_construction/persona_vectors/fairness_layer40.npy,/Users/manouchehrrimer/Desktop/BlueDot_Perona_Vector_Project/outputs/ethics_projection/activations/deontology_test_000315_layer40.npy
deontology_test_000315,deontology,honesty,compassion,40,-899.91015625,mean_centered,/Users/manouchehrrimer/Desktop/BlueDot_Perona_Vector_Project/outputs/vector_construction/persona_vectors/compassion_layer40.npy,/Users/manouchehrrimer/Desktop/BlueDot_Perona_Vector_Project/outputs/ethics_projection/activations/deontology_test_000315_layer40.npy
deontology_test_000315,deontology,honesty,honesty,47,548.2647705078125,mean_centered,/Users/manouchehrrimer/Desktop/BlueDot_Perona_Vector_Project/outputs/vector_construction/persona_vectors/honesty_layer47.npy,/Users/manouchehrrimer/Desktop/BlueDot_Perona_Vector_Project/outputs/ethics_projection/activations/deontology_test_000315_layer47.npy
deontology_test_000315,deontology,honesty,harmlessness,47,446.2315673828125,mean_centered,/Users/manouchehrrimer/Desktop/BlueDot_Perona_Vector_Project/outputs/vector_construction/persona_vectors/harmlessness_layer47.npy,/Users/manouchehrrimer/Desktop/BlueDot_Perona_Vector_Project/outputs/ethics_projection/activations/deontology_test_000315_layer47.npy
deontology_test_000315,deontology,honesty,fairness,47,498.2474365234375,mean_centered,/Users/manouchehrrimer/Desktop/BlueDot_Perona_Vector_Project/outputs/vector_construction/persona_vectors/fairness_layer47.npy,/Users/manouchehrrimer/Desktop/BlueDot_Perona_Vector_Project/outputs/ethics_projection/activations/deontology_test_000315_layer47.npy
deontology_test_000315,deontology,honesty,compassion,47,-26.457275390625,mean_centered,/Users/manouchehrrimer/Desktop/BlueDot_Perona_Vector_Project/outputs/vector_construction/persona_vectors/compassion_layer47.npy,/Users/manouchehrrimer/Desktop/BlueDot_Perona_Vector_Project/outputs/ethics_projection/activations/deontology_test_000315_layer47.npy
deontology_test_000387,deontology,honesty,honesty,32,932.994384765625,mean_centered,/Users/manouchehrrimer/Desktop/BlueDot_Perona_Vector_Project/outputs/vector_construction/persona_vectors/honesty_layer32.npy,/Users/manouchehrrimer/Desktop/BlueDot_Perona_Vector_Project/outputs/ethics_projection/activations/deontology_test_000387_layer32.npy
deontology_test_000387,deontology,honesty,harmlessness,32,-2081.091552734375,mean_centered,/Users/manouchehrrimer/Desktop/BlueDot_Perona_Vector_Project/outputs/vector_construction/persona_vectors/harmlessness_layer32.npy,/Users/manouchehrrimer/Desktop/BlueDot_Perona_Vector_Project/outputs/ethics_projection/activations/deontology_test_000387_layer32.npy
deontology_test_000387,deontology,honesty,fairness,32,1588.5595703125,mean_centered,/Users/manouchehrrimer/Desktop/BlueDot_Perona_Vector_Project/outputs/vector_construction/persona_vectors/fairness_layer32.npy,/Users/manouchehrrimer/Desktop/BlueDot_Perona_Vector_Project/outputs/ethics_projection/activations/deontology_test_000387_layer32.npy
deontology_test_000387,deontology,honesty,compassion,32,1217.6839599609375,mean_centered,/Users/manouchehrrimer/Desktop/BlueDot_Perona_Vector_Project/outputs/vector_construction/persona_vectors/compassion_layer32.npy,/Users/manouchehrrimer/Desktop/BlueDot_Perona_Vector_Project/outputs/ethics_projection/activations/deontology_test_000387_layer32.npy
deontology_test_000387,deontology,honesty,honesty,40,1924.633544921875,mean_centered,/Users/manouchehrrimer/Desktop/BlueDot_Perona_Vector_Project/outputs/vector_construction/persona_vectors/honesty_layer40.npy,/Users/manouchehrrimer/Desktop/BlueDot_Perona_Vector_Project/outputs/ethics_projection/activations/deontology_test_000387_layer40.npy
deontology_test_000387,deontology,honesty,harmlessness,40,-749.5474243164062,mean_centered,/Users/manouchehrrimer/Desktop/BlueDot_Perona_Vector_Project/outputs/vector_construction/persona_vectors/harmlessness_layer40.npy,/Users/manouchehrrimer/Desktop/BlueDot_Perona_Vector_Project/outputs/ethics_projection/activations/deontology_test_000387_layer40.npy
deontology_test_000387,deontology,honesty,fairness,40,2088.451171875,mean_centered,/Users/manouchehrrimer/Desktop/BlueDot_Perona_Vector_Project/outputs/vector_construction/persona_vectors/fairness_layer40.npy,/Users/manouchehrrimer/Desktop/BlueDot_Perona_Vector_Project/outputs/ethics_projection/activations/deontology_test_000387_layer40.npy
deontology_test_000387,deontology,honesty,compassion,40,-46.68636703491211,mean_centered,/Users/manouchehrrimer/Desktop/BlueDot_Perona_Vector_Project/outputs/vector_construction/persona_vectors/compassion_layer40.npy,/Users/manouchehrrimer/Desktop/BlueDot_Perona_Vector_Project/outputs/ethics_projection/activations/deontology_test_000387_layer40.npy
deontology_test_000387,deontology,honesty,honesty,47,1318.301513671875,mean_centered,/Users/manouchehrrimer/Desktop/BlueDot_Perona_Vector_Project/outputs/vector_construction/persona_vectors/honesty_layer47.npy,/Users/manouchehrrimer/Desktop/BlueDot_Perona_Vector_Project/outputs/ethics_projection/activations/deontology_test_000387_layer47.npy
deontology_test_000387,deontology,honesty,harmlessness,47,1822.474853515625,mean_centered,/Users/manouchehrrimer/Desktop/BlueDot_Perona_Vector_Project/outputs/vector_construction/persona_vectors/harmlessness_layer47.npy,/Users/manouchehrrimer/Desktop/BlueDot_Perona_Vector_Project/outputs/ethics_projection/activations/deontology_test_000387_layer47.npy
deontology_test_000387,deontology,honesty,fairness,47,1956.52099609375,mean_centered,/Users/manouchehrrimer/Desktop/BlueDot_Perona_Vector_Project/outputs/vector_construction/persona_vectors/fairness_layer47.npy,/Users/manouchehrrimer/Desktop/BlueDot_Perona_Vector_Project/outputs/ethics_projection/activations/deontology_test_000387_layer47.npy
deontology_test_000387,deontology,honesty,compassion,47,1578.6546630859375,mean_centered,/Users/manouchehrrimer/Desktop/BlueDot_Perona_Vector_Project/outputs/vector_construction/persona_vectors/compassion_layer47.npy,/Users/manouchehrrimer/Desktop/BlueDot_Perona_Vector_Project/outputs/ethics_projection/activations/deontology_test_000387_layer47.npy
deontology_test_000501,deontology,honesty,honesty,32,-141.18182373046875,mean_centered,/Users/manouchehrrimer/Desktop/BlueDot_Perona_Vector_Project/outputs/vector_construction/persona_vectors/honesty_layer32.npy,/Users/manouchehrrimer/Desktop/BlueDot_Perona_Vector_Project/outputs/ethics_projection/activations/deontology_test_000501_layer32.npy
deontology_test_000501,deontology,honesty,harmlessness,32,-404.76629638671875,mean_centered,/Users/manouchehrrimer/Desktop/BlueDot_Perona_Vector_Project/outputs/vector_construction/persona_vectors/harmlessness_layer32.npy,/Users/manouchehrrimer/Desktop/BlueDot_Perona_Vector_Project/outputs/ethics_projection/activations/deontology_test_000501_layer32.npy
deontology_test_000501,deontology,honesty,fairness,32,260.66961669921875,mean_centered,/Users/manouchehrrimer/Desktop/BlueDot_Perona_Vector_Project/outputs/vector_construction/persona_vectors/fairness_layer32.npy,/Users/manouchehrrimer/Desktop/BlueDot_Perona_Vector_Project/outputs/ethics_projection/activations/deontology_test_000501_layer32.npy
deontology_test_000501,deontology,honesty,compassion,32,-181.87376403808594,mean_centered,/Users/manouchehrrimer/Desktop/BlueDot_Perona_Vector_Project/outputs/vector_construction/persona_vectors/compassion_layer32.npy,/Users/manouchehrrimer/Desktop/BlueDot_Perona_Vector_Project/outputs/ethics_projection/activations/deontology_test_000501_layer32.npy
deontology_test_000501,deontology,honesty,honesty,40,-1318.398681640625,mean_centered,/Users/manouchehrrimer/Desktop/BlueDot_Perona_Vector_Project/outputs/vector_construction/persona_vectors/honesty_layer40.npy,/Users/manouchehrrimer/Desktop/BlueDot_Perona_Vector_Project/outputs/ethics_projection/activations/deontology_test_000501_layer40.npy
deontology_test_000501,deontology,honesty,harmlessness,40,-829.8092651367188,mean_centered,/Users/manouchehrrimer/Desktop/BlueDot_Perona_Vector_Project/outputs/vector_construction/persona_vectors/harmlessness_layer40.npy,/Users/manouchehrrimer/Desktop/BlueDot_Perona_Vector_Project/outputs/ethics_projection/activations/deontology_test_000501_layer40.npy
deontology_test_000501,deontology,honesty,fairness,40,-728.02978515625,mean_centered,/Users/manouchehrrimer/Desktop/BlueDot_Perona_Vector_Project/outputs/vector_construction/persona_vectors/fairness_layer40.npy,/Users/manouchehrrimer/Desktop/BlueDot_Perona_Vector_Project/outputs/ethics_projection/activations/deontology_test_000501_layer40.npy
deontology_test_000501,deontology,honesty,compassion,40,-514.7962036132812,mean_centered,/Users/manouchehrrimer/Desktop/BlueDot_Perona_Vector_Project/outputs/vector_construction/persona_vectors/compassion_layer40.npy,/Users/manouchehrrimer/Desktop/BlueDot_Perona_Vector_Project/outputs/ethics_projection/activations/deontology_test_000501_layer40.npy
deontology_test_000501,deontology,honesty,honesty,47,-8402.1259765625,mean_centered,/Users/manouchehrrimer/Desktop/BlueDot_Perona_Vector_Project/outputs/vector_construction/persona_vectors/honesty_layer47.npy,/Users/manouchehrrimer/Desktop/BlueDot_Perona_Vector_Project/outputs/ethics_projection/activations/deontology_test_000501_layer47.npy
deontology_test_000501,deontology,honesty,harmlessness,47,-10467.2275390625,mean_centered,/Users/manouchehrrimer/Desktop/BlueDot_Perona_Vector_Project/outputs/vector_construction/persona_vectors/harmlessness_layer47.npy,/Users/manouchehrrimer/Desktop/BlueDot_Perona_Vector_Project/outputs/ethics_projection/activations/deontology_test_000501_layer47.npy
deontology_test_000501,deontology,honesty,fairness,47,-3006.13720703125,mean_centered,/Users/manouchehrrimer/Desktop/BlueDot_Perona_Vector_Project/outputs/vector_construction/persona_vectors/fairness_layer47.npy,/Users/manouchehrrimer/Desktop/BlueDot_Perona_Vector_Project/outputs/ethics_projection/activations/deontology_test_000501_layer47.npy
deontology_test_000501,deontology,honesty,compassion,47,-4864.380859375,mean_centered,/Users/manouchehrrimer/Desktop/BlueDot_Perona_Vector_Project/outputs/vector_construction/persona_vectors/compassion_layer47.npy,/Users/manouchehrrimer/Desktop/BlueDot_Perona_Vector_Project/outputs/ethics_projection/activations/deontology_test_000501_layer47.npy
deontology_test_000621,deontology,honesty,honesty,32,1172.2606201171875,mean_centered,/Users/manouchehrrimer/Desktop/BlueDot_Perona_Vector_Project/outputs/vector_construction/persona_vectors/honesty_layer32.npy,/Users/manouchehrrimer/Desktop/BlueDot_Perona_Vector_Project/outputs/ethics_projection/activations/deontology_test_000621_layer32.npy
deontology_test_000621,deontology,honesty,harmlessness,32,-2545.440673828125,mean_centered,/Users/manouchehrrimer/Desktop/BlueDot_Perona_Vector_Project/outputs/vector_construction/persona_vectors/harmlessness_layer32.npy,/Users/manouchehrrimer/Desktop/BlueDot_Perona_Vector_Project/outputs/ethics_projection/activations/deontology_test_000621_layer32.npy
deontology_test_000621,deontology,honesty,fairness,32,2222.917236328125,mean_centered,/Users/manouchehrrimer/Desktop/BlueDot_Perona_Vector_Project/outputs/vector_construction/persona_vectors/fairness_layer32.npy,/Users/manouchehrrimer/Desktop/BlueDot_Perona_Vector_Project/outputs/ethics_projection/activations/deontology_test_000621_layer32.npy
deontology_test_000621,deontology,honesty,compassion,32,1114.795166015625,mean_centered,/Users/manouchehrrimer/Desktop/BlueDot_Perona_Vector_Project/outputs/vector_construction/persona_vectors/compassion_layer32.npy,/Users/manouchehrrimer/Desktop/BlueDot_Perona_Vector_Project/outputs/ethics_projection/activations/deontology_test_000621_layer32.npy
deontology_test_000621,deontology,honesty,honesty,40,1781.30078125,mean_centered,/Users/manouchehrrimer/Desktop/BlueDot_Perona_Vector_Project/outputs/vector_construction/persona_vectors/honesty_layer40.npy,/Users/manouchehrrimer/Desktop/BlueDot_Perona_Vector_Project/outputs/ethics_projection/activations/deontology_test_000621_layer40.npy
deontology_test_000621,deontology,honesty,harmlessness,40,-975.6279907226562,mean_centered,/Users/manouchehrrimer/Desktop/BlueDot_Perona_Vector_Project/outputs/vector_construction/persona_vectors/harmlessness_layer40.npy,/Users/manouchehrrimer/Desktop/BlueDot_Perona_Vector_Project/outputs/ethics_projection/activations/deontology_test_000621_layer40.npy
deontology_test_000621,deontology,honesty,fairness,40,2053.2744140625,mean_centered,/Users/manouchehrrimer/Desktop/BlueDot_Perona_Vector_Project/outputs/vector_construction/persona_vectors/fairness_layer40.npy,/Users/manouchehrrimer/Desktop/BlueDot_Perona_Vector_Project/outputs/ethics_projection/activations/deontology_test_000621_layer40.npy
deontology_test_000621,deontology,honesty,compassion,40,-271.99127197265625,mean_centered,/Users/manouchehrrimer/Desktop/BlueDot_Perona_Vector_Project/outputs/vector_construction/persona_vectors/compassion_layer40.npy,/Users/manouchehrrimer/Desktop/BlueDot_Perona_Vector_Project/outputs/ethics_projection/activations/deontology_test_000621_layer40.npy
deontology_test_000621,deontology,honesty,honesty,47,-3764.587158203125,mean_centered,/Users/manouchehrrimer/Desktop/BlueDot_Perona_Vector_Project/outputs/vector_construction/persona_vectors/honesty_layer47.npy,/Users/manouchehrrimer/Desktop/BlueDot_Perona_Vector_Project/outputs/ethics_projection/activations/deontology_test_000621_layer47.npy
deontology_test_000621,deontology,honesty,harmlessness,47,-4947.2744140625,mean_centered,/Users/manouchehrrimer/Desktop/BlueDot_Perona_Vector_Project/outputs/vector_construction/persona_vectors/harmlessness_layer47.npy,/Users/manouchehrrimer/Desktop/BlueDot_Perona_Vector_Project/outputs/ethics_projection/activations/deontology_test_000621_layer47.npy
deontology_test_000621,deontology,honesty,fairness,47,-262.73284912109375,mean_centered,/Users/manouchehrrimer/Desktop/BlueDot_Perona_Vector_Project/outputs/vector_construction/persona_vectors/fairness_layer47.npy,/Users/manouchehrrimer/Desktop/BlueDot_Perona_Vector_Project/outputs/ethics_projection/activations/deontology_test_000621_layer47.npy
deontology_test_000621,deontology,honesty,compassion,47,-2534.046875,mean_centered,/Users/manouchehrrimer/Desktop/BlueDot_Perona_Vector_Project/outputs/vector_construction/persona_vectors/compassion_layer47.npy,/Users/manouchehrrimer/Desktop/BlueDot_Perona_Vector_Project/outputs/ethics_projection/activations/deontology_test_000621_layer47.npy
deontology_test_000644,deontology,honesty,honesty,32,2350.7255859375,mean_centered,/Users/manouchehrrimer/Desktop/BlueDot_Perona_Vector_Project/outputs/vector_construction/persona_vectors/honesty_layer32.npy,/Users/manouchehrrimer/Desktop/BlueDot_Perona_Vector_Project/outputs/ethics_projection/activations/deontology_test_000644_layer32.npy
deontology_test_000644,deontology,honesty,harmlessness,32,-3276.87841796875,mean_centered,/Users/manouchehrrimer/Desktop/BlueDot_Perona_Vector_Project/outputs/vector_construction/persona_vectors/harmlessness_layer32.npy,/Users/manouchehrrimer/Desktop/BlueDot_Perona_Vector_Project/outputs/ethics_projection/activations/deontology_test_000644_layer32.npy
deontology_test_000644,deontology,honesty,fairness,32,2817.4658203125,mean_centered,/Users/manouchehrrimer/Desktop/BlueDot_Perona_Vector_Project/outputs/vector_construction/persona_vectors/fairness_layer32.npy,/Users/manouchehrrimer/Desktop/BlueDot_Perona_Vector_Project/outputs/ethics_projection/activations/deontology_test_000644_layer32.npy
deontology_test_000644,deontology,honesty,compassion,32,2013.708740234375,mean_centered,/Users/manouchehrrimer/Desktop/BlueDot_Perona_Vector_Project/outputs/vector_construction/persona_vectors/compassion_layer32.npy,/Users/manouchehrrimer/Desktop/BlueDot_Perona_Vector_Project/outputs/ethics_projection/activations/deontology_test_000644_layer32.npy
deontology_test_000644,deontology,honesty,honesty,40,5041.8828125,mean_centered,/Users/manouchehrrimer/Desktop/BlueDot_Perona_Vector_Project/outputs/vector_construction/persona_vectors/honesty_layer40.npy,/Users/manouchehrrimer/Desktop/BlueDot_Perona_Vector_Project/outputs/ethics_projection/activations/deontology_test_000644_layer40.npy
deontology_test_000644,deontology,honesty,harmlessness,40,-329.4443054199219,mean_centered,/Users/manouchehrrimer/Desktop/BlueDot_Perona_Vector_Project/outputs/vector_construction/persona_vectors/harmlessness_layer40.npy,/Users/manouchehrrimer/Desktop/BlueDot_Perona_Vector_Project/outputs/ethics_projection/activations/deontology_test_000644_layer40.npy
deontology_test_000644,deontology,honesty,fairness,40,3880.463623046875,mean_centered,/Users/manouchehrrimer/Desktop/BlueDot_Perona_Vector_Project/outputs/vector_construction/persona_vectors/fairness_layer40.npy,/Users/manouchehrrimer/Desktop/BlueDot_Perona_Vector_Project/outputs/ethics_projection/activations/deontology_test_000644_layer40.npy
deontology_test_000644,deontology,honesty,compassion,40,74.07626342773438,mean_centered,/Users/manouchehrrimer/Desktop/BlueDot_Perona_Vector_Project/outputs/vector_construction/persona_vectors/compassion_layer40.npy,/Users/manouchehrrimer/Desktop/BlueDot_Perona_Vector_Project/outputs/ethics_projection/activations/deontology_test_000644_layer40.npy
deontology_test_000644,deontology,honesty,honesty,47,3666.154541015625,mean_centered,/Users/manouchehrrimer/Desktop/BlueDot_Perona_Vector_Project/outputs/vector_construction/persona_vectors/honesty_layer47.npy,/Users/manouchehrrimer/Desktop/BlueDot_Perona_Vector_Project/outputs/ethics_projection/activations/deontology_test_000644_layer47.npy
deontology_test_000644,deontology,honesty,harmlessness,47,3989.521728515625,mean_centered,/Users/manouchehrrimer/Desktop/BlueDot_Perona_Vector_Project/outputs/vector_construction/persona_vectors/harmlessness_layer47.npy,/Users/manouchehrrimer/Desktop/BlueDot_Perona_Vector_Project/outputs/ethics_projection/activations/deontology_test_000644_layer47.npy
deontology_test_000644,deontology,honesty,fairness,47,2158.53125,mean_centered,/Users/manouchehrrimer/Desktop/BlueDot_Perona_Vector_Project/outputs/vector_construction/persona_vectors/fairness_layer47.npy,/Users/manouchehrrimer/Desktop/BlueDot_Perona_Vector_Project/outputs/ethics_projection/activations/deontology_test_000644_layer47.npy
deontology_test_000644,deontology,honesty,compassion,47,2096.53173828125,mean_centered,/Users/manouchehrrimer/Desktop/BlueDot_Perona_Vector_Project/outputs/vector_construction/persona_vectors/compassion_layer47.npy,/Users/manouchehrrimer/Desktop/BlueDot_Perona_Vector_Project/outputs/ethics_projection/activations/deontology_test_000644_layer47.npy
deontology_test_000650,deontology,honesty,honesty,32,-2206.88623046875,mean_centered,/Users/manouchehrrimer/Desktop/BlueDot_Perona_Vector_Project/outputs/vector_construction/persona_vectors/honesty_layer32.npy,/Users/manouchehrrimer/Desktop/BlueDot_Perona_Vector_Project/outputs/ethics_projection/activations/deontology_test_000650_layer32.npy
deontology_test_000650,deontology,honesty,harmlessness,32,2273.30126953125,mean_centered,/Users/manouchehrrimer/Desktop/BlueDot_Perona_Vector_Project/outputs/vector_construction/persona_vectors/harmlessness_layer32.npy,/Users/manouchehrrimer/Desktop/BlueDot_Perona_Vector_Project/outputs/ethics_projection/activations/deontology_test_000650_layer32.npy
deontology_test_000650,deontology,honesty,fairness,32,-2035.167236328125,mean_centered,/Users/manouchehrrimer/Desktop/BlueDot_Perona_Vector_Project/outputs/vector_construction/persona_vectors/fairness_layer32.npy,/Users/manouchehrrimer/Desktop/BlueDot_Perona_Vector_Project/outputs/ethics_projection/activations/deontology_test_000650_layer32.npy
deontology_test_000650,deontology,honesty,compassion,32,-1450.062744140625,mean_centered,/Users/manouchehrrimer/Desktop/BlueDot_Perona_Vector_Project/outputs/vector_construction/persona_vectors/compassion_layer32.npy,/Users/manouchehrrimer/Desktop/BlueDot_Perona_Vector_Project/outputs/ethics_projection/activations/deontology_test_000650_layer32.npy
deontology_test_000650,deontology,honesty,honesty,40,-4720.55419921875,mean_centered,/Users/manouchehrrimer/Desktop/BlueDot_Perona_Vector_Project/outputs/vector_construction/persona_vectors/honesty_layer40.npy,/Users/manouchehrrimer/Desktop/BlueDot_Perona_Vector_Project/outputs/ethics_projection/activations/deontology_test_000650_layer40.npy
deontology_test_000650,deontology,honesty,harmlessness,40,42.443634033203125,mean_centered,/Users/manouchehrrimer/Desktop/BlueDot_Perona_Vector_Project/outputs/vector_construction/persona_vectors/harmlessness_layer40.npy,/Users/manouchehrrimer/Desktop/BlueDot_Perona_Vector_Project/outputs/ethics_projection/activations/deontology_test_000650_layer40.npy
deontology_test_000650,deontology,honesty,fairness,40,-3167.83544921875,mean_centered,/Users/manouchehrrimer/Desktop/BlueDot_Perona_Vector_Project/outputs/vector_construction/persona_vectors/fairness_layer40.npy,/Users/manouchehrrimer/Desktop/BlueDot_Perona_Vector_Project/outputs/ethics_projection/activations/deontology_test_000650_layer40.npy
deontology_test_000650,deontology,honesty,compassion,40,-268.3614196777344,mean_centered,/Users/manouchehrrimer/Desktop/BlueDot_Perona_Vector_Project/outputs/vector_construction/persona_vectors/compassion_layer40.npy,/Users/manouchehrrimer/Desktop/BlueDot_Perona_Vector_Project/outputs/ethics_projection/activations/deontology_test_000650_layer40.npy
deontology_test_000650,deontology,honesty,honesty,47,-1594.842529296875,mean_centered,/Users/manouchehrrimer/Desktop/BlueDot_Perona_Vector_Project/outputs/vector_construction/persona_vectors/honesty_layer47.npy,/Users/manouchehrrimer/Desktop/BlueDot_Perona_Vector_Project/outputs/ethics_projection/activations/deontology_test_000650_layer47.npy
deontology_test_000650,deontology,honesty,harmlessness,47,-1164.0279541015625,mean_centered,/Users/manouchehrrimer/Desktop/BlueDot_Perona_Vector_Project/outputs/vector_construction/persona_vectors/harmlessness_layer47.npy,/Users/manouchehrrimer/Desktop/BlueDot_Perona_Vector_Project/outputs/ethics_projection/activations/deontology_test_000650_layer47.npy
deontology_test_000650,deontology,honesty,fairness,47,208.72003173828125,mean_centered,/Users/manouchehrrimer/Desktop/BlueDot_Perona_Vector_Project/outputs/vector_construction/persona_vectors/fairness_layer47.npy,/Users/manouchehrrimer/Desktop/BlueDot_Perona_Vector_Project/outputs/ethics_projection/activations/deontology_test_000650_layer47.npy
deontology_test_000650,deontology,honesty,compassion,47,-815.1519775390625,mean_centered,/Users/manouchehrrimer/Desktop/BlueDot_Perona_Vector_Project/outputs/vector_construction/persona_vectors/compassion_layer47.npy,/Users/manouchehrrimer/Desktop/BlueDot_Perona_Vector_Project/outputs/ethics_projection/activations/deontology_test_000650_layer47.npy
deontology_test_000693,deontology,honesty,honesty,32,872.04541015625,mean_centered,/Users/manouchehrrimer/Desktop/BlueDot_Perona_Vector_Project/outputs/vector_construction/persona_vectors/honesty_layer32.npy,/Users/manouchehrrimer/Desktop/BlueDot_Perona_Vector_Project/outputs/ethics_projection/activations/deontology_test_000693_layer32.npy
deontology_test_000693,deontology,honesty,harmlessness,32,-2018.1451416015625,mean_centered,/Users/manouchehrrimer/Desktop/BlueDot_Perona_Vector_Project/outputs/vector_construction/persona_vectors/harmlessness_layer32.npy,/Users/manouchehrrimer/Desktop/BlueDot_Perona_Vector_Project/outputs/ethics_projection/activations/deontology_test_000693_layer32.npy
deontology_test_000693,deontology,honesty,fairness,32,1461.663330078125,mean_centered,/Users/manouchehrrimer/Desktop/BlueDot_Perona_Vector_Project/outputs/vector_construction/persona_vectors/fairness_layer32.npy,/Users/manouchehrrimer/Desktop/BlueDot_Perona_Vector_Project/outputs/ethics_projection/activations/deontology_test_000693_layer32.npy
deontology_test_000693,deontology,honesty,compassion,32,1320.7861328125,mean_centered,/Users/manouchehrrimer/Desktop/BlueDot_Perona_Vector_Project/outputs/vector_construction/persona_vectors/compassion_layer32.npy,/Users/manouchehrrimer/Desktop/BlueDot_Perona_Vector_Project/outputs/ethics_projection/activations/deontology_test_000693_layer32.npy
deontology_test_000693,deontology,honesty,honesty,40,-987.2513427734375,mean_centered,/Users/manouchehrrimer/Desktop/BlueDot_Perona_Vector_Project/outputs/vector_construction/persona_vectors/honesty_layer40.npy,/Users/manouchehrrimer/Desktop/BlueDot_Perona_Vector_Project/outputs/ethics_projection/activations/deontology_test_000693_layer40.npy
deontology_test_000693,deontology,honesty,harmlessness,40,-451.0357971191406,mean_centered,/Users/manouchehrrimer/Desktop/BlueDot_Perona_Vector_Project/outputs/vector_construction/persona_vectors/harmlessness_layer40.npy,/Users/manouchehrrimer/Desktop/BlueDot_Perona_Vector_Project/outputs/ethics_projection/activations/deontology_test_000693_layer40.npy
deontology_test_000693,deontology,honesty,fairness,40,-344.19580078125,mean_centered,/Users/manouchehrrimer/Desktop/BlueDot_Perona_Vector_Project/outputs/vector_construction/persona_vectors/fairness_layer40.npy,/Users/manouchehrrimer/Desktop/BlueDot_Perona_Vector_Project/outputs/ethics_projection/activations/deontology_test_000693_layer40.npy
deontology_test_000693,deontology,honesty,compassion,40,355.31207275390625,mean_centered,/Users/manouchehrrimer/Desktop/BlueDot_Perona_Vector_Project/outputs/vector_construction/persona_vectors/compassion_layer40.npy,/Users/manouchehrrimer/Desktop/BlueDot_Perona_Vector_Project/outputs/ethics_projection/activations/deontology_test_000693_layer40.npy
deontology_test_000693,deontology,honesty,honesty,47,-1075.159423828125,mean_centered,/Users/manouchehrrimer/Desktop/BlueDot_Perona_Vector_Project/outputs/vector_construction/persona_vectors/honesty_layer47.npy,/Users/manouchehrrimer/Desktop/BlueDot_Perona_Vector_Project/outputs/ethics_projection/activations/deontology_test_000693_layer47.npy
deontology_test_000693,deontology,honesty,harmlessness,47,-754.0733032226562,mean_centered,/Users/manouchehrrimer/Desktop/BlueDot_Perona_Vector_Project/outputs/vector_construction/persona_vectors/harmlessness_layer47.npy,/Users/manouchehrrimer/Desktop/BlueDot_Perona_Vector_Project/outputs/ethics_projection/activations/deontology_test_000693_layer47.npy
deontology_test_000693,deontology,honesty,fairness,47,125.83321380615234,mean_centered,/Users/manouchehrrimer/Desktop/BlueDot_Perona_Vector_Project/outputs/vector_construction/persona_vectors/fairness_layer47.npy,/Users/manouchehrrimer/Desktop/BlueDot_Perona_Vector_Project/outputs/ethics_projection/activations/deontology_test_000693_layer47.npy
deontology_test_000693,deontology,honesty,compassion,47,841.932861328125,mean_centered,/Users/manouchehrrimer/Desktop/BlueDot_Perona_Vector_Project/outputs/vector_construction/persona_vectors/compassion_layer47.npy,/Users/manouchehrrimer/Desktop/BlueDot_Perona_Vector_Project/outputs/ethics_projection/activations/deontology_test_000693_layer47.npy
deontology_test_000794,deontology,honesty,honesty,32,999.1978759765625,mean_centered,/Users/manouchehrrimer/Desktop/BlueDot_Perona_Vector_Project/outputs/vector_construction/persona_vectors/honesty_layer32.npy,/Users/manouchehrrimer/Desktop/BlueDot_Perona_Vector_Project/outputs/ethics_projection/activations/deontology_test_000794_layer32.npy
deontology_test_000794,deontology,honesty,harmlessness,32,-1567.432373046875,mean_centered,/Users/manouchehrrimer/Desktop/BlueDot_Perona_Vector_Project/outputs/vector_construction/persona_vectors/harmlessness_layer32.npy,/Users/manouchehrrimer/Desktop/BlueDot_Perona_Vector_Project/outputs/ethics_projection/activations/deontology_test_000794_layer32.npy
deontology_test_000794,deontology,honesty,fairness,32,1447.1171875,mean_centered,/Users/manouchehrrimer/Desktop/BlueDot_Perona_Vector_Project/outputs/vector_construction/persona_vectors/fairness_layer32.npy,/Users/manouchehrrimer/Desktop/BlueDot_Perona_Vector_Project/outputs/ethics_projection/activations/deontology_test_000794_layer32.npy
deontology_test_000794,deontology,honesty,compassion,32,1234.880859375,mean_centered,/Users/manouchehrrimer/Desktop/BlueDot_Perona_Vector_Project/outputs/vector_construction/persona_vectors/compassion_layer32.npy,/Users/manouchehrrimer/Desktop/BlueDot_Perona_Vector_Project/outputs/ethics_projection/activations/deontology_test_000794_layer32.npy
deontology_test_000794,deontology,honesty,honesty,40,671.2103271484375,mean_centered,/Users/manouchehrrimer/Desktop/BlueDot_Perona_Vector_Project/outputs/vector_construction/persona_vectors/honesty_layer40.npy,/Users/manouchehrrimer/Desktop/BlueDot_Perona_Vector_Project/outputs/ethics_projection/activations/deontology_test_000794_layer40.npy
deontology_test_000794,deontology,honesty,harmlessness,40,-76.75566864013672,mean_centered,/Users/manouchehrrimer/Desktop/BlueDot_Perona_Vector_Project/outputs/vector_construction/persona_vectors/harmlessness_layer40.npy,/Users/manouchehrrimer/Desktop/BlueDot_Perona_Vector_Project/outputs/ethics_projection/activations/deontology_test_000794_layer40.npy
deontology_test_000794,deontology,honesty,fairness,40,771.1420288085938,mean_centered,/Users/manouchehrrimer/Desktop/BlueDot_Perona_Vector_Project/outputs/vector_construction/persona_vectors/fairness_layer40.npy,/Users/manouchehrrimer/Desktop/BlueDot_Perona_Vector_Project/outputs/ethics_projection/activations/deontology_test_000794_layer40.npy
deontology_test_000794,deontology,honesty,compassion,40,216.44091796875,mean_centered,/Users/manouchehrrimer/Desktop/BlueDot_Perona_Vector_Project/outputs/vector_construction/persona_vectors/compassion_layer40.npy,/Users/manouchehrrimer/Desktop/BlueDot_Perona_Vector_Project/outputs/ethics_projection/activations/deontology_test_000794_layer40.npy
deontology_test_000794,deontology,honesty,honesty,47,-2863.977294921875,mean_centered,/Users/manouchehrrimer/Desktop/BlueDot_Perona_Vector_Project/outputs/vector_construction/persona_vectors/honesty_layer47.npy,/Users/manouchehrrimer/Desktop/BlueDot_Perona_Vector_Project/outputs/ethics_projection/activations/deontology_test_000794_layer47.npy
deontology_test_000794,deontology,honesty,harmlessness,47,-3071.384033203125,mean_centered,/Users/manouchehrrimer/Desktop/BlueDot_Perona_Vector_Project/outputs/vector_construction/persona_vectors/harmlessness_layer47.npy,/Users/manouchehrrimer/Desktop/BlueDot_Perona_Vector_Project/outputs/ethics_projection/activations/deontology_test_000794_layer47.npy
deontology_test_000794,deontology,honesty,fairness,47,-214.04058837890625,mean_centered,/Users/manouchehrrimer/Desktop/BlueDot_Perona_Vector_Project/outputs/vector_construction/persona_vectors/fairness_layer47.npy,/Users/manouchehrrimer/Desktop/BlueDot_Perona_Vector_Project/outputs/ethics_projection/activations/deontology_test_000794_layer47.npy
deontology_test_000794,deontology,honesty,compassion,47,-1428.102783203125,mean_centered,/Users/manouchehrrimer/Desktop/BlueDot_Perona_Vector_Project/outputs/vector_construction/persona_vectors/compassion_layer47.npy,/Users/manouchehrrimer/Desktop/BlueDot_Perona_Vector_Project/outputs/ethics_projection/activations/deontology_test_000794_layer47.npy
deontology_test_000810,deontology,honesty,honesty,32,74.32569885253906,mean_centered,/Users/manouchehrrimer/Desktop/BlueDot_Perona_Vector_Project/outputs/vector_construction/persona_vectors/honesty_layer32.npy,/Users/manouchehrrimer/Desktop/BlueDot_Perona_Vector_Project/outputs/ethics_projection/activations/deontology_test_000810_layer32.npy
deontology_test_000810,deontology,honesty,harmlessness,32,442.93353271484375,mean_centered,/Users/manouchehrrimer/Desktop/BlueDot_Perona_Vector_Project/outputs/vector_construction/persona_vectors/harmlessness_layer32.npy,/Users/manouchehrrimer/Desktop/BlueDot_Perona_Vector_Project/outputs/ethics_projection/activations/deontology_test_000810_layer32.npy
deontology_test_000810,deontology,honesty,fairness,32,-251.40330505371094,mean_centered,/Users/manouchehrrimer/Desktop/BlueDot_Perona_Vector_Project/outputs/vector_construction/persona_vectors/fairness_layer32.npy,/Users/manouchehrrimer/Desktop/BlueDot_Perona_Vector_Project/outputs/ethics_projection/activations/deontology_test_000810_layer32.npy
deontology_test_000810,deontology,honesty,compassion,32,26.910232543945312,mean_centered,/Users/manouchehrrimer/Desktop/BlueDot_Perona_Vector_Project/outputs/vector_construction/persona_vectors/compassion_layer32.npy,/Users/manouchehrrimer/Desktop/BlueDot_Perona_Vector_Project/outputs/ethics_projection/activations/deontology_test_000810_layer32.npy
deontology_test_000810,deontology,honesty,honesty,40,-436.0118103027344,mean_centered,/Users/manouchehrrimer/Desktop/BlueDot_Perona_Vector_Project/outputs/vector_construction/persona_vectors/honesty_layer40.npy,/Users/manouchehrrimer/Desktop/BlueDot_Perona_Vector_Project/outputs/ethics_projection/activations/deontology_test_000810_layer40.npy
deontology_test_000810,deontology,honesty,harmlessness,40,243.96792602539062,mean_centered,/Users/manouchehrrimer/Desktop/BlueDot_Perona_Vector_Project/outputs/vector_construction/persona_vectors/harmlessness_layer40.npy,/Users/manouchehrrimer/Desktop/BlueDot_Perona_Vector_Project/outputs/ethics_projection/activations/deontology_test_000810_layer40.npy
deontology_test_000810,deontology,honesty,fairness,40,-196.675537109375,mean_centered,/Users/manouchehrrimer/Desktop/BlueDot_Perona_Vector_Project/outputs/vector_construction/persona_vectors/fairness_layer40.npy,/Users/manouchehrrimer/Desktop/BlueDot_Perona_Vector_Project/outputs/ethics_projection/activations/deontology_test_000810_layer40.npy
deontology_test_000810,deontology,honesty,compassion,40,662.8034057617188,mean_centered,/Users/manouchehrrimer/Desktop/BlueDot_Perona_Vector_Project/outputs/vector_construction/persona_vectors/compassion_layer40.npy,/Users/manouchehrrimer/Desktop/BlueDot_Perona_Vector_Project/outputs/ethics_projection/activations/deontology_test_000810_layer40.npy
deontology_test_000810,deontology,honesty,honesty,47,-4651.49951171875,mean_centered,/Users/manouchehrrimer/Desktop/BlueDot_Perona_Vector_Project/outputs/vector_construction/persona_vectors/honesty_layer47.npy,/Users/manouchehrrimer/Desktop/BlueDot_Perona_Vector_Project/outputs/ethics_projection/activations/deontology_test_000810_layer47.npy
deontology_test_000810,deontology,honesty,harmlessness,47,-5797.5712890625,mean_centered,/Users/manouchehrrimer/Desktop/BlueDot_Perona_Vector_Project/outputs/vector_construction/persona_vectors/harmlessness_layer47.npy,/Users/manouchehrrimer/Desktop/BlueDot_Perona_Vector_Project/outputs/ethics_projection/activations/deontology_test_000810_layer47.npy
deontology_test_000810,deontology,honesty,fairness,47,-1549.8125,mean_centered,/Users/manouchehrrimer/Desktop/BlueDot_Perona_Vector_Project/outputs/vector_construction/persona_vectors/fairness_layer47.npy,/Users/manouchehrrimer/Desktop/BlueDot_Perona_Vector_Project/outputs/ethics_projection/activations/deontology_test_000810_layer47.npy
deontology_test_000810,deontology,honesty,compassion,47,-2214.372802734375,mean_centered,/Users/manouchehrrimer/Desktop/BlueDot_Perona_Vector_Project/outputs/vector_construction/persona_vectors/compassion_layer47.npy,/Users/manouchehrrimer/Desktop/BlueDot_Perona_Vector_Project/outputs/ethics_projection/activations/deontology_test_000810_layer47.npy
deontology_test_000817,deontology,honesty,honesty,32,-591.7969970703125,mean_centered,/Users/manouchehrrimer/Desktop/BlueDot_Perona_Vector_Project/outputs/vector_construction/persona_vectors/honesty_layer32.npy,/Users/manouchehrrimer/Desktop/BlueDot_Perona_Vector_Project/outputs/ethics_projection/activations/deontology_test_000817_layer32.npy
deontology_test_000817,deontology,honesty,harmlessness,32,1105.31005859375,mean_centered,/Users/manouchehrrimer/Desktop/BlueDot_Perona_Vector_Project/outputs/vector_construction/persona_vectors/harmlessness_layer32.npy,/Users/manouchehrrimer/Desktop/BlueDot_Perona_Vector_Project/outputs/ethics_projection/activations/deontology_test_000817_layer32.npy
deontology_test_000817,deontology,honesty,fairness,32,-1267.159912109375,mean_centered,/Users/manouchehrrimer/Desktop/BlueDot_Perona_Vector_Project/outputs/vector_construction/persona_vectors/fairness_layer32.npy,/Users/manouchehrrimer/Desktop/BlueDot_Perona_Vector_Project/outputs/ethics_projection/activations/deontology_test_000817_layer32.npy
deontology_test_000817,deontology,honesty,compassion,32,-877.4085693359375,mean_centered,/Users/manouchehrrimer/Desktop/BlueDot_Perona_Vector_Project/outputs/vector_construction/persona_vectors/compassion_layer32.npy,/Users/manouchehrrimer/Desktop/BlueDot_Perona_Vector_Project/outputs/ethics_projection/activations/deontology_test_000817_layer32.npy
deontology_test_000817,deontology,honesty,honesty,40,-515.7135620117188,mean_centered,/Users/manouchehrrimer/Desktop/BlueDot_Perona_Vector_Project/outputs/vector_construction/persona_vectors/honesty_layer40.npy,/Users/manouchehrrimer/Desktop/BlueDot_Perona_Vector_Project/outputs/ethics_projection/activations/deontology_test_000817_layer40.npy
deontology_test_000817,deontology,honesty,harmlessness,40,264.0220947265625,mean_centered,/Users/manouchehrrimer/Desktop/BlueDot_Perona_Vector_Project/outputs/vector_construction/persona_vectors/harmlessness_layer40.npy,/Users/manouchehrrimer/Desktop/BlueDot_Perona_Vector_Project/outputs/ethics_projection/activations/deontology_test_000817_layer40.npy
deontology_test_000817,deontology,honesty,fairness,40,-1376.011474609375,mean_centered,/Users/manouchehrrimer/Desktop/BlueDot_Perona_Vector_Project/outputs/vector_construction/persona_vectors/fairness_layer40.npy,/Users/manouchehrrimer/Desktop/BlueDot_Perona_Vector_Project/outputs/ethics_projection/activations/deontology_test_000817_layer40.npy
deontology_test_000817,deontology,honesty,compassion,40,-150.29364013671875,mean_centered,/Users/manouchehrrimer/Desktop/BlueDot_Perona_Vector_Project/outputs/vector_construction/persona_vectors/compassion_layer40.npy,/Users/manouchehrrimer/Desktop/BlueDot_Perona_Vector_Project/outputs/ethics_projection/activations/deontology_test_000817_layer40.npy
deontology_test_000817,deontology,honesty,honesty,47,-2661.462890625,mean_centered,/Users/manouchehrrimer/Desktop/BlueDot_Perona_Vector_Project/outputs/vector_construction/persona_vectors/honesty_layer47.npy,/Users/manouchehrrimer/Desktop/BlueDot_Perona_Vector_Project/outputs/ethics_projection/activations/deontology_test_000817_layer47.npy
deontology_test_000817,deontology,honesty,harmlessness,47,-3960.009521484375,mean_centered,/Users/manouchehrrimer/Desktop/BlueDot_Perona_Vector_Project/outputs/vector_construction/persona_vectors/harmlessness_layer47.npy,/Users/manouchehrrimer/Desktop/BlueDot_Perona_Vector_Project/outputs/ethics_projection/activations/deontology_test_000817_layer47.npy
deontology_test_000817,deontology,honesty,fairness,47,-2485.43701171875,mean_centered,/Users/manouchehrrimer/Desktop/BlueDot_Perona_Vector_Project/outputs/vector_construction/persona_vectors/fairness_layer47.npy,/Users/manouchehrrimer/Desktop/BlueDot_Perona_Vector_Project/outputs/ethics_projection/activations/deontology_test_000817_layer47.npy
deontology_test_000817,deontology,honesty,compassion,47,-2149.16162109375,mean_centered,/Users/manouchehrrimer/Desktop/BlueDot_Perona_Vector_Project/outputs/vector_construction/persona_vectors/compassion_layer47.npy,/Users/manouchehrrimer/Desktop/BlueDot_Perona_Vector_Project/outputs/ethics_projection/activations/deontology_test_000817_layer47.npy
deontology_test_000912,deontology,honesty,honesty,32,684.3282470703125,mean_centered,/Users/manouchehrrimer/Desktop/BlueDot_Perona_Vector_Project/outputs/vector_construction/persona_vectors/honesty_layer32.npy,/Users/manouchehrrimer/Desktop/BlueDot_Perona_Vector_Project/outputs/ethics_projection/activations/deontology_test_000912_layer32.npy
deontology_test_000912,deontology,honesty,harmlessness,32,-90.36650085449219,mean_centered,/Users/manouchehrrimer/Desktop/BlueDot_Perona_Vector_Project/outputs/vector_construction/persona_vectors/harmlessness_layer32.npy,/Users/manouchehrrimer/Desktop/BlueDot_Perona_Vector_Project/outputs/ethics_projection/activations/deontology_test_000912_layer32.npy
deontology_test_000912,deontology,honesty,fairness,32,342.37005615234375,mean_centered,/Users/manouchehrrimer/Desktop/BlueDot_Perona_Vector_Project/outputs/vector_construction/persona_vectors/fairness_layer32.npy,/Users/manouchehrrimer/Desktop/BlueDot_Perona_Vector_Project/outputs/ethics_projection/activations/deontology_test_000912_layer32.npy
deontology_test_000912,deontology,honesty,compassion,32,505.8028869628906,mean_centered,/Users/manouchehrrimer/Desktop/BlueDot_Perona_Vector_Project/outputs/vector_construction/persona_vectors/compassion_layer32.npy,/Users/manouchehrrimer/Desktop/BlueDot_Perona_Vector_Project/outputs/ethics_projection/activations/deontology_test_000912_layer32.npy
deontology_test_000912,deontology,honesty,honesty,40,3286.820068359375,mean_centered,/Users/manouchehrrimer/Desktop/BlueDot_Perona_Vector_Project/outputs/vector_construction/persona_vectors/honesty_layer40.npy,/Users/manouchehrrimer/Desktop/BlueDot_Perona_Vector_Project/outputs/ethics_projection/activations/deontology_test_000912_layer40.npy
deontology_test_000912,deontology,honesty,harmlessness,40,746.209228515625,mean_centered,/Users/manouchehrrimer/Desktop/BlueDot_Perona_Vector_Project/outputs/vector_construction/persona_vectors/harmlessness_layer40.npy,/Users/manouchehrrimer/Desktop/BlueDot_Perona_Vector_Project/outputs/ethics_projection/activations/deontology_test_000912_layer40.npy
deontology_test_000912,deontology,honesty,fairness,40,1954.423583984375,mean_centered,/Users/manouchehrrimer/Desktop/BlueDot_Perona_Vector_Project/outputs/vector_construction/persona_vectors/fairness_layer40.npy,/Users/manouchehrrimer/Desktop/BlueDot_Perona_Vector_Project/outputs/ethics_projection/activations/deontology_test_000912_layer40.npy
deontology_test_000912,deontology,honesty,compassion,40,483.9517822265625,mean_centered,/Users/manouchehrrimer/Desktop/BlueDot_Perona_Vector_Project/outputs/vector_construction/persona_vectors/compassion_layer40.npy,/Users/manouchehrrimer/Desktop/BlueDot_Perona_Vector_Project/outputs/ethics_projection/activations/deontology_test_000912_layer40.npy
deontology_test_000912,deontology,honesty,honesty,47,-2092.654052734375,mean_centered,/Users/manouchehrrimer/Desktop/BlueDot_Perona_Vector_Project/outputs/vector_construction/persona_vectors/honesty_layer47.npy,/Users/manouchehrrimer/Desktop/BlueDot_Perona_Vector_Project/outputs/ethics_projection/activations/deontology_test_000912_layer47.npy
deontology_test_000912,deontology,honesty,harmlessness,47,-2516.681640625,mean_centered,/Users/manouchehrrimer/Desktop/BlueDot_Perona_Vector_Project/outputs/vector_construction/persona_vectors/harmlessness_layer47.npy,/Users/manouchehrrimer/Desktop/BlueDot_Perona_Vector_Project/outputs/ethics_projection/activations/deontology_test_000912_layer47.npy
deontology_test_000912,deontology,honesty,fairness,47,-1425.4229736328125,mean_centered,/Users/manouchehrrimer/Desktop/BlueDot_Perona_Vector_Project/outputs/vector_construction/persona_vectors/fairness_layer47.npy,/Users/manouchehrrimer/Desktop/BlueDot_Perona_Vector_Project/outputs/ethics_projection/activations/deontology_test_000912_layer47.npy
deontology_test_000912,deontology,honesty,compassion,47,-1475.8292236328125,mean_centered,/Users/manouchehrrimer/Desktop/BlueDot_Perona_Vector_Project/outputs/vector_construction/persona_vectors/compassion_layer47.npy,/Users/manouchehrrimer/Desktop/BlueDot_Perona_Vector_Project/outputs/ethics_projection/activations/deontology_test_000912_layer47.npy
deontology_test_000929,deontology,honesty,honesty,32,2208.06982421875,mean_centered,/Users/manouchehrrimer/Desktop/BlueDot_Perona_Vector_Project/outputs/vector_construction/persona_vectors/honesty_layer32.npy,/Users/manouchehrrimer/Desktop/BlueDot_Perona_Vector_Project/outputs/ethics_projection/activations/deontology_test_000929_layer32.npy
deontology_test_000929,deontology,honesty,harmlessness,32,-3073.04736328125,mean_centered,/Users/manouchehrrimer/Desktop/BlueDot_Perona_Vector_Project/outputs/vector_construction/persona_vectors/harmlessness_layer32.npy,/Users/manouchehrrimer/Desktop/BlueDot_Perona_Vector_Project/outputs/ethics_projection/activations/deontology_test_000929_layer32.npy
deontology_test_000929,deontology,honesty,fairness,32,2386.923583984375,mean_centered,/Users/manouchehrrimer/Desktop/BlueDot_Perona_Vector_Project/outputs/vector_construction/persona_vectors/fairness_layer32.npy,/Users/manouchehrrimer/Desktop/BlueDot_Perona_Vector_Project/outputs/ethics_projection/activations/deontology_test_000929_layer32.npy
deontology_test_000929,deontology,honesty,compassion,32,2632.494140625,mean_centered,/Users/manouchehrrimer/Desktop/BlueDot_Perona_Vector_Project/outputs/vector_construction/persona_vectors/compassion_layer32.npy,/Users/manouchehrrimer/Desktop/BlueDot_Perona_Vector_Project/outputs/ethics_projection/activations/deontology_test_000929_layer32.npy
deontology_test_000929,deontology,honesty,honesty,40,4755.259765625,mean_centered,/Users/manouchehrrimer/Desktop/BlueDot_Perona_Vector_Project/outputs/vector_construction/persona_vectors/honesty_layer40.npy,/Users/manouchehrrimer/Desktop/BlueDot_Perona_Vector_Project/outputs/ethics_projection/activations/deontology_test_000929_layer40.npy
deontology_test_000929,deontology,honesty,harmlessness,40,-57.33512878417969,mean_centered,/Users/manouchehrrimer/Desktop/BlueDot_Perona_Vector_Project/outputs/vector_construction/persona_vectors/harmlessness_layer40.npy,/Users/manouchehrrimer/Desktop/BlueDot_Perona_Vector_Project/outputs/ethics_projection/activations/deontology_test_000929_layer40.npy
deontology_test_000929,deontology,honesty,fairness,40,3296.15380859375,mean_centered,/Users/manouchehrrimer/Desktop/BlueDot_Perona_Vector_Project/outputs/vector_construction/persona_vectors/fairness_layer40.npy,/Users/manouchehrrimer/Desktop/BlueDot_Perona_Vector_Project/outputs/ethics_projection/activations/deontology_test_000929_layer40.npy
deontology_test_000929,deontology,honesty,compassion,40,812.215576171875,mean_centered,/Users/manouchehrrimer/Desktop/BlueDot_Perona_Vector_Project/outputs/vector_construction/persona_vectors/compassion_layer40.npy,/Users/manouchehrrimer/Desktop/BlueDot_Perona_Vector_Project/outputs/ethics_projection/activations/deontology_test_000929_layer40.npy
deontology_test_000929,deontology,honesty,honesty,47,491.29205322265625,mean_centered,/Users/manouchehrrimer/Desktop/BlueDot_Perona_Vector_Project/outputs/vector_construction/persona_vectors/honesty_layer47.npy,/Users/manouchehrrimer/Desktop/BlueDot_Perona_Vector_Project/outputs/ethics_projection/activations/deontology_test_000929_layer47.npy
deontology_test_000929,deontology,honesty,harmlessness,47,1109.82275390625,mean_centered,/Users/manouchehrrimer/Desktop/BlueDot_Perona_Vector_Project/outputs/vector_construction/persona_vectors/harmlessness_layer47.npy,/Users/manouchehrrimer/Desktop/BlueDot_Perona_Vector_Project/outputs/ethics_projection/activations/deontology_test_000929_layer47.npy
deontology_test_000929,deontology,honesty,fairness,47,285.9363708496094,mean_centered,/Users/manouchehrrimer/Desktop/BlueDot_Perona_Vector_Project/outputs/vector_construction/persona_vectors/fairness_layer47.npy,/Users/manouchehrrimer/Desktop/BlueDot_Perona_Vector_Project/outputs/ethics_projection/activations/deontology_test_000929_layer47.npy
deontology_test_000929,deontology,honesty,compassion,47,1532.69921875,mean_centered,/Users/manouchehrrimer/Desktop/BlueDot_Perona_Vector_Project/outputs/vector_construction/persona_vectors/compassion_layer47.npy,/Users/manouchehrrimer/Desktop/BlueDot_Perona_Vector_Project/outputs/ethics_projection/activations/deontology_test_000929_layer47.npy
deontology_test_000990,deontology,honesty,honesty,32,1066.3380126953125,mean_centered,/Users/manouchehrrimer/Desktop/BlueDot_Perona_Vector_Project/outputs/vector_construction/persona_vectors/honesty_layer32.npy,/Users/manouchehrrimer/Desktop/BlueDot_Perona_Vector_Project/outputs/ethics_projection/activations/deontology_test_000990_layer32.npy
deontology_test_000990,deontology,honesty,harmlessness,32,-1281.192138671875,mean_centered,/Users/manouchehrrimer/Desktop/BlueDot_Perona_Vector_Project/outputs/vector_construction/persona_vectors/harmlessness_layer32.npy,/Users/manouchehrrimer/Desktop/BlueDot_Perona_Vector_Project/outputs/ethics_projection/activations/deontology_test_000990_layer32.npy
deontology_test_000990,deontology,honesty,fairness,32,1066.416015625,mean_centered,/Users/manouchehrrimer/Desktop/BlueDot_Perona_Vector_Project/outputs/vector_construction/persona_vectors/fairness_layer32.npy,/Users/manouchehrrimer/Desktop/BlueDot_Perona_Vector_Project/outputs/ethics_projection/activations/deontology_test_000990_layer32.npy
deontology_test_000990,deontology,honesty,compassion,32,1088.1279296875,mean_centered,/Users/manouchehrrimer/Desktop/BlueDot_Perona_Vector_Project/outputs/vector_construction/persona_vectors/compassion_layer32.npy,/Users/manouchehrrimer/Desktop/BlueDot_Perona_Vector_Project/outputs/ethics_projection/activations/deontology_test_000990_layer32.npy
deontology_test_000990,deontology,honesty,honesty,40,620.5651245117188,mean_centered,/Users/manouchehrrimer/Desktop/BlueDot_Perona_Vector_Project/outputs/vector_construction/persona_vectors/honesty_layer40.npy,/Users/manouchehrrimer/Desktop/BlueDot_Perona_Vector_Project/outputs/ethics_projection/activations/deontology_test_000990_layer40.npy
deontology_test_000990,deontology,honesty,harmlessness,40,158.24493408203125,mean_centered,/Users/manouchehrrimer/Desktop/BlueDot_Perona_Vector_Project/outputs/vector_construction/persona_vectors/harmlessness_layer40.npy,/Users/manouchehrrimer/Desktop/BlueDot_Perona_Vector_Project/outputs/ethics_projection/activations/deontology_test_000990_layer40.npy
deontology_test_000990,deontology,honesty,fairness,40,212.29937744140625,mean_centered,/Users/manouchehrrimer/Desktop/BlueDot_Perona_Vector_Project/outputs/vector_construction/persona_vectors/fairness_layer40.npy,/Users/manouchehrrimer/Desktop/BlueDot_Perona_Vector_Project/outputs/ethics_projection/activations/deontology_test_000990_layer40.npy
deontology_test_000990,deontology,honesty,compassion,40,-16.999866485595703,mean_centered,/Users/manouchehrrimer/Desktop/BlueDot_Perona_Vector_Project/outputs/vector_construction/persona_vectors/compassion_layer40.npy,/Users/manouchehrrimer/Desktop/BlueDot_Perona_Vector_Project/outputs/ethics_projection/activations/deontology_test_000990_layer40.npy
deontology_test_000990,deontology,honesty,honesty,47,2425.998291015625,mean_centered,/Users/manouchehrrimer/Desktop/BlueDot_Perona_Vector_Project/outputs/vector_construction/persona_vectors/honesty_layer47.npy,/Users/manouchehrrimer/Desktop/BlueDot_Perona_Vector_Project/outputs/ethics_projection/activations/deontology_test_000990_layer47.npy
deontology_test_000990,deontology,honesty,harmlessness,47,3264.27294921875,mean_centered,/Users/manouchehrrimer/Desktop/BlueDot_Perona_Vector_Project/outputs/vector_construction/persona_vectors/harmlessness_layer47.npy,/Users/manouchehrrimer/Desktop/BlueDot_Perona_Vector_Project/outputs/ethics_projection/activations/deontology_test_000990_layer47.npy
deontology_test_000990,deontology,honesty,fairness,47,929.86572265625,mean_centered,/Users/manouchehrrimer/Desktop/BlueDot_Perona_Vector_Project/outputs/vector_construction/persona_vectors/fairness_layer47.npy,/Users/manouchehrrimer/Desktop/BlueDot_Perona_Vector_Project/outputs/ethics_projection/activations/deontology_test_000990_layer47.npy
deontology_test_000990,deontology,honesty,compassion,47,1491.643310546875,mean_centered,/Users/manouchehrrimer/Desktop/BlueDot_Perona_Vector_Project/outputs/vector_construction/persona_vectors/compassion_layer47.npy,/Users/manouchehrrimer/Desktop/BlueDot_Perona_Vector_Project/outputs/ethics_projection/activations/deontology_test_000990_layer47.npy
deontology_test_001018,deontology,honesty,honesty,32,1568.7950439453125,mean_centered,/Users/manouchehrrimer/Desktop/BlueDot_Perona_Vector_Project/outputs/vector_construction/persona_vectors/honesty_layer32.npy,/Users/manouchehrrimer/Desktop/BlueDot_Perona_Vector_Project/outputs/ethics_projection/activations/deontology_test_001018_layer32.npy
deontology_test_001018,deontology,honesty,harmlessness,32,-920.906005859375,mean_centered,/Users/manouchehrrimer/Desktop/BlueDot_Perona_Vector_Project/outputs/vector_construction/persona_vectors/harmlessness_layer32.npy,/Users/manouchehrrimer/Desktop/BlueDot_Perona_Vector_Project/outputs/ethics_projection/activations/deontology_test_001018_layer32.npy
deontology_test_001018,deontology,honesty,fairness,32,942.106689453125,mean_centered,/Users/manouchehrrimer/Desktop/BlueDot_Perona_Vector_Project/outputs/vector_construction/persona_vectors/fairness_layer32.npy,/Users/manouchehrrimer/Desktop/BlueDot_Perona_Vector_Project/outputs/ethics_projection/activations/deontology_test_001018_layer32.npy
deontology_test_001018,deontology,honesty,compassion,32,767.74072265625,mean_centered,/Users/manouchehrrimer/Desktop/BlueDot_Perona_Vector_Project/outputs/vector_construction/persona_vectors/compassion_layer32.npy,/Users/manouchehrrimer/Desktop/BlueDot_Perona_Vector_Project/outputs/ethics_projection/activations/deontology_test_001018_layer32.npy
deontology_test_001018,deontology,honesty,honesty,40,-1455.05078125,mean_centered,/Users/manouchehrrimer/Desktop/BlueDot_Perona_Vector_Project/outputs/vector_construction/persona_vectors/honesty_layer40.npy,/Users/manouchehrrimer/Desktop/BlueDot_Perona_Vector_Project/outputs/ethics_projection/activations/deontology_test_001018_layer40.npy
deontology_test_001018,deontology,honesty,harmlessness,40,690.887939453125,mean_centered,/Users/manouchehrrimer/Desktop/BlueDot_Perona_Vector_Project/outputs/vector_construction/persona_vectors/harmlessness_layer40.npy,/Users/manouchehrrimer/Desktop/BlueDot_Perona_Vector_Project/outputs/ethics_projection/activations/deontology_test_001018_layer40.npy
deontology_test_001018,deontology,honesty,fairness,40,-1677.1483154296875,mean_centered,/Users/manouchehrrimer/Desktop/BlueDot_Perona_Vector_Project/outputs/vector_construction/persona_vectors/fairness_layer40.npy,/Users/manouchehrrimer/Desktop/BlueDot_Perona_Vector_Project/outputs/ethics_projection/activations/deontology_test_001018_layer40.npy
deontology_test_001018,deontology,honesty,compassion,40,-460.92724609375,mean_centered,/Users/manouchehrrimer/Desktop/BlueDot_Perona_Vector_Project/outputs/vector_construction/persona_vectors/compassion_layer40.npy,/Users/manouchehrrimer/Desktop/BlueDot_Perona_Vector_Project/outputs/ethics_projection/activations/deontology_test_001018_layer40.npy
deontology_test_001018,deontology,honesty,honesty,47,-1981.145751953125,mean_centered,/Users/manouchehrrimer/Desktop/BlueDot_Perona_Vector_Project/outputs/vector_construction/persona_vectors/honesty_layer47.npy,/Users/manouchehrrimer/Desktop/BlueDot_Perona_Vector_Project/outputs/ethics_projection/activations/deontology_test_001018_layer47.npy
deontology_test_001018,deontology,honesty,harmlessness,47,-1926.4259033203125,mean_centered,/Users/manouchehrrimer/Desktop/BlueDot_Perona_Vector_Project/outputs/vector_construction/persona_vectors/harmlessness_layer47.npy,/Users/manouchehrrimer/Desktop/BlueDot_Perona_Vector_Project/outputs/ethics_projection/activations/deontology_test_001018_layer47.npy
deontology_test_001018,deontology,honesty,fairness,47,-1663.9906005859375,mean_centered,/Users/manouchehrrimer/Desktop/BlueDot_Perona_Vector_Project/outputs/vector_construction/persona_vectors/fairness_layer47.npy,/Users/manouchehrrimer/Desktop/BlueDot_Perona_Vector_Project/outputs/ethics_projection/activations/deontology_test_001018_layer47.npy
deontology_test_001018,deontology,honesty,compassion,47,-1715.1282958984375,mean_centered,/Users/manouchehrrimer/Desktop/BlueDot_Perona_Vector_Project/outputs/vector_construction/persona_vectors/compassion_layer47.npy,/Users/manouchehrrimer/Desktop/BlueDot_Perona_Vector_Project/outputs/ethics_projection/activations/deontology_test_001018_layer47.npy
deontology_test_001123,deontology,honesty,honesty,32,2142.850830078125,mean_centered,/Users/manouchehrrimer/Desktop/BlueDot_Perona_Vector_Project/outputs/vector_construction/persona_vectors/honesty_layer32.npy,/Users/manouchehrrimer/Desktop/BlueDot_Perona_Vector_Project/outputs/ethics_projection/activations/deontology_test_001123_layer32.npy
deontology_test_001123,deontology,honesty,harmlessness,32,-3577.1376953125,mean_centered,/Users/manouchehrrimer/Desktop/BlueDot_Perona_Vector_Project/outputs/vector_construction/persona_vectors/harmlessness_layer32.npy,/Users/manouchehrrimer/Desktop/BlueDot_Perona_Vector_Project/outputs/ethics_projection/activations/deontology_test_001123_layer32.npy
deontology_test_001123,deontology,honesty,fairness,32,2772.166015625,mean_centered,/Users/manouchehrrimer/Desktop/BlueDot_Perona_Vector_Project/outputs/vector_construction/persona_vectors/fairness_layer32.npy,/Users/manouchehrrimer/Desktop/BlueDot_Perona_Vector_Project/outputs/ethics_projection/activations/deontology_test_001123_layer32.npy
deontology_test_001123,deontology,honesty,compassion,32,1621.0731201171875,mean_centered,/Users/manouchehrrimer/Desktop/BlueDot_Perona_Vector_Project/outputs/vector_construction/persona_vectors/compassion_layer32.npy,/Users/manouchehrrimer/Desktop/BlueDot_Perona_Vector_Project/outputs/ethics_projection/activations/deontology_test_001123_layer32.npy
deontology_test_001123,deontology,honesty,honesty,40,1133.3695068359375,mean_centered,/Users/manouchehrrimer/Desktop/BlueDot_Perona_Vector_Project/outputs/vector_construction/persona_vectors/honesty_layer40.npy,/Users/manouchehrrimer/Desktop/BlueDot_Perona_Vector_Project/outputs/ethics_projection/activations/deontology_test_001123_layer40.npy
deontology_test_001123,deontology,honesty,harmlessness,40,-1158.23681640625,mean_centered,/Users/manouchehrrimer/Desktop/BlueDot_Perona_Vector_Project/outputs/vector_construction/persona_vectors/harmlessness_layer40.npy,/Users/manouchehrrimer/Desktop/BlueDot_Perona_Vector_Project/outputs/ethics_projection/activations/deontology_test_001123_layer40.npy
deontology_test_001123,deontology,honesty,fairness,40,1154.408935546875,mean_centered,/Users/manouchehrrimer/Desktop/BlueDot_Perona_Vector_Project/outputs/vector_construction/persona_vectors/fairness_layer40.npy,/Users/manouchehrrimer/Desktop/BlueDot_Perona_Vector_Project/outputs/ethics_projection/activations/deontology_test_001123_layer40.npy
deontology_test_001123,deontology,honesty,compassion,40,-386.13641357421875,mean_centered,/Users/manouchehrrimer/Desktop/BlueDot_Perona_Vector_Project/outputs/vector_construction/persona_vectors/compassion_layer40.npy,/Users/manouchehrrimer/Desktop/BlueDot_Perona_Vector_Project/outputs/ethics_projection/activations/deontology_test_001123_layer40.npy
deontology_test_001123,deontology,honesty,honesty,47,-413.5255126953125,mean_centered,/Users/manouchehrrimer/Desktop/BlueDot_Perona_Vector_Project/outputs/vector_construction/persona_vectors/honesty_layer47.npy,/Users/manouchehrrimer/Desktop/BlueDot_Perona_Vector_Project/outputs/ethics_projection/activations/deontology_test_001123_layer47.npy
deontology_test_001123,deontology,honesty,harmlessness,47,-1006.3851318359375,mean_centered,/Users/manouchehrrimer/Desktop/BlueDot_Perona_Vector_Project/outputs/vector_construction/persona_vectors/harmlessness_layer47.npy,/Users/manouchehrrimer/Desktop/BlueDot_Perona_Vector_Project/outputs/ethics_projection/activations/deontology_test_001123_layer47.npy
deontology_test_001123,deontology,honesty,fairness,47,69.02950286865234,mean_centered,/Users/manouchehrrimer/Desktop/BlueDot_Perona_Vector_Project/outputs/vector_construction/persona_vectors/fairness_layer47.npy,/Users/manouchehrrimer/Desktop/BlueDot_Perona_Vector_Project/outputs/ethics_projection/activations/deontology_test_001123_layer47.npy
deontology_test_001123,deontology,honesty,compassion,47,-352.64788818359375,mean_centered,/Users/manouchehrrimer/Desktop/BlueDot_Perona_Vector_Project/outputs/vector_construction/persona_vectors/compassion_layer47.npy,/Users/manouchehrrimer/Desktop/BlueDot_Perona_Vector_Project/outputs/ethics_projection/activations/deontology_test_001123_layer47.npy
deontology_test_001164,deontology,honesty,honesty,32,1224.806640625,mean_centered,/Users/manouchehrrimer/Desktop/BlueDot_Perona_Vector_Project/outputs/vector_construction/persona_vectors/honesty_layer32.npy,/Users/manouchehrrimer/Desktop/BlueDot_Perona_Vector_Project/outputs/ethics_projection/activations/deontology_test_001164_layer32.npy
deontology_test_001164,deontology,honesty,harmlessness,32,-1582.5699462890625,mean_centered,/Users/manouchehrrimer/Desktop/BlueDot_Perona_Vector_Project/outputs/vector_construction/persona_vectors/harmlessness_layer32.npy,/Users/manouchehrrimer/Desktop/BlueDot_Perona_Vector_Project/outputs/ethics_projection/activations/deontology_test_001164_layer32.npy
deontology_test_001164,deontology,honesty,fairness,32,1435.559326171875,mean_centered,/Users/manouchehrrimer/Desktop/BlueDot_Perona_Vector_Project/outputs/vector_construction/persona_vectors/fairness_layer32.npy,/Users/manouchehrrimer/Desktop/BlueDot_Perona_Vector_Project/outputs/ethics_projection/activations/deontology_test_001164_layer32.npy
deontology_test_001164,deontology,honesty,compassion,32,975.8988037109375,mean_centered,/Users/manouchehrrimer/Desktop/BlueDot_Perona_Vector_Project/outputs/vector_construction/persona_vectors/compassion_layer32.npy,/Users/manouchehrrimer/Desktop/BlueDot_Perona_Vector_Project/outputs/ethics_projection/activations/deontology_test_001164_layer32.npy
deontology_test_001164,deontology,honesty,honesty,40,-271.56414794921875,mean_centered,/Users/manouchehrrimer/Desktop/BlueDot_Perona_Vector_Project/outputs/vector_construction/persona_vectors/honesty_layer40.npy,/Users/manouchehrrimer/Desktop/BlueDot_Perona_Vector_Project/outputs/ethics_projection/activations/deontology_test_001164_layer40.npy
deontology_test_001164,deontology,honesty,harmlessness,40,-141.79408264160156,mean_centered,/Users/manouchehrrimer/Desktop/BlueDot_Perona_Vector_Project/outputs/vector_construction/persona_vectors/harmlessness_layer40.npy,/Users/manouchehrrimer/Desktop/BlueDot_Perona_Vector_Project/outputs/ethics_projection/activations/deontology_test_001164_layer40.npy
deontology_test_001164,deontology,honesty,fairness,40,1.5986862182617188,mean_centered,/Users/manouchehrrimer/Desktop/BlueDot_Perona_Vector_Project/outputs/vector_construction/persona_vectors/fairness_layer40.npy,/Users/manouchehrrimer/Desktop/BlueDot_Perona_Vector_Project/outputs/ethics_projection/activations/deontology_test_001164_layer40.npy
deontology_test_001164,deontology,honesty,compassion,40,207.4902801513672,mean_centered,/Users/manouchehrrimer/Desktop/BlueDot_Perona_Vector_Project/outputs/vector_construction/persona_vectors/compassion_layer40.npy,/Users/manouchehrrimer/Desktop/BlueDot_Perona_Vector_Project/outputs/ethics_projection/activations/deontology_test_001164_layer40.npy
deontology_test_001164,deontology,honesty,honesty,47,-2879.1591796875,mean_centered,/Users/manouchehrrimer/Desktop/BlueDot_Perona_Vector_Project/outputs/vector_construction/persona_vectors/honesty_layer47.npy,/Users/manouchehrrimer/Desktop/BlueDot_Perona_Vector_Project/outputs/ethics_projection/activations/deontology_test_001164_layer47.npy
deontology_test_001164,deontology,honesty,harmlessness,47,-2939.130859375,mean_centered,/Users/manouchehrrimer/Desktop/BlueDot_Perona_Vector_Project/outputs/vector_construction/persona_vectors/harmlessness_layer47.npy,/Users/manouchehrrimer/Desktop/BlueDot_Perona_Vector_Project/outputs/ethics_projection/activations/deontology_test_001164_layer47.npy
deontology_test_001164,deontology,honesty,fairness,47,-484.0992431640625,mean_centered,/Users/manouchehrrimer/Desktop/BlueDot_Perona_Vector_Project/outputs/vector_construction/persona_vectors/fairness_layer47.npy,/Users/manouchehrrimer/Desktop/BlueDot_Perona_Vector_Project/outputs/ethics_projection/activations/deontology_test_001164_layer47.npy
deontology_test_001164,deontology,honesty,compassion,47,-925.288818359375,mean_centered,/Users/manouchehrrimer/Desktop/BlueDot_Perona_Vector_Project/outputs/vector_construction/persona_vectors/compassion_layer47.npy,/Users/manouchehrrimer/Desktop/BlueDot_Perona_Vector_Project/outputs/ethics_projection/activations/deontology_test_001164_layer47.npy
deontology_test_001187,deontology,honesty,honesty,32,1029.585693359375,mean_centered,/Users/manouchehrrimer/Desktop/BlueDot_Perona_Vector_Project/outputs/vector_construction/persona_vectors/honesty_layer32.npy,/Users/manouchehrrimer/Desktop/BlueDot_Perona_Vector_Project/outputs/ethics_projection/activations/deontology_test_001187_layer32.npy
deontology_test_001187,deontology,honesty,harmlessness,32,-1626.6343994140625,mean_centered,/Users/manouchehrrimer/Desktop/BlueDot_Perona_Vector_Project/outputs/vector_construction/persona_vectors/harmlessness_layer32.npy,/Users/manouchehrrimer/Desktop/BlueDot_Perona_Vector_Project/outputs/ethics_projection/activations/deontology_test_001187_layer32.npy
deontology_test_001187,deontology,honesty,fairness,32,1403.367431640625,mean_centered,/Users/manouchehrrimer/Desktop/BlueDot_Perona_Vector_Project/outputs/vector_construction/persona_vectors/fairness_layer32.npy,/Users/manouchehrrimer/Desktop/BlueDot_Perona_Vector_Project/outputs/ethics_projection/activations/deontology_test_001187_layer32.npy
deontology_test_001187,deontology,honesty,compassion,32,850.5930786132812,mean_centered,/Users/manouchehrrimer/Desktop/BlueDot_Perona_Vector_Project/outputs/vector_construction/persona_vectors/compassion_layer32.npy,/Users/manouchehrrimer/Desktop/BlueDot_Perona_Vector_Project/outputs/ethics_projection/activations/deontology_test_001187_layer32.npy
deontology_test_001187,deontology,honesty,honesty,40,895.9155883789062,mean_centered,/Users/manouchehrrimer/Desktop/BlueDot_Perona_Vector_Project/outputs/vector_construction/persona_vectors/honesty_layer40.npy,/Users/manouchehrrimer/Desktop/BlueDot_Perona_Vector_Project/outputs/ethics_projection/activations/deontology_test_001187_layer40.npy
deontology_test_001187,deontology,honesty,harmlessness,40,-383.0962829589844,mean_centered,/Users/manouchehrrimer/Desktop/BlueDot_Perona_Vector_Project/outputs/vector_construction/persona_vectors/harmlessness_layer40.npy,/Users/manouchehrrimer/Desktop/BlueDot_Perona_Vector_Project/outputs/ethics_projection/activations/deontology_test_001187_layer40.npy
deontology_test_001187,deontology,honesty,fairness,40,1077.3662109375,mean_centered,/Users/manouchehrrimer/Desktop/BlueDot_Perona_Vector_Project/outputs/vector_construction/persona_vectors/fairness_layer40.npy,/Users/manouchehrrimer/Desktop/BlueDot_Perona_Vector_Project/outputs/ethics_projection/activations/deontology_test_001187_layer40.npy
deontology_test_001187,deontology,honesty,compassion,40,-117.5276870727539,mean_centered,/Users/manouchehrrimer/Desktop/BlueDot_Perona_Vector_Project/outputs/vector_construction/persona_vectors/compassion_layer40.npy,/Users/manouchehrrimer/Desktop/BlueDot_Perona_Vector_Project/outputs/ethics_projection/activations/deontology_test_001187_layer40.npy
deontology_test_001187,deontology,honesty,honesty,47,-258.87469482421875,mean_centered,/Users/manouchehrrimer/Desktop/BlueDot_Perona_Vector_Project/outputs/vector_construction/persona_vectors/honesty_layer47.npy,/Users/manouchehrrimer/Desktop/BlueDot_Perona_Vector_Project/outputs/ethics_projection/activations/deontology_test_001187_layer47.npy
deontology_test_001187,deontology,honesty,harmlessness,47,309.52716064453125,mean_centered,/Users/manouchehrrimer/Desktop/BlueDot_Perona_Vector_Project/outputs/vector_construction/persona_vectors/harmlessness_layer47.npy,/Users/manouchehrrimer/Desktop/BlueDot_Perona_Vector_Project/outputs/ethics_projection/activations/deontology_test_001187_layer47.npy
deontology_test_001187,deontology,honesty,fairness,47,1135.4222412109375,mean_centered,/Users/manouchehrrimer/Desktop/BlueDot_Perona_Vector_Project/outputs/vector_construction/persona_vectors/fairness_layer47.npy,/Users/manouchehrrimer/Desktop/BlueDot_Perona_Vector_Project/outputs/ethics_projection/activations/deontology_test_001187_layer47.npy
deontology_test_001187,deontology,honesty,compassion,47,542.4999389648438,mean_centered,/Users/manouchehrrimer/Desktop/BlueDot_Perona_Vector_Project/outputs/vector_construction/persona_vectors/compassion_layer47.npy,/Users/manouchehrrimer/Desktop/BlueDot_Perona_Vector_Project/outputs/ethics_projection/activations/deontology_test_001187_layer47.npy
deontology_test_001221,deontology,honesty,honesty,32,-733.432861328125,mean_centered,/Users/manouchehrrimer/Desktop/BlueDot_Perona_Vector_Project/outputs/vector_construction/persona_vectors/honesty_layer32.npy,/Users/manouchehrrimer/Desktop/BlueDot_Perona_Vector_Project/outputs/ethics_projection/activations/deontology_test_001221_layer32.npy
deontology_test_001221,deontology,honesty,harmlessness,32,712.8867797851562,mean_centered,/Users/manouchehrrimer/Desktop/BlueDot_Perona_Vector_Project/outputs/vector_construction/persona_vectors/harmlessness_layer32.npy,/Users/manouchehrrimer/Desktop/BlueDot_Perona_Vector_Project/outputs/ethics_projection/activations/deontology_test_001221_layer32.npy
deontology_test_001221,deontology,honesty,fairness,32,-499.47113037109375,mean_centered,/Users/manouchehrrimer/Desktop/BlueDot_Perona_Vector_Project/outputs/vector_construction/persona_vectors/fairness_layer32.npy,/Users/manouchehrrimer/Desktop/BlueDot_Perona_Vector_Project/outputs/ethics_projection/activations/deontology_test_001221_layer32.npy
deontology_test_001221,deontology,honesty,compassion,32,-644.3539428710938,mean_centered,/Users/manouchehrrimer/Desktop/BlueDot_Perona_Vector_Project/outputs/vector_construction/persona_vectors/compassion_layer32.npy,/Users/manouchehrrimer/Desktop/BlueDot_Perona_Vector_Project/outputs/ethics_projection/activations/deontology_test_001221_layer32.npy
deontology_test_001221,deontology,honesty,honesty,40,-3687.004150390625,mean_centered,/Users/manouchehrrimer/Desktop/BlueDot_Perona_Vector_Project/outputs/vector_construction/persona_vectors/honesty_layer40.npy,/Users/manouchehrrimer/Desktop/BlueDot_Perona_Vector_Project/outputs/ethics_projection/activations/deontology_test_001221_layer40.npy
deontology_test_001221,deontology,honesty,harmlessness,40,-119.24040222167969,mean_centered,/Users/manouchehrrimer/Desktop/BlueDot_Perona_Vector_Project/outputs/vector_construction/persona_vectors/harmlessness_layer40.npy,/Users/manouchehrrimer/Desktop/BlueDot_Perona_Vector_Project/outputs/ethics_projection/activations/deontology_test_001221_layer40.npy
deontology_test_001221,deontology,honesty,fairness,40,-2520.25927734375,mean_centered,/Users/manouchehrrimer/Desktop/BlueDot_Perona_Vector_Project/outputs/vector_construction/persona_vectors/fairness_layer40.npy,/Users/manouchehrrimer/Desktop/BlueDot_Perona_Vector_Project/outputs/ethics_projection/activations/deontology_test_001221_layer40.npy
deontology_test_001221,deontology,honesty,compassion,40,-332.0346374511719,mean_centered,/Users/manouchehrrimer/Desktop/BlueDot_Perona_Vector_Project/outputs/vector_construction/persona_vectors/compassion_layer40.npy,/Users/manouchehrrimer/Desktop/BlueDot_Perona_Vector_Project/outputs/ethics_projection/activations/deontology_test_001221_layer40.npy
deontology_test_001221,deontology,honesty,honesty,47,-613.8490600585938,mean_centered,/Users/manouchehrrimer/Desktop/BlueDot_Perona_Vector_Project/outputs/vector_construction/persona_vectors/honesty_layer47.npy,/Users/manouchehrrimer/Desktop/BlueDot_Perona_Vector_Project/outputs/ethics_projection/activations/deontology_test_001221_layer47.npy
deontology_test_001221,deontology,honesty,harmlessness,47,-770.8786010742188,mean_centered,/Users/manouchehrrimer/Desktop/BlueDot_Perona_Vector_Project/outputs/vector_construction/persona_vectors/harmlessness_layer47.npy,/Users/manouchehrrimer/Desktop/BlueDot_Perona_Vector_Project/outputs/ethics_projection/activations/deontology_test_001221_layer47.npy
deontology_test_001221,deontology,honesty,fairness,47,276.4990234375,mean_centered,/Users/manouchehrrimer/Desktop/BlueDot_Perona_Vector_Project/outputs/vector_construction/persona_vectors/fairness_layer47.npy,/Users/manouchehrrimer/Desktop/BlueDot_Perona_Vector_Project/outputs/ethics_projection/activations/deontology_test_001221_layer47.npy
deontology_test_001221,deontology,honesty,compassion,47,-469.6314697265625,mean_centered,/Users/manouchehrrimer/Desktop/BlueDot_Perona_Vector_Project/outputs/vector_construction/persona_vectors/compassion_layer47.npy,/Users/manouchehrrimer/Desktop/BlueDot_Perona_Vector_Project/outputs/ethics_projection/activations/deontology_test_001221_layer47.npy
deontology_test_001228,deontology,honesty,honesty,32,1165.8663330078125,mean_centered,/Users/manouchehrrimer/Desktop/BlueDot_Perona_Vector_Project/outputs/vector_construction/persona_vectors/honesty_layer32.npy,/Users/manouchehrrimer/Desktop/BlueDot_Perona_Vector_Project/outputs/ethics_projection/activations/deontology_test_001228_layer32.npy
deontology_test_001228,deontology,honesty,harmlessness,32,-1203.20751953125,mean_centered,/Users/manouchehrrimer/Desktop/BlueDot_Perona_Vector_Project/outputs/vector_construction/persona_vectors/harmlessness_layer32.npy,/Users/manouchehrrimer/Desktop/BlueDot_Perona_Vector_Project/outputs/ethics_projection/activations/deontology_test_001228_layer32.npy
deontology_test_001228,deontology,honesty,fairness,32,993.0411987304688,mean_centered,/Users/manouchehrrimer/Desktop/BlueDot_Perona_Vector_Project/outputs/vector_construction/persona_vectors/fairness_layer32.npy,/Users/manouchehrrimer/Desktop/BlueDot_Perona_Vector_Project/outputs/ethics_projection/activations/deontology_test_001228_layer32.npy
deontology_test_001228,deontology,honesty,compassion,32,748.594970703125,mean_centered,/Users/manouchehrrimer/Desktop/BlueDot_Perona_Vector_Project/outputs/vector_construction/persona_vectors/compassion_layer32.npy,/Users/manouchehrrimer/Desktop/BlueDot_Perona_Vector_Project/outputs/ethics_projection/activations/deontology_test_001228_layer32.npy
deontology_test_001228,deontology,honesty,honesty,40,4323.2431640625,mean_centered,/Users/manouchehrrimer/Desktop/BlueDot_Perona_Vector_Project/outputs/vector_construction/persona_vectors/honesty_layer40.npy,/Users/manouchehrrimer/Desktop/BlueDot_Perona_Vector_Project/outputs/ethics_projection/activations/deontology_test_001228_layer40.npy
deontology_test_001228,deontology,honesty,harmlessness,40,160.04627990722656,mean_centered,/Users/manouchehrrimer/Desktop/BlueDot_Perona_Vector_Project/outputs/vector_construction/persona_vectors/harmlessness_layer40.npy,/Users/manouchehrrimer/Desktop/BlueDot_Perona_Vector_Project/outputs/ethics_projection/activations/deontology_test_001228_layer40.npy
deontology_test_001228,deontology,honesty,fairness,40,3032.656982421875,mean_centered,/Users/manouchehrrimer/Desktop/BlueDot_Perona_Vector_Project/outputs/vector_construction/persona_vectors/fairness_layer40.npy,/Users/manouchehrrimer/Desktop/BlueDot_Perona_Vector_Project/outputs/ethics_projection/activations/deontology_test_001228_layer40.npy
deontology_test_001228,deontology,honesty,compassion,40,332.42486572265625,mean_centered,/Users/manouchehrrimer/Desktop/BlueDot_Perona_Vector_Project/outputs/vector_construction/persona_vectors/compassion_layer40.npy,/Users/manouchehrrimer/Desktop/BlueDot_Perona_Vector_Project/outputs/ethics_projection/activations/deontology_test_001228_layer40.npy
deontology_test_001228,deontology,honesty,honesty,47,-620.5013427734375,mean_centered,/Users/manouchehrrimer/Desktop/BlueDot_Perona_Vector_Project/outputs/vector_construction/persona_vectors/honesty_layer47.npy,/Users/manouchehrrimer/Desktop/BlueDot_Perona_Vector_Project/outputs/ethics_projection/activations/deontology_test_001228_layer47.npy
deontology_test_001228,deontology,honesty,harmlessness,47,-1786.3160400390625,mean_centered,/Users/manouchehrrimer/Desktop/BlueDot_Perona_Vector_Project/outputs/vector_construction/persona_vectors/harmlessness_layer47.npy,/Users/manouchehrrimer/Desktop/BlueDot_Perona_Vector_Project/outputs/ethics_projection/activations/deontology_test_001228_layer47.npy
deontology_test_001228,deontology,honesty,fairness,47,-53.98683166503906,mean_centered,/Users/manouchehrrimer/Desktop/BlueDot_Perona_Vector_Project/outputs/vector_construction/persona_vectors/fairness_layer47.npy,/Users/manouchehrrimer/Desktop/BlueDot_Perona_Vector_Project/outputs/ethics_projection/activations/deontology_test_001228_layer47.npy
deontology_test_001228,deontology,honesty,compassion,47,-1205.983154296875,mean_centered,/Users/manouchehrrimer/Desktop/BlueDot_Perona_Vector_Project/outputs/vector_construction/persona_vectors/compassion_layer47.npy,/Users/manouchehrrimer/Desktop/BlueDot_Perona_Vector_Project/outputs/ethics_projection/activations/deontology_test_001228_layer47.npy
deontology_test_001255,deontology,honesty,honesty,32,315.9625244140625,mean_centered,/Users/manouchehrrimer/Desktop/BlueDot_Perona_Vector_Project/outputs/vector_construction/persona_vectors/honesty_layer32.npy,/Users/manouchehrrimer/Desktop/BlueDot_Perona_Vector_Project/outputs/ethics_projection/activations/deontology_test_001255_layer32.npy
deontology_test_001255,deontology,honesty,harmlessness,32,-344.9810791015625,mean_centered,/Users/manouchehrrimer/Desktop/BlueDot_Perona_Vector_Project/outputs/vector_construction/persona_vectors/harmlessness_layer32.npy,/Users/manouchehrrimer/Desktop/BlueDot_Perona_Vector_Project/outputs/ethics_projection/activations/deontology_test_001255_layer32.npy
deontology_test_001255,deontology,honesty,fairness,32,205.16049194335938,mean_centered,/Users/manouchehrrimer/Desktop/BlueDot_Perona_Vector_Project/outputs/vector_construction/persona_vectors/fairness_layer32.npy,/Users/manouchehrrimer/Desktop/BlueDot_Perona_Vector_Project/outputs/ethics_projection/activations/deontology_test_001255_layer32.npy
deontology_test_001255,deontology,honesty,compassion,32,-326.87176513671875,mean_centered,/Users/manouchehrrimer/Desktop/BlueDot_Perona_Vector_Project/outputs/vector_construction/persona_vectors/compassion_layer32.npy,/Users/manouchehrrimer/Desktop/BlueDot_Perona_Vector_Project/outputs/ethics_projection/activations/deontology_test_001255_layer32.npy
deontology_test_001255,deontology,honesty,honesty,40,-868.7227783203125,mean_centered,/Users/manouchehrrimer/Desktop/BlueDot_Perona_Vector_Project/outputs/vector_construction/persona_vectors/honesty_layer40.npy,/Users/manouchehrrimer/Desktop/BlueDot_Perona_Vector_Project/outputs/ethics_projection/activations/deontology_test_001255_layer40.npy
deontology_test_001255,deontology,honesty,harmlessness,40,-372.13140869140625,mean_centered,/Users/manouchehrrimer/Desktop/BlueDot_Perona_Vector_Project/outputs/vector_construction/persona_vectors/harmlessness_layer40.npy,/Users/manouchehrrimer/Desktop/BlueDot_Perona_Vector_Project/outputs/ethics_projection/activations/deontology_test_001255_layer40.npy
deontology_test_001255,deontology,honesty,fairness,40,-720.8155517578125,mean_centered,/Users/manouchehrrimer/Desktop/BlueDot_Perona_Vector_Project/outputs/vector_construction/persona_vectors/fairness_layer40.npy,/Users/manouchehrrimer/Desktop/BlueDot_Perona_Vector_Project/outputs/ethics_projection/activations/deontology_test_001255_layer40.npy
deontology_test_001255,deontology,honesty,compassion,40,-248.82652282714844,mean_centered,/Users/manouchehrrimer/Desktop/BlueDot_Perona_Vector_Project/outputs/vector_construction/persona_vectors/compassion_layer40.npy,/Users/manouchehrrimer/Desktop/BlueDot_Perona_Vector_Project/outputs/ethics_projection/activations/deontology_test_001255_layer40.npy
deontology_test_001255,deontology,honesty,honesty,47,-4020.82373046875,mean_centered,/Users/manouchehrrimer/Desktop/BlueDot_Perona_Vector_Project/outputs/vector_construction/persona_vectors/honesty_layer47.npy,/Users/manouchehrrimer/Desktop/BlueDot_Perona_Vector_Project/outputs/ethics_projection/activations/deontology_test_001255_layer47.npy
deontology_test_001255,deontology,honesty,harmlessness,47,-5844.39501953125,mean_centered,/Users/manouchehrrimer/Desktop/BlueDot_Perona_Vector_Project/outputs/vector_construction/persona_vectors/harmlessness_layer47.npy,/Users/manouchehrrimer/Desktop/BlueDot_Perona_Vector_Project/outputs/ethics_projection/activations/deontology_test_001255_layer47.npy
deontology_test_001255,deontology,honesty,fairness,47,-1227.5428466796875,mean_centered,/Users/manouchehrrimer/Desktop/BlueDot_Perona_Vector_Project/outputs/vector_construction/persona_vectors/fairness_layer47.npy,/Users/manouchehrrimer/Desktop/BlueDot_Perona_Vector_Project/outputs/ethics_projection/activations/deontology_test_001255_layer47.npy
deontology_test_001255,deontology,honesty,compassion,47,-2992.01416015625,mean_centered,/Users/manouchehrrimer/Desktop/BlueDot_Perona_Vector_Project/outputs/vector_construction/persona_vectors/compassion_layer47.npy,/Users/manouchehrrimer/Desktop/BlueDot_Perona_Vector_Project/outputs/ethics_projection/activations/deontology_test_001255_layer47.npy
deontology_test_001391,deontology,honesty,honesty,32,-336.69354248046875,mean_centered,/Users/manouchehrrimer/Desktop/BlueDot_Perona_Vector_Project/outputs/vector_construction/persona_vectors/honesty_layer32.npy,/Users/manouchehrrimer/Desktop/BlueDot_Perona_Vector_Project/outputs/ethics_projection/activations/deontology_test_001391_layer32.npy
deontology_test_001391,deontology,honesty,harmlessness,32,959.6006469726562,mean_centered,/Users/manouchehrrimer/Desktop/BlueDot_Perona_Vector_Project/outputs/vector_construction/persona_vectors/harmlessness_layer32.npy,/Users/manouchehrrimer/Desktop/BlueDot_Perona_Vector_Project/outputs/ethics_projection/activations/deontology_test_001391_layer32.npy
deontology_test_001391,deontology,honesty,fairness,32,-723.1444091796875,mean_centered,/Users/manouchehrrimer/Desktop/BlueDot_Perona_Vector_Project/outputs/vector_construction/persona_vectors/fairness_layer32.npy,/Users/manouchehrrimer/Desktop/BlueDot_Perona_Vector_Project/outputs/ethics_projection/activations/deontology_test_001391_layer32.npy
deontology_test_001391,deontology,honesty,compassion,32,-646.096923828125,mean_centered,/Users/manouchehrrimer/Desktop/BlueDot_Perona_Vector_Project/outputs/vector_construction/persona_vectors/compassion_layer32.npy,/Users/manouchehrrimer/Desktop/BlueDot_Perona_Vector_Project/outputs/ethics_projection/activations/deontology_test_001391_layer32.npy
deontology_test_001391,deontology,honesty,honesty,40,-5797.853515625,mean_centered,/Users/manouchehrrimer/Desktop/BlueDot_Perona_Vector_Project/outputs/vector_construction/persona_vectors/honesty_layer40.npy,/Users/manouchehrrimer/Desktop/BlueDot_Perona_Vector_Project/outputs/ethics_projection/activations/deontology_test_001391_layer40.npy
deontology_test_001391,deontology,honesty,harmlessness,40,192.52169799804688,mean_centered,/Users/manouchehrrimer/Desktop/BlueDot_Perona_Vector_Project/outputs/vector_construction/persona_vectors/harmlessness_layer40.npy,/Users/manouchehrrimer/Desktop/BlueDot_Perona_Vector_Project/outputs/ethics_projection/activations/deontology_test_001391_layer40.npy
deontology_test_001391,deontology,honesty,fairness,40,-4570.67529296875,mean_centered,/Users/manouchehrrimer/Desktop/BlueDot_Perona_Vector_Project/outputs/vector_construction/persona_vectors/fairness_layer40.npy,/Users/manouchehrrimer/Desktop/BlueDot_Perona_Vector_Project/outputs/ethics_projection/activations/deontology_test_001391_layer40.npy
deontology_test_001391,deontology,honesty,compassion,40,125.899169921875,mean_centered,/Users/manouchehrrimer/Desktop/BlueDot_Perona_Vector_Project/outputs/vector_construction/persona_vectors/compassion_layer40.npy,/Users/manouchehrrimer/Desktop/BlueDot_Perona_Vector_Project/outputs/ethics_projection/activations/deontology_test_001391_layer40.npy
deontology_test_001391,deontology,honesty,honesty,47,-7317.40234375,mean_centered,/Users/manouchehrrimer/Desktop/BlueDot_Perona_Vector_Project/outputs/vector_construction/persona_vectors/honesty_layer47.npy,/Users/manouchehrrimer/Desktop/BlueDot_Perona_Vector_Project/outputs/ethics_projection/activations/deontology_test_001391_layer47.npy
deontology_test_001391,deontology,honesty,harmlessness,47,-9443.5546875,mean_centered,/Users/manouchehrrimer/Desktop/BlueDot_Perona_Vector_Project/outputs/vector_construction/persona_vectors/harmlessness_layer47.npy,/Users/manouchehrrimer/Desktop/BlueDot_Perona_Vector_Project/outputs/ethics_projection/activations/deontology_test_001391_layer47.npy
deontology_test_001391,deontology,honesty,fairness,47,-3417.321533203125,mean_centered,/Users/manouchehrrimer/Desktop/BlueDot_Perona_Vector_Project/outputs/vector_construction/persona_vectors/fairness_layer47.npy,/Users/manouchehrrimer/Desktop/BlueDot_Perona_Vector_Project/outputs/ethics_projection/activations/deontology_test_001391_layer47.npy
deontology_test_001391,deontology,honesty,compassion,47,-4609.78955078125,mean_centered,/Users/manouchehrrimer/Desktop/BlueDot_Perona_Vector_Project/outputs/vector_construction/persona_vectors/compassion_layer47.npy,/Users/manouchehrrimer/Desktop/BlueDot_Perona_Vector_Project/outputs/ethics_projection/activations/deontology_test_001391_layer47.npy
deontology_test_001513,deontology,harmlessness,honesty,32,-427.96966552734375,mean_centered,/Users/manouchehrrimer/Desktop/BlueDot_Perona_Vector_Project/outputs/vector_construction/persona_vectors/honesty_layer32.npy,/Users/manouchehrrimer/Desktop/BlueDot_Perona_Vector_Project/outputs/ethics_projection/activations/deontology_test_001513_layer32.npy
deontology_test_001513,deontology,harmlessness,harmlessness,32,850.0598754882812,mean_centered,/Users/manouchehrrimer/Desktop/BlueDot_Perona_Vector_Project/outputs/vector_construction/persona_vectors/harmlessness_layer32.npy,/Users/manouchehrrimer/Desktop/BlueDot_Perona_Vector_Project/outputs/ethics_projection/activations/deontology_test_001513_layer32.npy
deontology_test_001513,deontology,harmlessness,fairness,32,-762.0482788085938,mean_centered,/Users/manouchehrrimer/Desktop/BlueDot_Perona_Vector_Project/outputs/vector_construction/persona_vectors/fairness_layer32.npy,/Users/manouchehrrimer/Desktop/BlueDot_Perona_Vector_Project/outputs/ethics_projection/activations/deontology_test_001513_layer32.npy
deontology_test_001513,deontology,harmlessness,compassion,32,-556.1489868164062,mean_centered,/Users/manouchehrrimer/Desktop/BlueDot_Perona_Vector_Project/outputs/vector_construction/persona_vectors/compassion_layer32.npy,/Users/manouchehrrimer/Desktop/BlueDot_Perona_Vector_Project/outputs/ethics_projection/activations/deontology_test_001513_layer32.npy
deontology_test_001513,deontology,harmlessness,honesty,40,-5559.59912109375,mean_centered,/Users/manouchehrrimer/Desktop/BlueDot_Perona_Vector_Project/outputs/vector_construction/persona_vectors/honesty_layer40.npy,/Users/manouchehrrimer/Desktop/BlueDot_Perona_Vector_Project/outputs/ethics_projection/activations/deontology_test_001513_layer40.npy
deontology_test_001513,deontology,harmlessness,harmlessness,40,69.95597839355469,mean_centered,/Users/manouchehrrimer/Desktop/BlueDot_Perona_Vector_Project/outputs/vector_construction/persona_vectors/harmlessness_layer40.npy,/Users/manouchehrrimer/Desktop/BlueDot_Perona_Vector_Project/outputs/ethics_projection/activations/deontology_test_001513_layer40.npy
deontology_test_001513,deontology,harmlessness,fairness,40,-4364.796875,mean_centered,/Users/manouchehrrimer/Desktop/BlueDot_Perona_Vector_Project/outputs/vector_construction/persona_vectors/fairness_layer40.npy,/Users/manouchehrrimer/Desktop/BlueDot_Perona_Vector_Project/outputs/ethics_projection/activations/deontology_test_001513_layer40.npy
deontology_test_001513,deontology,harmlessness,compassion,40,67.40899658203125,mean_centered,/Users/manouchehrrimer/Desktop/BlueDot_Perona_Vector_Project/outputs/vector_construction/persona_vectors/compassion_layer40.npy,/Users/manouchehrrimer/Desktop/BlueDot_Perona_Vector_Project/outputs/ethics_projection/activations/deontology_test_001513_layer40.npy
deontology_test_001513,deontology,harmlessness,honesty,47,-6624.08642578125,mean_centered,/Users/manouchehrrimer/Desktop/BlueDot_Perona_Vector_Project/outputs/vector_construction/persona_vectors/honesty_layer47.npy,/Users/manouchehrrimer/Desktop/BlueDot_Perona_Vector_Project/outputs/ethics_projection/activations/deontology_test_001513_layer47.npy
deontology_test_001513,deontology,harmlessness,harmlessness,47,-8174.1279296875,mean_centered,/Users/manouchehrrimer/Desktop/BlueDot_Perona_Vector_Project/outputs/vector_construction/persona_vectors/harmlessness_layer47.npy,/Users/manouchehrrimer/Desktop/BlueDot_Perona_Vector_Project/outputs/ethics_projection/activations/deontology_test_001513_layer47.npy
deontology_test_001513,deontology,harmlessness,fairness,47,-3291.521484375,mean_centered,/Users/manouchehrrimer/Desktop/BlueDot_Perona_Vector_Project/outputs/vector_construction/persona_vectors/fairness_layer47.npy,/Users/manouchehrrimer/Desktop/BlueDot_Perona_Vector_Project/outputs/ethics_projection/activations/deontology_test_001513_layer47.npy
deontology_test_001513,deontology,harmlessness,compassion,47,-3773.39306640625,mean_centered,/Users/manouchehrrimer/Desktop/BlueDot_Perona_Vector_Project/outputs/vector_construction/persona_vectors/compassion_layer47.npy,/Users/manouchehrrimer/Desktop/BlueDot_Perona_Vector_Project/outputs/ethics_projection/activations/deontology_test_001513_layer47.npy
deontology_test_001584,deontology,honesty,honesty,32,-184.49319458007812,mean_centered,/Users/manouchehrrimer/Desktop/BlueDot_Perona_Vector_Project/outputs/vector_construction/persona_vectors/honesty_layer32.npy,/Users/manouchehrrimer/Desktop/BlueDot_Perona_Vector_Project/outputs/ethics_projection/activations/deontology_test_001584_layer32.npy
deontology_test_001584,deontology,honesty,harmlessness,32,204.99876403808594,mean_centered,/Users/manouchehrrimer/Desktop/BlueDot_Perona_Vector_Project/outputs/vector_construction/persona_vectors/harmlessness_layer32.npy,/Users/manouchehrrimer/Desktop/BlueDot_Perona_Vector_Project/outputs/ethics_projection/activations/deontology_test_001584_layer32.npy
deontology_test_001584,deontology,honesty,fairness,32,-136.02316284179688,mean_centered,/Users/manouchehrrimer/Desktop/BlueDot_Perona_Vector_Project/outputs/vector_construction/persona_vectors/fairness_layer32.npy,/Users/manouchehrrimer/Desktop/BlueDot_Perona_Vector_Project/outputs/ethics_projection/activations/deontology_test_001584_layer32.npy
deontology_test_001584,deontology,honesty,compassion,32,-148.39004516601562,mean_centered,/Users/manouchehrrimer/Desktop/BlueDot_Perona_Vector_Project/outputs/vector_construction/persona_vectors/compassion_layer32.npy,/Users/manouchehrrimer/Desktop/BlueDot_Perona_Vector_Project/outputs/ethics_projection/activations/deontology_test_001584_layer32.npy
deontology_test_001584,deontology,honesty,honesty,40,-2304.59521484375,mean_centered,/Users/manouchehrrimer/Desktop/BlueDot_Perona_Vector_Project/outputs/vector_construction/persona_vectors/honesty_layer40.npy,/Users/manouchehrrimer/Desktop/BlueDot_Perona_Vector_Project/outputs/ethics_projection/activations/deontology_test_001584_layer40.npy
deontology_test_001584,deontology,honesty,harmlessness,40,-309.07763671875,mean_centered,/Users/manouchehrrimer/Desktop/BlueDot_Perona_Vector_Project/outputs/vector_construction/persona_vectors/harmlessness_layer40.npy,/Users/manouchehrrimer/Desktop/BlueDot_Perona_Vector_Project/outputs/ethics_projection/activations/deontology_test_001584_layer40.npy
deontology_test_001584,deontology,honesty,fairness,40,-1687.11181640625,mean_centered,/Users/manouchehrrimer/Desktop/BlueDot_Perona_Vector_Project/outputs/vector_construction/persona_vectors/fairness_layer40.npy,/Users/manouchehrrimer/Desktop/BlueDot_Perona_Vector_Project/outputs/ethics_projection/activations/deontology_test_001584_layer40.npy
deontology_test_001584,deontology,honesty,compassion,40,-10.037528991699219,mean_centered,/Users/manouchehrrimer/Desktop/BlueDot_Perona_Vector_Project/outputs/vector_construction/persona_vectors/compassion_layer40.npy,/Users/manouchehrrimer/Desktop/BlueDot_Perona_Vector_Project/outputs/ethics_projection/activations/deontology_test_001584_layer40.npy
deontology_test_001584,deontology,honesty,honesty,47,-370.6644592285156,mean_centered,/Users/manouchehrrimer/Desktop/BlueDot_Perona_Vector_Project/outputs/vector_construction/persona_vectors/honesty_layer47.npy,/Users/manouchehrrimer/Desktop/BlueDot_Perona_Vector_Project/outputs/ethics_projection/activations/deontology_test_001584_layer47.npy
deontology_test_001584,deontology,honesty,harmlessness,47,-982.7960205078125,mean_centered,/Users/manouchehrrimer/Desktop/BlueDot_Perona_Vector_Project/outputs/vector_construction/persona_vectors/harmlessness_layer47.npy,/Users/manouchehrrimer/Desktop/BlueDot_Perona_Vector_Project/outputs/ethics_projection/activations/deontology_test_001584_layer47.npy
deontology_test_001584,deontology,honesty,fairness,47,-18.758819580078125,mean_centered,/Users/manouchehrrimer/Desktop/BlueDot_Perona_Vector_Project/outputs/vector_construction/persona_vectors/fairness_layer47.npy,/Users/manouchehrrimer/Desktop/BlueDot_Perona_Vector_Project/outputs/ethics_projection/activations/deontology_test_001584_layer47.npy
deontology_test_001584,deontology,honesty,compassion,47,-200.34146118164062,mean_centered,/Users/manouchehrrimer/Desktop/BlueDot_Perona_Vector_Project/outputs/vector_construction/persona_vectors/compassion_layer47.npy,/Users/manouchehrrimer/Desktop/BlueDot_Perona_Vector_Project/outputs/ethics_projection/activations/deontology_test_001584_layer47.npy
deontology_test_001702,deontology,honesty,honesty,32,496.52679443359375,mean_centered,/Users/manouchehrrimer/Desktop/BlueDot_Perona_Vector_Project/outputs/vector_construction/persona_vectors/honesty_layer32.npy,/Users/manouchehrrimer/Desktop/BlueDot_Perona_Vector_Project/outputs/ethics_projection/activations/deontology_test_001702_layer32.npy
deontology_test_001702,deontology,honesty,harmlessness,32,-817.60986328125,mean_centered,/Users/manouchehrrimer/Desktop/BlueDot_Perona_Vector_Project/outputs/vector_construction/persona_vectors/harmlessness_layer32.npy,/Users/manouchehrrimer/Desktop/BlueDot_Perona_Vector_Project/outputs/ethics_projection/activations/deontology_test_001702_layer32.npy
deontology_test_001702,deontology,honesty,fairness,32,540.1898193359375,mean_centered,/Users/manouchehrrimer/Desktop/BlueDot_Perona_Vector_Project/outputs/vector_construction/persona_vectors/fairness_layer32.npy,/Users/manouchehrrimer/Desktop/BlueDot_Perona_Vector_Project/outputs/ethics_projection/activations/deontology_test_001702_layer32.npy
deontology_test_001702,deontology,honesty,compassion,32,115.50918579101562,mean_centered,/Users/manouchehrrimer/Desktop/BlueDot_Perona_Vector_Project/outputs/vector_construction/persona_vectors/compassion_layer32.npy,/Users/manouchehrrimer/Desktop/BlueDot_Perona_Vector_Project/outputs/ethics_projection/activations/deontology_test_001702_layer32.npy
deontology_test_001702,deontology,honesty,honesty,40,-1435.508056640625,mean_centered,/Users/manouchehrrimer/Desktop/BlueDot_Perona_Vector_Project/outputs/vector_construction/persona_vectors/honesty_layer40.npy,/Users/manouchehrrimer/Desktop/BlueDot_Perona_Vector_Project/outputs/ethics_projection/activations/deontology_test_001702_layer40.npy
deontology_test_001702,deontology,honesty,harmlessness,40,-386.3910217285156,mean_centered,/Users/manouchehrrimer/Desktop/BlueDot_Perona_Vector_Project/outputs/vector_construction/persona_vectors/harmlessness_layer40.npy,/Users/manouchehrrimer/Desktop/BlueDot_Perona_Vector_Project/outputs/ethics_projection/activations/deontology_test_001702_layer40.npy
deontology_test_001702,deontology,honesty,fairness,40,-1061.5302734375,mean_centered,/Users/manouchehrrimer/Desktop/BlueDot_Perona_Vector_Project/outputs/vector_construction/persona_vectors/fairness_layer40.npy,/Users/manouchehrrimer/Desktop/BlueDot_Perona_Vector_Project/outputs/ethics_projection/activations/deontology_test_001702_layer40.npy
deontology_test_001702,deontology,honesty,compassion,40,99.87875366210938,mean_centered,/Users/manouchehrrimer/Desktop/BlueDot_Perona_Vector_Project/outputs/vector_construction/persona_vectors/compassion_layer40.npy,/Users/manouchehrrimer/Desktop/BlueDot_Perona_Vector_Project/outputs/ethics_projection/activations/deontology_test_001702_layer40.npy
deontology_test_001702,deontology,honesty,honesty,47,-5798.18115234375,mean_centered,/Users/manouchehrrimer/Desktop/BlueDot_Perona_Vector_Project/outputs/vector_construction/persona_vectors/honesty_layer47.npy,/Users/manouchehrrimer/Desktop/BlueDot_Perona_Vector_Project/outputs/ethics_projection/activations/deontology_test_001702_layer47.npy
deontology_test_001702,deontology,honesty,harmlessness,47,-7531.38623046875,mean_centered,/Users/manouchehrrimer/Desktop/BlueDot_Perona_Vector_Project/outputs/vector_construction/persona_vectors/harmlessness_layer47.npy,/Users/manouchehrrimer/Desktop/BlueDot_Perona_Vector_Project/outputs/ethics_projection/activations/deontology_test_001702_layer47.npy
deontology_test_001702,deontology,honesty,fairness,47,-1832.75390625,mean_centered,/Users/manouchehrrimer/Desktop/BlueDot_Perona_Vector_Project/outputs/vector_construction/persona_vectors/fairness_layer47.npy,/Users/manouchehrrimer/Desktop/BlueDot_Perona_Vector_Project/outputs/ethics_projection/activations/deontology_test_001702_layer47.npy
deontology_test_001702,deontology,honesty,compassion,47,-3472.138427734375,mean_centered,/Users/manouchehrrimer/Desktop/BlueDot_Perona_Vector_Project/outputs/vector_construction/persona_vectors/compassion_layer47.npy,/Users/manouchehrrimer/Desktop/BlueDot_Perona_Vector_Project/outputs/ethics_projection/activations/deontology_test_001702_layer47.npy
deontology_test_001725,deontology,honesty,honesty,32,1109.861572265625,mean_centered,/Users/manouchehrrimer/Desktop/BlueDot_Perona_Vector_Project/outputs/vector_construction/persona_vectors/honesty_layer32.npy,/Users/manouchehrrimer/Desktop/BlueDot_Perona_Vector_Project/outputs/ethics_projection/activations/deontology_test_001725_layer32.npy
deontology_test_001725,deontology,honesty,harmlessness,32,-1465.3172607421875,mean_centered,/Users/manouchehrrimer/Desktop/BlueDot_Perona_Vector_Project/outputs/vector_construction/persona_vectors/harmlessness_layer32.npy,/Users/manouchehrrimer/Desktop/BlueDot_Perona_Vector_Project/outputs/ethics_projection/activations/deontology_test_001725_layer32.npy
deontology_test_001725,deontology,honesty,fairness,32,1014.374267578125,mean_centered,/Users/manouchehrrimer/Desktop/BlueDot_Perona_Vector_Project/outputs/vector_construction/persona_vectors/fairness_layer32.npy,/Users/manouchehrrimer/Desktop/BlueDot_Perona_Vector_Project/outputs/ethics_projection/activations/deontology_test_001725_layer32.npy
deontology_test_001725,deontology,honesty,compassion,32,633.734375,mean_centered,/Users/manouchehrrimer/Desktop/BlueDot_Perona_Vector_Project/outputs/vector_construction/persona_vectors/compassion_layer32.npy,/Users/manouchehrrimer/Desktop/BlueDot_Perona_Vector_Project/outputs/ethics_projection/activations/deontology_test_001725_layer32.npy
deontology_test_001725,deontology,honesty,honesty,40,970.4244384765625,mean_centered,/Users/manouchehrrimer/Desktop/BlueDot_Perona_Vector_Project/outputs/vector_construction/persona_vectors/honesty_layer40.npy,/Users/manouchehrrimer/Desktop/BlueDot_Perona_Vector_Project/outputs/ethics_projection/activations/deontology_test_001725_layer40.npy
deontology_test_001725,deontology,honesty,harmlessness,40,-131.24537658691406,mean_centered,/Users/manouchehrrimer/Desktop/BlueDot_Perona_Vector_Project/outputs/vector_construction/persona_vectors/harmlessness_layer40.npy,/Users/manouchehrrimer/Desktop/BlueDot_Perona_Vector_Project/outputs/ethics_projection/activations/deontology_test_001725_layer40.npy
deontology_test_001725,deontology,honesty,fairness,40,463.9296875,mean_centered,/Users/manouchehrrimer/Desktop/BlueDot_Perona_Vector_Project/outputs/vector_construction/persona_vectors/fairness_layer40.npy,/Users/manouchehrrimer/Desktop/BlueDot_Perona_Vector_Project/outputs/ethics_projection/activations/deontology_test_001725_layer40.npy
deontology_test_001725,deontology,honesty,compassion,40,-442.9720153808594,mean_centered,/Users/manouchehrrimer/Desktop/BlueDot_Perona_Vector_Project/outputs/vector_construction/persona_vectors/compassion_layer40.npy,/Users/manouchehrrimer/Desktop/BlueDot_Perona_Vector_Project/outputs/ethics_projection/activations/deontology_test_001725_layer40.npy
deontology_test_001725,deontology,honesty,honesty,47,-2288.847900390625,mean_centered,/Users/manouchehrrimer/Desktop/BlueDot_Perona_Vector_Project/outputs/vector_construction/persona_vectors/honesty_layer47.npy,/Users/manouchehrrimer/Desktop/BlueDot_Perona_Vector_Project/outputs/ethics_projection/activations/deontology_test_001725_layer47.npy
deontology_test_001725,deontology,honesty,harmlessness,47,-2972.7451171875,mean_centered,/Users/manouchehrrimer/Desktop/BlueDot_Perona_Vector_Project/outputs/vector_construction/persona_vectors/harmlessness_layer47.npy,/Users/manouchehrrimer/Desktop/BlueDot_Perona_Vector_Project/outputs/ethics_projection/activations/deontology_test_001725_layer47.npy
deontology_test_001725,deontology,honesty,fairness,47,-935.4020385742188,mean_centered,/Users/manouchehrrimer/Desktop/BlueDot_Perona_Vector_Project/outputs/vector_construction/persona_vectors/fairness_layer47.npy,/Users/manouchehrrimer/Desktop/BlueDot_Perona_Vector_Project/outputs/ethics_projection/activations/deontology_test_001725_layer47.npy
deontology_test_001725,deontology,honesty,compassion,47,-2087.914306640625,mean_centered,/Users/manouchehrrimer/Desktop/BlueDot_Perona_Vector_Project/outputs/vector_construction/persona_vectors/compassion_layer47.npy,/Users/manouchehrrimer/Desktop/BlueDot_Perona_Vector_Project/outputs/ethics_projection/activations/deontology_test_001725_layer47.npy
deontology_test_001728,deontology,honesty,honesty,32,-1148.891357421875,mean_centered,/Users/manouchehrrimer/Desktop/BlueDot_Perona_Vector_Project/outputs/vector_construction/persona_vectors/honesty_layer32.npy,/Users/manouchehrrimer/Desktop/BlueDot_Perona_Vector_Project/outputs/ethics_projection/activations/deontology_test_001728_layer32.npy
deontology_test_001728,deontology,honesty,harmlessness,32,1146.7774658203125,mean_centered,/Users/manouchehrrimer/Desktop/BlueDot_Perona_Vector_Project/outputs/vector_construction/persona_vectors/harmlessness_layer32.npy,/Users/manouchehrrimer/Desktop/BlueDot_Perona_Vector_Project/outputs/ethics_projection/activations/deontology_test_001728_layer32.npy
deontology_test_001728,deontology,honesty,fairness,32,-860.2998657226562,mean_centered,/Users/manouchehrrimer/Desktop/BlueDot_Perona_Vector_Project/outputs/vector_construction/persona_vectors/fairness_layer32.npy,/Users/manouchehrrimer/Desktop/BlueDot_Perona_Vector_Project/outputs/ethics_projection/activations/deontology_test_001728_layer32.npy
deontology_test_001728,deontology,honesty,compassion,32,-838.1006469726562,mean_centered,/Users/manouchehrrimer/Desktop/BlueDot_Perona_Vector_Project/outputs/vector_construction/persona_vectors/compassion_layer32.npy,/Users/manouchehrrimer/Desktop/BlueDot_Perona_Vector_Project/outputs/ethics_projection/activations/deontology_test_001728_layer32.npy
deontology_test_001728,deontology,honesty,honesty,40,-3390.171875,mean_centered,/Users/manouchehrrimer/Desktop/BlueDot_Perona_Vector_Project/outputs/vector_construction/persona_vectors/honesty_layer40.npy,/Users/manouchehrrimer/Desktop/BlueDot_Perona_Vector_Project/outputs/ethics_projection/activations/deontology_test_001728_layer40.npy
deontology_test_001728,deontology,honesty,harmlessness,40,175.32675170898438,mean_centered,/Users/manouchehrrimer/Desktop/BlueDot_Perona_Vector_Project/outputs/vector_construction/persona_vectors/harmlessness_layer40.npy,/Users/manouchehrrimer/Desktop/BlueDot_Perona_Vector_Project/outputs/ethics_projection/activations/deontology_test_001728_layer40.npy
deontology_test_001728,deontology,honesty,fairness,40,-2316.309326171875,mean_centered,/Users/manouchehrrimer/Desktop/BlueDot_Perona_Vector_Project/outputs/vector_construction/persona_vectors/fairness_layer40.npy,/Users/manouchehrrimer/Desktop/BlueDot_Perona_Vector_Project/outputs/ethics_projection/activations/deontology_test_001728_layer40.npy
deontology_test_001728,deontology,honesty,compassion,40,-284.91229248046875,mean_centered,/Users/manouchehrrimer/Desktop/BlueDot_Perona_Vector_Project/outputs/vector_construction/persona_vectors/compassion_layer40.npy,/Users/manouchehrrimer/Desktop/BlueDot_Perona_Vector_Project/outputs/ethics_projection/activations/deontology_test_001728_layer40.npy
deontology_test_001728,deontology,honesty,honesty,47,925.6168212890625,mean_centered,/Users/manouchehrrimer/Desktop/BlueDot_Perona_Vector_Project/outputs/vector_construction/persona_vectors/honesty_layer47.npy,/Users/manouchehrrimer/Desktop/BlueDot_Perona_Vector_Project/outputs/ethics_projection/activations/deontology_test_001728_layer47.npy
deontology_test_001728,deontology,honesty,harmlessness,47,1806.623291015625,mean_centered,/Users/manouchehrrimer/Desktop/BlueDot_Perona_Vector_Project/outputs/vector_construction/persona_vectors/harmlessness_layer47.npy,/Users/manouchehrrimer/Desktop/BlueDot_Perona_Vector_Project/outputs/ethics_projection/activations/deontology_test_001728_layer47.npy
deontology_test_001728,deontology,honesty,fairness,47,552.7435302734375,mean_centered,/Users/manouchehrrimer/Desktop/BlueDot_Perona_Vector_Project/outputs/vector_construction/persona_vectors/fairness_layer47.npy,/Users/manouchehrrimer/Desktop/BlueDot_Perona_Vector_Project/outputs/ethics_projection/activations/deontology_test_001728_layer47.npy
deontology_test_001728,deontology,honesty,compassion,47,747.84765625,mean_centered,/Users/manouchehrrimer/Desktop/BlueDot_Perona_Vector_Project/outputs/vector_construction/persona_vectors/compassion_layer47.npy,/Users/manouchehrrimer/Desktop/BlueDot_Perona_Vector_Project/outputs/ethics_projection/activations/deontology_test_001728_layer47.npy
deontology_test_001746,deontology,honesty,honesty,32,-457.4794006347656,mean_centered,/Users/manouchehrrimer/Desktop/BlueDot_Perona_Vector_Project/outputs/vector_construction/persona_vectors/honesty_layer32.npy,/Users/manouchehrrimer/Desktop/BlueDot_Perona_Vector_Project/outputs/ethics_projection/activations/deontology_test_001746_layer32.npy
deontology_test_001746,deontology,honesty,harmlessness,32,-445.50616455078125,mean_centered,/Users/manouchehrrimer/Desktop/BlueDot_Perona_Vector_Project/outputs/vector_construction/persona_vectors/harmlessness_layer32.npy,/Users/manouchehrrimer/Desktop/BlueDot_Perona_Vector_Project/outputs/ethics_projection/activations/deontology_test_001746_layer32.npy
deontology_test_001746,deontology,honesty,fairness,32,438.86016845703125,mean_centered,/Users/manouchehrrimer/Desktop/BlueDot_Perona_Vector_Project/outputs/vector_construction/persona_vectors/fairness_layer32.npy,/Users/manouchehrrimer/Desktop/BlueDot_Perona_Vector_Project/outputs/ethics_projection/activations/deontology_test_001746_layer32.npy
deontology_test_001746,deontology,honesty,compassion,32,204.4149932861328,mean_centered,/Users/manouchehrrimer/Desktop/BlueDot_Perona_Vector_Project/outputs/vector_construction/persona_vectors/compassion_layer32.npy,/Users/manouchehrrimer/Desktop/BlueDot_Perona_Vector_Project/outputs/ethics_projection/activations/deontology_test_001746_layer32.npy
deontology_test_001746,deontology,honesty,honesty,40,-2384.15673828125,mean_centered,/Users/manouchehrrimer/Desktop/BlueDot_Perona_Vector_Project/outputs/vector_construction/persona_vectors/honesty_layer40.npy,/Users/manouchehrrimer/Desktop/BlueDot_Perona_Vector_Project/outputs/ethics_projection/activations/deontology_test_001746_layer40.npy
deontology_test_001746,deontology,honesty,harmlessness,40,-724.14453125,mean_centered,/Users/manouchehrrimer/Desktop/BlueDot_Perona_Vector_Project/outputs/vector_construction/persona_vectors/harmlessness_layer40.npy,/Users/manouchehrrimer/Desktop/BlueDot_Perona_Vector_Project/outputs/ethics_projection/activations/deontology_test_001746_layer40.npy
deontology_test_001746,deontology,honesty,fairness,40,-713.940673828125,mean_centered,/Users/manouchehrrimer/Desktop/BlueDot_Perona_Vector_Project/outputs/vector_construction/persona_vectors/fairness_layer40.npy,/Users/manouchehrrimer/Desktop/BlueDot_Perona_Vector_Project/outputs/ethics_projection/activations/deontology_test_001746_layer40.npy
deontology_test_001746,deontology,honesty,compassion,40,35.72021484375,mean_centered,/Users/manouchehrrimer/Desktop/BlueDot_Perona_Vector_Project/outputs/vector_construction/persona_vectors/compassion_layer40.npy,/Users/manouchehrrimer/Desktop/BlueDot_Perona_Vector_Project/outputs/ethics_projection/activations/deontology_test_001746_layer40.npy
deontology_test_001746,deontology,honesty,honesty,47,-1350.280517578125,mean_centered,/Users/manouchehrrimer/Desktop/BlueDot_Perona_Vector_Project/outputs/vector_construction/persona_vectors/honesty_layer47.npy,/Users/manouchehrrimer/Desktop/BlueDot_Perona_Vector_Project/outputs/ethics_projection/activations/deontology_test_001746_layer47.npy
deontology_test_001746,deontology,honesty,harmlessness,47,78.55511474609375,mean_centered,/Users/manouchehrrimer/Desktop/BlueDot_Perona_Vector_Project/outputs/vector_construction/persona_vectors/harmlessness_layer47.npy,/Users/manouchehrrimer/Desktop/BlueDot_Perona_Vector_Project/outputs/ethics_projection/activations/deontology_test_001746_layer47.npy
deontology_test_001746,deontology,honesty,fairness,47,1120.58984375,mean_centered,/Users/manouchehrrimer/Desktop/BlueDot_Perona_Vector_Project/outputs/vector_construction/persona_vectors/fairness_layer47.npy,/Users/manouchehrrimer/Desktop/BlueDot_Perona_Vector_Project/outputs/ethics_projection/activations/deontology_test_001746_layer47.npy
deontology_test_001746,deontology,honesty,compassion,47,811.7112426757812,mean_centered,/Users/manouchehrrimer/Desktop/BlueDot_Perona_Vector_Project/outputs/vector_construction/persona_vectors/compassion_layer47.npy,/Users/manouchehrrimer/Desktop/BlueDot_Perona_Vector_Project/outputs/ethics_projection/activations/deontology_test_001746_layer47.npy
deontology_test_001788,deontology,honesty,honesty,32,-1399.828125,mean_centered,/Users/manouchehrrimer/Desktop/BlueDot_Perona_Vector_Project/outputs/vector_construction/persona_vectors/honesty_layer32.npy,/Users/manouchehrrimer/Desktop/BlueDot_Perona_Vector_Project/outputs/ethics_projection/activations/deontology_test_001788_layer32.npy
deontology_test_001788,deontology,honesty,harmlessness,32,3154.55810546875,mean_centered,/Users/manouchehrrimer/Desktop/BlueDot_Perona_Vector_Project/outputs/vector_construction/persona_vectors/harmlessness_layer32.npy,/Users/manouchehrrimer/Desktop/BlueDot_Perona_Vector_Project/outputs/ethics_projection/activations/deontology_test_001788_layer32.npy
deontology_test_001788,deontology,honesty,fairness,32,-2421.800048828125,mean_centered,/Users/manouchehrrimer/Desktop/BlueDot_Perona_Vector_Project/outputs/vector_construction/persona_vectors/fairness_layer32.npy,/Users/manouchehrrimer/Desktop/BlueDot_Perona_Vector_Project/outputs/ethics_projection/activations/deontology_test_001788_layer32.npy
deontology_test_001788,deontology,honesty,compassion,32,-1254.847900390625,mean_centered,/Users/manouchehrrimer/Desktop/BlueDot_Perona_Vector_Project/outputs/vector_construction/persona_vectors/compassion_layer32.npy,/Users/manouchehrrimer/Desktop/BlueDot_Perona_Vector_Project/outputs/ethics_projection/activations/deontology_test_001788_layer32.npy
deontology_test_001788,deontology,honesty,honesty,40,-4637.00830078125,mean_centered,/Users/manouchehrrimer/Desktop/BlueDot_Perona_Vector_Project/outputs/vector_construction/persona_vectors/honesty_layer40.npy,/Users/manouchehrrimer/Desktop/BlueDot_Perona_Vector_Project/outputs/ethics_projection/activations/deontology_test_001788_layer40.npy
deontology_test_001788,deontology,honesty,harmlessness,40,1561.70166015625,mean_centered,/Users/manouchehrrimer/Desktop/BlueDot_Perona_Vector_Project/outputs/vector_construction/persona_vectors/harmlessness_layer40.npy,/Users/manouchehrrimer/Desktop/BlueDot_Perona_Vector_Project/outputs/ethics_projection/activations/deontology_test_001788_layer40.npy
deontology_test_001788,deontology,honesty,fairness,40,-4358.14990234375,mean_centered,/Users/manouchehrrimer/Desktop/BlueDot_Perona_Vector_Project/outputs/vector_construction/persona_vectors/fairness_layer40.npy,/Users/manouchehrrimer/Desktop/BlueDot_Perona_Vector_Project/outputs/ethics_projection/activations/deontology_test_001788_layer40.npy
deontology_test_001788,deontology,honesty,compassion,40,106.40304565429688,mean_centered,/Users/manouchehrrimer/Desktop/BlueDot_Perona_Vector_Project/outputs/vector_construction/persona_vectors/compassion_layer40.npy,/Users/manouchehrrimer/Desktop/BlueDot_Perona_Vector_Project/outputs/ethics_projection/activations/deontology_test_001788_layer40.npy
deontology_test_001788,deontology,honesty,honesty,47,-1309.630126953125,mean_centered,/Users/manouchehrrimer/Desktop/BlueDot_Perona_Vector_Project/outputs/vector_construction/persona_vectors/honesty_layer47.npy,/Users/manouchehrrimer/Desktop/BlueDot_Perona_Vector_Project/outputs/ethics_projection/activations/deontology_test_001788_layer47.npy
deontology_test_001788,deontology,honesty,harmlessness,47,-422.242431640625,mean_centered,/Users/manouchehrrimer/Desktop/BlueDot_Perona_Vector_Project/outputs/vector_construction/persona_vectors/harmlessness_layer47.npy,/Users/manouchehrrimer/Desktop/BlueDot_Perona_Vector_Project/outputs/ethics_projection/activations/deontology_test_001788_layer47.npy
deontology_test_001788,deontology,honesty,fairness,47,-1553.067138671875,mean_centered,/Users/manouchehrrimer/Desktop/BlueDot_Perona_Vector_Project/outputs/vector_construction/persona_vectors/fairness_layer47.npy,/Users/manouchehrrimer/Desktop/BlueDot_Perona_Vector_Project/outputs/ethics_projection/activations/deontology_test_001788_layer47.npy
deontology_test_001788,deontology,honesty,compassion,47,-771.687744140625,mean_centered,/Users/manouchehrrimer/Desktop/BlueDot_Perona_Vector_Project/outputs/vector_construction/persona_vectors/compassion_layer47.npy,/Users/manouchehrrimer/Desktop/BlueDot_Perona_Vector_Project/outputs/ethics_projection/activations/deontology_test_001788_layer47.npy
deontology_test_001822,deontology,harmlessness,honesty,32,-639.1273193359375,mean_centered,/Users/manouchehrrimer/Desktop/BlueDot_Perona_Vector_Project/outputs/vector_construction/persona_vectors/honesty_layer32.npy,/Users/manouchehrrimer/Desktop/BlueDot_Perona_Vector_Project/outputs/ethics_projection/activations/deontology_test_001822_layer32.npy
deontology_test_001822,deontology,harmlessness,harmlessness,32,780.5883178710938,mean_centered,/Users/manouchehrrimer/Desktop/BlueDot_Perona_Vector_Project/outputs/vector_construction/persona_vectors/harmlessness_layer32.npy,/Users/manouchehrrimer/Desktop/BlueDot_Perona_Vector_Project/outputs/ethics_projection/activations/deontology_test_001822_layer32.npy
deontology_test_001822,deontology,harmlessness,fairness,32,-639.6698608398438,mean_centered,/Users/manouchehrrimer/Desktop/BlueDot_Perona_Vector_Project/outputs/vector_construction/persona_vectors/fairness_layer32.npy,/Users/manouchehrrimer/Desktop/BlueDot_Perona_Vector_Project/outputs/ethics_projection/activations/deontology_test_001822_layer32.npy
deontology_test_001822,deontology,harmlessness,compassion,32,-320.1886291503906,mean_centered,/Users/manouchehrrimer/Desktop/BlueDot_Perona_Vector_Project/outputs/vector_construction/persona_vectors/compassion_layer32.npy,/Users/manouchehrrimer/Desktop/BlueDot_Perona_Vector_Project/outputs/ethics_projection/activations/deontology_test_001822_layer32.npy
deontology_test_001822,deontology,harmlessness,honesty,40,-1551.0321044921875,mean_centered,/Users/manouchehrrimer/Desktop/BlueDot_Perona_Vector_Project/outputs/vector_construction/persona_vectors/honesty_layer40.npy,/Users/manouchehrrimer/Desktop/BlueDot_Perona_Vector_Project/outputs/ethics_projection/activations/deontology_test_001822_layer40.npy
deontology_test_001822,deontology,harmlessness,harmlessness,40,474.4522705078125,mean_centered,/Users/manouchehrrimer/Desktop/BlueDot_Perona_Vector_Project/outputs/vector_construction/persona_vectors/harmlessness_layer40.npy,/Users/manouchehrrimer/Desktop/BlueDot_Perona_Vector_Project/outputs/ethics_projection/activations/deontology_test_001822_layer40.npy
deontology_test_001822,deontology,harmlessness,fairness,40,-1247.4071044921875,mean_centered,/Users/manouchehrrimer/Desktop/BlueDot_Perona_Vector_Project/outputs/vector_construction/persona_vectors/fairness_layer40.npy,/Users/manouchehrrimer/Desktop/BlueDot_Perona_Vector_Project/outputs/ethics_projection/activations/deontology_test_001822_layer40.npy
deontology_test_001822,deontology,harmlessness,compassion,40,-187.1182861328125,mean_centered,/Users/manouchehrrimer/Desktop/BlueDot_Perona_Vector_Project/outputs/vector_construction/persona_vectors/compassion_layer40.npy,/Users/manouchehrrimer/Desktop/BlueDot_Perona_Vector_Project/outputs/ethics_projection/activations/deontology_test_001822_layer40.npy
deontology_test_001822,deontology,harmlessness,honesty,47,711.6693725585938,mean_centered,/Users/manouchehrrimer/Desktop/BlueDot_Perona_Vector_Project/outputs/vector_construction/persona_vectors/honesty_layer47.npy,/Users/manouchehrrimer/Desktop/BlueDot_Perona_Vector_Project/outputs/ethics_projection/activations/deontology_test_001822_layer47.npy
deontology_test_001822,deontology,harmlessness,harmlessness,47,2140.072509765625,mean_centered,/Users/manouchehrrimer/Desktop/BlueDot_Perona_Vector_Project/outputs/vector_construction/persona_vectors/harmlessness_layer47.npy,/Users/manouchehrrimer/Desktop/BlueDot_Perona_Vector_Project/outputs/ethics_projection/activations/deontology_test_001822_layer47.npy
deontology_test_001822,deontology,harmlessness,fairness,47,413.337890625,mean_centered,/Users/manouchehrrimer/Desktop/BlueDot_Perona_Vector_Project/outputs/vector_construction/persona_vectors/fairness_layer47.npy,/Users/manouchehrrimer/Desktop/BlueDot_Perona_Vector_Project/outputs/ethics_projection/activations/deontology_test_001822_layer47.npy
deontology_test_001822,deontology,harmlessness,compassion,47,989.0982666015625,mean_centered,/Users/manouchehrrimer/Desktop/BlueDot_Perona_Vector_Project/outputs/vector_construction/persona_vectors/compassion_layer47.npy,/Users/manouchehrrimer/Desktop/BlueDot_Perona_Vector_Project/outputs/ethics_projection/activations/deontology_test_001822_layer47.npy
deontology_test_001839,deontology,honesty,honesty,32,703.3358764648438,mean_centered,/Users/manouchehrrimer/Desktop/BlueDot_Perona_Vector_Project/outputs/vector_construction/persona_vectors/honesty_layer32.npy,/Users/manouchehrrimer/Desktop/BlueDot_Perona_Vector_Project/outputs/ethics_projection/activations/deontology_test_001839_layer32.npy
deontology_test_001839,deontology,honesty,harmlessness,32,-1789.3797607421875,mean_centered,/Users/manouchehrrimer/Desktop/BlueDot_Perona_Vector_Project/outputs/vector_construction/persona_vectors/harmlessness_layer32.npy,/Users/manouchehrrimer/Desktop/BlueDot_Perona_Vector_Project/outputs/ethics_projection/activations/deontology_test_001839_layer32.npy
deontology_test_001839,deontology,honesty,fairness,32,1349.6361083984375,mean_centered,/Users/manouchehrrimer/Desktop/BlueDot_Perona_Vector_Project/outputs/vector_construction/persona_vectors/fairness_layer32.npy,/Users/manouchehrrimer/Desktop/BlueDot_Perona_Vector_Project/outputs/ethics_projection/activations/deontology_test_001839_layer32.npy
deontology_test_001839,deontology,honesty,compassion,32,735.2261352539062,mean_centered,/Users/manouchehrrimer/Desktop/BlueDot_Perona_Vector_Project/outputs/vector_construction/persona_vectors/compassion_layer32.npy,/Users/manouchehrrimer/Desktop/BlueDot_Perona_Vector_Project/outputs/ethics_projection/activations/deontology_test_001839_layer32.npy
deontology_test_001839,deontology,honesty,honesty,40,1234.580078125,mean_centered,/Users/manouchehrrimer/Desktop/BlueDot_Perona_Vector_Project/outputs/vector_construction/persona_vectors/honesty_layer40.npy,/Users/manouchehrrimer/Desktop/BlueDot_Perona_Vector_Project/outputs/ethics_projection/activations/deontology_test_001839_layer40.npy
deontology_test_001839,deontology,honesty,harmlessness,40,-733.802734375,mean_centered,/Users/manouchehrrimer/Desktop/BlueDot_Perona_Vector_Project/outputs/vector_construction/persona_vectors/harmlessness_layer40.npy,/Users/manouchehrrimer/Desktop/BlueDot_Perona_Vector_Project/outputs/ethics_projection/activations/deontology_test_001839_layer40.npy
deontology_test_001839,deontology,honesty,fairness,40,1363.900146484375,mean_centered,/Users/manouchehrrimer/Desktop/BlueDot_Perona_Vector_Project/outputs/vector_construction/persona_vectors/fairness_layer40.npy,/Users/manouchehrrimer/Desktop/BlueDot_Perona_Vector_Project/outputs/ethics_projection/activations/deontology_test_001839_layer40.npy
deontology_test_001839,deontology,honesty,compassion,40,-635.7105712890625,mean_centered,/Users/manouchehrrimer/Desktop/BlueDot_Perona_Vector_Project/outputs/vector_construction/persona_vectors/compassion_layer40.npy,/Users/manouchehrrimer/Desktop/BlueDot_Perona_Vector_Project/outputs/ethics_projection/activations/deontology_test_001839_layer40.npy
deontology_test_001839,deontology,honesty,honesty,47,3164.61083984375,mean_centered,/Users/manouchehrrimer/Desktop/BlueDot_Perona_Vector_Project/outputs/vector_construction/persona_vectors/honesty_layer47.npy,/Users/manouchehrrimer/Desktop/BlueDot_Perona_Vector_Project/outputs/ethics_projection/activations/deontology_test_001839_layer47.npy
deontology_test_001839,deontology,honesty,harmlessness,47,3816.533447265625,mean_centered,/Users/manouchehrrimer/Desktop/BlueDot_Perona_Vector_Project/outputs/vector_construction/persona_vectors/harmlessness_layer47.npy,/Users/manouchehrrimer/Desktop/BlueDot_Perona_Vector_Project/outputs/ethics_projection/activations/deontology_test_001839_layer47.npy
deontology_test_001839,deontology,honesty,fairness,47,2167.345458984375,mean_centered,/Users/manouchehrrimer/Desktop/BlueDot_Perona_Vector_Project/outputs/vector_construction/persona_vectors/fairness_layer47.npy,/Users/manouchehrrimer/Desktop/BlueDot_Perona_Vector_Project/outputs/ethics_projection/activations/deontology_test_001839_layer47.npy
deontology_test_001839,deontology,honesty,compassion,47,1622.7894287109375,mean_centered,/Users/manouchehrrimer/Desktop/BlueDot_Perona_Vector_Project/outputs/vector_construction/persona_vectors/compassion_layer47.npy,/Users/manouchehrrimer/Desktop/BlueDot_Perona_Vector_Project/outputs/ethics_projection/activations/deontology_test_001839_layer47.npy
deontology_test_001937,deontology,honesty,honesty,32,-801.0211791992188,mean_centered,/Users/manouchehrrimer/Desktop/BlueDot_Perona_Vector_Project/outputs/vector_construction/persona_vectors/honesty_layer32.npy,/Users/manouchehrrimer/Desktop/BlueDot_Perona_Vector_Project/outputs/ethics_projection/activations/deontology_test_001937_layer32.npy
deontology_test_001937,deontology,honesty,harmlessness,32,1960.683349609375,mean_centered,/Users/manouchehrrimer/Desktop/BlueDot_Perona_Vector_Project/outputs/vector_construction/persona_vectors/harmlessness_layer32.npy,/Users/manouchehrrimer/Desktop/BlueDot_Perona_Vector_Project/outputs/ethics_projection/activations/deontology_test_001937_layer32.npy
deontology_test_001937,deontology,honesty,fairness,32,-1320.2232666015625,mean_centered,/Users/manouchehrrimer/Desktop/BlueDot_Perona_Vector_Project/outputs/vector_construction/persona_vectors/fairness_layer32.npy,/Users/manouchehrrimer/Desktop/BlueDot_Perona_Vector_Project/outputs/ethics_projection/activations/deontology_test_001937_layer32.npy
deontology_test_001937,deontology,honesty,compassion,32,-1091.4652099609375,mean_centered,/Users/manouchehrrimer/Desktop/BlueDot_Perona_Vector_Project/outputs/vector_construction/persona_vectors/compassion_layer32.npy,/Users/manouchehrrimer/Desktop/BlueDot_Perona_Vector_Project/outputs/ethics_projection/activations/deontology_test_001937_layer32.npy
deontology_test_001937,deontology,honesty,honesty,40,-505.20599365234375,mean_centered,/Users/manouchehrrimer/Desktop/BlueDot_Perona_Vector_Project/outputs/vector_construction/persona_vectors/honesty_layer40.npy,/Users/manouchehrrimer/Desktop/BlueDot_Perona_Vector_Project/outputs/ethics_projection/activations/deontology_test_001937_layer40.npy
deontology_test_001937,deontology,honesty,harmlessness,40,565.6437377929688,mean_centered,/Users/manouchehrrimer/Desktop/BlueDot_Perona_Vector_Project/outputs/vector_construction/persona_vectors/harmlessness_layer40.npy,/Users/manouchehrrimer/Desktop/BlueDot_Perona_Vector_Project/outputs/ethics_projection/activations/deontology_test_001937_layer40.npy
deontology_test_001937,deontology,honesty,fairness,40,-845.9295654296875,mean_centered,/Users/manouchehrrimer/Desktop/BlueDot_Perona_Vector_Project/outputs/vector_construction/persona_vectors/fairness_layer40.npy,/Users/manouchehrrimer/Desktop/BlueDot_Perona_Vector_Project/outputs/ethics_projection/activations/deontology_test_001937_layer40.npy
deontology_test_001937,deontology,honesty,compassion,40,118.49059295654297,mean_centered,/Users/manouchehrrimer/Desktop/BlueDot_Perona_Vector_Project/outputs/vector_construction/persona_vectors/compassion_layer40.npy,/Users/manouchehrrimer/Desktop/BlueDot_Perona_Vector_Project/outputs/ethics_projection/activations/deontology_test_001937_layer40.npy
deontology_test_001937,deontology,honesty,honesty,47,-139.0946044921875,mean_centered,/Users/manouchehrrimer/Desktop/BlueDot_Perona_Vector_Project/outputs/vector_construction/persona_vectors/honesty_layer47.npy,/Users/manouchehrrimer/Desktop/BlueDot_Perona_Vector_Project/outputs/ethics_projection/activations/deontology_test_001937_layer47.npy
deontology_test_001937,deontology,honesty,harmlessness,47,-1314.3809814453125,mean_centered,/Users/manouchehrrimer/Desktop/BlueDot_Perona_Vector_Project/outputs/vector_construction/persona_vectors/harmlessness_layer47.npy,/Users/manouchehrrimer/Desktop/BlueDot_Perona_Vector_Project/outputs/ethics_projection/activations/deontology_test_001937_layer47.npy
deontology_test_001937,deontology,honesty,fairness,47,-342.7790222167969,mean_centered,/Users/manouchehrrimer/Desktop/BlueDot_Perona_Vector_Project/outputs/vector_construction/persona_vectors/fairness_layer47.npy,/Users/manouchehrrimer/Desktop/BlueDot_Perona_Vector_Project/outputs/ethics_projection/activations/deontology_test_001937_layer47.npy
deontology_test_001937,deontology,honesty,compassion,47,-962.0105590820312,mean_centered,/Users/manouchehrrimer/Desktop/BlueDot_Perona_Vector_Project/outputs/vector_construction/persona_vectors/compassion_layer47.npy,/Users/manouchehrrimer/Desktop/BlueDot_Perona_Vector_Project/outputs/ethics_projection/activations/deontology_test_001937_layer47.npy
deontology_test_001949,deontology,honesty,honesty,32,2037.7083740234375,mean_centered,/Users/manouchehrrimer/Desktop/BlueDot_Perona_Vector_Project/outputs/vector_construction/persona_vectors/honesty_layer32.npy,/Users/manouchehrrimer/Desktop/BlueDot_Perona_Vector_Project/outputs/ethics_projection/activations/deontology_test_001949_layer32.npy
deontology_test_001949,deontology,honesty,harmlessness,32,-2532.94677734375,mean_centered,/Users/manouchehrrimer/Desktop/BlueDot_Perona_Vector_Project/outputs/vector_construction/persona_vectors/harmlessness_layer32.npy,/Users/manouchehrrimer/Desktop/BlueDot_Perona_Vector_Project/outputs/ethics_projection/activations/deontology_test_001949_layer32.npy
deontology_test_001949,deontology,honesty,fairness,32,2224.506591796875,mean_centered,/Users/manouchehrrimer/Desktop/BlueDot_Perona_Vector_Project/outputs/vector_construction/persona_vectors/fairness_layer32.npy,/Users/manouchehrrimer/Desktop/BlueDot_Perona_Vector_Project/outputs/ethics_projection/activations/deontology_test_001949_layer32.npy
deontology_test_001949,deontology,honesty,compassion,32,1543.5816650390625,mean_centered,/Users/manouchehrrimer/Desktop/BlueDot_Perona_Vector_Project/outputs/vector_construction/persona_vectors/compassion_layer32.npy,/Users/manouchehrrimer/Desktop/BlueDot_Perona_Vector_Project/outputs/ethics_projection/activations/deontology_test_001949_layer32.npy
deontology_test_001949,deontology,honesty,honesty,40,5057.8349609375,mean_centered,/Users/manouchehrrimer/Desktop/BlueDot_Perona_Vector_Project/outputs/vector_construction/persona_vectors/honesty_layer40.npy,/Users/manouchehrrimer/Desktop/BlueDot_Perona_Vector_Project/outputs/ethics_projection/activations/deontology_test_001949_layer40.npy
deontology_test_001949,deontology,honesty,harmlessness,40,-11.193817138671875,mean_centered,/Users/manouchehrrimer/Desktop/BlueDot_Perona_Vector_Project/outputs/vector_construction/persona_vectors/harmlessness_layer40.npy,/Users/manouchehrrimer/Desktop/BlueDot_Perona_Vector_Project/outputs/ethics_projection/activations/deontology_test_001949_layer40.npy
deontology_test_001949,deontology,honesty,fairness,40,3537.628173828125,mean_centered,/Users/manouchehrrimer/Desktop/BlueDot_Perona_Vector_Project/outputs/vector_construction/persona_vectors/fairness_layer40.npy,/Users/manouchehrrimer/Desktop/BlueDot_Perona_Vector_Project/outputs/ethics_projection/activations/deontology_test_001949_layer40.npy
deontology_test_001949,deontology,honesty,compassion,40,16.471343994140625,mean_centered,/Users/manouchehrrimer/Desktop/BlueDot_Perona_Vector_Project/outputs/vector_construction/persona_vectors/compassion_layer40.npy,/Users/manouchehrrimer/Desktop/BlueDot_Perona_Vector_Project/outputs/ethics_projection/activations/deontology_test_001949_layer40.npy
deontology_test_001949,deontology,honesty,honesty,47,2907.171630859375,mean_centered,/Users/manouchehrrimer/Desktop/BlueDot_Perona_Vector_Project/outputs/vector_construction/persona_vectors/honesty_layer47.npy,/Users/manouchehrrimer/Desktop/BlueDot_Perona_Vector_Project/outputs/ethics_projection/activations/deontology_test_001949_layer47.npy
deontology_test_001949,deontology,honesty,harmlessness,47,3253.5,mean_centered,/Users/manouchehrrimer/Desktop/BlueDot_Perona_Vector_Project/outputs/vector_construction/persona_vectors/harmlessness_layer47.npy,/Users/manouchehrrimer/Desktop/BlueDot_Perona_Vector_Project/outputs/ethics_projection/activations/deontology_test_001949_layer47.npy
deontology_test_001949,deontology,honesty,fairness,47,1168.64501953125,mean_centered,/Users/manouchehrrimer/Desktop/BlueDot_Perona_Vector_Project/outputs/vector_construction/persona_vectors/fairness_layer47.npy,/Users/manouchehrrimer/Desktop/BlueDot_Perona_Vector_Project/outputs/ethics_projection/activations/deontology_test_001949_layer47.npy
deontology_test_001949,deontology,honesty,compassion,47,1231.712646484375,mean_centered,/Users/manouchehrrimer/Desktop/BlueDot_Perona_Vector_Project/outputs/vector_construction/persona_vectors/compassion_layer47.npy,/Users/manouchehrrimer/Desktop/BlueDot_Perona_Vector_Project/outputs/ethics_projection/activations/deontology_test_001949_layer47.npy
deontology_test_001957,deontology,honesty,honesty,32,-87.38677978515625,mean_centered,/Users/manouchehrrimer/Desktop/BlueDot_Perona_Vector_Project/outputs/vector_construction/persona_vectors/honesty_layer32.npy,/Users/manouchehrrimer/Desktop/BlueDot_Perona_Vector_Project/outputs/ethics_projection/activations/deontology_test_001957_layer32.npy
deontology_test_001957,deontology,honesty,harmlessness,32,447.6917419433594,mean_centered,/Users/manouchehrrimer/Desktop/BlueDot_Perona_Vector_Project/outputs/vector_construction/persona_vectors/harmlessness_layer32.npy,/Users/manouchehrrimer/Desktop/BlueDot_Perona_Vector_Project/outputs/ethics_projection/activations/deontology_test_001957_layer32.npy
deontology_test_001957,deontology,honesty,fairness,32,-414.9668884277344,mean_centered,/Users/manouchehrrimer/Desktop/BlueDot_Perona_Vector_Project/outputs/vector_construction/persona_vectors/fairness_layer32.npy,/Users/manouchehrrimer/Desktop/BlueDot_Perona_Vector_Project/outputs/ethics_projection/activations/deontology_test_001957_layer32.npy
deontology_test_001957,deontology,honesty,compassion,32,-72.67924499511719,mean_centered,/Users/manouchehrrimer/Desktop/BlueDot_Perona_Vector_Project/outputs/vector_construction/persona_vectors/compassion_layer32.npy,/Users/manouchehrrimer/Desktop/BlueDot_Perona_Vector_Project/outputs/ethics_projection/activations/deontology_test_001957_layer32.npy
deontology_test_001957,deontology,honesty,honesty,40,-4937.8603515625,mean_centered,/Users/manouchehrrimer/Desktop/BlueDot_Perona_Vector_Project/outputs/vector_construction/persona_vectors/honesty_layer40.npy,/Users/manouchehrrimer/Desktop/BlueDot_Perona_Vector_Project/outputs/ethics_projection/activations/deontology_test_001957_layer40.npy
deontology_test_001957,deontology,honesty,harmlessness,40,47.23699188232422,mean_centered,/Users/manouchehrrimer/Desktop/BlueDot_Perona_Vector_Project/outputs/vector_construction/persona_vectors/harmlessness_layer40.npy,/Users/manouchehrrimer/Desktop/BlueDot_Perona_Vector_Project/outputs/ethics_projection/activations/deontology_test_001957_layer40.npy
deontology_test_001957,deontology,honesty,fairness,40,-3508.546875,mean_centered,/Users/manouchehrrimer/Desktop/BlueDot_Perona_Vector_Project/outputs/vector_construction/persona_vectors/fairness_layer40.npy,/Users/manouchehrrimer/Desktop/BlueDot_Perona_Vector_Project/outputs/ethics_projection/activations/deontology_test_001957_layer40.npy
deontology_test_001957,deontology,honesty,compassion,40,479.98492431640625,mean_centered,/Users/manouchehrrimer/Desktop/BlueDot_Perona_Vector_Project/outputs/vector_construction/persona_vectors/compassion_layer40.npy,/Users/manouchehrrimer/Desktop/BlueDot_Perona_Vector_Project/outputs/ethics_projection/activations/deontology_test_001957_layer40.npy
deontology_test_001957,deontology,honesty,honesty,47,-3999.573974609375,mean_centered,/Users/manouchehrrimer/Desktop/BlueDot_Perona_Vector_Project/outputs/vector_construction/persona_vectors/honesty_layer47.npy,/Users/manouchehrrimer/Desktop/BlueDot_Perona_Vector_Project/outputs/ethics_projection/activations/deontology_test_001957_layer47.npy
deontology_test_001957,deontology,honesty,harmlessness,47,-5306.72998046875,mean_centered,/Users/manouchehrrimer/Desktop/BlueDot_Perona_Vector_Project/outputs/vector_construction/persona_vectors/harmlessness_layer47.npy,/Users/manouchehrrimer/Desktop/BlueDot_Perona_Vector_Project/outputs/ethics_projection/activations/deontology_test_001957_layer47.npy
deontology_test_001957,deontology,honesty,fairness,47,-986.3236083984375,mean_centered,/Users/manouchehrrimer/Desktop/BlueDot_Perona_Vector_Project/outputs/vector_construction/persona_vectors/fairness_layer47.npy,/Users/manouchehrrimer/Desktop/BlueDot_Perona_Vector_Project/outputs/ethics_projection/activations/deontology_test_001957_layer47.npy
deontology_test_001957,deontology,honesty,compassion,47,-1537.728759765625,mean_centered,/Users/manouchehrrimer/Desktop/BlueDot_Perona_Vector_Project/outputs/vector_construction/persona_vectors/compassion_layer47.npy,/Users/manouchehrrimer/Desktop/BlueDot_Perona_Vector_Project/outputs/ethics_projection/activations/deontology_test_001957_layer47.npy
deontology_test_002037,deontology,honesty,honesty,32,2175.85205078125,mean_centered,/Users/manouchehrrimer/Desktop/BlueDot_Perona_Vector_Project/outputs/vector_construction/persona_vectors/honesty_layer32.npy,/Users/manouchehrrimer/Desktop/BlueDot_Perona_Vector_Project/outputs/ethics_projection/activations/deontology_test_002037_layer32.npy
deontology_test_002037,deontology,honesty,harmlessness,32,-2111.957763671875,mean_centered,/Users/manouchehrrimer/Desktop/BlueDot_Perona_Vector_Project/outputs/vector_construction/persona_vectors/harmlessness_layer32.npy,/Users/manouchehrrimer/Desktop/BlueDot_Perona_Vector_Project/outputs/ethics_projection/activations/deontology_test_002037_layer32.npy
deontology_test_002037,deontology,honesty,fairness,32,1968.375732421875,mean_centered,/Users/manouchehrrimer/Desktop/BlueDot_Perona_Vector_Project/outputs/vector_construction/persona_vectors/fairness_layer32.npy,/Users/manouchehrrimer/Desktop/BlueDot_Perona_Vector_Project/outputs/ethics_projection/activations/deontology_test_002037_layer32.npy
deontology_test_002037,deontology,honesty,compassion,32,1375.0428466796875,mean_centered,/Users/manouchehrrimer/Desktop/BlueDot_Perona_Vector_Project/outputs/vector_construction/persona_vectors/compassion_layer32.npy,/Users/manouchehrrimer/Desktop/BlueDot_Perona_Vector_Project/outputs/ethics_projection/activations/deontology_test_002037_layer32.npy
deontology_test_002037,deontology,honesty,honesty,40,955.0494384765625,mean_centered,/Users/manouchehrrimer/Desktop/BlueDot_Perona_Vector_Project/outputs/vector_construction/persona_vectors/honesty_layer40.npy,/Users/manouchehrrimer/Desktop/BlueDot_Perona_Vector_Project/outputs/ethics_projection/activations/deontology_test_002037_layer40.npy
deontology_test_002037,deontology,honesty,harmlessness,40,447.8251953125,mean_centered,/Users/manouchehrrimer/Desktop/BlueDot_Perona_Vector_Project/outputs/vector_construction/persona_vectors/harmlessness_layer40.npy,/Users/manouchehrrimer/Desktop/BlueDot_Perona_Vector_Project/outputs/ethics_projection/activations/deontology_test_002037_layer40.npy
deontology_test_002037,deontology,honesty,fairness,40,125.86227416992188,mean_centered,/Users/manouchehrrimer/Desktop/BlueDot_Perona_Vector_Project/outputs/vector_construction/persona_vectors/fairness_layer40.npy,/Users/manouchehrrimer/Desktop/BlueDot_Perona_Vector_Project/outputs/ethics_projection/activations/deontology_test_002037_layer40.npy
deontology_test_002037,deontology,honesty,compassion,40,-321.132080078125,mean_centered,/Users/manouchehrrimer/Desktop/BlueDot_Perona_Vector_Project/outputs/vector_construction/persona_vectors/compassion_layer40.npy,/Users/manouchehrrimer/Desktop/BlueDot_Perona_Vector_Project/outputs/ethics_projection/activations/deontology_test_002037_layer40.npy
deontology_test_002037,deontology,honesty,honesty,47,-2042.049072265625,mean_centered,/Users/manouchehrrimer/Desktop/BlueDot_Perona_Vector_Project/outputs/vector_construction/persona_vectors/honesty_layer47.npy,/Users/manouchehrrimer/Desktop/BlueDot_Perona_Vector_Project/outputs/ethics_projection/activations/deontology_test_002037_layer47.npy
deontology_test_002037,deontology,honesty,harmlessness,47,-2722.380615234375,mean_centered,/Users/manouchehrrimer/Desktop/BlueDot_Perona_Vector_Project/outputs/vector_construction/persona_vectors/harmlessness_layer47.npy,/Users/manouchehrrimer/Desktop/BlueDot_Perona_Vector_Project/outputs/ethics_projection/activations/deontology_test_002037_layer47.npy
deontology_test_002037,deontology,honesty,fairness,47,-1618.75634765625,mean_centered,/Users/manouchehrrimer/Desktop/BlueDot_Perona_Vector_Project/outputs/vector_construction/persona_vectors/fairness_layer47.npy,/Users/manouchehrrimer/Desktop/BlueDot_Perona_Vector_Project/outputs/ethics_projection/activations/deontology_test_002037_layer47.npy
deontology_test_002037,deontology,honesty,compassion,47,-2100.048828125,mean_centered,/Users/manouchehrrimer/Desktop/BlueDot_Perona_Vector_Project/outputs/vector_construction/persona_vectors/compassion_layer47.npy,/Users/manouchehrrimer/Desktop/BlueDot_Perona_Vector_Project/outputs/ethics_projection/activations/deontology_test_002037_layer47.npy
deontology_test_002044,deontology,honesty,honesty,32,244.194580078125,mean_centered,/Users/manouchehrrimer/Desktop/BlueDot_Perona_Vector_Project/outputs/vector_construction/persona_vectors/honesty_layer32.npy,/Users/manouchehrrimer/Desktop/BlueDot_Perona_Vector_Project/outputs/ethics_projection/activations/deontology_test_002044_layer32.npy
deontology_test_002044,deontology,honesty,harmlessness,32,-581.993896484375,mean_centered,/Users/manouchehrrimer/Desktop/BlueDot_Perona_Vector_Project/outputs/vector_construction/persona_vectors/harmlessness_layer32.npy,/Users/manouchehrrimer/Desktop/BlueDot_Perona_Vector_Project/outputs/ethics_projection/activations/deontology_test_002044_layer32.npy
deontology_test_002044,deontology,honesty,fairness,32,373.86004638671875,mean_centered,/Users/manouchehrrimer/Desktop/BlueDot_Perona_Vector_Project/outputs/vector_construction/persona_vectors/fairness_layer32.npy,/Users/manouchehrrimer/Desktop/BlueDot_Perona_Vector_Project/outputs/ethics_projection/activations/deontology_test_002044_layer32.npy
deontology_test_002044,deontology,honesty,compassion,32,81.12571716308594,mean_centered,/Users/manouchehrrimer/Desktop/BlueDot_Perona_Vector_Project/outputs/vector_construction/persona_vectors/compassion_layer32.npy,/Users/manouchehrrimer/Desktop/BlueDot_Perona_Vector_Project/outputs/ethics_projection/activations/deontology_test_002044_layer32.npy
deontology_test_002044,deontology,honesty,honesty,40,664.6660766601562,mean_centered,/Users/manouchehrrimer/Desktop/BlueDot_Perona_Vector_Project/outputs/vector_construction/persona_vectors/honesty_layer40.npy,/Users/manouchehrrimer/Desktop/BlueDot_Perona_Vector_Project/outputs/ethics_projection/activations/deontology_test_002044_layer40.npy
deontology_test_002044,deontology,honesty,harmlessness,40,-532.9248046875,mean_centered,/Users/manouchehrrimer/Desktop/BlueDot_Perona_Vector_Project/outputs/vector_construction/persona_vectors/harmlessness_layer40.npy,/Users/manouchehrrimer/Desktop/BlueDot_Perona_Vector_Project/outputs/ethics_projection/activations/deontology_test_002044_layer40.npy
deontology_test_002044,deontology,honesty,fairness,40,836.035400390625,mean_centered,/Users/manouchehrrimer/Desktop/BlueDot_Perona_Vector_Project/outputs/vector_construction/persona_vectors/fairness_layer40.npy,/Users/manouchehrrimer/Desktop/BlueDot_Perona_Vector_Project/outputs/ethics_projection/activations/deontology_test_002044_layer40.npy
deontology_test_002044,deontology,honesty,compassion,40,141.86117553710938,mean_centered,/Users/manouchehrrimer/Desktop/BlueDot_Perona_Vector_Project/outputs/vector_construction/persona_vectors/compassion_layer40.npy,/Users/manouchehrrimer/Desktop/BlueDot_Perona_Vector_Project/outputs/ethics_projection/activations/deontology_test_002044_layer40.npy
deontology_test_002044,deontology,honesty,honesty,47,-4562.1259765625,mean_centered,/Users/manouchehrrimer/Desktop/BlueDot_Perona_Vector_Project/outputs/vector_construction/persona_vectors/honesty_layer47.npy,/Users/manouchehrrimer/Desktop/BlueDot_Perona_Vector_Project/outputs/ethics_projection/activations/deontology_test_002044_layer47.npy
deontology_test_002044,deontology,honesty,harmlessness,47,-5936.65087890625,mean_centered,/Users/manouchehrrimer/Desktop/BlueDot_Perona_Vector_Project/outputs/vector_construction/persona_vectors/harmlessness_layer47.npy,/Users/manouchehrrimer/Desktop/BlueDot_Perona_Vector_Project/outputs/ethics_projection/activations/deontology_test_002044_layer47.npy
deontology_test_002044,deontology,honesty,fairness,47,-834.3778076171875,mean_centered,/Users/manouchehrrimer/Desktop/BlueDot_Perona_Vector_Project/outputs/vector_construction/persona_vectors/fairness_layer47.npy,/Users/manouchehrrimer/Desktop/BlueDot_Perona_Vector_Project/outputs/ethics_projection/activations/deontology_test_002044_layer47.npy
deontology_test_002044,deontology,honesty,compassion,47,-2634.414794921875,mean_centered,/Users/manouchehrrimer/Desktop/BlueDot_Perona_Vector_Project/outputs/vector_construction/persona_vectors/compassion_layer47.npy,/Users/manouchehrrimer/Desktop/BlueDot_Perona_Vector_Project/outputs/ethics_projection/activations/deontology_test_002044_layer47.npy
deontology_test_002157,deontology,harmlessness,honesty,32,-2565.333740234375,mean_centered,/Users/manouchehrrimer/Desktop/BlueDot_Perona_Vector_Project/outputs/vector_construction/persona_vectors/honesty_layer32.npy,/Users/manouchehrrimer/Desktop/BlueDot_Perona_Vector_Project/outputs/ethics_projection/activations/deontology_test_002157_layer32.npy
deontology_test_002157,deontology,harmlessness,harmlessness,32,3613.218994140625,mean_centered,/Users/manouchehrrimer/Desktop/BlueDot_Perona_Vector_Project/outputs/vector_construction/persona_vectors/harmlessness_layer32.npy,/Users/manouchehrrimer/Desktop/BlueDot_Perona_Vector_Project/outputs/ethics_projection/activations/deontology_test_002157_layer32.npy
deontology_test_002157,deontology,harmlessness,fairness,32,-3037.873779296875,mean_centered,/Users/manouchehrrimer/Desktop/BlueDot_Perona_Vector_Project/outputs/vector_construction/persona_vectors/fairness_layer32.npy,/Users/manouchehrrimer/Desktop/BlueDot_Perona_Vector_Project/outputs/ethics_projection/activations/deontology_test_002157_layer32.npy
deontology_test_002157,deontology,harmlessness,compassion,32,-2606.95654296875,mean_centered,/Users/manouchehrrimer/Desktop/BlueDot_Perona_Vector_Project/outputs/vector_construction/persona_vectors/compassion_layer32.npy,/Users/manouchehrrimer/Desktop/BlueDot_Perona_Vector_Project/outputs/ethics_projection/activations/deontology_test_002157_layer32.npy
deontology_test_002157,deontology,harmlessness,honesty,40,-9168.8505859375,mean_centered,/Users/manouchehrrimer/Desktop/BlueDot_Perona_Vector_Project/outputs/vector_construction/persona_vectors/honesty_layer40.npy,/Users/manouchehrrimer/Desktop/BlueDot_Perona_Vector_Project/outputs/ethics_projection/activations/deontology_test_002157_layer40.npy
deontology_test_002157,deontology,harmlessness,harmlessness,40,431.4899597167969,mean_centered,/Users/manouchehrrimer/Desktop/BlueDot_Perona_Vector_Project/outputs/vector_construction/persona_vectors/harmlessness_layer40.npy,/Users/manouchehrrimer/Desktop/BlueDot_Perona_Vector_Project/outputs/ethics_projection/activations/deontology_test_002157_layer40.npy
deontology_test_002157,deontology,harmlessness,fairness,40,-7017.53125,mean_centered,/Users/manouchehrrimer/Desktop/BlueDot_Perona_Vector_Project/outputs/vector_construction/persona_vectors/fairness_layer40.npy,/Users/manouchehrrimer/Desktop/BlueDot_Perona_Vector_Project/outputs/ethics_projection/activations/deontology_test_002157_layer40.npy
deontology_test_002157,deontology,harmlessness,compassion,40,-477.09698486328125,mean_centered,/Users/manouchehrrimer/Desktop/BlueDot_Perona_Vector_Project/outputs/vector_construction/persona_vectors/compassion_layer40.npy,/Users/manouchehrrimer/Desktop/BlueDot_Perona_Vector_Project/outputs/ethics_projection/activations/deontology_test_002157_layer40.npy
deontology_test_002157,deontology,harmlessness,honesty,47,-6319.3486328125,mean_centered,/Users/manouchehrrimer/Desktop/BlueDot_Perona_Vector_Project/outputs/vector_construction/persona_vectors/honesty_layer47.npy,/Users/manouchehrrimer/Desktop/BlueDot_Perona_Vector_Project/outputs/ethics_projection/activations/deontology_test_002157_layer47.npy
deontology_test_002157,deontology,harmlessness,harmlessness,47,-7353.28369140625,mean_centered,/Users/manouchehrrimer/Desktop/BlueDot_Perona_Vector_Project/outputs/vector_construction/persona_vectors/harmlessness_layer47.npy,/Users/manouchehrrimer/Desktop/BlueDot_Perona_Vector_Project/outputs/ethics_projection/activations/deontology_test_002157_layer47.npy
deontology_test_002157,deontology,harmlessness,fairness,47,-3400.165283203125,mean_centered,/Users/manouchehrrimer/Desktop/BlueDot_Perona_Vector_Project/outputs/vector_construction/persona_vectors/fairness_layer47.npy,/Users/manouchehrrimer/Desktop/BlueDot_Perona_Vector_Project/outputs/ethics_projection/activations/deontology_test_002157_layer47.npy
deontology_test_002157,deontology,harmlessness,compassion,47,-3898.1357421875,mean_centered,/Users/manouchehrrimer/Desktop/BlueDot_Perona_Vector_Project/outputs/vector_construction/persona_vectors/compassion_layer47.npy,/Users/manouchehrrimer/Desktop/BlueDot_Perona_Vector_Project/outputs/ethics_projection/activations/deontology_test_002157_layer47.npy
deontology_test_002184,deontology,honesty,honesty,32,364.96234130859375,mean_centered,/Users/manouchehrrimer/Desktop/BlueDot_Perona_Vector_Project/outputs/vector_construction/persona_vectors/honesty_layer32.npy,/Users/manouchehrrimer/Desktop/BlueDot_Perona_Vector_Project/outputs/ethics_projection/activations/deontology_test_002184_layer32.npy
deontology_test_002184,deontology,honesty,harmlessness,32,-78.12619018554688,mean_centered,/Users/manouchehrrimer/Desktop/BlueDot_Perona_Vector_Project/outputs/vector_construction/persona_vectors/harmlessness_layer32.npy,/Users/manouchehrrimer/Desktop/BlueDot_Perona_Vector_Project/outputs/ethics_projection/activations/deontology_test_002184_layer32.npy
deontology_test_002184,deontology,honesty,fairness,32,176.78819274902344,mean_centered,/Users/manouchehrrimer/Desktop/BlueDot_Perona_Vector_Project/outputs/vector_construction/persona_vectors/fairness_layer32.npy,/Users/manouchehrrimer/Desktop/BlueDot_Perona_Vector_Project/outputs/ethics_projection/activations/deontology_test_002184_layer32.npy
deontology_test_002184,deontology,honesty,compassion,32,363.96221923828125,mean_centered,/Users/manouchehrrimer/Desktop/BlueDot_Perona_Vector_Project/outputs/vector_construction/persona_vectors/compassion_layer32.npy,/Users/manouchehrrimer/Desktop/BlueDot_Perona_Vector_Project/outputs/ethics_projection/activations/deontology_test_002184_layer32.npy
deontology_test_002184,deontology,honesty,honesty,40,-3215.9501953125,mean_centered,/Users/manouchehrrimer/Desktop/BlueDot_Perona_Vector_Project/outputs/vector_construction/persona_vectors/honesty_layer40.npy,/Users/manouchehrrimer/Desktop/BlueDot_Perona_Vector_Project/outputs/ethics_projection/activations/deontology_test_002184_layer40.npy
deontology_test_002184,deontology,honesty,harmlessness,40,557.9891357421875,mean_centered,/Users/manouchehrrimer/Desktop/BlueDot_Perona_Vector_Project/outputs/vector_construction/persona_vectors/harmlessness_layer40.npy,/Users/manouchehrrimer/Desktop/BlueDot_Perona_Vector_Project/outputs/ethics_projection/activations/deontology_test_002184_layer40.npy
deontology_test_002184,deontology,honesty,fairness,40,-2703.84423828125,mean_centered,/Users/manouchehrrimer/Desktop/BlueDot_Perona_Vector_Project/outputs/vector_construction/persona_vectors/fairness_layer40.npy,/Users/manouchehrrimer/Desktop/BlueDot_Perona_Vector_Project/outputs/ethics_projection/activations/deontology_test_002184_layer40.npy
deontology_test_002184,deontology,honesty,compassion,40,272.935302734375,mean_centered,/Users/manouchehrrimer/Desktop/BlueDot_Perona_Vector_Project/outputs/vector_construction/persona_vectors/compassion_layer40.npy,/Users/manouchehrrimer/Desktop/BlueDot_Perona_Vector_Project/outputs/ethics_projection/activations/deontology_test_002184_layer40.npy
deontology_test_002184,deontology,honesty,honesty,47,-2143.36962890625,mean_centered,/Users/manouchehrrimer/Desktop/BlueDot_Perona_Vector_Project/outputs/vector_construction/persona_vectors/honesty_layer47.npy,/Users/manouchehrrimer/Desktop/BlueDot_Perona_Vector_Project/outputs/ethics_projection/activations/deontology_test_002184_layer47.npy
deontology_test_002184,deontology,honesty,harmlessness,47,-2609.5302734375,mean_centered,/Users/manouchehrrimer/Desktop/BlueDot_Perona_Vector_Project/outputs/vector_construction/persona_vectors/harmlessness_layer47.npy,/Users/manouchehrrimer/Desktop/BlueDot_Perona_Vector_Project/outputs/ethics_projection/activations/deontology_test_002184_layer47.npy
deontology_test_002184,deontology,honesty,fairness,47,-1002.07275390625,mean_centered,/Users/manouchehrrimer/Desktop/BlueDot_Perona_Vector_Project/outputs/vector_construction/persona_vectors/fairness_layer47.npy,/Users/manouchehrrimer/Desktop/BlueDot_Perona_Vector_Project/outputs/ethics_projection/activations/deontology_test_002184_layer47.npy
deontology_test_002184,deontology,honesty,compassion,47,-1130.971923828125,mean_centered,/Users/manouchehrrimer/Desktop/BlueDot_Perona_Vector_Project/outputs/vector_construction/persona_vectors/compassion_layer47.npy,/Users/manouchehrrimer/Desktop/BlueDot_Perona_Vector_Project/outputs/ethics_projection/activations/deontology_test_002184_layer47.npy
deontology_test_002228,deontology,honesty,honesty,32,354.6131286621094,mean_centered,/Users/manouchehrrimer/Desktop/BlueDot_Perona_Vector_Project/outputs/vector_construction/persona_vectors/honesty_layer32.npy,/Users/manouchehrrimer/Desktop/BlueDot_Perona_Vector_Project/outputs/ethics_projection/activations/deontology_test_002228_layer32.npy
deontology_test_002228,deontology,honesty,harmlessness,32,-994.4953002929688,mean_centered,/Users/manouchehrrimer/Desktop/BlueDot_Perona_Vector_Project/outputs/vector_construction/persona_vectors/harmlessness_layer32.npy,/Users/manouchehrrimer/Desktop/BlueDot_Perona_Vector_Project/outputs/ethics_projection/activations/deontology_test_002228_layer32.npy
deontology_test_002228,deontology,honesty,fairness,32,976.1691284179688,mean_centered,/Users/manouchehrrimer/Desktop/BlueDot_Perona_Vector_Project/outputs/vector_construction/persona_vectors/fairness_layer32.npy,/Users/manouchehrrimer/Desktop/BlueDot_Perona_Vector_Project/outputs/ethics_projection/activations/deontology_test_002228_layer32.npy
deontology_test_002228,deontology,honesty,compassion,32,167.41607666015625,mean_centered,/Users/manouchehrrimer/Desktop/BlueDot_Perona_Vector_Project/outputs/vector_construction/persona_vectors/compassion_layer32.npy,/Users/manouchehrrimer/Desktop/BlueDot_Perona_Vector_Project/outputs/ethics_projection/activations/deontology_test_002228_layer32.npy
deontology_test_002228,deontology,honesty,honesty,40,125.74161529541016,mean_centered,/Users/manouchehrrimer/Desktop/BlueDot_Perona_Vector_Project/outputs/vector_construction/persona_vectors/honesty_layer40.npy,/Users/manouchehrrimer/Desktop/BlueDot_Perona_Vector_Project/outputs/ethics_projection/activations/deontology_test_002228_layer40.npy
deontology_test_002228,deontology,honesty,harmlessness,40,-713.2440185546875,mean_centered,/Users/manouchehrrimer/Desktop/BlueDot_Perona_Vector_Project/outputs/vector_construction/persona_vectors/harmlessness_layer40.npy,/Users/manouchehrrimer/Desktop/BlueDot_Perona_Vector_Project/outputs/ethics_projection/activations/deontology_test_002228_layer40.npy
deontology_test_002228,deontology,honesty,fairness,40,691.925537109375,mean_centered,/Users/manouchehrrimer/Desktop/BlueDot_Perona_Vector_Project/outputs/vector_construction/persona_vectors/fairness_layer40.npy,/Users/manouchehrrimer/Desktop/BlueDot_Perona_Vector_Project/outputs/ethics_projection/activations/deontology_test_002228_layer40.npy
deontology_test_002228,deontology,honesty,compassion,40,-525.3858642578125,mean_centered,/Users/manouchehrrimer/Desktop/BlueDot_Perona_Vector_Project/outputs/vector_construction/persona_vectors/compassion_layer40.npy,/Users/manouchehrrimer/Desktop/BlueDot_Perona_Vector_Project/outputs/ethics_projection/activations/deontology_test_002228_layer40.npy
deontology_test_002228,deontology,honesty,honesty,47,561.7113647460938,mean_centered,/Users/manouchehrrimer/Desktop/BlueDot_Perona_Vector_Project/outputs/vector_construction/persona_vectors/honesty_layer47.npy,/Users/manouchehrrimer/Desktop/BlueDot_Perona_Vector_Project/outputs/ethics_projection/activations/deontology_test_002228_layer47.npy
deontology_test_002228,deontology,honesty,harmlessness,47,398.8078918457031,mean_centered,/Users/manouchehrrimer/Desktop/BlueDot_Perona_Vector_Project/outputs/vector_construction/persona_vectors/harmlessness_layer47.npy,/Users/manouchehrrimer/Desktop/BlueDot_Perona_Vector_Project/outputs/ethics_projection/activations/deontology_test_002228_layer47.npy
deontology_test_002228,deontology,honesty,fairness,47,1006.5919189453125,mean_centered,/Users/manouchehrrimer/Desktop/BlueDot_Perona_Vector_Project/outputs/vector_construction/persona_vectors/fairness_layer47.npy,/Users/manouchehrrimer/Desktop/BlueDot_Perona_Vector_Project/outputs/ethics_projection/activations/deontology_test_002228_layer47.npy
deontology_test_002228,deontology,honesty,compassion,47,19.785797119140625,mean_centered,/Users/manouchehrrimer/Desktop/BlueDot_Perona_Vector_Project/outputs/vector_construction/persona_vectors/compassion_layer47.npy,/Users/manouchehrrimer/Desktop/BlueDot_Perona_Vector_Project/outputs/ethics_projection/activations/deontology_test_002228_layer47.npy
deontology_test_002315,deontology,honesty,honesty,32,253.3559112548828,mean_centered,/Users/manouchehrrimer/Desktop/BlueDot_Perona_Vector_Project/outputs/vector_construction/persona_vectors/honesty_layer32.npy,/Users/manouchehrrimer/Desktop/BlueDot_Perona_Vector_Project/outputs/ethics_projection/activations/deontology_test_002315_layer32.npy
deontology_test_002315,deontology,honesty,harmlessness,32,401.74981689453125,mean_centered,/Users/manouchehrrimer/Desktop/BlueDot_Perona_Vector_Project/outputs/vector_construction/persona_vectors/harmlessness_layer32.npy,/Users/manouchehrrimer/Desktop/BlueDot_Perona_Vector_Project/outputs/ethics_projection/activations/deontology_test_002315_layer32.npy
deontology_test_002315,deontology,honesty,fairness,32,-20.494247436523438,mean_centered,/Users/manouchehrrimer/Desktop/BlueDot_Perona_Vector_Project/outputs/vector_construction/persona_vectors/fairness_layer32.npy,/Users/manouchehrrimer/Desktop/BlueDot_Perona_Vector_Project/outputs/ethics_projection/activations/deontology_test_002315_layer32.npy
deontology_test_002315,deontology,honesty,compassion,32,825.6449584960938,mean_centered,/Users/manouchehrrimer/Desktop/BlueDot_Perona_Vector_Project/outputs/vector_construction/persona_vectors/compassion_layer32.npy,/Users/manouchehrrimer/Desktop/BlueDot_Perona_Vector_Project/outputs/ethics_projection/activations/deontology_test_002315_layer32.npy
deontology_test_002315,deontology,honesty,honesty,40,-2329.347900390625,mean_centered,/Users/manouchehrrimer/Desktop/BlueDot_Perona_Vector_Project/outputs/vector_construction/persona_vectors/honesty_layer40.npy,/Users/manouchehrrimer/Desktop/BlueDot_Perona_Vector_Project/outputs/ethics_projection/activations/deontology_test_002315_layer40.npy
deontology_test_002315,deontology,honesty,harmlessness,40,1169.5306396484375,mean_centered,/Users/manouchehrrimer/Desktop/BlueDot_Perona_Vector_Project/outputs/vector_construction/persona_vectors/harmlessness_layer40.npy,/Users/manouchehrrimer/Desktop/BlueDot_Perona_Vector_Project/outputs/ethics_projection/activations/deontology_test_002315_layer40.npy
deontology_test_002315,deontology,honesty,fairness,40,-2362.587646484375,mean_centered,/Users/manouchehrrimer/Desktop/BlueDot_Perona_Vector_Project/outputs/vector_construction/persona_vectors/fairness_layer40.npy,/Users/manouchehrrimer/Desktop/BlueDot_Perona_Vector_Project/outputs/ethics_projection/activations/deontology_test_002315_layer40.npy
deontology_test_002315,deontology,honesty,compassion,40,704.349365234375,mean_centered,/Users/manouchehrrimer/Desktop/BlueDot_Perona_Vector_Project/outputs/vector_construction/persona_vectors/compassion_layer40.npy,/Users/manouchehrrimer/Desktop/BlueDot_Perona_Vector_Project/outputs/ethics_projection/activations/deontology_test_002315_layer40.npy
deontology_test_002315,deontology,honesty,honesty,47,-739.7158203125,mean_centered,/Users/manouchehrrimer/Desktop/BlueDot_Perona_Vector_Project/outputs/vector_construction/persona_vectors/honesty_layer47.npy,/Users/manouchehrrimer/Desktop/BlueDot_Perona_Vector_Project/outputs/ethics_projection/activations/deontology_test_002315_layer47.npy
deontology_test_002315,deontology,honesty,harmlessness,47,216.0577392578125,mean_centered,/Users/manouchehrrimer/Desktop/BlueDot_Perona_Vector_Project/outputs/vector_construction/persona_vectors/harmlessness_layer47.npy,/Users/manouchehrrimer/Desktop/BlueDot_Perona_Vector_Project/outputs/ethics_projection/activations/deontology_test_002315_layer47.npy
deontology_test_002315,deontology,honesty,fairness,47,-1463.789794921875,mean_centered,/Users/manouchehrrimer/Desktop/BlueDot_Perona_Vector_Project/outputs/vector_construction/persona_vectors/fairness_layer47.npy,/Users/manouchehrrimer/Desktop/BlueDot_Perona_Vector_Project/outputs/ethics_projection/activations/deontology_test_002315_layer47.npy
deontology_test_002315,deontology,honesty,compassion,47,482.1424560546875,mean_centered,/Users/manouchehrrimer/Desktop/BlueDot_Perona_Vector_Project/outputs/vector_construction/persona_vectors/compassion_layer47.npy,/Users/manouchehrrimer/Desktop/BlueDot_Perona_Vector_Project/outputs/ethics_projection/activations/deontology_test_002315_layer47.npy
deontology_test_002389,deontology,honesty,honesty,32,869.450439453125,mean_centered,/Users/manouchehrrimer/Desktop/BlueDot_Perona_Vector_Project/outputs/vector_construction/persona_vectors/honesty_layer32.npy,/Users/manouchehrrimer/Desktop/BlueDot_Perona_Vector_Project/outputs/ethics_projection/activations/deontology_test_002389_layer32.npy
deontology_test_002389,deontology,honesty,harmlessness,32,-1396.21337890625,mean_centered,/Users/manouchehrrimer/Desktop/BlueDot_Perona_Vector_Project/outputs/vector_construction/persona_vectors/harmlessness_layer32.npy,/Users/manouchehrrimer/Desktop/BlueDot_Perona_Vector_Project/outputs/ethics_projection/activations/deontology_test_002389_layer32.npy
deontology_test_002389,deontology,honesty,fairness,32,1441.689208984375,mean_centered,/Users/manouchehrrimer/Desktop/BlueDot_Perona_Vector_Project/outputs/vector_construction/persona_vectors/fairness_layer32.npy,/Users/manouchehrrimer/Desktop/BlueDot_Perona_Vector_Project/outputs/ethics_projection/activations/deontology_test_002389_layer32.npy
deontology_test_002389,deontology,honesty,compassion,32,745.9256591796875,mean_centered,/Users/manouchehrrimer/Desktop/BlueDot_Perona_Vector_Project/outputs/vector_construction/persona_vectors/compassion_layer32.npy,/Users/manouchehrrimer/Desktop/BlueDot_Perona_Vector_Project/outputs/ethics_projection/activations/deontology_test_002389_layer32.npy
deontology_test_002389,deontology,honesty,honesty,40,2481.20361328125,mean_centered,/Users/manouchehrrimer/Desktop/BlueDot_Perona_Vector_Project/outputs/vector_construction/persona_vectors/honesty_layer40.npy,/Users/manouchehrrimer/Desktop/BlueDot_Perona_Vector_Project/outputs/ethics_projection/activations/deontology_test_002389_layer40.npy
deontology_test_002389,deontology,honesty,harmlessness,40,-467.6589050292969,mean_centered,/Users/manouchehrrimer/Desktop/BlueDot_Perona_Vector_Project/outputs/vector_construction/persona_vectors/harmlessness_layer40.npy,/Users/manouchehrrimer/Desktop/BlueDot_Perona_Vector_Project/outputs/ethics_projection/activations/deontology_test_002389_layer40.npy
deontology_test_002389,deontology,honesty,fairness,40,2354.63818359375,mean_centered,/Users/manouchehrrimer/Desktop/BlueDot_Perona_Vector_Project/outputs/vector_construction/persona_vectors/fairness_layer40.npy,/Users/manouchehrrimer/Desktop/BlueDot_Perona_Vector_Project/outputs/ethics_projection/activations/deontology_test_002389_layer40.npy
deontology_test_002389,deontology,honesty,compassion,40,-72.77986907958984,mean_centered,/Users/manouchehrrimer/Desktop/BlueDot_Perona_Vector_Project/outputs/vector_construction/persona_vectors/compassion_layer40.npy,/Users/manouchehrrimer/Desktop/BlueDot_Perona_Vector_Project/outputs/ethics_projection/activations/deontology_test_002389_layer40.npy
deontology_test_002389,deontology,honesty,honesty,47,-939.198974609375,mean_centered,/Users/manouchehrrimer/Desktop/BlueDot_Perona_Vector_Project/outputs/vector_construction/persona_vectors/honesty_layer47.npy,/Users/manouchehrrimer/Desktop/BlueDot_Perona_Vector_Project/outputs/ethics_projection/activations/deontology_test_002389_layer47.npy
deontology_test_002389,deontology,honesty,harmlessness,47,-1351.046875,mean_centered,/Users/manouchehrrimer/Desktop/BlueDot_Perona_Vector_Project/outputs/vector_construction/persona_vectors/harmlessness_layer47.npy,/Users/manouchehrrimer/Desktop/BlueDot_Perona_Vector_Project/outputs/ethics_projection/activations/deontology_test_002389_layer47.npy
deontology_test_002389,deontology,honesty,fairness,47,682.9266357421875,mean_centered,/Users/manouchehrrimer/Desktop/BlueDot_Perona_Vector_Project/outputs/vector_construction/persona_vectors/fairness_layer47.npy,/Users/manouchehrrimer/Desktop/BlueDot_Perona_Vector_Project/outputs/ethics_projection/activations/deontology_test_002389_layer47.npy
deontology_test_002389,deontology,honesty,compassion,47,-505.1556396484375,mean_centered,/Users/manouchehrrimer/Desktop/BlueDot_Perona_Vector_Project/outputs/vector_construction/persona_vectors/compassion_layer47.npy,/Users/manouchehrrimer/Desktop/BlueDot_Perona_Vector_Project/outputs/ethics_projection/activations/deontology_test_002389_layer47.npy
deontology_test_002575,deontology,honesty,honesty,32,-1531.401123046875,mean_centered,/Users/manouchehrrimer/Desktop/BlueDot_Perona_Vector_Project/outputs/vector_construction/persona_vectors/honesty_layer32.npy,/Users/manouchehrrimer/Desktop/BlueDot_Perona_Vector_Project/outputs/ethics_projection/activations/deontology_test_002575_layer32.npy
deontology_test_002575,deontology,honesty,harmlessness,32,2518.5673828125,mean_centered,/Users/manouchehrrimer/Desktop/BlueDot_Perona_Vector_Project/outputs/vector_construction/persona_vectors/harmlessness_layer32.npy,/Users/manouchehrrimer/Desktop/BlueDot_Perona_Vector_Project/outputs/ethics_projection/activations/deontology_test_002575_layer32.npy
deontology_test_002575,deontology,honesty,fairness,32,-1919.0880126953125,mean_centered,/Users/manouchehrrimer/Desktop/BlueDot_Perona_Vector_Project/outputs/vector_construction/persona_vectors/fairness_layer32.npy,/Users/manouchehrrimer/Desktop/BlueDot_Perona_Vector_Project/outputs/ethics_projection/activations/deontology_test_002575_layer32.npy
deontology_test_002575,deontology,honesty,compassion,32,-2168.51953125,mean_centered,/Users/manouchehrrimer/Desktop/BlueDot_Perona_Vector_Project/outputs/vector_construction/persona_vectors/compassion_layer32.npy,/Users/manouchehrrimer/Desktop/BlueDot_Perona_Vector_Project/outputs/ethics_projection/activations/deontology_test_002575_layer32.npy
deontology_test_002575,deontology,honesty,honesty,40,-1972.94189453125,mean_centered,/Users/manouchehrrimer/Desktop/BlueDot_Perona_Vector_Project/outputs/vector_construction/persona_vectors/honesty_layer40.npy,/Users/manouchehrrimer/Desktop/BlueDot_Perona_Vector_Project/outputs/ethics_projection/activations/deontology_test_002575_layer40.npy
deontology_test_002575,deontology,honesty,harmlessness,40,-1.1520004272460938,mean_centered,/Users/manouchehrrimer/Desktop/BlueDot_Perona_Vector_Project/outputs/vector_construction/persona_vectors/harmlessness_layer40.npy,/Users/manouchehrrimer/Desktop/BlueDot_Perona_Vector_Project/outputs/ethics_projection/activations/deontology_test_002575_layer40.npy
deontology_test_002575,deontology,honesty,fairness,40,-1471.2579345703125,mean_centered,/Users/manouchehrrimer/Desktop/BlueDot_Perona_Vector_Project/outputs/vector_construction/persona_vectors/fairness_layer40.npy,/Users/manouchehrrimer/Desktop/BlueDot_Perona_Vector_Project/outputs/ethics_projection/activations/deontology_test_002575_layer40.npy
deontology_test_002575,deontology,honesty,compassion,40,-675.2750244140625,mean_centered,/Users/manouchehrrimer/Desktop/BlueDot_Perona_Vector_Project/outputs/vector_construction/persona_vectors/compassion_layer40.npy,/Users/manouchehrrimer/Desktop/BlueDot_Perona_Vector_Project/outputs/ethics_projection/activations/deontology_test_002575_layer40.npy
deontology_test_002575,deontology,honesty,honesty,47,-1567.601806640625,mean_centered,/Users/manouchehrrimer/Desktop/BlueDot_Perona_Vector_Project/outputs/vector_construction/persona_vectors/honesty_layer47.npy,/Users/manouchehrrimer/Desktop/BlueDot_Perona_Vector_Project/outputs/ethics_projection/activations/deontology_test_002575_layer47.npy
deontology_test_002575,deontology,honesty,harmlessness,47,-3084.763671875,mean_centered,/Users/manouchehrrimer/Desktop/BlueDot_Perona_Vector_Project/outputs/vector_construction/persona_vectors/harmlessness_layer47.npy,/Users/manouchehrrimer/Desktop/BlueDot_Perona_Vector_Project/outputs/ethics_projection/activations/deontology_test_002575_layer47.npy
deontology_test_002575,deontology,honesty,fairness,47,-570.3435668945312,mean_centered,/Users/manouchehrrimer/Desktop/BlueDot_Perona_Vector_Project/outputs/vector_construction/persona_vectors/fairness_layer47.npy,/Users/manouchehrrimer/Desktop/BlueDot_Perona_Vector_Project/outputs/ethics_projection/activations/deontology_test_002575_layer47.npy
deontology_test_002575,deontology,honesty,compassion,47,-2133.849609375,mean_centered,/Users/manouchehrrimer/Desktop/BlueDot_Perona_Vector_Project/outputs/vector_construction/persona_vectors/compassion_layer47.npy,/Users/manouchehrrimer/Desktop/BlueDot_Perona_Vector_Project/outputs/ethics_projection/activations/deontology_test_002575_layer47.npy
deontology_test_002787,deontology,honesty,honesty,32,288.9664306640625,mean_centered,/Users/manouchehrrimer/Desktop/BlueDot_Perona_Vector_Project/outputs/vector_construction/persona_vectors/honesty_layer32.npy,/Users/manouchehrrimer/Desktop/BlueDot_Perona_Vector_Project/outputs/ethics_projection/activations/deontology_test_002787_layer32.npy
deontology_test_002787,deontology,honesty,harmlessness,32,-110.35502624511719,mean_centered,/Users/manouchehrrimer/Desktop/BlueDot_Perona_Vector_Project/outputs/vector_construction/persona_vectors/harmlessness_layer32.npy,/Users/manouchehrrimer/Desktop/BlueDot_Perona_Vector_Project/outputs/ethics_projection/activations/deontology_test_002787_layer32.npy
deontology_test_002787,deontology,honesty,fairness,32,161.7335205078125,mean_centered,/Users/manouchehrrimer/Desktop/BlueDot_Perona_Vector_Project/outputs/vector_construction/persona_vectors/fairness_layer32.npy,/Users/manouchehrrimer/Desktop/BlueDot_Perona_Vector_Project/outputs/ethics_projection/activations/deontology_test_002787_layer32.npy
deontology_test_002787,deontology,honesty,compassion,32,249.663330078125,mean_centered,/Users/manouchehrrimer/Desktop/BlueDot_Perona_Vector_Project/outputs/vector_construction/persona_vectors/compassion_layer32.npy,/Users/manouchehrrimer/Desktop/BlueDot_Perona_Vector_Project/outputs/ethics_projection/activations/deontology_test_002787_layer32.npy
deontology_test_002787,deontology,honesty,honesty,40,151.3778839111328,mean_centered,/Users/manouchehrrimer/Desktop/BlueDot_Perona_Vector_Project/outputs/vector_construction/persona_vectors/honesty_layer40.npy,/Users/manouchehrrimer/Desktop/BlueDot_Perona_Vector_Project/outputs/ethics_projection/activations/deontology_test_002787_layer40.npy
deontology_test_002787,deontology,honesty,harmlessness,40,412.0648193359375,mean_centered,/Users/manouchehrrimer/Desktop/BlueDot_Perona_Vector_Project/outputs/vector_construction/persona_vectors/harmlessness_layer40.npy,/Users/manouchehrrimer/Desktop/BlueDot_Perona_Vector_Project/outputs/ethics_projection/activations/deontology_test_002787_layer40.npy
deontology_test_002787,deontology,honesty,fairness,40,-402.4361572265625,mean_centered,/Users/manouchehrrimer/Desktop/BlueDot_Perona_Vector_Project/outputs/vector_construction/persona_vectors/fairness_layer40.npy,/Users/manouchehrrimer/Desktop/BlueDot_Perona_Vector_Project/outputs/ethics_projection/activations/deontology_test_002787_layer40.npy
deontology_test_002787,deontology,honesty,compassion,40,79.2635498046875,mean_centered,/Users/manouchehrrimer/Desktop/BlueDot_Perona_Vector_Project/outputs/vector_construction/persona_vectors/compassion_layer40.npy,/Users/manouchehrrimer/Desktop/BlueDot_Perona_Vector_Project/outputs/ethics_projection/activations/deontology_test_002787_layer40.npy
deontology_test_002787,deontology,honesty,honesty,47,-1775.8516845703125,mean_centered,/Users/manouchehrrimer/Desktop/BlueDot_Perona_Vector_Project/outputs/vector_construction/persona_vectors/honesty_layer47.npy,/Users/manouchehrrimer/Desktop/BlueDot_Perona_Vector_Project/outputs/ethics_projection/activations/deontology_test_002787_layer47.npy
deontology_test_002787,deontology,honesty,harmlessness,47,-2545.745849609375,mean_centered,/Users/manouchehrrimer/Desktop/BlueDot_Perona_Vector_Project/outputs/vector_construction/persona_vectors/harmlessness_layer47.npy,/Users/manouchehrrimer/Desktop/BlueDot_Perona_Vector_Project/outputs/ethics_projection/activations/deontology_test_002787_layer47.npy
deontology_test_002787,deontology,honesty,fairness,47,-1607.01123046875,mean_centered,/Users/manouchehrrimer/Desktop/BlueDot_Perona_Vector_Project/outputs/vector_construction/persona_vectors/fairness_layer47.npy,/Users/manouchehrrimer/Desktop/BlueDot_Perona_Vector_Project/outputs/ethics_projection/activations/deontology_test_002787_layer47.npy
deontology_test_002787,deontology,honesty,compassion,47,-1449.1185302734375,mean_centered,/Users/manouchehrrimer/Desktop/BlueDot_Perona_Vector_Project/outputs/vector_construction/persona_vectors/compassion_layer47.npy,/Users/manouchehrrimer/Desktop/BlueDot_Perona_Vector_Project/outputs/ethics_projection/activations/deontology_test_002787_layer47.npy
deontology_test_002791,deontology,honesty,honesty,32,12.447120666503906,mean_centered,/Users/manouchehrrimer/Desktop/BlueDot_Perona_Vector_Project/outputs/vector_construction/persona_vectors/honesty_layer32.npy,/Users/manouchehrrimer/Desktop/BlueDot_Perona_Vector_Project/outputs/ethics_projection/activations/deontology_test_002791_layer32.npy
deontology_test_002791,deontology,honesty,harmlessness,32,700.4957275390625,mean_centered,/Users/manouchehrrimer/Desktop/BlueDot_Perona_Vector_Project/outputs/vector_construction/persona_vectors/harmlessness_layer32.npy,/Users/manouchehrrimer/Desktop/BlueDot_Perona_Vector_Project/outputs/ethics_projection/activations/deontology_test_002791_layer32.npy
deontology_test_002791,deontology,honesty,fairness,32,-302.8648986816406,mean_centered,/Users/manouchehrrimer/Desktop/BlueDot_Perona_Vector_Project/outputs/vector_construction/persona_vectors/fairness_layer32.npy,/Users/manouchehrrimer/Desktop/BlueDot_Perona_Vector_Project/outputs/ethics_projection/activations/deontology_test_002791_layer32.npy
deontology_test_002791,deontology,honesty,compassion,32,671.8512573242188,mean_centered,/Users/manouchehrrimer/Desktop/BlueDot_Perona_Vector_Project/outputs/vector_construction/persona_vectors/compassion_layer32.npy,/Users/manouchehrrimer/Desktop/BlueDot_Perona_Vector_Project/outputs/ethics_projection/activations/deontology_test_002791_layer32.npy
deontology_test_002791,deontology,honesty,honesty,40,1361.3585205078125,mean_centered,/Users/manouchehrrimer/Desktop/BlueDot_Perona_Vector_Project/outputs/vector_construction/persona_vectors/honesty_layer40.npy,/Users/manouchehrrimer/Desktop/BlueDot_Perona_Vector_Project/outputs/ethics_projection/activations/deontology_test_002791_layer40.npy
deontology_test_002791,deontology,honesty,harmlessness,40,1259.66259765625,mean_centered,/Users/manouchehrrimer/Desktop/BlueDot_Perona_Vector_Project/outputs/vector_construction/persona_vectors/harmlessness_layer40.npy,/Users/manouchehrrimer/Desktop/BlueDot_Perona_Vector_Project/outputs/ethics_projection/activations/deontology_test_002791_layer40.npy
deontology_test_002791,deontology,honesty,fairness,40,846.977783203125,mean_centered,/Users/manouchehrrimer/Desktop/BlueDot_Perona_Vector_Project/outputs/vector_construction/persona_vectors/fairness_layer40.npy,/Users/manouchehrrimer/Desktop/BlueDot_Perona_Vector_Project/outputs/ethics_projection/activations/deontology_test_002791_layer40.npy
deontology_test_002791,deontology,honesty,compassion,40,1151.9488525390625,mean_centered,/Users/manouchehrrimer/Desktop/BlueDot_Perona_Vector_Project/outputs/vector_construction/persona_vectors/compassion_layer40.npy,/Users/manouchehrrimer/Desktop/BlueDot_Perona_Vector_Project/outputs/ethics_projection/activations/deontology_test_002791_layer40.npy
deontology_test_002791,deontology,honesty,honesty,47,-153.67755126953125,mean_centered,/Users/manouchehrrimer/Desktop/BlueDot_Perona_Vector_Project/outputs/vector_construction/persona_vectors/honesty_layer47.npy,/Users/manouchehrrimer/Desktop/BlueDot_Perona_Vector_Project/outputs/ethics_projection/activations/deontology_test_002791_layer47.npy
deontology_test_002791,deontology,honesty,harmlessness,47,927.5067138671875,mean_centered,/Users/manouchehrrimer/Desktop/BlueDot_Perona_Vector_Project/outputs/vector_construction/persona_vectors/harmlessness_layer47.npy,/Users/manouchehrrimer/Desktop/BlueDot_Perona_Vector_Project/outputs/ethics_projection/activations/deontology_test_002791_layer47.npy
deontology_test_002791,deontology,honesty,fairness,47,-290.12225341796875,mean_centered,/Users/manouchehrrimer/Desktop/BlueDot_Perona_Vector_Project/outputs/vector_construction/persona_vectors/fairness_layer47.npy,/Users/manouchehrrimer/Desktop/BlueDot_Perona_Vector_Project/outputs/ethics_projection/activations/deontology_test_002791_layer47.npy
deontology_test_002791,deontology,honesty,compassion,47,1017.9463500976562,mean_centered,/Users/manouchehrrimer/Desktop/BlueDot_Perona_Vector_Project/outputs/vector_construction/persona_vectors/compassion_layer47.npy,/Users/manouchehrrimer/Desktop/BlueDot_Perona_Vector_Project/outputs/ethics_projection/activations/deontology_test_002791_layer47.npy
deontology_test_002813,deontology,honesty,honesty,32,-15.65167236328125,mean_centered,/Users/manouchehrrimer/Desktop/BlueDot_Perona_Vector_Project/outputs/vector_construction/persona_vectors/honesty_layer32.npy,/Users/manouchehrrimer/Desktop/BlueDot_Perona_Vector_Project/outputs/ethics_projection/activations/deontology_test_002813_layer32.npy
deontology_test_002813,deontology,honesty,harmlessness,32,-211.90823364257812,mean_centered,/Users/manouchehrrimer/Desktop/BlueDot_Perona_Vector_Project/outputs/vector_construction/persona_vectors/harmlessness_layer32.npy,/Users/manouchehrrimer/Desktop/BlueDot_Perona_Vector_Project/outputs/ethics_projection/activations/deontology_test_002813_layer32.npy
deontology_test_002813,deontology,honesty,fairness,32,127.92042541503906,mean_centered,/Users/manouchehrrimer/Desktop/BlueDot_Perona_Vector_Project/outputs/vector_construction/persona_vectors/fairness_layer32.npy,/Users/manouchehrrimer/Desktop/BlueDot_Perona_Vector_Project/outputs/ethics_projection/activations/deontology_test_002813_layer32.npy
deontology_test_002813,deontology,honesty,compassion,32,54.089080810546875,mean_centered,/Users/manouchehrrimer/Desktop/BlueDot_Perona_Vector_Project/outputs/vector_construction/persona_vectors/compassion_layer32.npy,/Users/manouchehrrimer/Desktop/BlueDot_Perona_Vector_Project/outputs/ethics_projection/activations/deontology_test_002813_layer32.npy
deontology_test_002813,deontology,honesty,honesty,40,-448.86187744140625,mean_centered,/Users/manouchehrrimer/Desktop/BlueDot_Perona_Vector_Project/outputs/vector_construction/persona_vectors/honesty_layer40.npy,/Users/manouchehrrimer/Desktop/BlueDot_Perona_Vector_Project/outputs/ethics_projection/activations/deontology_test_002813_layer40.npy
deontology_test_002813,deontology,honesty,harmlessness,40,-27.870384216308594,mean_centered,/Users/manouchehrrimer/Desktop/BlueDot_Perona_Vector_Project/outputs/vector_construction/persona_vectors/harmlessness_layer40.npy,/Users/manouchehrrimer/Desktop/BlueDot_Perona_Vector_Project/outputs/ethics_projection/activations/deontology_test_002813_layer40.npy
deontology_test_002813,deontology,honesty,fairness,40,-229.86154174804688,mean_centered,/Users/manouchehrrimer/Desktop/BlueDot_Perona_Vector_Project/outputs/vector_construction/persona_vectors/fairness_layer40.npy,/Users/manouchehrrimer/Desktop/BlueDot_Perona_Vector_Project/outputs/ethics_projection/activations/deontology_test_002813_layer40.npy
deontology_test_002813,deontology,honesty,compassion,40,-64.84550476074219,mean_centered,/Users/manouchehrrimer/Desktop/BlueDot_Perona_Vector_Project/outputs/vector_construction/persona_vectors/compassion_layer40.npy,/Users/manouchehrrimer/Desktop/BlueDot_Perona_Vector_Project/outputs/ethics_projection/activations/deontology_test_002813_layer40.npy
deontology_test_002813,deontology,honesty,honesty,47,771.3392333984375,mean_centered,/Users/manouchehrrimer/Desktop/BlueDot_Perona_Vector_Project/outputs/vector_construction/persona_vectors/honesty_layer47.npy,/Users/manouchehrrimer/Desktop/BlueDot_Perona_Vector_Project/outputs/ethics_projection/activations/deontology_test_002813_layer47.npy
deontology_test_002813,deontology,honesty,harmlessness,47,1364.23193359375,mean_centered,/Users/manouchehrrimer/Desktop/BlueDot_Perona_Vector_Project/outputs/vector_construction/persona_vectors/harmlessness_layer47.npy,/Users/manouchehrrimer/Desktop/BlueDot_Perona_Vector_Project/outputs/ethics_projection/activations/deontology_test_002813_layer47.npy
deontology_test_002813,deontology,honesty,fairness,47,674.869384765625,mean_centered,/Users/manouchehrrimer/Desktop/BlueDot_Perona_Vector_Project/outputs/vector_construction/persona_vectors/fairness_layer47.npy,/Users/manouchehrrimer/Desktop/BlueDot_Perona_Vector_Project/outputs/ethics_projection/activations/deontology_test_002813_layer47.npy
deontology_test_002813,deontology,honesty,compassion,47,728.69873046875,mean_centered,/Users/manouchehrrimer/Desktop/BlueDot_Perona_Vector_Project/outputs/vector_construction/persona_vectors/compassion_layer47.npy,/Users/manouchehrrimer/Desktop/BlueDot_Perona_Vector_Project/outputs/ethics_projection/activations/deontology_test_002813_layer47.npy
deontology_test_002861,deontology,honesty,honesty,32,502.25445556640625,mean_centered,/Users/manouchehrrimer/Desktop/BlueDot_Perona_Vector_Project/outputs/vector_construction/persona_vectors/honesty_layer32.npy,/Users/manouchehrrimer/Desktop/BlueDot_Perona_Vector_Project/outputs/ethics_projection/activations/deontology_test_002861_layer32.npy
deontology_test_002861,deontology,honesty,harmlessness,32,-496.9641418457031,mean_centered,/Users/manouchehrrimer/Desktop/BlueDot_Perona_Vector_Project/outputs/vector_construction/persona_vectors/harmlessness_layer32.npy,/Users/manouchehrrimer/Desktop/BlueDot_Perona_Vector_Project/outputs/ethics_projection/activations/deontology_test_002861_layer32.npy
deontology_test_002861,deontology,honesty,fairness,32,199.4108428955078,mean_centered,/Users/manouchehrrimer/Desktop/BlueDot_Perona_Vector_Project/outputs/vector_construction/persona_vectors/fairness_layer32.npy,/Users/manouchehrrimer/Desktop/BlueDot_Perona_Vector_Project/outputs/ethics_projection/activations/deontology_test_002861_layer32.npy
deontology_test_002861,deontology,honesty,compassion,32,293.04962158203125,mean_centered,/Users/manouchehrrimer/Desktop/BlueDot_Perona_Vector_Project/outputs/vector_construction/persona_vectors/compassion_layer32.npy,/Users/manouchehrrimer/Desktop/BlueDot_Perona_Vector_Project/outputs/ethics_projection/activations/deontology_test_002861_layer32.npy
deontology_test_002861,deontology,honesty,honesty,40,-381.7685546875,mean_centered,/Users/manouchehrrimer/Desktop/BlueDot_Perona_Vector_Project/outputs/vector_construction/persona_vectors/honesty_layer40.npy,/Users/manouchehrrimer/Desktop/BlueDot_Perona_Vector_Project/outputs/ethics_projection/activations/deontology_test_002861_layer40.npy
deontology_test_002861,deontology,honesty,harmlessness,40,75.72789764404297,mean_centered,/Users/manouchehrrimer/Desktop/BlueDot_Perona_Vector_Project/outputs/vector_construction/persona_vectors/harmlessness_layer40.npy,/Users/manouchehrrimer/Desktop/BlueDot_Perona_Vector_Project/outputs/ethics_projection/activations/deontology_test_002861_layer40.npy
deontology_test_002861,deontology,honesty,fairness,40,-755.0120849609375,mean_centered,/Users/manouchehrrimer/Desktop/BlueDot_Perona_Vector_Project/outputs/vector_construction/persona_vectors/fairness_layer40.npy,/Users/manouchehrrimer/Desktop/BlueDot_Perona_Vector_Project/outputs/ethics_projection/activations/deontology_test_002861_layer40.npy
deontology_test_002861,deontology,honesty,compassion,40,147.63845825195312,mean_centered,/Users/manouchehrrimer/Desktop/BlueDot_Perona_Vector_Project/outputs/vector_construction/persona_vectors/compassion_layer40.npy,/Users/manouchehrrimer/Desktop/BlueDot_Perona_Vector_Project/outputs/ethics_projection/activations/deontology_test_002861_layer40.npy
deontology_test_002861,deontology,honesty,honesty,47,-3009.09423828125,mean_centered,/Users/manouchehrrimer/Desktop/BlueDot_Perona_Vector_Project/outputs/vector_construction/persona_vectors/honesty_layer47.npy,/Users/manouchehrrimer/Desktop/BlueDot_Perona_Vector_Project/outputs/ethics_projection/activations/deontology_test_002861_layer47.npy
deontology_test_002861,deontology,honesty,harmlessness,47,-3779.18212890625,mean_centered,/Users/manouchehrrimer/Desktop/BlueDot_Perona_Vector_Project/outputs/vector_construction/persona_vectors/harmlessness_layer47.npy,/Users/manouchehrrimer/Desktop/BlueDot_Perona_Vector_Project/outputs/ethics_projection/activations/deontology_test_002861_layer47.npy
deontology_test_002861,deontology,honesty,fairness,47,-1622.0009765625,mean_centered,/Users/manouchehrrimer/Desktop/BlueDot_Perona_Vector_Project/outputs/vector_construction/persona_vectors/fairness_layer47.npy,/Users/manouchehrrimer/Desktop/BlueDot_Perona_Vector_Project/outputs/ethics_projection/activations/deontology_test_002861_layer47.npy
deontology_test_002861,deontology,honesty,compassion,47,-1768.382080078125,mean_centered,/Users/manouchehrrimer/Desktop/BlueDot_Perona_Vector_Project/outputs/vector_construction/persona_vectors/compassion_layer47.npy,/Users/manouchehrrimer/Desktop/BlueDot_Perona_Vector_Project/outputs/ethics_projection/activations/deontology_test_002861_layer47.npy
deontology_test_002889,deontology,honesty,honesty,32,370.54681396484375,mean_centered,/Users/manouchehrrimer/Desktop/BlueDot_Perona_Vector_Project/outputs/vector_construction/persona_vectors/honesty_layer32.npy,/Users/manouchehrrimer/Desktop/BlueDot_Perona_Vector_Project/outputs/ethics_projection/activations/deontology_test_002889_layer32.npy
deontology_test_002889,deontology,honesty,harmlessness,32,-630.6636962890625,mean_centered,/Users/manouchehrrimer/Desktop/BlueDot_Perona_Vector_Project/outputs/vector_construction/persona_vectors/harmlessness_layer32.npy,/Users/manouchehrrimer/Desktop/BlueDot_Perona_Vector_Project/outputs/ethics_projection/activations/deontology_test_002889_layer32.npy
deontology_test_002889,deontology,honesty,fairness,32,669.75244140625,mean_centered,/Users/manouchehrrimer/Desktop/BlueDot_Perona_Vector_Project/outputs/vector_construction/persona_vectors/fairness_layer32.npy,/Users/manouchehrrimer/Desktop/BlueDot_Perona_Vector_Project/outputs/ethics_projection/activations/deontology_test_002889_layer32.npy
deontology_test_002889,deontology,honesty,compassion,32,61.46507263183594,mean_centered,/Users/manouchehrrimer/Desktop/BlueDot_Perona_Vector_Project/outputs/vector_construction/persona_vectors/compassion_layer32.npy,/Users/manouchehrrimer/Desktop/BlueDot_Perona_Vector_Project/outputs/ethics_projection/activations/deontology_test_002889_layer32.npy
deontology_test_002889,deontology,honesty,honesty,40,2263.035400390625,mean_centered,/Users/manouchehrrimer/Desktop/BlueDot_Perona_Vector_Project/outputs/vector_construction/persona_vectors/honesty_layer40.npy,/Users/manouchehrrimer/Desktop/BlueDot_Perona_Vector_Project/outputs/ethics_projection/activations/deontology_test_002889_layer40.npy
deontology_test_002889,deontology,honesty,harmlessness,40,-391.10821533203125,mean_centered,/Users/manouchehrrimer/Desktop/BlueDot_Perona_Vector_Project/outputs/vector_construction/persona_vectors/harmlessness_layer40.npy,/Users/manouchehrrimer/Desktop/BlueDot_Perona_Vector_Project/outputs/ethics_projection/activations/deontology_test_002889_layer40.npy
deontology_test_002889,deontology,honesty,fairness,40,1857.381103515625,mean_centered,/Users/manouchehrrimer/Desktop/BlueDot_Perona_Vector_Project/outputs/vector_construction/persona_vectors/fairness_layer40.npy,/Users/manouchehrrimer/Desktop/BlueDot_Perona_Vector_Project/outputs/ethics_projection/activations/deontology_test_002889_layer40.npy
deontology_test_002889,deontology,honesty,compassion,40,-466.6235046386719,mean_centered,/Users/manouchehrrimer/Desktop/BlueDot_Perona_Vector_Project/outputs/vector_construction/persona_vectors/compassion_layer40.npy,/Users/manouchehrrimer/Desktop/BlueDot_Perona_Vector_Project/outputs/ethics_projection/activations/deontology_test_002889_layer40.npy
deontology_test_002889,deontology,honesty,honesty,47,2611.12890625,mean_centered,/Users/manouchehrrimer/Desktop/BlueDot_Perona_Vector_Project/outputs/vector_construction/persona_vectors/honesty_layer47.npy,/Users/manouchehrrimer/Desktop/BlueDot_Perona_Vector_Project/outputs/ethics_projection/activations/deontology_test_002889_layer47.npy
deontology_test_002889,deontology,honesty,harmlessness,47,2931.7587890625,mean_centered,/Users/manouchehrrimer/Desktop/BlueDot_Perona_Vector_Project/outputs/vector_construction/persona_vectors/harmlessness_layer47.npy,/Users/manouchehrrimer/Desktop/BlueDot_Perona_Vector_Project/outputs/ethics_projection/activations/deontology_test_002889_layer47.npy
deontology_test_002889,deontology,honesty,fairness,47,1521.8968505859375,mean_centered,/Users/manouchehrrimer/Desktop/BlueDot_Perona_Vector_Project/outputs/vector_construction/persona_vectors/fairness_layer47.npy,/Users/manouchehrrimer/Desktop/BlueDot_Perona_Vector_Project/outputs/ethics_projection/activations/deontology_test_002889_layer47.npy
deontology_test_002889,deontology,honesty,compassion,47,1133.99267578125,mean_centered,/Users/manouchehrrimer/Desktop/BlueDot_Perona_Vector_Project/outputs/vector_construction/persona_vectors/compassion_layer47.npy,/Users/manouchehrrimer/Desktop/BlueDot_Perona_Vector_Project/outputs/ethics_projection/activations/deontology_test_002889_layer47.npy
deontology_test_002921,deontology,honesty,honesty,32,380.6309814453125,mean_centered,/Users/manouchehrrimer/Desktop/BlueDot_Perona_Vector_Project/outputs/vector_construction/persona_vectors/honesty_layer32.npy,/Users/manouchehrrimer/Desktop/BlueDot_Perona_Vector_Project/outputs/ethics_projection/activations/deontology_test_002921_layer32.npy
deontology_test_002921,deontology,honesty,harmlessness,32,-1058.881103515625,mean_centered,/Users/manouchehrrimer/Desktop/BlueDot_Perona_Vector_Project/outputs/vector_construction/persona_vectors/harmlessness_layer32.npy,/Users/manouchehrrimer/Desktop/BlueDot_Perona_Vector_Project/outputs/ethics_projection/activations/deontology_test_002921_layer32.npy
deontology_test_002921,deontology,honesty,fairness,32,941.387939453125,mean_centered,/Users/manouchehrrimer/Desktop/BlueDot_Perona_Vector_Project/outputs/vector_construction/persona_vectors/fairness_layer32.npy,/Users/manouchehrrimer/Desktop/BlueDot_Perona_Vector_Project/outputs/ethics_projection/activations/deontology_test_002921_layer32.npy
deontology_test_002921,deontology,honesty,compassion,32,498.55279541015625,mean_centered,/Users/manouchehrrimer/Desktop/BlueDot_Perona_Vector_Project/outputs/vector_construction/persona_vectors/compassion_layer32.npy,/Users/manouchehrrimer/Desktop/BlueDot_Perona_Vector_Project/outputs/ethics_projection/activations/deontology_test_002921_layer32.npy
deontology_test_002921,deontology,honesty,honesty,40,-1515.5433349609375,mean_centered,/Users/manouchehrrimer/Desktop/BlueDot_Perona_Vector_Project/outputs/vector_construction/persona_vectors/honesty_layer40.npy,/Users/manouchehrrimer/Desktop/BlueDot_Perona_Vector_Project/outputs/ethics_projection/activations/deontology_test_002921_layer40.npy
deontology_test_002921,deontology,honesty,harmlessness,40,-122.18377685546875,mean_centered,/Users/manouchehrrimer/Desktop/BlueDot_Perona_Vector_Project/outputs/vector_construction/persona_vectors/harmlessness_layer40.npy,/Users/manouchehrrimer/Desktop/BlueDot_Perona_Vector_Project/outputs/ethics_projection/activations/deontology_test_002921_layer40.npy
deontology_test_002921,deontology,honesty,fairness,40,-789.4298095703125,mean_centered,/Users/manouchehrrimer/Desktop/BlueDot_Perona_Vector_Project/outputs/vector_construction/persona_vectors/fairness_layer40.npy,/Users/manouchehrrimer/Desktop/BlueDot_Perona_Vector_Project/outputs/ethics_projection/activations/deontology_test_002921_layer40.npy
deontology_test_002921,deontology,honesty,compassion,40,-546.138916015625,mean_centered,/Users/manouchehrrimer/Desktop/BlueDot_Perona_Vector_Project/outputs/vector_construction/persona_vectors/compassion_layer40.npy,/Users/manouchehrrimer/Desktop/BlueDot_Perona_Vector_Project/outputs/ethics_projection/activations/deontology_test_002921_layer40.npy
deontology_test_002921,deontology,honesty,honesty,47,2637.0244140625,mean_centered,/Users/manouchehrrimer/Desktop/BlueDot_Perona_Vector_Project/outputs/vector_construction/persona_vectors/honesty_layer47.npy,/Users/manouchehrrimer/Desktop/BlueDot_Perona_Vector_Project/outputs/ethics_projection/activations/deontology_test_002921_layer47.npy
deontology_test_002921,deontology,honesty,harmlessness,47,3779.76123046875,mean_centered,/Users/manouchehrrimer/Desktop/BlueDot_Perona_Vector_Project/outputs/vector_construction/persona_vectors/harmlessness_layer47.npy,/Users/manouchehrrimer/Desktop/BlueDot_Perona_Vector_Project/outputs/ethics_projection/activations/deontology_test_002921_layer47.npy
deontology_test_002921,deontology,honesty,fairness,47,1782.16650390625,mean_centered,/Users/manouchehrrimer/Desktop/BlueDot_Perona_Vector_Project/outputs/vector_construction/persona_vectors/fairness_layer47.npy,/Users/manouchehrrimer/Desktop/BlueDot_Perona_Vector_Project/outputs/ethics_projection/activations/deontology_test_002921_layer47.npy
deontology_test_002921,deontology,honesty,compassion,47,1352.63134765625,mean_centered,/Users/manouchehrrimer/Desktop/BlueDot_Perona_Vector_Project/outputs/vector_construction/persona_vectors/compassion_layer47.npy,/Users/manouchehrrimer/Desktop/BlueDot_Perona_Vector_Project/outputs/ethics_projection/activations/deontology_test_002921_layer47.npy
deontology_test_003027,deontology,honesty,honesty,32,77.71508026123047,mean_centered,/Users/manouchehrrimer/Desktop/BlueDot_Perona_Vector_Project/outputs/vector_construction/persona_vectors/honesty_layer32.npy,/Users/manouchehrrimer/Desktop/BlueDot_Perona_Vector_Project/outputs/ethics_projection/activations/deontology_test_003027_layer32.npy
deontology_test_003027,deontology,honesty,harmlessness,32,-569.9517822265625,mean_centered,/Users/manouchehrrimer/Desktop/BlueDot_Perona_Vector_Project/outputs/vector_construction/persona_vectors/harmlessness_layer32.npy,/Users/manouchehrrimer/Desktop/BlueDot_Perona_Vector_Project/outputs/ethics_projection/activations/deontology_test_003027_layer32.npy
deontology_test_003027,deontology,honesty,fairness,32,259.33843994140625,mean_centered,/Users/manouchehrrimer/Desktop/BlueDot_Perona_Vector_Project/outputs/vector_construction/persona_vectors/fairness_layer32.npy,/Users/manouchehrrimer/Desktop/BlueDot_Perona_Vector_Project/outputs/ethics_projection/activations/deontology_test_003027_layer32.npy
deontology_test_003027,deontology,honesty,compassion,32,-283.138427734375,mean_centered,/Users/manouchehrrimer/Desktop/BlueDot_Perona_Vector_Project/outputs/vector_construction/persona_vectors/compassion_layer32.npy,/Users/manouchehrrimer/Desktop/BlueDot_Perona_Vector_Project/outputs/ethics_projection/activations/deontology_test_003027_layer32.npy
deontology_test_003027,deontology,honesty,honesty,40,-466.4405517578125,mean_centered,/Users/manouchehrrimer/Desktop/BlueDot_Perona_Vector_Project/outputs/vector_construction/persona_vectors/honesty_layer40.npy,/Users/manouchehrrimer/Desktop/BlueDot_Perona_Vector_Project/outputs/ethics_projection/activations/deontology_test_003027_layer40.npy
deontology_test_003027,deontology,honesty,harmlessness,40,-962.8114013671875,mean_centered,/Users/manouchehrrimer/Desktop/BlueDot_Perona_Vector_Project/outputs/vector_construction/persona_vectors/harmlessness_layer40.npy,/Users/manouchehrrimer/Desktop/BlueDot_Perona_Vector_Project/outputs/ethics_projection/activations/deontology_test_003027_layer40.npy
deontology_test_003027,deontology,honesty,fairness,40,-135.21978759765625,mean_centered,/Users/manouchehrrimer/Desktop/BlueDot_Perona_Vector_Project/outputs/vector_construction/persona_vectors/fairness_layer40.npy,/Users/manouchehrrimer/Desktop/BlueDot_Perona_Vector_Project/outputs/ethics_projection/activations/deontology_test_003027_layer40.npy
deontology_test_003027,deontology,honesty,compassion,40,-552.639404296875,mean_centered,/Users/manouchehrrimer/Desktop/BlueDot_Perona_Vector_Project/outputs/vector_construction/persona_vectors/compassion_layer40.npy,/Users/manouchehrrimer/Desktop/BlueDot_Perona_Vector_Project/outputs/ethics_projection/activations/deontology_test_003027_layer40.npy
deontology_test_003027,deontology,honesty,honesty,47,-236.2169952392578,mean_centered,/Users/manouchehrrimer/Desktop/BlueDot_Perona_Vector_Project/outputs/vector_construction/persona_vectors/honesty_layer47.npy,/Users/manouchehrrimer/Desktop/BlueDot_Perona_Vector_Project/outputs/ethics_projection/activations/deontology_test_003027_layer47.npy
deontology_test_003027,deontology,honesty,harmlessness,47,-1098.6182861328125,mean_centered,/Users/manouchehrrimer/Desktop/BlueDot_Perona_Vector_Project/outputs/vector_construction/persona_vectors/harmlessness_layer47.npy,/Users/manouchehrrimer/Desktop/BlueDot_Perona_Vector_Project/outputs/ethics_projection/activations/deontology_test_003027_layer47.npy
deontology_test_003027,deontology,honesty,fairness,47,652.80859375,mean_centered,/Users/manouchehrrimer/Desktop/BlueDot_Perona_Vector_Project/outputs/vector_construction/persona_vectors/fairness_layer47.npy,/Users/manouchehrrimer/Desktop/BlueDot_Perona_Vector_Project/outputs/ethics_projection/activations/deontology_test_003027_layer47.npy
deontology_test_003027,deontology,honesty,compassion,47,-513.3250732421875,mean_centered,/Users/manouchehrrimer/Desktop/BlueDot_Perona_Vector_Project/outputs/vector_construction/persona_vectors/compassion_layer47.npy,/Users/manouchehrrimer/Desktop/BlueDot_Perona_Vector_Project/outputs/ethics_projection/activations/deontology_test_003027_layer47.npy
deontology_test_003044,deontology,honesty,honesty,32,-189.54983520507812,mean_centered,/Users/manouchehrrimer/Desktop/BlueDot_Perona_Vector_Project/outputs/vector_construction/persona_vectors/honesty_layer32.npy,/Users/manouchehrrimer/Desktop/BlueDot_Perona_Vector_Project/outputs/ethics_projection/activations/deontology_test_003044_layer32.npy
deontology_test_003044,deontology,honesty,harmlessness,32,140.07594299316406,mean_centered,/Users/manouchehrrimer/Desktop/BlueDot_Perona_Vector_Project/outputs/vector_construction/persona_vectors/harmlessness_layer32.npy,/Users/manouchehrrimer/Desktop/BlueDot_Perona_Vector_Project/outputs/ethics_projection/activations/deontology_test_003044_layer32.npy
deontology_test_003044,deontology,honesty,fairness,32,62.25603485107422,mean_centered,/Users/manouchehrrimer/Desktop/BlueDot_Perona_Vector_Project/outputs/vector_construction/persona_vectors/fairness_layer32.npy,/Users/manouchehrrimer/Desktop/BlueDot_Perona_Vector_Project/outputs/ethics_projection/activations/deontology_test_003044_layer32.npy
deontology_test_003044,deontology,honesty,compassion,32,-238.1007843017578,mean_centered,/Users/manouchehrrimer/Desktop/BlueDot_Perona_Vector_Project/outputs/vector_construction/persona_vectors/compassion_layer32.npy,/Users/manouchehrrimer/Desktop/BlueDot_Perona_Vector_Project/outputs/ethics_projection/activations/deontology_test_003044_layer32.npy
deontology_test_003044,deontology,honesty,honesty,40,-1116.0098876953125,mean_centered,/Users/manouchehrrimer/Desktop/BlueDot_Perona_Vector_Project/outputs/vector_construction/persona_vectors/honesty_layer40.npy,/Users/manouchehrrimer/Desktop/BlueDot_Perona_Vector_Project/outputs/ethics_projection/activations/deontology_test_003044_layer40.npy
deontology_test_003044,deontology,honesty,harmlessness,40,-84.33890533447266,mean_centered,/Users/manouchehrrimer/Desktop/BlueDot_Perona_Vector_Project/outputs/vector_construction/persona_vectors/harmlessness_layer40.npy,/Users/manouchehrrimer/Desktop/BlueDot_Perona_Vector_Project/outputs/ethics_projection/activations/deontology_test_003044_layer40.npy
deontology_test_003044,deontology,honesty,fairness,40,-689.1881103515625,mean_centered,/Users/manouchehrrimer/Desktop/BlueDot_Perona_Vector_Project/outputs/vector_construction/persona_vectors/fairness_layer40.npy,/Users/manouchehrrimer/Desktop/BlueDot_Perona_Vector_Project/outputs/ethics_projection/activations/deontology_test_003044_layer40.npy
deontology_test_003044,deontology,honesty,compassion,40,-338.9278564453125,mean_centered,/Users/manouchehrrimer/Desktop/BlueDot_Perona_Vector_Project/outputs/vector_construction/persona_vectors/compassion_layer40.npy,/Users/manouchehrrimer/Desktop/BlueDot_Perona_Vector_Project/outputs/ethics_projection/activations/deontology_test_003044_layer40.npy
deontology_test_003044,deontology,honesty,honesty,47,-1991.0262451171875,mean_centered,/Users/manouchehrrimer/Desktop/BlueDot_Perona_Vector_Project/outputs/vector_construction/persona_vectors/honesty_layer47.npy,/Users/manouchehrrimer/Desktop/BlueDot_Perona_Vector_Project/outputs/ethics_projection/activations/deontology_test_003044_layer47.npy
deontology_test_003044,deontology,honesty,harmlessness,47,-2033.3541259765625,mean_centered,/Users/manouchehrrimer/Desktop/BlueDot_Perona_Vector_Project/outputs/vector_construction/persona_vectors/harmlessness_layer47.npy,/Users/manouchehrrimer/Desktop/BlueDot_Perona_Vector_Project/outputs/ethics_projection/activations/deontology_test_003044_layer47.npy
deontology_test_003044,deontology,honesty,fairness,47,-410.5287170410156,mean_centered,/Users/manouchehrrimer/Desktop/BlueDot_Perona_Vector_Project/outputs/vector_construction/persona_vectors/fairness_layer47.npy,/Users/manouchehrrimer/Desktop/BlueDot_Perona_Vector_Project/outputs/ethics_projection/activations/deontology_test_003044_layer47.npy
deontology_test_003044,deontology,honesty,compassion,47,-1451.26611328125,mean_centered,/Users/manouchehrrimer/Desktop/BlueDot_Perona_Vector_Project/outputs/vector_construction/persona_vectors/compassion_layer47.npy,/Users/manouchehrrimer/Desktop/BlueDot_Perona_Vector_Project/outputs/ethics_projection/activations/deontology_test_003044_layer47.npy
deontology_test_003069,deontology,honesty,honesty,32,-485.30169677734375,mean_centered,/Users/manouchehrrimer/Desktop/BlueDot_Perona_Vector_Project/outputs/vector_construction/persona_vectors/honesty_layer32.npy,/Users/manouchehrrimer/Desktop/BlueDot_Perona_Vector_Project/outputs/ethics_projection/activations/deontology_test_003069_layer32.npy
deontology_test_003069,deontology,honesty,harmlessness,32,816.6408081054688,mean_centered,/Users/manouchehrrimer/Desktop/BlueDot_Perona_Vector_Project/outputs/vector_construction/persona_vectors/harmlessness_layer32.npy,/Users/manouchehrrimer/Desktop/BlueDot_Perona_Vector_Project/outputs/ethics_projection/activations/deontology_test_003069_layer32.npy
deontology_test_003069,deontology,honesty,fairness,32,-474.277587890625,mean_centered,/Users/manouchehrrimer/Desktop/BlueDot_Perona_Vector_Project/outputs/vector_construction/persona_vectors/fairness_layer32.npy,/Users/manouchehrrimer/Desktop/BlueDot_Perona_Vector_Project/outputs/ethics_projection/activations/deontology_test_003069_layer32.npy
deontology_test_003069,deontology,honesty,compassion,32,-786.4650268554688,mean_centered,/Users/manouchehrrimer/Desktop/BlueDot_Perona_Vector_Project/outputs/vector_construction/persona_vectors/compassion_layer32.npy,/Users/manouchehrrimer/Desktop/BlueDot_Perona_Vector_Project/outputs/ethics_projection/activations/deontology_test_003069_layer32.npy
deontology_test_003069,deontology,honesty,honesty,40,-4343.99951171875,mean_centered,/Users/manouchehrrimer/Desktop/BlueDot_Perona_Vector_Project/outputs/vector_construction/persona_vectors/honesty_layer40.npy,/Users/manouchehrrimer/Desktop/BlueDot_Perona_Vector_Project/outputs/ethics_projection/activations/deontology_test_003069_layer40.npy
deontology_test_003069,deontology,honesty,harmlessness,40,71.319580078125,mean_centered,/Users/manouchehrrimer/Desktop/BlueDot_Perona_Vector_Project/outputs/vector_construction/persona_vectors/harmlessness_layer40.npy,/Users/manouchehrrimer/Desktop/BlueDot_Perona_Vector_Project/outputs/ethics_projection/activations/deontology_test_003069_layer40.npy
deontology_test_003069,deontology,honesty,fairness,40,-3282.804443359375,mean_centered,/Users/manouchehrrimer/Desktop/BlueDot_Perona_Vector_Project/outputs/vector_construction/persona_vectors/fairness_layer40.npy,/Users/manouchehrrimer/Desktop/BlueDot_Perona_Vector_Project/outputs/ethics_projection/activations/deontology_test_003069_layer40.npy
deontology_test_003069,deontology,honesty,compassion,40,-547.45361328125,mean_centered,/Users/manouchehrrimer/Desktop/BlueDot_Perona_Vector_Project/outputs/vector_construction/persona_vectors/compassion_layer40.npy,/Users/manouchehrrimer/Desktop/BlueDot_Perona_Vector_Project/outputs/ethics_projection/activations/deontology_test_003069_layer40.npy
deontology_test_003069,deontology,honesty,honesty,47,-3093.679443359375,mean_centered,/Users/manouchehrrimer/Desktop/BlueDot_Perona_Vector_Project/outputs/vector_construction/persona_vectors/honesty_layer47.npy,/Users/manouchehrrimer/Desktop/BlueDot_Perona_Vector_Project/outputs/ethics_projection/activations/deontology_test_003069_layer47.npy
deontology_test_003069,deontology,honesty,harmlessness,47,-3867.17626953125,mean_centered,/Users/manouchehrrimer/Desktop/BlueDot_Perona_Vector_Project/outputs/vector_construction/persona_vectors/harmlessness_layer47.npy,/Users/manouchehrrimer/Desktop/BlueDot_Perona_Vector_Project/outputs/ethics_projection/activations/deontology_test_003069_layer47.npy
deontology_test_003069,deontology,honesty,fairness,47,-1316.3851318359375,mean_centered,/Users/manouchehrrimer/Desktop/BlueDot_Perona_Vector_Project/outputs/vector_construction/persona_vectors/fairness_layer47.npy,/Users/manouchehrrimer/Desktop/BlueDot_Perona_Vector_Project/outputs/ethics_projection/activations/deontology_test_003069_layer47.npy
deontology_test_003069,deontology,honesty,compassion,47,-2709.229736328125,mean_centered,/Users/manouchehrrimer/Desktop/BlueDot_Perona_Vector_Project/outputs/vector_construction/persona_vectors/compassion_layer47.npy,/Users/manouchehrrimer/Desktop/BlueDot_Perona_Vector_Project/outputs/ethics_projection/activations/deontology_test_003069_layer47.npy
deontology_test_003126,deontology,honesty,honesty,32,1170.690185546875,mean_centered,/Users/manouchehrrimer/Desktop/BlueDot_Perona_Vector_Project/outputs/vector_construction/persona_vectors/honesty_layer32.npy,/Users/manouchehrrimer/Desktop/BlueDot_Perona_Vector_Project/outputs/ethics_projection/activations/deontology_test_003126_layer32.npy
deontology_test_003126,deontology,honesty,harmlessness,32,-809.42138671875,mean_centered,/Users/manouchehrrimer/Desktop/BlueDot_Perona_Vector_Project/outputs/vector_construction/persona_vectors/harmlessness_layer32.npy,/Users/manouchehrrimer/Desktop/BlueDot_Perona_Vector_Project/outputs/ethics_projection/activations/deontology_test_003126_layer32.npy
deontology_test_003126,deontology,honesty,fairness,32,896.7955932617188,mean_centered,/Users/manouchehrrimer/Desktop/BlueDot_Perona_Vector_Project/outputs/vector_construction/persona_vectors/fairness_layer32.npy,/Users/manouchehrrimer/Desktop/BlueDot_Perona_Vector_Project/outputs/ethics_projection/activations/deontology_test_003126_layer32.npy
deontology_test_003126,deontology,honesty,compassion,32,705.9003295898438,mean_centered,/Users/manouchehrrimer/Desktop/BlueDot_Perona_Vector_Project/outputs/vector_construction/persona_vectors/compassion_layer32.npy,/Users/manouchehrrimer/Desktop/BlueDot_Perona_Vector_Project/outputs/ethics_projection/activations/deontology_test_003126_layer32.npy
deontology_test_003126,deontology,honesty,honesty,40,3888.2998046875,mean_centered,/Users/manouchehrrimer/Desktop/BlueDot_Perona_Vector_Project/outputs/vector_construction/persona_vectors/honesty_layer40.npy,/Users/manouchehrrimer/Desktop/BlueDot_Perona_Vector_Project/outputs/ethics_projection/activations/deontology_test_003126_layer40.npy
deontology_test_003126,deontology,honesty,harmlessness,40,774.80029296875,mean_centered,/Users/manouchehrrimer/Desktop/BlueDot_Perona_Vector_Project/outputs/vector_construction/persona_vectors/harmlessness_layer40.npy,/Users/manouchehrrimer/Desktop/BlueDot_Perona_Vector_Project/outputs/ethics_projection/activations/deontology_test_003126_layer40.npy
deontology_test_003126,deontology,honesty,fairness,40,2674.072998046875,mean_centered,/Users/manouchehrrimer/Desktop/BlueDot_Perona_Vector_Project/outputs/vector_construction/persona_vectors/fairness_layer40.npy,/Users/manouchehrrimer/Desktop/BlueDot_Perona_Vector_Project/outputs/ethics_projection/activations/deontology_test_003126_layer40.npy
deontology_test_003126,deontology,honesty,compassion,40,141.41275024414062,mean_centered,/Users/manouchehrrimer/Desktop/BlueDot_Perona_Vector_Project/outputs/vector_construction/persona_vectors/compassion_layer40.npy,/Users/manouchehrrimer/Desktop/BlueDot_Perona_Vector_Project/outputs/ethics_projection/activations/deontology_test_003126_layer40.npy
deontology_test_003126,deontology,honesty,honesty,47,-299.474853515625,mean_centered,/Users/manouchehrrimer/Desktop/BlueDot_Perona_Vector_Project/outputs/vector_construction/persona_vectors/honesty_layer47.npy,/Users/manouchehrrimer/Desktop/BlueDot_Perona_Vector_Project/outputs/ethics_projection/activations/deontology_test_003126_layer47.npy
deontology_test_003126,deontology,honesty,harmlessness,47,-51.16801452636719,mean_centered,/Users/manouchehrrimer/Desktop/BlueDot_Perona_Vector_Project/outputs/vector_construction/persona_vectors/harmlessness_layer47.npy,/Users/manouchehrrimer/Desktop/BlueDot_Perona_Vector_Project/outputs/ethics_projection/activations/deontology_test_003126_layer47.npy
deontology_test_003126,deontology,honesty,fairness,47,-35.399810791015625,mean_centered,/Users/manouchehrrimer/Desktop/BlueDot_Perona_Vector_Project/outputs/vector_construction/persona_vectors/fairness_layer47.npy,/Users/manouchehrrimer/Desktop/BlueDot_Perona_Vector_Project/outputs/ethics_projection/activations/deontology_test_003126_layer47.npy
deontology_test_003126,deontology,honesty,compassion,47,-708.6882934570312,mean_centered,/Users/manouchehrrimer/Desktop/BlueDot_Perona_Vector_Project/outputs/vector_construction/persona_vectors/compassion_layer47.npy,/Users/manouchehrrimer/Desktop/BlueDot_Perona_Vector_Project/outputs/ethics_projection/activations/deontology_test_003126_layer47.npy
deontology_test_003188,deontology,honesty,honesty,32,-195.90798950195312,mean_centered,/Users/manouchehrrimer/Desktop/BlueDot_Perona_Vector_Project/outputs/vector_construction/persona_vectors/honesty_layer32.npy,/Users/manouchehrrimer/Desktop/BlueDot_Perona_Vector_Project/outputs/ethics_projection/activations/deontology_test_003188_layer32.npy
deontology_test_003188,deontology,honesty,harmlessness,32,281.3332214355469,mean_centered,/Users/manouchehrrimer/Desktop/BlueDot_Perona_Vector_Project/outputs/vector_construction/persona_vectors/harmlessness_layer32.npy,/Users/manouchehrrimer/Desktop/BlueDot_Perona_Vector_Project/outputs/ethics_projection/activations/deontology_test_003188_layer32.npy
deontology_test_003188,deontology,honesty,fairness,32,-376.7847595214844,mean_centered,/Users/manouchehrrimer/Desktop/BlueDot_Perona_Vector_Project/outputs/vector_construction/persona_vectors/fairness_layer32.npy,/Users/manouchehrrimer/Desktop/BlueDot_Perona_Vector_Project/outputs/ethics_projection/activations/deontology_test_003188_layer32.npy
deontology_test_003188,deontology,honesty,compassion,32,-498.11767578125,mean_centered,/Users/manouchehrrimer/Desktop/BlueDot_Perona_Vector_Project/outputs/vector_construction/persona_vectors/compassion_layer32.npy,/Users/manouchehrrimer/Desktop/BlueDot_Perona_Vector_Project/outputs/ethics_projection/activations/deontology_test_003188_layer32.npy
deontology_test_003188,deontology,honesty,honesty,40,-1891.133056640625,mean_centered,/Users/manouchehrrimer/Desktop/BlueDot_Perona_Vector_Project/outputs/vector_construction/persona_vectors/honesty_layer40.npy,/Users/manouchehrrimer/Desktop/BlueDot_Perona_Vector_Project/outputs/ethics_projection/activations/deontology_test_003188_layer40.npy
deontology_test_003188,deontology,honesty,harmlessness,40,-70.85530090332031,mean_centered,/Users/manouchehrrimer/Desktop/BlueDot_Perona_Vector_Project/outputs/vector_construction/persona_vectors/harmlessness_layer40.npy,/Users/manouchehrrimer/Desktop/BlueDot_Perona_Vector_Project/outputs/ethics_projection/activations/deontology_test_003188_layer40.npy
deontology_test_003188,deontology,honesty,fairness,40,-1631.4837646484375,mean_centered,/Users/manouchehrrimer/Desktop/BlueDot_Perona_Vector_Project/outputs/vector_construction/persona_vectors/fairness_layer40.npy,/Users/manouchehrrimer/Desktop/BlueDot_Perona_Vector_Project/outputs/ethics_projection/activations/deontology_test_003188_layer40.npy
deontology_test_003188,deontology,honesty,compassion,40,-257.9570007324219,mean_centered,/Users/manouchehrrimer/Desktop/BlueDot_Perona_Vector_Project/outputs/vector_construction/persona_vectors/compassion_layer40.npy,/Users/manouchehrrimer/Desktop/BlueDot_Perona_Vector_Project/outputs/ethics_projection/activations/deontology_test_003188_layer40.npy
deontology_test_003188,deontology,honesty,honesty,47,-655.4793090820312,mean_centered,/Users/manouchehrrimer/Desktop/BlueDot_Perona_Vector_Project/outputs/vector_construction/persona_vectors/honesty_layer47.npy,/Users/manouchehrrimer/Desktop/BlueDot_Perona_Vector_Project/outputs/ethics_projection/activations/deontology_test_003188_layer47.npy
deontology_test_003188,deontology,honesty,harmlessness,47,-1313.0814208984375,mean_centered,/Users/manouchehrrimer/Desktop/BlueDot_Perona_Vector_Project/outputs/vector_construction/persona_vectors/harmlessness_layer47.npy,/Users/manouchehrrimer/Desktop/BlueDot_Perona_Vector_Project/outputs/ethics_projection/activations/deontology_test_003188_layer47.npy
deontology_test_003188,deontology,honesty,fairness,47,-500.6669921875,mean_centered,/Users/manouchehrrimer/Desktop/BlueDot_Perona_Vector_Project/outputs/vector_construction/persona_vectors/fairness_layer47.npy,/Users/manouchehrrimer/Desktop/BlueDot_Perona_Vector_Project/outputs/ethics_projection/activations/deontology_test_003188_layer47.npy
deontology_test_003188,deontology,honesty,compassion,47,-686.5851440429688,mean_centered,/Users/manouchehrrimer/Desktop/BlueDot_Perona_Vector_Project/outputs/vector_construction/persona_vectors/compassion_layer47.npy,/Users/manouchehrrimer/Desktop/BlueDot_Perona_Vector_Project/outputs/ethics_projection/activations/deontology_test_003188_layer47.npy
deontology_test_003246,deontology,honesty,honesty,32,1192.4974365234375,mean_centered,/Users/manouchehrrimer/Desktop/BlueDot_Perona_Vector_Project/outputs/vector_construction/persona_vectors/honesty_layer32.npy,/Users/manouchehrrimer/Desktop/BlueDot_Perona_Vector_Project/outputs/ethics_projection/activations/deontology_test_003246_layer32.npy
deontology_test_003246,deontology,honesty,harmlessness,32,-843.9813232421875,mean_centered,/Users/manouchehrrimer/Desktop/BlueDot_Perona_Vector_Project/outputs/vector_construction/persona_vectors/harmlessness_layer32.npy,/Users/manouchehrrimer/Desktop/BlueDot_Perona_Vector_Project/outputs/ethics_projection/activations/deontology_test_003246_layer32.npy
deontology_test_003246,deontology,honesty,fairness,32,1012.757080078125,mean_centered,/Users/manouchehrrimer/Desktop/BlueDot_Perona_Vector_Project/outputs/vector_construction/persona_vectors/fairness_layer32.npy,/Users/manouchehrrimer/Desktop/BlueDot_Perona_Vector_Project/outputs/ethics_projection/activations/deontology_test_003246_layer32.npy
deontology_test_003246,deontology,honesty,compassion,32,746.66162109375,mean_centered,/Users/manouchehrrimer/Desktop/BlueDot_Perona_Vector_Project/outputs/vector_construction/persona_vectors/compassion_layer32.npy,/Users/manouchehrrimer/Desktop/BlueDot_Perona_Vector_Project/outputs/ethics_projection/activations/deontology_test_003246_layer32.npy
deontology_test_003246,deontology,honesty,honesty,40,2940.14892578125,mean_centered,/Users/manouchehrrimer/Desktop/BlueDot_Perona_Vector_Project/outputs/vector_construction/persona_vectors/honesty_layer40.npy,/Users/manouchehrrimer/Desktop/BlueDot_Perona_Vector_Project/outputs/ethics_projection/activations/deontology_test_003246_layer40.npy
deontology_test_003246,deontology,honesty,harmlessness,40,579.8909912109375,mean_centered,/Users/manouchehrrimer/Desktop/BlueDot_Perona_Vector_Project/outputs/vector_construction/persona_vectors/harmlessness_layer40.npy,/Users/manouchehrrimer/Desktop/BlueDot_Perona_Vector_Project/outputs/ethics_projection/activations/deontology_test_003246_layer40.npy
deontology_test_003246,deontology,honesty,fairness,40,1807.6015625,mean_centered,/Users/manouchehrrimer/Desktop/BlueDot_Perona_Vector_Project/outputs/vector_construction/persona_vectors/fairness_layer40.npy,/Users/manouchehrrimer/Desktop/BlueDot_Perona_Vector_Project/outputs/ethics_projection/activations/deontology_test_003246_layer40.npy
deontology_test_003246,deontology,honesty,compassion,40,193.89024353027344,mean_centered,/Users/manouchehrrimer/Desktop/BlueDot_Perona_Vector_Project/outputs/vector_construction/persona_vectors/compassion_layer40.npy,/Users/manouchehrrimer/Desktop/BlueDot_Perona_Vector_Project/outputs/ethics_projection/activations/deontology_test_003246_layer40.npy
deontology_test_003246,deontology,honesty,honesty,47,-1344.966552734375,mean_centered,/Users/manouchehrrimer/Desktop/BlueDot_Perona_Vector_Project/outputs/vector_construction/persona_vectors/honesty_layer47.npy,/Users/manouchehrrimer/Desktop/BlueDot_Perona_Vector_Project/outputs/ethics_projection/activations/deontology_test_003246_layer47.npy
deontology_test_003246,deontology,honesty,harmlessness,47,-2429.3173828125,mean_centered,/Users/manouchehrrimer/Desktop/BlueDot_Perona_Vector_Project/outputs/vector_construction/persona_vectors/harmlessness_layer47.npy,/Users/manouchehrrimer/Desktop/BlueDot_Perona_Vector_Project/outputs/ethics_projection/activations/deontology_test_003246_layer47.npy
deontology_test_003246,deontology,honesty,fairness,47,-917.0091552734375,mean_centered,/Users/manouchehrrimer/Desktop/BlueDot_Perona_Vector_Project/outputs/vector_construction/persona_vectors/fairness_layer47.npy,/Users/manouchehrrimer/Desktop/BlueDot_Perona_Vector_Project/outputs/ethics_projection/activations/deontology_test_003246_layer47.npy
deontology_test_003246,deontology,honesty,compassion,47,-1481.129150390625,mean_centered,/Users/manouchehrrimer/Desktop/BlueDot_Perona_Vector_Project/outputs/vector_construction/persona_vectors/compassion_layer47.npy,/Users/manouchehrrimer/Desktop/BlueDot_Perona_Vector_Project/outputs/ethics_projection/activations/deontology_test_003246_layer47.npy
deontology_test_003264,deontology,honesty,honesty,32,100.99748992919922,mean_centered,/Users/manouchehrrimer/Desktop/BlueDot_Perona_Vector_Project/outputs/vector_construction/persona_vectors/honesty_layer32.npy,/Users/manouchehrrimer/Desktop/BlueDot_Perona_Vector_Project/outputs/ethics_projection/activations/deontology_test_003264_layer32.npy
deontology_test_003264,deontology,honesty,harmlessness,32,448.69635009765625,mean_centered,/Users/manouchehrrimer/Desktop/BlueDot_Perona_Vector_Project/outputs/vector_construction/persona_vectors/harmlessness_layer32.npy,/Users/manouchehrrimer/Desktop/BlueDot_Perona_Vector_Project/outputs/ethics_projection/activations/deontology_test_003264_layer32.npy
deontology_test_003264,deontology,honesty,fairness,32,-241.91607666015625,mean_centered,/Users/manouchehrrimer/Desktop/BlueDot_Perona_Vector_Project/outputs/vector_construction/persona_vectors/fairness_layer32.npy,/Users/manouchehrrimer/Desktop/BlueDot_Perona_Vector_Project/outputs/ethics_projection/activations/deontology_test_003264_layer32.npy
deontology_test_003264,deontology,honesty,compassion,32,229.52639770507812,mean_centered,/Users/manouchehrrimer/Desktop/BlueDot_Perona_Vector_Project/outputs/vector_construction/persona_vectors/compassion_layer32.npy,/Users/manouchehrrimer/Desktop/BlueDot_Perona_Vector_Project/outputs/ethics_projection/activations/deontology_test_003264_layer32.npy
deontology_test_003264,deontology,honesty,honesty,40,-2501.15234375,mean_centered,/Users/manouchehrrimer/Desktop/BlueDot_Perona_Vector_Project/outputs/vector_construction/persona_vectors/honesty_layer40.npy,/Users/manouchehrrimer/Desktop/BlueDot_Perona_Vector_Project/outputs/ethics_projection/activations/deontology_test_003264_layer40.npy
deontology_test_003264,deontology,honesty,harmlessness,40,859.6063232421875,mean_centered,/Users/manouchehrrimer/Desktop/BlueDot_Perona_Vector_Project/outputs/vector_construction/persona_vectors/harmlessness_layer40.npy,/Users/manouchehrrimer/Desktop/BlueDot_Perona_Vector_Project/outputs/ethics_projection/activations/deontology_test_003264_layer40.npy
deontology_test_003264,deontology,honesty,fairness,40,-2150.630859375,mean_centered,/Users/manouchehrrimer/Desktop/BlueDot_Perona_Vector_Project/outputs/vector_construction/persona_vectors/fairness_layer40.npy,/Users/manouchehrrimer/Desktop/BlueDot_Perona_Vector_Project/outputs/ethics_projection/activations/deontology_test_003264_layer40.npy
deontology_test_003264,deontology,honesty,compassion,40,96.80377197265625,mean_centered,/Users/manouchehrrimer/Desktop/BlueDot_Perona_Vector_Project/outputs/vector_construction/persona_vectors/compassion_layer40.npy,/Users/manouchehrrimer/Desktop/BlueDot_Perona_Vector_Project/outputs/ethics_projection/activations/deontology_test_003264_layer40.npy
deontology_test_003264,deontology,honesty,honesty,47,-2634.105712890625,mean_centered,/Users/manouchehrrimer/Desktop/BlueDot_Perona_Vector_Project/outputs/vector_construction/persona_vectors/honesty_layer47.npy,/Users/manouchehrrimer/Desktop/BlueDot_Perona_Vector_Project/outputs/ethics_projection/activations/deontology_test_003264_layer47.npy
deontology_test_003264,deontology,honesty,harmlessness,47,-1898.943115234375,mean_centered,/Users/manouchehrrimer/Desktop/BlueDot_Perona_Vector_Project/outputs/vector_construction/persona_vectors/harmlessness_layer47.npy,/Users/manouchehrrimer/Desktop/BlueDot_Perona_Vector_Project/outputs/ethics_projection/activations/deontology_test_003264_layer47.npy
deontology_test_003264,deontology,honesty,fairness,47,-1283.3902587890625,mean_centered,/Users/manouchehrrimer/Desktop/BlueDot_Perona_Vector_Project/outputs/vector_construction/persona_vectors/fairness_layer47.npy,/Users/manouchehrrimer/Desktop/BlueDot_Perona_Vector_Project/outputs/ethics_projection/activations/deontology_test_003264_layer47.npy
deontology_test_003264,deontology,honesty,compassion,47,-1104.7880859375,mean_centered,/Users/manouchehrrimer/Desktop/BlueDot_Perona_Vector_Project/outputs/vector_construction/persona_vectors/compassion_layer47.npy,/Users/manouchehrrimer/Desktop/BlueDot_Perona_Vector_Project/outputs/ethics_projection/activations/deontology_test_003264_layer47.npy
deontology_test_003285,deontology,honesty,honesty,32,1998.11083984375,mean_centered,/Users/manouchehrrimer/Desktop/BlueDot_Perona_Vector_Project/outputs/vector_construction/persona_vectors/honesty_layer32.npy,/Users/manouchehrrimer/Desktop/BlueDot_Perona_Vector_Project/outputs/ethics_projection/activations/deontology_test_003285_layer32.npy
deontology_test_003285,deontology,honesty,harmlessness,32,-2338.99658203125,mean_centered,/Users/manouchehrrimer/Desktop/BlueDot_Perona_Vector_Project/outputs/vector_construction/persona_vectors/harmlessness_layer32.npy,/Users/manouchehrrimer/Desktop/BlueDot_Perona_Vector_Project/outputs/ethics_projection/activations/deontology_test_003285_layer32.npy
deontology_test_003285,deontology,honesty,fairness,32,2087.67529296875,mean_centered,/Users/manouchehrrimer/Desktop/BlueDot_Perona_Vector_Project/outputs/vector_construction/persona_vectors/fairness_layer32.npy,/Users/manouchehrrimer/Desktop/BlueDot_Perona_Vector_Project/outputs/ethics_projection/activations/deontology_test_003285_layer32.npy
deontology_test_003285,deontology,honesty,compassion,32,1210.6070556640625,mean_centered,/Users/manouchehrrimer/Desktop/BlueDot_Perona_Vector_Project/outputs/vector_construction/persona_vectors/compassion_layer32.npy,/Users/manouchehrrimer/Desktop/BlueDot_Perona_Vector_Project/outputs/ethics_projection/activations/deontology_test_003285_layer32.npy
deontology_test_003285,deontology,honesty,honesty,40,3946.152099609375,mean_centered,/Users/manouchehrrimer/Desktop/BlueDot_Perona_Vector_Project/outputs/vector_construction/persona_vectors/honesty_layer40.npy,/Users/manouchehrrimer/Desktop/BlueDot_Perona_Vector_Project/outputs/ethics_projection/activations/deontology_test_003285_layer40.npy
deontology_test_003285,deontology,honesty,harmlessness,40,-255.98263549804688,mean_centered,/Users/manouchehrrimer/Desktop/BlueDot_Perona_Vector_Project/outputs/vector_construction/persona_vectors/harmlessness_layer40.npy,/Users/manouchehrrimer/Desktop/BlueDot_Perona_Vector_Project/outputs/ethics_projection/activations/deontology_test_003285_layer40.npy
deontology_test_003285,deontology,honesty,fairness,40,2894.6455078125,mean_centered,/Users/manouchehrrimer/Desktop/BlueDot_Perona_Vector_Project/outputs/vector_construction/persona_vectors/fairness_layer40.npy,/Users/manouchehrrimer/Desktop/BlueDot_Perona_Vector_Project/outputs/ethics_projection/activations/deontology_test_003285_layer40.npy
deontology_test_003285,deontology,honesty,compassion,40,-413.29425048828125,mean_centered,/Users/manouchehrrimer/Desktop/BlueDot_Perona_Vector_Project/outputs/vector_construction/persona_vectors/compassion_layer40.npy,/Users/manouchehrrimer/Desktop/BlueDot_Perona_Vector_Project/outputs/ethics_projection/activations/deontology_test_003285_layer40.npy
deontology_test_003285,deontology,honesty,honesty,47,1689.5113525390625,mean_centered,/Users/manouchehrrimer/Desktop/BlueDot_Perona_Vector_Project/outputs/vector_construction/persona_vectors/honesty_layer47.npy,/Users/manouchehrrimer/Desktop/BlueDot_Perona_Vector_Project/outputs/ethics_projection/activations/deontology_test_003285_layer47.npy
deontology_test_003285,deontology,honesty,harmlessness,47,2059.9072265625,mean_centered,/Users/manouchehrrimer/Desktop/BlueDot_Perona_Vector_Project/outputs/vector_construction/persona_vectors/harmlessness_layer47.npy,/Users/manouchehrrimer/Desktop/BlueDot_Perona_Vector_Project/outputs/ethics_projection/activations/deontology_test_003285_layer47.npy
deontology_test_003285,deontology,honesty,fairness,47,539.1680908203125,mean_centered,/Users/manouchehrrimer/Desktop/BlueDot_Perona_Vector_Project/outputs/vector_construction/persona_vectors/fairness_layer47.npy,/Users/manouchehrrimer/Desktop/BlueDot_Perona_Vector_Project/outputs/ethics_projection/activations/deontology_test_003285_layer47.npy
deontology_test_003285,deontology,honesty,compassion,47,1002.967041015625,mean_centered,/Users/manouchehrrimer/Desktop/BlueDot_Perona_Vector_Project/outputs/vector_construction/persona_vectors/compassion_layer47.npy,/Users/manouchehrrimer/Desktop/BlueDot_Perona_Vector_Project/outputs/ethics_projection/activations/deontology_test_003285_layer47.npy
deontology_test_003286,deontology,honesty,honesty,32,2798.73388671875,mean_centered,/Users/manouchehrrimer/Desktop/BlueDot_Perona_Vector_Project/outputs/vector_construction/persona_vectors/honesty_layer32.npy,/Users/manouchehrrimer/Desktop/BlueDot_Perona_Vector_Project/outputs/ethics_projection/activations/deontology_test_003286_layer32.npy
deontology_test_003286,deontology,honesty,harmlessness,32,-3936.055419921875,mean_centered,/Users/manouchehrrimer/Desktop/BlueDot_Perona_Vector_Project/outputs/vector_construction/persona_vectors/harmlessness_layer32.npy,/Users/manouchehrrimer/Desktop/BlueDot_Perona_Vector_Project/outputs/ethics_projection/activations/deontology_test_003286_layer32.npy
deontology_test_003286,deontology,honesty,fairness,32,3327.931396484375,mean_centered,/Users/manouchehrrimer/Desktop/BlueDot_Perona_Vector_Project/outputs/vector_construction/persona_vectors/fairness_layer32.npy,/Users/manouchehrrimer/Desktop/BlueDot_Perona_Vector_Project/outputs/ethics_projection/activations/deontology_test_003286_layer32.npy
deontology_test_003286,deontology,honesty,compassion,32,2129.77490234375,mean_centered,/Users/manouchehrrimer/Desktop/BlueDot_Perona_Vector_Project/outputs/vector_construction/persona_vectors/compassion_layer32.npy,/Users/manouchehrrimer/Desktop/BlueDot_Perona_Vector_Project/outputs/ethics_projection/activations/deontology_test_003286_layer32.npy
deontology_test_003286,deontology,honesty,honesty,40,3622.787841796875,mean_centered,/Users/manouchehrrimer/Desktop/BlueDot_Perona_Vector_Project/outputs/vector_construction/persona_vectors/honesty_layer40.npy,/Users/manouchehrrimer/Desktop/BlueDot_Perona_Vector_Project/outputs/ethics_projection/activations/deontology_test_003286_layer40.npy
deontology_test_003286,deontology,honesty,harmlessness,40,-538.0054931640625,mean_centered,/Users/manouchehrrimer/Desktop/BlueDot_Perona_Vector_Project/outputs/vector_construction/persona_vectors/harmlessness_layer40.npy,/Users/manouchehrrimer/Desktop/BlueDot_Perona_Vector_Project/outputs/ethics_projection/activations/deontology_test_003286_layer40.npy
deontology_test_003286,deontology,honesty,fairness,40,2963.909423828125,mean_centered,/Users/manouchehrrimer/Desktop/BlueDot_Perona_Vector_Project/outputs/vector_construction/persona_vectors/fairness_layer40.npy,/Users/manouchehrrimer/Desktop/BlueDot_Perona_Vector_Project/outputs/ethics_projection/activations/deontology_test_003286_layer40.npy
deontology_test_003286,deontology,honesty,compassion,40,-479.48712158203125,mean_centered,/Users/manouchehrrimer/Desktop/BlueDot_Perona_Vector_Project/outputs/vector_construction/persona_vectors/compassion_layer40.npy,/Users/manouchehrrimer/Desktop/BlueDot_Perona_Vector_Project/outputs/ethics_projection/activations/deontology_test_003286_layer40.npy
deontology_test_003286,deontology,honesty,honesty,47,2886.591064453125,mean_centered,/Users/manouchehrrimer/Desktop/BlueDot_Perona_Vector_Project/outputs/vector_construction/persona_vectors/honesty_layer47.npy,/Users/manouchehrrimer/Desktop/BlueDot_Perona_Vector_Project/outputs/ethics_projection/activations/deontology_test_003286_layer47.npy
deontology_test_003286,deontology,honesty,harmlessness,47,3523.63720703125,mean_centered,/Users/manouchehrrimer/Desktop/BlueDot_Perona_Vector_Project/outputs/vector_construction/persona_vectors/harmlessness_layer47.npy,/Users/manouchehrrimer/Desktop/BlueDot_Perona_Vector_Project/outputs/ethics_projection/activations/deontology_test_003286_layer47.npy
deontology_test_003286,deontology,honesty,fairness,47,1740.779296875,mean_centered,/Users/manouchehrrimer/Desktop/BlueDot_Perona_Vector_Project/outputs/vector_construction/persona_vectors/fairness_layer47.npy,/Users/manouchehrrimer/Desktop/BlueDot_Perona_Vector_Project/outputs/ethics_projection/activations/deontology_test_003286_layer47.npy
deontology_test_003286,deontology,honesty,compassion,47,1394.50537109375,mean_centered,/Users/manouchehrrimer/Desktop/BlueDot_Perona_Vector_Project/outputs/vector_construction/persona_vectors/compassion_layer47.npy,/Users/manouchehrrimer/Desktop/BlueDot_Perona_Vector_Project/outputs/ethics_projection/activations/deontology_test_003286_layer47.npy
deontology_test_003359,deontology,honesty,honesty,32,1396.9111328125,mean_centered,/Users/manouchehrrimer/Desktop/BlueDot_Perona_Vector_Project/outputs/vector_construction/persona_vectors/honesty_layer32.npy,/Users/manouchehrrimer/Desktop/BlueDot_Perona_Vector_Project/outputs/ethics_projection/activations/deontology_test_003359_layer32.npy
deontology_test_003359,deontology,honesty,harmlessness,32,-2263.291015625,mean_centered,/Users/manouchehrrimer/Desktop/BlueDot_Perona_Vector_Project/outputs/vector_construction/persona_vectors/harmlessness_layer32.npy,/Users/manouchehrrimer/Desktop/BlueDot_Perona_Vector_Project/outputs/ethics_projection/activations/deontology_test_003359_layer32.npy
deontology_test_003359,deontology,honesty,fairness,32,1452.4959716796875,mean_centered,/Users/manouchehrrimer/Desktop/BlueDot_Perona_Vector_Project/outputs/vector_construction/persona_vectors/fairness_layer32.npy,/Users/manouchehrrimer/Desktop/BlueDot_Perona_Vector_Project/outputs/ethics_projection/activations/deontology_test_003359_layer32.npy
deontology_test_003359,deontology,honesty,compassion,32,739.7078857421875,mean_centered,/Users/manouchehrrimer/Desktop/BlueDot_Perona_Vector_Project/outputs/vector_construction/persona_vectors/compassion_layer32.npy,/Users/manouchehrrimer/Desktop/BlueDot_Perona_Vector_Project/outputs/ethics_projection/activations/deontology_test_003359_layer32.npy
deontology_test_003359,deontology,honesty,honesty,40,-126.70466613769531,mean_centered,/Users/manouchehrrimer/Desktop/BlueDot_Perona_Vector_Project/outputs/vector_construction/persona_vectors/honesty_layer40.npy,/Users/manouchehrrimer/Desktop/BlueDot_Perona_Vector_Project/outputs/ethics_projection/activations/deontology_test_003359_layer40.npy
deontology_test_003359,deontology,honesty,harmlessness,40,-1252.1964111328125,mean_centered,/Users/manouchehrrimer/Desktop/BlueDot_Perona_Vector_Project/outputs/vector_construction/persona_vectors/harmlessness_layer40.npy,/Users/manouchehrrimer/Desktop/BlueDot_Perona_Vector_Project/outputs/ethics_projection/activations/deontology_test_003359_layer40.npy
deontology_test_003359,deontology,honesty,fairness,40,-154.83901977539062,mean_centered,/Users/manouchehrrimer/Desktop/BlueDot_Perona_Vector_Project/outputs/vector_construction/persona_vectors/fairness_layer40.npy,/Users/manouchehrrimer/Desktop/BlueDot_Perona_Vector_Project/outputs/ethics_projection/activations/deontology_test_003359_layer40.npy
deontology_test_003359,deontology,honesty,compassion,40,-606.1270751953125,mean_centered,/Users/manouchehrrimer/Desktop/BlueDot_Perona_Vector_Project/outputs/vector_construction/persona_vectors/compassion_layer40.npy,/Users/manouchehrrimer/Desktop/BlueDot_Perona_Vector_Project/outputs/ethics_projection/activations/deontology_test_003359_layer40.npy
deontology_test_003359,deontology,honesty,honesty,47,-498.3927307128906,mean_centered,/Users/manouchehrrimer/Desktop/BlueDot_Perona_Vector_Project/outputs/vector_construction/persona_vectors/honesty_layer47.npy,/Users/manouchehrrimer/Desktop/BlueDot_Perona_Vector_Project/outputs/ethics_projection/activations/deontology_test_003359_layer47.npy
deontology_test_003359,deontology,honesty,harmlessness,47,-2026.76806640625,mean_centered,/Users/manouchehrrimer/Desktop/BlueDot_Perona_Vector_Project/outputs/vector_construction/persona_vectors/harmlessness_layer47.npy,/Users/manouchehrrimer/Desktop/BlueDot_Perona_Vector_Project/outputs/ethics_projection/activations/deontology_test_003359_layer47.npy
deontology_test_003359,deontology,honesty,fairness,47,-194.10641479492188,mean_centered,/Users/manouchehrrimer/Desktop/BlueDot_Perona_Vector_Project/outputs/vector_construction/persona_vectors/fairness_layer47.npy,/Users/manouchehrrimer/Desktop/BlueDot_Perona_Vector_Project/outputs/ethics_projection/activations/deontology_test_003359_layer47.npy
deontology_test_003359,deontology,honesty,compassion,47,-874.8554077148438,mean_centered,/Users/manouchehrrimer/Desktop/BlueDot_Perona_Vector_Project/outputs/vector_construction/persona_vectors/compassion_layer47.npy,/Users/manouchehrrimer/Desktop/BlueDot_Perona_Vector_Project/outputs/ethics_projection/activations/deontology_test_003359_layer47.npy
deontology_test_003364,deontology,honesty,honesty,32,1502.4326171875,mean_centered,/Users/manouchehrrimer/Desktop/BlueDot_Perona_Vector_Project/outputs/vector_construction/persona_vectors/honesty_layer32.npy,/Users/manouchehrrimer/Desktop/BlueDot_Perona_Vector_Project/outputs/ethics_projection/activations/deontology_test_003364_layer32.npy
deontology_test_003364,deontology,honesty,harmlessness,32,-2368.854248046875,mean_centered,/Users/manouchehrrimer/Desktop/BlueDot_Perona_Vector_Project/outputs/vector_construction/persona_vectors/harmlessness_layer32.npy,/Users/manouchehrrimer/Desktop/BlueDot_Perona_Vector_Project/outputs/ethics_projection/activations/deontology_test_003364_layer32.npy
deontology_test_003364,deontology,honesty,fairness,32,2084.0888671875,mean_centered,/Users/manouchehrrimer/Desktop/BlueDot_Perona_Vector_Project/outputs/vector_construction/persona_vectors/fairness_layer32.npy,/Users/manouchehrrimer/Desktop/BlueDot_Perona_Vector_Project/outputs/ethics_projection/activations/deontology_test_003364_layer32.npy
deontology_test_003364,deontology,honesty,compassion,32,1262.4669189453125,mean_centered,/Users/manouchehrrimer/Desktop/BlueDot_Perona_Vector_Project/outputs/vector_construction/persona_vectors/compassion_layer32.npy,/Users/manouchehrrimer/Desktop/BlueDot_Perona_Vector_Project/outputs/ethics_projection/activations/deontology_test_003364_layer32.npy
deontology_test_003364,deontology,honesty,honesty,40,4924.90087890625,mean_centered,/Users/manouchehrrimer/Desktop/BlueDot_Perona_Vector_Project/outputs/vector_construction/persona_vectors/honesty_layer40.npy,/Users/manouchehrrimer/Desktop/BlueDot_Perona_Vector_Project/outputs/ethics_projection/activations/deontology_test_003364_layer40.npy
deontology_test_003364,deontology,honesty,harmlessness,40,-548.0377807617188,mean_centered,/Users/manouchehrrimer/Desktop/BlueDot_Perona_Vector_Project/outputs/vector_construction/persona_vectors/harmlessness_layer40.npy,/Users/manouchehrrimer/Desktop/BlueDot_Perona_Vector_Project/outputs/ethics_projection/activations/deontology_test_003364_layer40.npy
deontology_test_003364,deontology,honesty,fairness,40,4098.01513671875,mean_centered,/Users/manouchehrrimer/Desktop/BlueDot_Perona_Vector_Project/outputs/vector_construction/persona_vectors/fairness_layer40.npy,/Users/manouchehrrimer/Desktop/BlueDot_Perona_Vector_Project/outputs/ethics_projection/activations/deontology_test_003364_layer40.npy
deontology_test_003364,deontology,honesty,compassion,40,-51.931793212890625,mean_centered,/Users/manouchehrrimer/Desktop/BlueDot_Perona_Vector_Project/outputs/vector_construction/persona_vectors/compassion_layer40.npy,/Users/manouchehrrimer/Desktop/BlueDot_Perona_Vector_Project/outputs/ethics_projection/activations/deontology_test_003364_layer40.npy
deontology_test_003364,deontology,honesty,honesty,47,2106.1962890625,mean_centered,/Users/manouchehrrimer/Desktop/BlueDot_Perona_Vector_Project/outputs/vector_construction/persona_vectors/honesty_layer47.npy,/Users/manouchehrrimer/Desktop/BlueDot_Perona_Vector_Project/outputs/ethics_projection/activations/deontology_test_003364_layer47.npy
deontology_test_003364,deontology,honesty,harmlessness,47,2228.007080078125,mean_centered,/Users/manouchehrrimer/Desktop/BlueDot_Perona_Vector_Project/outputs/vector_construction/persona_vectors/harmlessness_layer47.npy,/Users/manouchehrrimer/Desktop/BlueDot_Perona_Vector_Project/outputs/ethics_projection/activations/deontology_test_003364_layer47.npy
deontology_test_003364,deontology,honesty,fairness,47,1572.5421142578125,mean_centered,/Users/manouchehrrimer/Desktop/BlueDot_Perona_Vector_Project/outputs/vector_construction/persona_vectors/fairness_layer47.npy,/Users/manouchehrrimer/Desktop/BlueDot_Perona_Vector_Project/outputs/ethics_projection/activations/deontology_test_003364_layer47.npy
deontology_test_003364,deontology,honesty,compassion,47,1195.633056640625,mean_centered,/Users/manouchehrrimer/Desktop/BlueDot_Perona_Vector_Project/outputs/vector_construction/persona_vectors/compassion_layer47.npy,/Users/manouchehrrimer/Desktop/BlueDot_Perona_Vector_Project/outputs/ethics_projection/activations/deontology_test_003364_layer47.npy
deontology_test_003365,deontology,honesty,honesty,32,1509.628173828125,mean_centered,/Users/manouchehrrimer/Desktop/BlueDot_Perona_Vector_Project/outputs/vector_construction/persona_vectors/honesty_layer32.npy,/Users/manouchehrrimer/Desktop/BlueDot_Perona_Vector_Project/outputs/ethics_projection/activations/deontology_test_003365_layer32.npy
deontology_test_003365,deontology,honesty,harmlessness,32,-2576.573974609375,mean_centered,/Users/manouchehrrimer/Desktop/BlueDot_Perona_Vector_Project/outputs/vector_construction/persona_vectors/harmlessness_layer32.npy,/Users/manouchehrrimer/Desktop/BlueDot_Perona_Vector_Project/outputs/ethics_projection/activations/deontology_test_003365_layer32.npy
deontology_test_003365,deontology,honesty,fairness,32,2048.84716796875,mean_centered,/Users/manouchehrrimer/Desktop/BlueDot_Perona_Vector_Project/outputs/vector_construction/persona_vectors/fairness_layer32.npy,/Users/manouchehrrimer/Desktop/BlueDot_Perona_Vector_Project/outputs/ethics_projection/activations/deontology_test_003365_layer32.npy
deontology_test_003365,deontology,honesty,compassion,32,988.4776611328125,mean_centered,/Users/manouchehrrimer/Desktop/BlueDot_Perona_Vector_Project/outputs/vector_construction/persona_vectors/compassion_layer32.npy,/Users/manouchehrrimer/Desktop/BlueDot_Perona_Vector_Project/outputs/ethics_projection/activations/deontology_test_003365_layer32.npy
deontology_test_003365,deontology,honesty,honesty,40,4985.45849609375,mean_centered,/Users/manouchehrrimer/Desktop/BlueDot_Perona_Vector_Project/outputs/vector_construction/persona_vectors/honesty_layer40.npy,/Users/manouchehrrimer/Desktop/BlueDot_Perona_Vector_Project/outputs/ethics_projection/activations/deontology_test_003365_layer40.npy
deontology_test_003365,deontology,honesty,harmlessness,40,-941.96533203125,mean_centered,/Users/manouchehrrimer/Desktop/BlueDot_Perona_Vector_Project/outputs/vector_construction/persona_vectors/harmlessness_layer40.npy,/Users/manouchehrrimer/Desktop/BlueDot_Perona_Vector_Project/outputs/ethics_projection/activations/deontology_test_003365_layer40.npy
deontology_test_003365,deontology,honesty,fairness,40,4074.31689453125,mean_centered,/Users/manouchehrrimer/Desktop/BlueDot_Perona_Vector_Project/outputs/vector_construction/persona_vectors/fairness_layer40.npy,/Users/manouchehrrimer/Desktop/BlueDot_Perona_Vector_Project/outputs/ethics_projection/activations/deontology_test_003365_layer40.npy
deontology_test_003365,deontology,honesty,compassion,40,-110.34546661376953,mean_centered,/Users/manouchehrrimer/Desktop/BlueDot_Perona_Vector_Project/outputs/vector_construction/persona_vectors/compassion_layer40.npy,/Users/manouchehrrimer/Desktop/BlueDot_Perona_Vector_Project/outputs/ethics_projection/activations/deontology_test_003365_layer40.npy
deontology_test_003365,deontology,honesty,honesty,47,-545.5866088867188,mean_centered,/Users/manouchehrrimer/Desktop/BlueDot_Perona_Vector_Project/outputs/vector_construction/persona_vectors/honesty_layer47.npy,/Users/manouchehrrimer/Desktop/BlueDot_Perona_Vector_Project/outputs/ethics_projection/activations/deontology_test_003365_layer47.npy
deontology_test_003365,deontology,honesty,harmlessness,47,-1872.3306884765625,mean_centered,/Users/manouchehrrimer/Desktop/BlueDot_Perona_Vector_Project/outputs/vector_construction/persona_vectors/harmlessness_layer47.npy,/Users/manouchehrrimer/Desktop/BlueDot_Perona_Vector_Project/outputs/ethics_projection/activations/deontology_test_003365_layer47.npy
deontology_test_003365,deontology,honesty,fairness,47,642.08984375,mean_centered,/Users/manouchehrrimer/Desktop/BlueDot_Perona_Vector_Project/outputs/vector_construction/persona_vectors/fairness_layer47.npy,/Users/manouchehrrimer/Desktop/BlueDot_Perona_Vector_Project/outputs/ethics_projection/activations/deontology_test_003365_layer47.npy
deontology_test_003365,deontology,honesty,compassion,47,-852.8994140625,mean_centered,/Users/manouchehrrimer/Desktop/BlueDot_Perona_Vector_Project/outputs/vector_construction/persona_vectors/compassion_layer47.npy,/Users/manouchehrrimer/Desktop/BlueDot_Perona_Vector_Project/outputs/ethics_projection/activations/deontology_test_003365_layer47.npy
deontology_test_003382,deontology,honesty,honesty,32,-1063.6151123046875,mean_centered,/Users/manouchehrrimer/Desktop/BlueDot_Perona_Vector_Project/outputs/vector_construction/persona_vectors/honesty_layer32.npy,/Users/manouchehrrimer/Desktop/BlueDot_Perona_Vector_Project/outputs/ethics_projection/activations/deontology_test_003382_layer32.npy
deontology_test_003382,deontology,honesty,harmlessness,32,1871.28955078125,mean_centered,/Users/manouchehrrimer/Desktop/BlueDot_Perona_Vector_Project/outputs/vector_construction/persona_vectors/harmlessness_layer32.npy,/Users/manouchehrrimer/Desktop/BlueDot_Perona_Vector_Project/outputs/ethics_projection/activations/deontology_test_003382_layer32.npy
deontology_test_003382,deontology,honesty,fairness,32,-1646.1337890625,mean_centered,/Users/manouchehrrimer/Desktop/BlueDot_Perona_Vector_Project/outputs/vector_construction/persona_vectors/fairness_layer32.npy,/Users/manouchehrrimer/Desktop/BlueDot_Perona_Vector_Project/outputs/ethics_projection/activations/deontology_test_003382_layer32.npy
deontology_test_003382,deontology,honesty,compassion,32,-1674.85986328125,mean_centered,/Users/manouchehrrimer/Desktop/BlueDot_Perona_Vector_Project/outputs/vector_construction/persona_vectors/compassion_layer32.npy,/Users/manouchehrrimer/Desktop/BlueDot_Perona_Vector_Project/outputs/ethics_projection/activations/deontology_test_003382_layer32.npy
deontology_test_003382,deontology,honesty,honesty,40,-198.9207763671875,mean_centered,/Users/manouchehrrimer/Desktop/BlueDot_Perona_Vector_Project/outputs/vector_construction/persona_vectors/honesty_layer40.npy,/Users/manouchehrrimer/Desktop/BlueDot_Perona_Vector_Project/outputs/ethics_projection/activations/deontology_test_003382_layer40.npy
deontology_test_003382,deontology,honesty,harmlessness,40,114.83988952636719,mean_centered,/Users/manouchehrrimer/Desktop/BlueDot_Perona_Vector_Project/outputs/vector_construction/persona_vectors/harmlessness_layer40.npy,/Users/manouchehrrimer/Desktop/BlueDot_Perona_Vector_Project/outputs/ethics_projection/activations/deontology_test_003382_layer40.npy
deontology_test_003382,deontology,honesty,fairness,40,-602.256591796875,mean_centered,/Users/manouchehrrimer/Desktop/BlueDot_Perona_Vector_Project/outputs/vector_construction/persona_vectors/fairness_layer40.npy,/Users/manouchehrrimer/Desktop/BlueDot_Perona_Vector_Project/outputs/ethics_projection/activations/deontology_test_003382_layer40.npy
deontology_test_003382,deontology,honesty,compassion,40,-262.82855224609375,mean_centered,/Users/manouchehrrimer/Desktop/BlueDot_Perona_Vector_Project/outputs/vector_construction/persona_vectors/compassion_layer40.npy,/Users/manouchehrrimer/Desktop/BlueDot_Perona_Vector_Project/outputs/ethics_projection/activations/deontology_test_003382_layer40.npy
deontology_test_003382,deontology,honesty,honesty,47,-737.8363647460938,mean_centered,/Users/manouchehrrimer/Desktop/BlueDot_Perona_Vector_Project/outputs/vector_construction/persona_vectors/honesty_layer47.npy,/Users/manouchehrrimer/Desktop/BlueDot_Perona_Vector_Project/outputs/ethics_projection/activations/deontology_test_003382_layer47.npy
deontology_test_003382,deontology,honesty,harmlessness,47,-1697.874267578125,mean_centered,/Users/manouchehrrimer/Desktop/BlueDot_Perona_Vector_Project/outputs/vector_construction/persona_vectors/harmlessness_layer47.npy,/Users/manouchehrrimer/Desktop/BlueDot_Perona_Vector_Project/outputs/ethics_projection/activations/deontology_test_003382_layer47.npy
deontology_test_003382,deontology,honesty,fairness,47,-714.6964111328125,mean_centered,/Users/manouchehrrimer/Desktop/BlueDot_Perona_Vector_Project/outputs/vector_construction/persona_vectors/fairness_layer47.npy,/Users/manouchehrrimer/Desktop/BlueDot_Perona_Vector_Project/outputs/ethics_projection/activations/deontology_test_003382_layer47.npy
deontology_test_003382,deontology,honesty,compassion,47,-831.03955078125,mean_centered,/Users/manouchehrrimer/Desktop/BlueDot_Perona_Vector_Project/outputs/vector_construction/persona_vectors/compassion_layer47.npy,/Users/manouchehrrimer/Desktop/BlueDot_Perona_Vector_Project/outputs/ethics_projection/activations/deontology_test_003382_layer47.npy
deontology_test_003396,deontology,honesty,honesty,32,539.2964477539062,mean_centered,/Users/manouchehrrimer/Desktop/BlueDot_Perona_Vector_Project/outputs/vector_construction/persona_vectors/honesty_layer32.npy,/Users/manouchehrrimer/Desktop/BlueDot_Perona_Vector_Project/outputs/ethics_projection/activations/deontology_test_003396_layer32.npy
deontology_test_003396,deontology,honesty,harmlessness,32,-295.1629638671875,mean_centered,/Users/manouchehrrimer/Desktop/BlueDot_Perona_Vector_Project/outputs/vector_construction/persona_vectors/harmlessness_layer32.npy,/Users/manouchehrrimer/Desktop/BlueDot_Perona_Vector_Project/outputs/ethics_projection/activations/deontology_test_003396_layer32.npy
deontology_test_003396,deontology,honesty,fairness,32,391.9267578125,mean_centered,/Users/manouchehrrimer/Desktop/BlueDot_Perona_Vector_Project/outputs/vector_construction/persona_vectors/fairness_layer32.npy,/Users/manouchehrrimer/Desktop/BlueDot_Perona_Vector_Project/outputs/ethics_projection/activations/deontology_test_003396_layer32.npy
deontology_test_003396,deontology,honesty,compassion,32,273.2652893066406,mean_centered,/Users/manouchehrrimer/Desktop/BlueDot_Perona_Vector_Project/outputs/vector_construction/persona_vectors/compassion_layer32.npy,/Users/manouchehrrimer/Desktop/BlueDot_Perona_Vector_Project/outputs/ethics_projection/activations/deontology_test_003396_layer32.npy
deontology_test_003396,deontology,honesty,honesty,40,1083.955078125,mean_centered,/Users/manouchehrrimer/Desktop/BlueDot_Perona_Vector_Project/outputs/vector_construction/persona_vectors/honesty_layer40.npy,/Users/manouchehrrimer/Desktop/BlueDot_Perona_Vector_Project/outputs/ethics_projection/activations/deontology_test_003396_layer40.npy
deontology_test_003396,deontology,honesty,harmlessness,40,483.8830871582031,mean_centered,/Users/manouchehrrimer/Desktop/BlueDot_Perona_Vector_Project/outputs/vector_construction/persona_vectors/harmlessness_layer40.npy,/Users/manouchehrrimer/Desktop/BlueDot_Perona_Vector_Project/outputs/ethics_projection/activations/deontology_test_003396_layer40.npy
deontology_test_003396,deontology,honesty,fairness,40,524.6768798828125,mean_centered,/Users/manouchehrrimer/Desktop/BlueDot_Perona_Vector_Project/outputs/vector_construction/persona_vectors/fairness_layer40.npy,/Users/manouchehrrimer/Desktop/BlueDot_Perona_Vector_Project/outputs/ethics_projection/activations/deontology_test_003396_layer40.npy
deontology_test_003396,deontology,honesty,compassion,40,164.93038940429688,mean_centered,/Users/manouchehrrimer/Desktop/BlueDot_Perona_Vector_Project/outputs/vector_construction/persona_vectors/compassion_layer40.npy,/Users/manouchehrrimer/Desktop/BlueDot_Perona_Vector_Project/outputs/ethics_projection/activations/deontology_test_003396_layer40.npy
deontology_test_003396,deontology,honesty,honesty,47,-357.43707275390625,mean_centered,/Users/manouchehrrimer/Desktop/BlueDot_Perona_Vector_Project/outputs/vector_construction/persona_vectors/honesty_layer47.npy,/Users/manouchehrrimer/Desktop/BlueDot_Perona_Vector_Project/outputs/ethics_projection/activations/deontology_test_003396_layer47.npy
deontology_test_003396,deontology,honesty,harmlessness,47,-253.8238067626953,mean_centered,/Users/manouchehrrimer/Desktop/BlueDot_Perona_Vector_Project/outputs/vector_construction/persona_vectors/harmlessness_layer47.npy,/Users/manouchehrrimer/Desktop/BlueDot_Perona_Vector_Project/outputs/ethics_projection/activations/deontology_test_003396_layer47.npy
deontology_test_003396,deontology,honesty,fairness,47,-214.98348999023438,mean_centered,/Users/manouchehrrimer/Desktop/BlueDot_Perona_Vector_Project/outputs/vector_construction/persona_vectors/fairness_layer47.npy,/Users/manouchehrrimer/Desktop/BlueDot_Perona_Vector_Project/outputs/ethics_projection/activations/deontology_test_003396_layer47.npy
deontology_test_003396,deontology,honesty,compassion,47,-143.15618896484375,mean_centered,/Users/manouchehrrimer/Desktop/BlueDot_Perona_Vector_Project/outputs/vector_construction/persona_vectors/compassion_layer47.npy,/Users/manouchehrrimer/Desktop/BlueDot_Perona_Vector_Project/outputs/ethics_projection/activations/deontology_test_003396_layer47.npy
deontology_test_003410,deontology,honesty,honesty,32,193.27671813964844,mean_centered,/Users/manouchehrrimer/Desktop/BlueDot_Perona_Vector_Project/outputs/vector_construction/persona_vectors/honesty_layer32.npy,/Users/manouchehrrimer/Desktop/BlueDot_Perona_Vector_Project/outputs/ethics_projection/activations/deontology_test_003410_layer32.npy
deontology_test_003410,deontology,honesty,harmlessness,32,-244.49783325195312,mean_centered,/Users/manouchehrrimer/Desktop/BlueDot_Perona_Vector_Project/outputs/vector_construction/persona_vectors/harmlessness_layer32.npy,/Users/manouchehrrimer/Desktop/BlueDot_Perona_Vector_Project/outputs/ethics_projection/activations/deontology_test_003410_layer32.npy
deontology_test_003410,deontology,honesty,fairness,32,248.0307159423828,mean_centered,/Users/manouchehrrimer/Desktop/BlueDot_Perona_Vector_Project/outputs/vector_construction/persona_vectors/fairness_layer32.npy,/Users/manouchehrrimer/Desktop/BlueDot_Perona_Vector_Project/outputs/ethics_projection/activations/deontology_test_003410_layer32.npy
deontology_test_003410,deontology,honesty,compassion,32,-191.92156982421875,mean_centered,/Users/manouchehrrimer/Desktop/BlueDot_Perona_Vector_Project/outputs/vector_construction/persona_vectors/compassion_layer32.npy,/Users/manouchehrrimer/Desktop/BlueDot_Perona_Vector_Project/outputs/ethics_projection/activations/deontology_test_003410_layer32.npy
deontology_test_003410,deontology,honesty,honesty,40,1620.0518798828125,mean_centered,/Users/manouchehrrimer/Desktop/BlueDot_Perona_Vector_Project/outputs/vector_construction/persona_vectors/honesty_layer40.npy,/Users/manouchehrrimer/Desktop/BlueDot_Perona_Vector_Project/outputs/ethics_projection/activations/deontology_test_003410_layer40.npy
deontology_test_003410,deontology,honesty,harmlessness,40,-753.798828125,mean_centered,/Users/manouchehrrimer/Desktop/BlueDot_Perona_Vector_Project/outputs/vector_construction/persona_vectors/harmlessness_layer40.npy,/Users/manouchehrrimer/Desktop/BlueDot_Perona_Vector_Project/outputs/ethics_projection/activations/deontology_test_003410_layer40.npy
deontology_test_003410,deontology,honesty,fairness,40,1777.9708251953125,mean_centered,/Users/manouchehrrimer/Desktop/BlueDot_Perona_Vector_Project/outputs/vector_construction/persona_vectors/fairness_layer40.npy,/Users/manouchehrrimer/Desktop/BlueDot_Perona_Vector_Project/outputs/ethics_projection/activations/deontology_test_003410_layer40.npy
deontology_test_003410,deontology,honesty,compassion,40,-314.07415771484375,mean_centered,/Users/manouchehrrimer/Desktop/BlueDot_Perona_Vector_Project/outputs/vector_construction/persona_vectors/compassion_layer40.npy,/Users/manouchehrrimer/Desktop/BlueDot_Perona_Vector_Project/outputs/ethics_projection/activations/deontology_test_003410_layer40.npy
deontology_test_003410,deontology,honesty,honesty,47,-6231.54443359375,mean_centered,/Users/manouchehrrimer/Desktop/BlueDot_Perona_Vector_Project/outputs/vector_construction/persona_vectors/honesty_layer47.npy,/Users/manouchehrrimer/Desktop/BlueDot_Perona_Vector_Project/outputs/ethics_projection/activations/deontology_test_003410_layer47.npy
deontology_test_003410,deontology,honesty,harmlessness,47,-9166.1826171875,mean_centered,/Users/manouchehrrimer/Desktop/BlueDot_Perona_Vector_Project/outputs/vector_construction/persona_vectors/harmlessness_layer47.npy,/Users/manouchehrrimer/Desktop/BlueDot_Perona_Vector_Project/outputs/ethics_projection/activations/deontology_test_003410_layer47.npy
deontology_test_003410,deontology,honesty,fairness,47,-1928.433349609375,mean_centered,/Users/manouchehrrimer/Desktop/BlueDot_Perona_Vector_Project/outputs/vector_construction/persona_vectors/fairness_layer47.npy,/Users/manouchehrrimer/Desktop/BlueDot_Perona_Vector_Project/outputs/ethics_projection/activations/deontology_test_003410_layer47.npy
deontology_test_003410,deontology,honesty,compassion,47,-4801.30224609375,mean_centered,/Users/manouchehrrimer/Desktop/BlueDot_Perona_Vector_Project/outputs/vector_construction/persona_vectors/compassion_layer47.npy,/Users/manouchehrrimer/Desktop/BlueDot_Perona_Vector_Project/outputs/ethics_projection/activations/deontology_test_003410_layer47.npy
deontology_test_003530,deontology,honesty,honesty,32,-469.7349853515625,mean_centered,/Users/manouchehrrimer/Desktop/BlueDot_Perona_Vector_Project/outputs/vector_construction/persona_vectors/honesty_layer32.npy,/Users/manouchehrrimer/Desktop/BlueDot_Perona_Vector_Project/outputs/ethics_projection/activations/deontology_test_003530_layer32.npy
deontology_test_003530,deontology,honesty,harmlessness,32,908.3533325195312,mean_centered,/Users/manouchehrrimer/Desktop/BlueDot_Perona_Vector_Project/outputs/vector_construction/persona_vectors/harmlessness_layer32.npy,/Users/manouchehrrimer/Desktop/BlueDot_Perona_Vector_Project/outputs/ethics_projection/activations/deontology_test_003530_layer32.npy
deontology_test_003530,deontology,honesty,fairness,32,-618.224609375,mean_centered,/Users/manouchehrrimer/Desktop/BlueDot_Perona_Vector_Project/outputs/vector_construction/persona_vectors/fairness_layer32.npy,/Users/manouchehrrimer/Desktop/BlueDot_Perona_Vector_Project/outputs/ethics_projection/activations/deontology_test_003530_layer32.npy
deontology_test_003530,deontology,honesty,compassion,32,-594.83642578125,mean_centered,/Users/manouchehrrimer/Desktop/BlueDot_Perona_Vector_Project/outputs/vector_construction/persona_vectors/compassion_layer32.npy,/Users/manouchehrrimer/Desktop/BlueDot_Perona_Vector_Project/outputs/ethics_projection/activations/deontology_test_003530_layer32.npy
deontology_test_003530,deontology,honesty,honesty,40,709.3013305664062,mean_centered,/Users/manouchehrrimer/Desktop/BlueDot_Perona_Vector_Project/outputs/vector_construction/persona_vectors/honesty_layer40.npy,/Users/manouchehrrimer/Desktop/BlueDot_Perona_Vector_Project/outputs/ethics_projection/activations/deontology_test_003530_layer40.npy
deontology_test_003530,deontology,honesty,harmlessness,40,414.46600341796875,mean_centered,/Users/manouchehrrimer/Desktop/BlueDot_Perona_Vector_Project/outputs/vector_construction/persona_vectors/harmlessness_layer40.npy,/Users/manouchehrrimer/Desktop/BlueDot_Perona_Vector_Project/outputs/ethics_projection/activations/deontology_test_003530_layer40.npy
deontology_test_003530,deontology,honesty,fairness,40,554.2045288085938,mean_centered,/Users/manouchehrrimer/Desktop/BlueDot_Perona_Vector_Project/outputs/vector_construction/persona_vectors/fairness_layer40.npy,/Users/manouchehrrimer/Desktop/BlueDot_Perona_Vector_Project/outputs/ethics_projection/activations/deontology_test_003530_layer40.npy
deontology_test_003530,deontology,honesty,compassion,40,412.2862548828125,mean_centered,/Users/manouchehrrimer/Desktop/BlueDot_Perona_Vector_Project/outputs/vector_construction/persona_vectors/compassion_layer40.npy,/Users/manouchehrrimer/Desktop/BlueDot_Perona_Vector_Project/outputs/ethics_projection/activations/deontology_test_003530_layer40.npy
deontology_test_003530,deontology,honesty,honesty,47,704.52783203125,mean_centered,/Users/manouchehrrimer/Desktop/BlueDot_Perona_Vector_Project/outputs/vector_construction/persona_vectors/honesty_layer47.npy,/Users/manouchehrrimer/Desktop/BlueDot_Perona_Vector_Project/outputs/ethics_projection/activations/deontology_test_003530_layer47.npy
deontology_test_003530,deontology,honesty,harmlessness,47,651.435791015625,mean_centered,/Users/manouchehrrimer/Desktop/BlueDot_Perona_Vector_Project/outputs/vector_construction/persona_vectors/harmlessness_layer47.npy,/Users/manouchehrrimer/Desktop/BlueDot_Perona_Vector_Project/outputs/ethics_projection/activations/deontology_test_003530_layer47.npy
deontology_test_003530,deontology,honesty,fairness,47,505.2552490234375,mean_centered,/Users/manouchehrrimer/Desktop/BlueDot_Perona_Vector_Project/outputs/vector_construction/persona_vectors/fairness_layer47.npy,/Users/manouchehrrimer/Desktop/BlueDot_Perona_Vector_Project/outputs/ethics_projection/activations/deontology_test_003530_layer47.npy
deontology_test_003530,deontology,honesty,compassion,47,565.6817626953125,mean_centered,/Users/manouchehrrimer/Desktop/BlueDot_Perona_Vector_Project/outputs/vector_construction/persona_vectors/compassion_layer47.npy,/Users/manouchehrrimer/Desktop/BlueDot_Perona_Vector_Project/outputs/ethics_projection/activations/deontology_test_003530_layer47.npy
deontology_test_003533,deontology,honesty,honesty,32,-716.4496459960938,mean_centered,/Users/manouchehrrimer/Desktop/BlueDot_Perona_Vector_Project/outputs/vector_construction/persona_vectors/honesty_layer32.npy,/Users/manouchehrrimer/Desktop/BlueDot_Perona_Vector_Project/outputs/ethics_projection/activations/deontology_test_003533_layer32.npy
deontology_test_003533,deontology,honesty,harmlessness,32,1332.8907470703125,mean_centered,/Users/manouchehrrimer/Desktop/BlueDot_Perona_Vector_Project/outputs/vector_construction/persona_vectors/harmlessness_layer32.npy,/Users/manouchehrrimer/Desktop/BlueDot_Perona_Vector_Project/outputs/ethics_projection/activations/deontology_test_003533_layer32.npy
deontology_test_003533,deontology,honesty,fairness,32,-822.4867553710938,mean_centered,/Users/manouchehrrimer/Desktop/BlueDot_Perona_Vector_Project/outputs/vector_construction/persona_vectors/fairness_layer32.npy,/Users/manouchehrrimer/Desktop/BlueDot_Perona_Vector_Project/outputs/ethics_projection/activations/deontology_test_003533_layer32.npy
deontology_test_003533,deontology,honesty,compassion,32,-810.7662353515625,mean_centered,/Users/manouchehrrimer/Desktop/BlueDot_Perona_Vector_Project/outputs/vector_construction/persona_vectors/compassion_layer32.npy,/Users/manouchehrrimer/Desktop/BlueDot_Perona_Vector_Project/outputs/ethics_projection/activations/deontology_test_003533_layer32.npy
deontology_test_003533,deontology,honesty,honesty,40,1175.9173583984375,mean_centered,/Users/manouchehrrimer/Desktop/BlueDot_Perona_Vector_Project/outputs/vector_construction/persona_vectors/honesty_layer40.npy,/Users/manouchehrrimer/Desktop/BlueDot_Perona_Vector_Project/outputs/ethics_projection/activations/deontology_test_003533_layer40.npy
deontology_test_003533,deontology,honesty,harmlessness,40,260.47308349609375,mean_centered,/Users/manouchehrrimer/Desktop/BlueDot_Perona_Vector_Project/outputs/vector_construction/persona_vectors/harmlessness_layer40.npy,/Users/manouchehrrimer/Desktop/BlueDot_Perona_Vector_Project/outputs/ethics_projection/activations/deontology_test_003533_layer40.npy
deontology_test_003533,deontology,honesty,fairness,40,1117.178955078125,mean_centered,/Users/manouchehrrimer/Desktop/BlueDot_Perona_Vector_Project/outputs/vector_construction/persona_vectors/fairness_layer40.npy,/Users/manouchehrrimer/Desktop/BlueDot_Perona_Vector_Project/outputs/ethics_projection/activations/deontology_test_003533_layer40.npy
deontology_test_003533,deontology,honesty,compassion,40,723.7547607421875,mean_centered,/Users/manouchehrrimer/Desktop/BlueDot_Perona_Vector_Project/outputs/vector_construction/persona_vectors/compassion_layer40.npy,/Users/manouchehrrimer/Desktop/BlueDot_Perona_Vector_Project/outputs/ethics_projection/activations/deontology_test_003533_layer40.npy
deontology_test_003533,deontology,honesty,honesty,47,-3772.874755859375,mean_centered,/Users/manouchehrrimer/Desktop/BlueDot_Perona_Vector_Project/outputs/vector_construction/persona_vectors/honesty_layer47.npy,/Users/manouchehrrimer/Desktop/BlueDot_Perona_Vector_Project/outputs/ethics_projection/activations/deontology_test_003533_layer47.npy
deontology_test_003533,deontology,honesty,harmlessness,47,-4942.72998046875,mean_centered,/Users/manouchehrrimer/Desktop/BlueDot_Perona_Vector_Project/outputs/vector_construction/persona_vectors/harmlessness_layer47.npy,/Users/manouchehrrimer/Desktop/BlueDot_Perona_Vector_Project/outputs/ethics_projection/activations/deontology_test_003533_layer47.npy
deontology_test_003533,deontology,honesty,fairness,47,-891.7688598632812,mean_centered,/Users/manouchehrrimer/Desktop/BlueDot_Perona_Vector_Project/outputs/vector_construction/persona_vectors/fairness_layer47.npy,/Users/manouchehrrimer/Desktop/BlueDot_Perona_Vector_Project/outputs/ethics_projection/activations/deontology_test_003533_layer47.npy
deontology_test_003533,deontology,honesty,compassion,47,-2219.476806640625,mean_centered,/Users/manouchehrrimer/Desktop/BlueDot_Perona_Vector_Project/outputs/vector_construction/persona_vectors/compassion_layer47.npy,/Users/manouchehrrimer/Desktop/BlueDot_Perona_Vector_Project/outputs/ethics_projection/activations/deontology_test_003533_layer47.npy
deontology_test_003546,deontology,honesty,honesty,32,-1214.6025390625,mean_centered,/Users/manouchehrrimer/Desktop/BlueDot_Perona_Vector_Project/outputs/vector_construction/persona_vectors/honesty_layer32.npy,/Users/manouchehrrimer/Desktop/BlueDot_Perona_Vector_Project/outputs/ethics_projection/activations/deontology_test_003546_layer32.npy
deontology_test_003546,deontology,honesty,harmlessness,32,2195.823486328125,mean_centered,/Users/manouchehrrimer/Desktop/BlueDot_Perona_Vector_Project/outputs/vector_construction/persona_vectors/harmlessness_layer32.npy,/Users/manouchehrrimer/Desktop/BlueDot_Perona_Vector_Project/outputs/ethics_projection/activations/deontology_test_003546_layer32.npy
deontology_test_003546,deontology,honesty,fairness,32,-1911.127197265625,mean_centered,/Users/manouchehrrimer/Desktop/BlueDot_Perona_Vector_Project/outputs/vector_construction/persona_vectors/fairness_layer32.npy,/Users/manouchehrrimer/Desktop/BlueDot_Perona_Vector_Project/outputs/ethics_projection/activations/deontology_test_003546_layer32.npy
deontology_test_003546,deontology,honesty,compassion,32,-1372.5947265625,mean_centered,/Users/manouchehrrimer/Desktop/BlueDot_Perona_Vector_Project/outputs/vector_construction/persona_vectors/compassion_layer32.npy,/Users/manouchehrrimer/Desktop/BlueDot_Perona_Vector_Project/outputs/ethics_projection/activations/deontology_test_003546_layer32.npy
deontology_test_003546,deontology,honesty,honesty,40,-2319.431884765625,mean_centered,/Users/manouchehrrimer/Desktop/BlueDot_Perona_Vector_Project/outputs/vector_construction/persona_vectors/honesty_layer40.npy,/Users/manouchehrrimer/Desktop/BlueDot_Perona_Vector_Project/outputs/ethics_projection/activations/deontology_test_003546_layer40.npy
deontology_test_003546,deontology,honesty,harmlessness,40,419.65533447265625,mean_centered,/Users/manouchehrrimer/Desktop/BlueDot_Perona_Vector_Project/outputs/vector_construction/persona_vectors/harmlessness_layer40.npy,/Users/manouchehrrimer/Desktop/BlueDot_Perona_Vector_Project/outputs/ethics_projection/activations/deontology_test_003546_layer40.npy
deontology_test_003546,deontology,honesty,fairness,40,-2025.37548828125,mean_centered,/Users/manouchehrrimer/Desktop/BlueDot_Perona_Vector_Project/outputs/vector_construction/persona_vectors/fairness_layer40.npy,/Users/manouchehrrimer/Desktop/BlueDot_Perona_Vector_Project/outputs/ethics_projection/activations/deontology_test_003546_layer40.npy
deontology_test_003546,deontology,honesty,compassion,40,15.201614379882812,mean_centered,/Users/manouchehrrimer/Desktop/BlueDot_Perona_Vector_Project/outputs/vector_construction/persona_vectors/compassion_layer40.npy,/Users/manouchehrrimer/Desktop/BlueDot_Perona_Vector_Project/outputs/ethics_projection/activations/deontology_test_003546_layer40.npy
deontology_test_003546,deontology,honesty,honesty,47,-3658.677734375,mean_centered,/Users/manouchehrrimer/Desktop/BlueDot_Perona_Vector_Project/outputs/vector_construction/persona_vectors/honesty_layer47.npy,/Users/manouchehrrimer/Desktop/BlueDot_Perona_Vector_Project/outputs/ethics_projection/activations/deontology_test_003546_layer47.npy
deontology_test_003546,deontology,honesty,harmlessness,47,-4724.45556640625,mean_centered,/Users/manouchehrrimer/Desktop/BlueDot_Perona_Vector_Project/outputs/vector_construction/persona_vectors/harmlessness_layer47.npy,/Users/manouchehrrimer/Desktop/BlueDot_Perona_Vector_Project/outputs/ethics_projection/activations/deontology_test_003546_layer47.npy
deontology_test_003546,deontology,honesty,fairness,47,-2172.613525390625,mean_centered,/Users/manouchehrrimer/Desktop/BlueDot_Perona_Vector_Project/outputs/vector_construction/persona_vectors/fairness_layer47.npy,/Users/manouchehrrimer/Desktop/BlueDot_Perona_Vector_Project/outputs/ethics_projection/activations/deontology_test_003546_layer47.npy
deontology_test_003546,deontology,honesty,compassion,47,-2976.01025390625,mean_centered,/Users/manouchehrrimer/Desktop/BlueDot_Perona_Vector_Project/outputs/vector_construction/persona_vectors/compassion_layer47.npy,/Users/manouchehrrimer/Desktop/BlueDot_Perona_Vector_Project/outputs/ethics_projection/activations/deontology_test_003546_layer47.npy
deontology_test_003584,deontology,honesty,honesty,32,-657.6159057617188,mean_centered,/Users/manouchehrrimer/Desktop/BlueDot_Perona_Vector_Project/outputs/vector_construction/persona_vectors/honesty_layer32.npy,/Users/manouchehrrimer/Desktop/BlueDot_Perona_Vector_Project/outputs/ethics_projection/activations/deontology_test_003584_layer32.npy
deontology_test_003584,deontology,honesty,harmlessness,32,1028.39892578125,mean_centered,/Users/manouchehrrimer/Desktop/BlueDot_Perona_Vector_Project/outputs/vector_construction/persona_vectors/harmlessness_layer32.npy,/Users/manouchehrrimer/Desktop/BlueDot_Perona_Vector_Project/outputs/ethics_projection/activations/deontology_test_003584_layer32.npy
deontology_test_003584,deontology,honesty,fairness,32,-1100.990966796875,mean_centered,/Users/manouchehrrimer/Desktop/BlueDot_Perona_Vector_Project/outputs/vector_construction/persona_vectors/fairness_layer32.npy,/Users/manouchehrrimer/Desktop/BlueDot_Perona_Vector_Project/outputs/ethics_projection/activations/deontology_test_003584_layer32.npy
deontology_test_003584,deontology,honesty,compassion,32,-1111.8721923828125,mean_centered,/Users/manouchehrrimer/Desktop/BlueDot_Perona_Vector_Project/outputs/vector_construction/persona_vectors/compassion_layer32.npy,/Users/manouchehrrimer/Desktop/BlueDot_Perona_Vector_Project/outputs/ethics_projection/activations/deontology_test_003584_layer32.npy
deontology_test_003584,deontology,honesty,honesty,40,-2761.503662109375,mean_centered,/Users/manouchehrrimer/Desktop/BlueDot_Perona_Vector_Project/outputs/vector_construction/persona_vectors/honesty_layer40.npy,/Users/manouchehrrimer/Desktop/BlueDot_Perona_Vector_Project/outputs/ethics_projection/activations/deontology_test_003584_layer40.npy
deontology_test_003584,deontology,honesty,harmlessness,40,-444.9991455078125,mean_centered,/Users/manouchehrrimer/Desktop/BlueDot_Perona_Vector_Project/outputs/vector_construction/persona_vectors/harmlessness_layer40.npy,/Users/manouchehrrimer/Desktop/BlueDot_Perona_Vector_Project/outputs/ethics_projection/activations/deontology_test_003584_layer40.npy
deontology_test_003584,deontology,honesty,fairness,40,-2327.3017578125,mean_centered,/Users/manouchehrrimer/Desktop/BlueDot_Perona_Vector_Project/outputs/vector_construction/persona_vectors/fairness_layer40.npy,/Users/manouchehrrimer/Desktop/BlueDot_Perona_Vector_Project/outputs/ethics_projection/activations/deontology_test_003584_layer40.npy
deontology_test_003584,deontology,honesty,compassion,40,-482.8719787597656,mean_centered,/Users/manouchehrrimer/Desktop/BlueDot_Perona_Vector_Project/outputs/vector_construction/persona_vectors/compassion_layer40.npy,/Users/manouchehrrimer/Desktop/BlueDot_Perona_Vector_Project/outputs/ethics_projection/activations/deontology_test_003584_layer40.npy
deontology_test_003584,deontology,honesty,honesty,47,-5654.64501953125,mean_centered,/Users/manouchehrrimer/Desktop/BlueDot_Perona_Vector_Project/outputs/vector_construction/persona_vectors/honesty_layer47.npy,/Users/manouchehrrimer/Desktop/BlueDot_Perona_Vector_Project/outputs/ethics_projection/activations/deontology_test_003584_layer47.npy
deontology_test_003584,deontology,honesty,harmlessness,47,-7389.380859375,mean_centered,/Users/manouchehrrimer/Desktop/BlueDot_Perona_Vector_Project/outputs/vector_construction/persona_vectors/harmlessness_layer47.npy,/Users/manouchehrrimer/Desktop/BlueDot_Perona_Vector_Project/outputs/ethics_projection/activations/deontology_test_003584_layer47.npy
deontology_test_003584,deontology,honesty,fairness,47,-2472.2509765625,mean_centered,/Users/manouchehrrimer/Desktop/BlueDot_Perona_Vector_Project/outputs/vector_construction/persona_vectors/fairness_layer47.npy,/Users/manouchehrrimer/Desktop/BlueDot_Perona_Vector_Project/outputs/ethics_projection/activations/deontology_test_003584_layer47.npy
deontology_test_003584,deontology,honesty,compassion,47,-3378.4892578125,mean_centered,/Users/manouchehrrimer/Desktop/BlueDot_Perona_Vector_Project/outputs/vector_construction/persona_vectors/compassion_layer47.npy,/Users/manouchehrrimer/Desktop/BlueDot_Perona_Vector_Project/outputs/ethics_projection/activations/deontology_test_003584_layer47.npy
justice_test_000073,justice,fairness,honesty,32,276.57818603515625,mean_centered,/Users/manouchehrrimer/Desktop/BlueDot_Perona_Vector_Project/outputs/vector_construction/persona_vectors/honesty_layer32.npy,/Users/manouchehrrimer/Desktop/BlueDot_Perona_Vector_Project/outputs/ethics_projection/activations/justice_test_000073_layer32.npy
justice_test_000073,justice,fairness,harmlessness,32,-872.2596435546875,mean_centered,/Users/manouchehrrimer/Desktop/BlueDot_Perona_Vector_Project/outputs/vector_construction/persona_vectors/harmlessness_layer32.npy,/Users/manouchehrrimer/Desktop/BlueDot_Perona_Vector_Project/outputs/ethics_projection/activations/justice_test_000073_layer32.npy
justice_test_000073,justice,fairness,fairness,32,839.0968017578125,mean_centered,/Users/manouchehrrimer/Desktop/BlueDot_Perona_Vector_Project/outputs/vector_construction/persona_vectors/fairness_layer32.npy,/Users/manouchehrrimer/Desktop/BlueDot_Perona_Vector_Project/outputs/ethics_projection/activations/justice_test_000073_layer32.npy
justice_test_000073,justice,fairness,compassion,32,-226.77757263183594,mean_centered,/Users/manouchehrrimer/Desktop/BlueDot_Perona_Vector_Project/outputs/vector_construction/persona_vectors/compassion_layer32.npy,/Users/manouchehrrimer/Desktop/BlueDot_Perona_Vector_Project/outputs/ethics_projection/activations/justice_test_000073_layer32.npy
justice_test_000073,justice,fairness,honesty,40,997.8709716796875,mean_centered,/Users/manouchehrrimer/Desktop/BlueDot_Perona_Vector_Project/outputs/vector_construction/persona_vectors/honesty_layer40.npy,/Users/manouchehrrimer/Desktop/BlueDot_Perona_Vector_Project/outputs/ethics_projection/activations/justice_test_000073_layer40.npy
justice_test_000073,justice,fairness,harmlessness,40,-911.5293579101562,mean_centered,/Users/manouchehrrimer/Desktop/BlueDot_Perona_Vector_Project/outputs/vector_construction/persona_vectors/harmlessness_layer40.npy,/Users/manouchehrrimer/Desktop/BlueDot_Perona_Vector_Project/outputs/ethics_projection/activations/justice_test_000073_layer40.npy
justice_test_000073,justice,fairness,fairness,40,1410.48779296875,mean_centered,/Users/manouchehrrimer/Desktop/BlueDot_Perona_Vector_Project/outputs/vector_construction/persona_vectors/fairness_layer40.npy,/Users/manouchehrrimer/Desktop/BlueDot_Perona_Vector_Project/outputs/ethics_projection/activations/justice_test_000073_layer40.npy
justice_test_000073,justice,fairness,compassion,40,-703.2042236328125,mean_centered,/Users/manouchehrrimer/Desktop/BlueDot_Perona_Vector_Project/outputs/vector_construction/persona_vectors/compassion_layer40.npy,/Users/manouchehrrimer/Desktop/BlueDot_Perona_Vector_Project/outputs/ethics_projection/activations/justice_test_000073_layer40.npy
justice_test_000073,justice,fairness,honesty,47,755.8910522460938,mean_centered,/Users/manouchehrrimer/Desktop/BlueDot_Perona_Vector_Project/outputs/vector_construction/persona_vectors/honesty_layer47.npy,/Users/manouchehrrimer/Desktop/BlueDot_Perona_Vector_Project/outputs/ethics_projection/activations/justice_test_000073_layer47.npy
justice_test_000073,justice,fairness,harmlessness,47,97.33148193359375,mean_centered,/Users/manouchehrrimer/Desktop/BlueDot_Perona_Vector_Project/outputs/vector_construction/persona_vectors/harmlessness_layer47.npy,/Users/manouchehrrimer/Desktop/BlueDot_Perona_Vector_Project/outputs/ethics_projection/activations/justice_test_000073_layer47.npy
justice_test_000073,justice,fairness,fairness,47,1426.7548828125,mean_centered,/Users/manouchehrrimer/Desktop/BlueDot_Perona_Vector_Project/outputs/vector_construction/persona_vectors/fairness_layer47.npy,/Users/manouchehrrimer/Desktop/BlueDot_Perona_Vector_Project/outputs/ethics_projection/activations/justice_test_000073_layer47.npy
justice_test_000073,justice,fairness,compassion,47,-325.13323974609375,mean_centered,/Users/manouchehrrimer/Desktop/BlueDot_Perona_Vector_Project/outputs/vector_construction/persona_vectors/compassion_layer47.npy,/Users/manouchehrrimer/Desktop/BlueDot_Perona_Vector_Project/outputs/ethics_projection/activations/justice_test_000073_layer47.npy
justice_test_000080,justice,fairness,honesty,32,-10.11397933959961,mean_centered,/Users/manouchehrrimer/Desktop/BlueDot_Perona_Vector_Project/outputs/vector_construction/persona_vectors/honesty_layer32.npy,/Users/manouchehrrimer/Desktop/BlueDot_Perona_Vector_Project/outputs/ethics_projection/activations/justice_test_000080_layer32.npy
justice_test_000080,justice,fairness,harmlessness,32,-120.59954833984375,mean_centered,/Users/manouchehrrimer/Desktop/BlueDot_Perona_Vector_Project/outputs/vector_construction/persona_vectors/harmlessness_layer32.npy,/Users/manouchehrrimer/Desktop/BlueDot_Perona_Vector_Project/outputs/ethics_projection/activations/justice_test_000080_layer32.npy
justice_test_000080,justice,fairness,fairness,32,452.49102783203125,mean_centered,/Users/manouchehrrimer/Desktop/BlueDot_Perona_Vector_Project/outputs/vector_construction/persona_vectors/fairness_layer32.npy,/Users/manouchehrrimer/Desktop/BlueDot_Perona_Vector_Project/outputs/ethics_projection/activations/justice_test_000080_layer32.npy
justice_test_000080,justice,fairness,compassion,32,-221.26834106445312,mean_centered,/Users/manouchehrrimer/Desktop/BlueDot_Perona_Vector_Project/outputs/vector_construction/persona_vectors/compassion_layer32.npy,/Users/manouchehrrimer/Desktop/BlueDot_Perona_Vector_Project/outputs/ethics_projection/activations/justice_test_000080_layer32.npy
justice_test_000080,justice,fairness,honesty,40,3183.06298828125,mean_centered,/Users/manouchehrrimer/Desktop/BlueDot_Perona_Vector_Project/outputs/vector_construction/persona_vectors/honesty_layer40.npy,/Users/manouchehrrimer/Desktop/BlueDot_Perona_Vector_Project/outputs/ethics_projection/activations/justice_test_000080_layer40.npy
justice_test_000080,justice,fairness,harmlessness,40,-73.99174499511719,mean_centered,/Users/manouchehrrimer/Desktop/BlueDot_Perona_Vector_Project/outputs/vector_construction/persona_vectors/harmlessness_layer40.npy,/Users/manouchehrrimer/Desktop/BlueDot_Perona_Vector_Project/outputs/ethics_projection/activations/justice_test_000080_layer40.npy
justice_test_000080,justice,fairness,fairness,40,3065.328369140625,mean_centered,/Users/manouchehrrimer/Desktop/BlueDot_Perona_Vector_Project/outputs/vector_construction/persona_vectors/fairness_layer40.npy,/Users/manouchehrrimer/Desktop/BlueDot_Perona_Vector_Project/outputs/ethics_projection/activations/justice_test_000080_layer40.npy
justice_test_000080,justice,fairness,compassion,40,-231.01516723632812,mean_centered,/Users/manouchehrrimer/Desktop/BlueDot_Perona_Vector_Project/outputs/vector_construction/persona_vectors/compassion_layer40.npy,/Users/manouchehrrimer/Desktop/BlueDot_Perona_Vector_Project/outputs/ethics_projection/activations/justice_test_000080_layer40.npy
justice_test_000080,justice,fairness,honesty,47,68.71420288085938,mean_centered,/Users/manouchehrrimer/Desktop/BlueDot_Perona_Vector_Project/outputs/vector_construction/persona_vectors/honesty_layer47.npy,/Users/manouchehrrimer/Desktop/BlueDot_Perona_Vector_Project/outputs/ethics_projection/activations/justice_test_000080_layer47.npy
justice_test_000080,justice,fairness,harmlessness,47,-1383.63037109375,mean_centered,/Users/manouchehrrimer/Desktop/BlueDot_Perona_Vector_Project/outputs/vector_construction/persona_vectors/harmlessness_layer47.npy,/Users/manouchehrrimer/Desktop/BlueDot_Perona_Vector_Project/outputs/ethics_projection/activations/justice_test_000080_layer47.npy
justice_test_000080,justice,fairness,fairness,47,1341.1385498046875,mean_centered,/Users/manouchehrrimer/Desktop/BlueDot_Perona_Vector_Project/outputs/vector_construction/persona_vectors/fairness_layer47.npy,/Users/manouchehrrimer/Desktop/BlueDot_Perona_Vector_Project/outputs/ethics_projection/activations/justice_test_000080_layer47.npy
justice_test_000080,justice,fairness,compassion,47,-1312.5413818359375,mean_centered,/Users/manouchehrrimer/Desktop/BlueDot_Perona_Vector_Project/outputs/vector_construction/persona_vectors/compassion_layer47.npy,/Users/manouchehrrimer/Desktop/BlueDot_Perona_Vector_Project/outputs/ethics_projection/activations/justice_test_000080_layer47.npy
justice_test_000233,justice,fairness,honesty,32,2403.33056640625,mean_centered,/Users/manouchehrrimer/Desktop/BlueDot_Perona_Vector_Project/outputs/vector_construction/persona_vectors/honesty_layer32.npy,/Users/manouchehrrimer/Desktop/BlueDot_Perona_Vector_Project/outputs/ethics_projection/activations/justice_test_000233_layer32.npy
justice_test_000233,justice,fairness,harmlessness,32,-3595.062255859375,mean_centered,/Users/manouchehrrimer/Desktop/BlueDot_Perona_Vector_Project/outputs/vector_construction/persona_vectors/harmlessness_layer32.npy,/Users/manouchehrrimer/Desktop/BlueDot_Perona_Vector_Project/outputs/ethics_projection/activations/justice_test_000233_layer32.npy
justice_test_000233,justice,fairness,fairness,32,3259.138671875,mean_centered,/Users/manouchehrrimer/Desktop/BlueDot_Perona_Vector_Project/outputs/vector_construction/persona_vectors/fairness_layer32.npy,/Users/manouchehrrimer/Desktop/BlueDot_Perona_Vector_Project/outputs/ethics_projection/activations/justice_test_000233_layer32.npy
justice_test_000233,justice,fairness,compassion,32,2142.129150390625,mean_centered,/Users/manouchehrrimer/Desktop/BlueDot_Perona_Vector_Project/outputs/vector_construction/persona_vectors/compassion_layer32.npy,/Users/manouchehrrimer/Desktop/BlueDot_Perona_Vector_Project/outputs/ethics_projection/activations/justice_test_000233_layer32.npy
justice_test_000233,justice,fairness,honesty,40,9023.33203125,mean_centered,/Users/manouchehrrimer/Desktop/BlueDot_Perona_Vector_Project/outputs/vector_construction/persona_vectors/honesty_layer40.npy,/Users/manouchehrrimer/Desktop/BlueDot_Perona_Vector_Project/outputs/ethics_projection/activations/justice_test_000233_layer40.npy
justice_test_000233,justice,fairness,harmlessness,40,-95.67352294921875,mean_centered,/Users/manouchehrrimer/Desktop/BlueDot_Perona_Vector_Project/outputs/vector_construction/persona_vectors/harmlessness_layer40.npy,/Users/manouchehrrimer/Desktop/BlueDot_Perona_Vector_Project/outputs/ethics_projection/activations/justice_test_000233_layer40.npy
justice_test_000233,justice,fairness,fairness,40,7183.529296875,mean_centered,/Users/manouchehrrimer/Desktop/BlueDot_Perona_Vector_Project/outputs/vector_construction/persona_vectors/fairness_layer40.npy,/Users/manouchehrrimer/Desktop/BlueDot_Perona_Vector_Project/outputs/ethics_projection/activations/justice_test_000233_layer40.npy
justice_test_000233,justice,fairness,compassion,40,122.98870849609375,mean_centered,/Users/manouchehrrimer/Desktop/BlueDot_Perona_Vector_Project/outputs/vector_construction/persona_vectors/compassion_layer40.npy,/Users/manouchehrrimer/Desktop/BlueDot_Perona_Vector_Project/outputs/ethics_projection/activations/justice_test_000233_layer40.npy
justice_test_000233,justice,fairness,honesty,47,7051.65478515625,mean_centered,/Users/manouchehrrimer/Desktop/BlueDot_Perona_Vector_Project/outputs/vector_construction/persona_vectors/honesty_layer47.npy,/Users/manouchehrrimer/Desktop/BlueDot_Perona_Vector_Project/outputs/ethics_projection/activations/justice_test_000233_layer47.npy
justice_test_000233,justice,fairness,harmlessness,47,7947.2861328125,mean_centered,/Users/manouchehrrimer/Desktop/BlueDot_Perona_Vector_Project/outputs/vector_construction/persona_vectors/harmlessness_layer47.npy,/Users/manouchehrrimer/Desktop/BlueDot_Perona_Vector_Project/outputs/ethics_projection/activations/justice_test_000233_layer47.npy
justice_test_000233,justice,fairness,fairness,47,3289.707275390625,mean_centered,/Users/manouchehrrimer/Desktop/BlueDot_Perona_Vector_Project/outputs/vector_construction/persona_vectors/fairness_layer47.npy,/Users/manouchehrrimer/Desktop/BlueDot_Perona_Vector_Project/outputs/ethics_projection/activations/justice_test_000233_layer47.npy
justice_test_000233,justice,fairness,compassion,47,3691.5615234375,mean_centered,/Users/manouchehrrimer/Desktop/BlueDot_Perona_Vector_Project/outputs/vector_construction/persona_vectors/compassion_layer47.npy,/Users/manouchehrrimer/Desktop/BlueDot_Perona_Vector_Project/outputs/ethics_projection/activations/justice_test_000233_layer47.npy
justice_test_000270,justice,compassion,honesty,32,2523.802978515625,mean_centered,/Users/manouchehrrimer/Desktop/BlueDot_Perona_Vector_Project/outputs/vector_construction/persona_vectors/honesty_layer32.npy,/Users/manouchehrrimer/Desktop/BlueDot_Perona_Vector_Project/outputs/ethics_projection/activations/justice_test_000270_layer32.npy
justice_test_000270,justice,compassion,harmlessness,32,-3805.53466796875,mean_centered,/Users/manouchehrrimer/Desktop/BlueDot_Perona_Vector_Project/outputs/vector_construction/persona_vectors/harmlessness_layer32.npy,/Users/manouchehrrimer/Desktop/BlueDot_Perona_Vector_Project/outputs/ethics_projection/activations/justice_test_000270_layer32.npy
justice_test_000270,justice,compassion,fairness,32,3240.03857421875,mean_centered,/Users/manouchehrrimer/Desktop/BlueDot_Perona_Vector_Project/outputs/vector_construction/persona_vectors/fairness_layer32.npy,/Users/manouchehrrimer/Desktop/BlueDot_Perona_Vector_Project/outputs/ethics_projection/activations/justice_test_000270_layer32.npy
justice_test_000270,justice,compassion,compassion,32,2382.95458984375,mean_centered,/Users/manouchehrrimer/Desktop/BlueDot_Perona_Vector_Project/outputs/vector_construction/persona_vectors/compassion_layer32.npy,/Users/manouchehrrimer/Desktop/BlueDot_Perona_Vector_Project/outputs/ethics_projection/activations/justice_test_000270_layer32.npy
justice_test_000270,justice,compassion,honesty,40,10351.4833984375,mean_centered,/Users/manouchehrrimer/Desktop/BlueDot_Perona_Vector_Project/outputs/vector_construction/persona_vectors/honesty_layer40.npy,/Users/manouchehrrimer/Desktop/BlueDot_Perona_Vector_Project/outputs/ethics_projection/activations/justice_test_000270_layer40.npy
justice_test_000270,justice,compassion,harmlessness,40,-662.1526489257812,mean_centered,/Users/manouchehrrimer/Desktop/BlueDot_Perona_Vector_Project/outputs/vector_construction/persona_vectors/harmlessness_layer40.npy,/Users/manouchehrrimer/Desktop/BlueDot_Perona_Vector_Project/outputs/ethics_projection/activations/justice_test_000270_layer40.npy
justice_test_000270,justice,compassion,fairness,40,8039.70849609375,mean_centered,/Users/manouchehrrimer/Desktop/BlueDot_Perona_Vector_Project/outputs/vector_construction/persona_vectors/fairness_layer40.npy,/Users/manouchehrrimer/Desktop/BlueDot_Perona_Vector_Project/outputs/ethics_projection/activations/justice_test_000270_layer40.npy
justice_test_000270,justice,compassion,compassion,40,189.4017791748047,mean_centered,/Users/manouchehrrimer/Desktop/BlueDot_Perona_Vector_Project/outputs/vector_construction/persona_vectors/compassion_layer40.npy,/Users/manouchehrrimer/Desktop/BlueDot_Perona_Vector_Project/outputs/ethics_projection/activations/justice_test_000270_layer40.npy
justice_test_000270,justice,compassion,honesty,47,8039.6455078125,mean_centered,/Users/manouchehrrimer/Desktop/BlueDot_Perona_Vector_Project/outputs/vector_construction/persona_vectors/honesty_layer47.npy,/Users/manouchehrrimer/Desktop/BlueDot_Perona_Vector_Project/outputs/ethics_projection/activations/justice_test_000270_layer47.npy
justice_test_000270,justice,compassion,harmlessness,47,8552.255859375,mean_centered,/Users/manouchehrrimer/Desktop/BlueDot_Perona_Vector_Project/outputs/vector_construction/persona_vectors/harmlessness_layer47.npy,/Users/manouchehrrimer/Desktop/BlueDot_Perona_Vector_Project/outputs/ethics_projection/activations/justice_test_000270_layer47.npy
justice_test_000270,justice,compassion,fairness,47,4166.22265625,mean_centered,/Users/manouchehrrimer/Desktop/BlueDot_Perona_Vector_Project/outputs/vector_construction/persona_vectors/fairness_layer47.npy,/Users/manouchehrrimer/Desktop/BlueDot_Perona_Vector_Project/outputs/ethics_projection/activations/justice_test_000270_layer47.npy
justice_test_000270,justice,compassion,compassion,47,4660.2431640625,mean_centered,/Users/manouchehrrimer/Desktop/BlueDot_Perona_Vector_Project/outputs/vector_construction/persona_vectors/compassion_layer47.npy,/Users/manouchehrrimer/Desktop/BlueDot_Perona_Vector_Project/outputs/ethics_projection/activations/justice_test_000270_layer47.npy
justice_test_000291,justice,fairness,honesty,32,1760.14892578125,mean_centered,/Users/manouchehrrimer/Desktop/BlueDot_Perona_Vector_Project/outputs/vector_construction/persona_vectors/honesty_layer32.npy,/Users/manouchehrrimer/Desktop/BlueDot_Perona_Vector_Project/outputs/ethics_projection/activations/justice_test_000291_layer32.npy
justice_test_000291,justice,fairness,harmlessness,32,-1771.1156005859375,mean_centered,/Users/manouchehrrimer/Desktop/BlueDot_Perona_Vector_Project/outputs/vector_construction/persona_vectors/harmlessness_layer32.npy,/Users/manouchehrrimer/Desktop/BlueDot_Perona_Vector_Project/outputs/ethics_projection/activations/justice_test_000291_layer32.npy
justice_test_000291,justice,fairness,fairness,32,2116.079833984375,mean_centered,/Users/manouchehrrimer/Desktop/BlueDot_Perona_Vector_Project/outputs/vector_construction/persona_vectors/fairness_layer32.npy,/Users/manouchehrrimer/Desktop/BlueDot_Perona_Vector_Project/outputs/ethics_projection/activations/justice_test_000291_layer32.npy
justice_test_000291,justice,fairness,compassion,32,1513.1556396484375,mean_centered,/Users/manouchehrrimer/Desktop/BlueDot_Perona_Vector_Project/outputs/vector_construction/persona_vectors/compassion_layer32.npy,/Users/manouchehrrimer/Desktop/BlueDot_Perona_Vector_Project/outputs/ethics_projection/activations/justice_test_000291_layer32.npy
justice_test_000291,justice,fairness,honesty,40,5759.2587890625,mean_centered,/Users/manouchehrrimer/Desktop/BlueDot_Perona_Vector_Project/outputs/vector_construction/persona_vectors/honesty_layer40.npy,/Users/manouchehrrimer/Desktop/BlueDot_Perona_Vector_Project/outputs/ethics_projection/activations/justice_test_000291_layer40.npy
justice_test_000291,justice,fairness,harmlessness,40,262.14312744140625,mean_centered,/Users/manouchehrrimer/Desktop/BlueDot_Perona_Vector_Project/outputs/vector_construction/persona_vectors/harmlessness_layer40.npy,/Users/manouchehrrimer/Desktop/BlueDot_Perona_Vector_Project/outputs/ethics_projection/activations/justice_test_000291_layer40.npy
justice_test_000291,justice,fairness,fairness,40,4703.2197265625,mean_centered,/Users/manouchehrrimer/Desktop/BlueDot_Perona_Vector_Project/outputs/vector_construction/persona_vectors/fairness_layer40.npy,/Users/manouchehrrimer/Desktop/BlueDot_Perona_Vector_Project/outputs/ethics_projection/activations/justice_test_000291_layer40.npy
justice_test_000291,justice,fairness,compassion,40,79.20680236816406,mean_centered,/Users/manouchehrrimer/Desktop/BlueDot_Perona_Vector_Project/outputs/vector_construction/persona_vectors/compassion_layer40.npy,/Users/manouchehrrimer/Desktop/BlueDot_Perona_Vector_Project/outputs/ethics_projection/activations/justice_test_000291_layer40.npy
justice_test_000291,justice,fairness,honesty,47,7483.486328125,mean_centered,/Users/manouchehrrimer/Desktop/BlueDot_Perona_Vector_Project/outputs/vector_construction/persona_vectors/honesty_layer47.npy,/Users/manouchehrrimer/Desktop/BlueDot_Perona_Vector_Project/outputs/ethics_projection/activations/justice_test_000291_layer47.npy
justice_test_000291,justice,fairness,harmlessness,47,8478.76171875,mean_centered,/Users/manouchehrrimer/Desktop/BlueDot_Perona_Vector_Project/outputs/vector_construction/persona_vectors/harmlessness_layer47.npy,/Users/manouchehrrimer/Desktop/BlueDot_Perona_Vector_Project/outputs/ethics_projection/activations/justice_test_000291_layer47.npy
justice_test_000291,justice,fairness,fairness,47,2735.4755859375,mean_centered,/Users/manouchehrrimer/Desktop/BlueDot_Perona_Vector_Project/outputs/vector_construction/persona_vectors/fairness_layer47.npy,/Users/manouchehrrimer/Desktop/BlueDot_Perona_Vector_Project/outputs/ethics_projection/activations/justice_test_000291_layer47.npy
justice_test_000291,justice,fairness,compassion,47,4078.1650390625,mean_centered,/Users/manouchehrrimer/Desktop/BlueDot_Perona_Vector_Project/outputs/vector_construction/persona_vectors/compassion_layer47.npy,/Users/manouchehrrimer/Desktop/BlueDot_Perona_Vector_Project/outputs/ethics_projection/activations/justice_test_000291_layer47.npy
justice_test_000321,justice,fairness,honesty,32,-1185.1387939453125,mean_centered,/Users/manouchehrrimer/Desktop/BlueDot_Perona_Vector_Project/outputs/vector_construction/persona_vectors/honesty_layer32.npy,/Users/manouchehrrimer/Desktop/BlueDot_Perona_Vector_Project/outputs/ethics_projection/activations/justice_test_000321_layer32.npy
justice_test_000321,justice,fairness,harmlessness,32,1062.0098876953125,mean_centered,/Users/manouchehrrimer/Desktop/BlueDot_Perona_Vector_Project/outputs/vector_construction/persona_vectors/harmlessness_layer32.npy,/Users/manouchehrrimer/Desktop/BlueDot_Perona_Vector_Project/outputs/ethics_projection/activations/justice_test_000321_layer32.npy
justice_test_000321,justice,fairness,fairness,32,-1136.25341796875,mean_centered,/Users/manouchehrrimer/Desktop/BlueDot_Perona_Vector_Project/outputs/vector_construction/persona_vectors/fairness_layer32.npy,/Users/manouchehrrimer/Desktop/BlueDot_Perona_Vector_Project/outputs/ethics_projection/activations/justice_test_000321_layer32.npy
justice_test_000321,justice,fairness,compassion,32,-1227.6195068359375,mean_centered,/Users/manouchehrrimer/Desktop/BlueDot_Perona_Vector_Project/outputs/vector_construction/persona_vectors/compassion_layer32.npy,/Users/manouchehrrimer/Desktop/BlueDot_Perona_Vector_Project/outputs/ethics_projection/activations/justice_test_000321_layer32.npy
justice_test_000321,justice,fairness,honesty,40,-163.4398956298828,mean_centered,/Users/manouchehrrimer/Desktop/BlueDot_Perona_Vector_Project/outputs/vector_construction/persona_vectors/honesty_layer40.npy,/Users/manouchehrrimer/Desktop/BlueDot_Perona_Vector_Project/outputs/ethics_projection/activations/justice_test_000321_layer40.npy
justice_test_000321,justice,fairness,harmlessness,40,-488.63214111328125,mean_centered,/Users/manouchehrrimer/Desktop/BlueDot_Perona_Vector_Project/outputs/vector_construction/persona_vectors/harmlessness_layer40.npy,/Users/manouchehrrimer/Desktop/BlueDot_Perona_Vector_Project/outputs/ethics_projection/activations/justice_test_000321_layer40.npy
justice_test_000321,justice,fairness,fairness,40,-242.72091674804688,mean_centered,/Users/manouchehrrimer/Desktop/BlueDot_Perona_Vector_Project/outputs/vector_construction/persona_vectors/fairness_layer40.npy,/Users/manouchehrrimer/Desktop/BlueDot_Perona_Vector_Project/outputs/ethics_projection/activations/justice_test_000321_layer40.npy
justice_test_000321,justice,fairness,compassion,40,-352.1958312988281,mean_centered,/Users/manouchehrrimer/Desktop/BlueDot_Perona_Vector_Project/outputs/vector_construction/persona_vectors/compassion_layer40.npy,/Users/manouchehrrimer/Desktop/BlueDot_Perona_Vector_Project/outputs/ethics_projection/activations/justice_test_000321_layer40.npy
justice_test_000321,justice,fairness,honesty,47,-386.241455078125,mean_centered,/Users/manouchehrrimer/Desktop/BlueDot_Perona_Vector_Project/outputs/vector_construction/persona_vectors/honesty_layer47.npy,/Users/manouchehrrimer/Desktop/BlueDot_Perona_Vector_Project/outputs/ethics_projection/activations/justice_test_000321_layer47.npy
justice_test_000321,justice,fairness,harmlessness,47,-1048.4605712890625,mean_centered,/Users/manouchehrrimer/Desktop/BlueDot_Perona_Vector_Project/outputs/vector_construction/persona_vectors/harmlessness_layer47.npy,/Users/manouchehrrimer/Desktop/BlueDot_Perona_Vector_Project/outputs/ethics_projection/activations/justice_test_000321_layer47.npy
justice_test_000321,justice,fairness,fairness,47,-412.825439453125,mean_centered,/Users/manouchehrrimer/Desktop/BlueDot_Perona_Vector_Project/outputs/vector_construction/persona_vectors/fairness_layer47.npy,/Users/manouchehrrimer/Desktop/BlueDot_Perona_Vector_Project/outputs/ethics_projection/activations/justice_test_000321_layer47.npy
justice_test_000321,justice,fairness,compassion,47,-734.624267578125,mean_centered,/Users/manouchehrrimer/Desktop/BlueDot_Perona_Vector_Project/outputs/vector_construction/persona_vectors/compassion_layer47.npy,/Users/manouchehrrimer/Desktop/BlueDot_Perona_Vector_Project/outputs/ethics_projection/activations/justice_test_000321_layer47.npy
justice_test_000365,justice,fairness,honesty,32,-1727.794677734375,mean_centered,/Users/manouchehrrimer/Desktop/BlueDot_Perona_Vector_Project/outputs/vector_construction/persona_vectors/honesty_layer32.npy,/Users/manouchehrrimer/Desktop/BlueDot_Perona_Vector_Project/outputs/ethics_projection/activations/justice_test_000365_layer32.npy
justice_test_000365,justice,fairness,harmlessness,32,1608.569580078125,mean_centered,/Users/manouchehrrimer/Desktop/BlueDot_Perona_Vector_Project/outputs/vector_construction/persona_vectors/harmlessness_layer32.npy,/Users/manouchehrrimer/Desktop/BlueDot_Perona_Vector_Project/outputs/ethics_projection/activations/justice_test_000365_layer32.npy
justice_test_000365,justice,fairness,fairness,32,-1609.8216552734375,mean_centered,/Users/manouchehrrimer/Desktop/BlueDot_Perona_Vector_Project/outputs/vector_construction/persona_vectors/fairness_layer32.npy,/Users/manouchehrrimer/Desktop/BlueDot_Perona_Vector_Project/outputs/ethics_projection/activations/justice_test_000365_layer32.npy
justice_test_000365,justice,fairness,compassion,32,-1787.355224609375,mean_centered,/Users/manouchehrrimer/Desktop/BlueDot_Perona_Vector_Project/outputs/vector_construction/persona_vectors/compassion_layer32.npy,/Users/manouchehrrimer/Desktop/BlueDot_Perona_Vector_Project/outputs/ethics_projection/activations/justice_test_000365_layer32.npy
justice_test_000365,justice,fairness,honesty,40,-1339.04931640625,mean_centered,/Users/manouchehrrimer/Desktop/BlueDot_Perona_Vector_Project/outputs/vector_construction/persona_vectors/honesty_layer40.npy,/Users/manouchehrrimer/Desktop/BlueDot_Perona_Vector_Project/outputs/ethics_projection/activations/justice_test_000365_layer40.npy
justice_test_000365,justice,fairness,harmlessness,40,-901.47314453125,mean_centered,/Users/manouchehrrimer/Desktop/BlueDot_Perona_Vector_Project/outputs/vector_construction/persona_vectors/harmlessness_layer40.npy,/Users/manouchehrrimer/Desktop/BlueDot_Perona_Vector_Project/outputs/ethics_projection/activations/justice_test_000365_layer40.npy
justice_test_000365,justice,fairness,fairness,40,-753.2140502929688,mean_centered,/Users/manouchehrrimer/Desktop/BlueDot_Perona_Vector_Project/outputs/vector_construction/persona_vectors/fairness_layer40.npy,/Users/manouchehrrimer/Desktop/BlueDot_Perona_Vector_Project/outputs/ethics_projection/activations/justice_test_000365_layer40.npy
justice_test_000365,justice,fairness,compassion,40,-574.039306640625,mean_centered,/Users/manouchehrrimer/Desktop/BlueDot_Perona_Vector_Project/outputs/vector_construction/persona_vectors/compassion_layer40.npy,/Users/manouchehrrimer/Desktop/BlueDot_Perona_Vector_Project/outputs/ethics_projection/activations/justice_test_000365_layer40.npy
justice_test_000365,justice,fairness,honesty,47,-1508.27587890625,mean_centered,/Users/manouchehrrimer/Desktop/BlueDot_Perona_Vector_Project/outputs/vector_construction/persona_vectors/honesty_layer47.npy,/Users/manouchehrrimer/Desktop/BlueDot_Perona_Vector_Project/outputs/ethics_projection/activations/justice_test_000365_layer47.npy
justice_test_000365,justice,fairness,harmlessness,47,-3254.848876953125,mean_centered,/Users/manouchehrrimer/Desktop/BlueDot_Perona_Vector_Project/outputs/vector_construction/persona_vectors/harmlessness_layer47.npy,/Users/manouchehrrimer/Desktop/BlueDot_Perona_Vector_Project/outputs/ethics_projection/activations/justice_test_000365_layer47.npy
justice_test_000365,justice,fairness,fairness,47,-553.8502807617188,mean_centered,/Users/manouchehrrimer/Desktop/BlueDot_Perona_Vector_Project/outputs/vector_construction/persona_vectors/fairness_layer47.npy,/Users/manouchehrrimer/Desktop/BlueDot_Perona_Vector_Project/outputs/ethics_projection/activations/justice_test_000365_layer47.npy
justice_test_000365,justice,fairness,compassion,47,-1778.875,mean_centered,/Users/manouchehrrimer/Desktop/BlueDot_Perona_Vector_Project/outputs/vector_construction/persona_vectors/compassion_layer47.npy,/Users/manouchehrrimer/Desktop/BlueDot_Perona_Vector_Project/outputs/ethics_projection/activations/justice_test_000365_layer47.npy
justice_test_000439,justice,harmlessness,honesty,32,497.24761962890625,mean_centered,/Users/manouchehrrimer/Desktop/BlueDot_Perona_Vector_Project/outputs/vector_construction/persona_vectors/honesty_layer32.npy,/Users/manouchehrrimer/Desktop/BlueDot_Perona_Vector_Project/outputs/ethics_projection/activations/justice_test_000439_layer32.npy
justice_test_000439,justice,harmlessness,harmlessness,32,-346.4393310546875,mean_centered,/Users/manouchehrrimer/Desktop/BlueDot_Perona_Vector_Project/outputs/vector_construction/persona_vectors/harmlessness_layer32.npy,/Users/manouchehrrimer/Desktop/BlueDot_Perona_Vector_Project/outputs/ethics_projection/activations/justice_test_000439_layer32.npy
justice_test_000439,justice,harmlessness,fairness,32,756.397705078125,mean_centered,/Users/manouchehrrimer/Desktop/BlueDot_Perona_Vector_Project/outputs/vector_construction/persona_vectors/fairness_layer32.npy,/Users/manouchehrrimer/Desktop/BlueDot_Perona_Vector_Project/outputs/ethics_projection/activations/justice_test_000439_layer32.npy
justice_test_000439,justice,harmlessness,compassion,32,893.7128295898438,mean_centered,/Users/manouchehrrimer/Desktop/BlueDot_Perona_Vector_Project/outputs/vector_construction/persona_vectors/compassion_layer32.npy,/Users/manouchehrrimer/Desktop/BlueDot_Perona_Vector_Project/outputs/ethics_projection/activations/justice_test_000439_layer32.npy
justice_test_000439,justice,harmlessness,honesty,40,5698.19921875,mean_centered,/Users/manouchehrrimer/Desktop/BlueDot_Perona_Vector_Project/outputs/vector_construction/persona_vectors/honesty_layer40.npy,/Users/manouchehrrimer/Desktop/BlueDot_Perona_Vector_Project/outputs/ethics_projection/activations/justice_test_000439_layer40.npy
justice_test_000439,justice,harmlessness,harmlessness,40,936.7352294921875,mean_centered,/Users/manouchehrrimer/Desktop/BlueDot_Perona_Vector_Project/outputs/vector_construction/persona_vectors/harmlessness_layer40.npy,/Users/manouchehrrimer/Desktop/BlueDot_Perona_Vector_Project/outputs/ethics_projection/activations/justice_test_000439_layer40.npy
justice_test_000439,justice,harmlessness,fairness,40,4371.27734375,mean_centered,/Users/manouchehrrimer/Desktop/BlueDot_Perona_Vector_Project/outputs/vector_construction/persona_vectors/fairness_layer40.npy,/Users/manouchehrrimer/Desktop/BlueDot_Perona_Vector_Project/outputs/ethics_projection/activations/justice_test_000439_layer40.npy
justice_test_000439,justice,harmlessness,compassion,40,667.5094604492188,mean_centered,/Users/manouchehrrimer/Desktop/BlueDot_Perona_Vector_Project/outputs/vector_construction/persona_vectors/compassion_layer40.npy,/Users/manouchehrrimer/Desktop/BlueDot_Perona_Vector_Project/outputs/ethics_projection/activations/justice_test_000439_layer40.npy
justice_test_000439,justice,harmlessness,honesty,47,4943.330078125,mean_centered,/Users/manouchehrrimer/Desktop/BlueDot_Perona_Vector_Project/outputs/vector_construction/persona_vectors/honesty_layer47.npy,/Users/manouchehrrimer/Desktop/BlueDot_Perona_Vector_Project/outputs/ethics_projection/activations/justice_test_000439_layer47.npy
justice_test_000439,justice,harmlessness,harmlessness,47,5751.40234375,mean_centered,/Users/manouchehrrimer/Desktop/BlueDot_Perona_Vector_Project/outputs/vector_construction/persona_vectors/harmlessness_layer47.npy,/Users/manouchehrrimer/Desktop/BlueDot_Perona_Vector_Project/outputs/ethics_projection/activations/justice_test_000439_layer47.npy
justice_test_000439,justice,harmlessness,fairness,47,1737.0469970703125,mean_centered,/Users/manouchehrrimer/Desktop/BlueDot_Perona_Vector_Project/outputs/vector_construction/persona_vectors/fairness_layer47.npy,/Users/manouchehrrimer/Desktop/BlueDot_Perona_Vector_Project/outputs/ethics_projection/activations/justice_test_000439_layer47.npy
justice_test_000439,justice,harmlessness,compassion,47,2893.3349609375,mean_centered,/Users/manouchehrrimer/Desktop/BlueDot_Perona_Vector_Project/outputs/vector_construction/persona_vectors/compassion_layer47.npy,/Users/manouchehrrimer/Desktop/BlueDot_Perona_Vector_Project/outputs/ethics_projection/activations/justice_test_000439_layer47.npy
justice_test_000460,justice,compassion,honesty,32,1098.77001953125,mean_centered,/Users/manouchehrrimer/Desktop/BlueDot_Perona_Vector_Project/outputs/vector_construction/persona_vectors/honesty_layer32.npy,/Users/manouchehrrimer/Desktop/BlueDot_Perona_Vector_Project/outputs/ethics_projection/activations/justice_test_000460_layer32.npy
justice_test_000460,justice,compassion,harmlessness,32,-1392.231689453125,mean_centered,/Users/manouchehrrimer/Desktop/BlueDot_Perona_Vector_Project/outputs/vector_construction/persona_vectors/harmlessness_layer32.npy,/Users/manouchehrrimer/Desktop/BlueDot_Perona_Vector_Project/outputs/ethics_projection/activations/justice_test_000460_layer32.npy
justice_test_000460,justice,compassion,fairness,32,1394.562255859375,mean_centered,/Users/manouchehrrimer/Desktop/BlueDot_Perona_Vector_Project/outputs/vector_construction/persona_vectors/fairness_layer32.npy,/Users/manouchehrrimer/Desktop/BlueDot_Perona_Vector_Project/outputs/ethics_projection/activations/justice_test_000460_layer32.npy
justice_test_000460,justice,compassion,compassion,32,1127.1109619140625,mean_centered,/Users/manouchehrrimer/Desktop/BlueDot_Perona_Vector_Project/outputs/vector_construction/persona_vectors/compassion_layer32.npy,/Users/manouchehrrimer/Desktop/BlueDot_Perona_Vector_Project/outputs/ethics_projection/activations/justice_test_000460_layer32.npy
justice_test_000460,justice,compassion,honesty,40,7480.625,mean_centered,/Users/manouchehrrimer/Desktop/BlueDot_Perona_Vector_Project/outputs/vector_construction/persona_vectors/honesty_layer40.npy,/Users/manouchehrrimer/Desktop/BlueDot_Perona_Vector_Project/outputs/ethics_projection/activations/justice_test_000460_layer40.npy
justice_test_000460,justice,compassion,harmlessness,40,283.794921875,mean_centered,/Users/manouchehrrimer/Desktop/BlueDot_Perona_Vector_Project/outputs/vector_construction/persona_vectors/harmlessness_layer40.npy,/Users/manouchehrrimer/Desktop/BlueDot_Perona_Vector_Project/outputs/ethics_projection/activations/justice_test_000460_layer40.npy
justice_test_000460,justice,compassion,fairness,40,5545.17333984375,mean_centered,/Users/manouchehrrimer/Desktop/BlueDot_Perona_Vector_Project/outputs/vector_construction/persona_vectors/fairness_layer40.npy,/Users/manouchehrrimer/Desktop/BlueDot_Perona_Vector_Project/outputs/ethics_projection/activations/justice_test_000460_layer40.npy
justice_test_000460,justice,compassion,compassion,40,442.67645263671875,mean_centered,/Users/manouchehrrimer/Desktop/BlueDot_Perona_Vector_Project/outputs/vector_construction/persona_vectors/compassion_layer40.npy,/Users/manouchehrrimer/Desktop/BlueDot_Perona_Vector_Project/outputs/ethics_projection/activations/justice_test_000460_layer40.npy
justice_test_000460,justice,compassion,honesty,47,5957.5146484375,mean_centered,/Users/manouchehrrimer/Desktop/BlueDot_Perona_Vector_Project/outputs/vector_construction/persona_vectors/honesty_layer47.npy,/Users/manouchehrrimer/Desktop/BlueDot_Perona_Vector_Project/outputs/ethics_projection/activations/justice_test_000460_layer47.npy
justice_test_000460,justice,compassion,harmlessness,47,6445.42333984375,mean_centered,/Users/manouchehrrimer/Desktop/BlueDot_Perona_Vector_Project/outputs/vector_construction/persona_vectors/harmlessness_layer47.npy,/Users/manouchehrrimer/Desktop/BlueDot_Perona_Vector_Project/outputs/ethics_projection/activations/justice_test_000460_layer47.npy
justice_test_000460,justice,compassion,fairness,47,2584.20361328125,mean_centered,/Users/manouchehrrimer/Desktop/BlueDot_Perona_Vector_Project/outputs/vector_construction/persona_vectors/fairness_layer47.npy,/Users/manouchehrrimer/Desktop/BlueDot_Perona_Vector_Project/outputs/ethics_projection/activations/justice_test_000460_layer47.npy
justice_test_000460,justice,compassion,compassion,47,3002.88134765625,mean_centered,/Users/manouchehrrimer/Desktop/BlueDot_Perona_Vector_Project/outputs/vector_construction/persona_vectors/compassion_layer47.npy,/Users/manouchehrrimer/Desktop/BlueDot_Perona_Vector_Project/outputs/ethics_projection/activations/justice_test_000460_layer47.npy
justice_test_000507,justice,fairness,honesty,32,-33.66741943359375,mean_centered,/Users/manouchehrrimer/Desktop/BlueDot_Perona_Vector_Project/outputs/vector_construction/persona_vectors/honesty_layer32.npy,/Users/manouchehrrimer/Desktop/BlueDot_Perona_Vector_Project/outputs/ethics_projection/activations/justice_test_000507_layer32.npy
justice_test_000507,justice,fairness,harmlessness,32,-736.42822265625,mean_centered,/Users/manouchehrrimer/Desktop/BlueDot_Perona_Vector_Project/outputs/vector_construction/persona_vectors/harmlessness_layer32.npy,/Users/manouchehrrimer/Desktop/BlueDot_Perona_Vector_Project/outputs/ethics_projection/activations/justice_test_000507_layer32.npy
justice_test_000507,justice,fairness,fairness,32,448.2733154296875,mean_centered,/Users/manouchehrrimer/Desktop/BlueDot_Perona_Vector_Project/outputs/vector_construction/persona_vectors/fairness_layer32.npy,/Users/manouchehrrimer/Desktop/BlueDot_Perona_Vector_Project/outputs/ethics_projection/activations/justice_test_000507_layer32.npy
justice_test_000507,justice,fairness,compassion,32,-385.28131103515625,mean_centered,/Users/manouchehrrimer/Desktop/BlueDot_Perona_Vector_Project/outputs/vector_construction/persona_vectors/compassion_layer32.npy,/Users/manouchehrrimer/Desktop/BlueDot_Perona_Vector_Project/outputs/ethics_projection/activations/justice_test_000507_layer32.npy
justice_test_000507,justice,fairness,honesty,40,1392.551513671875,mean_centered,/Users/manouchehrrimer/Desktop/BlueDot_Perona_Vector_Project/outputs/vector_construction/persona_vectors/honesty_layer40.npy,/Users/manouchehrrimer/Desktop/BlueDot_Perona_Vector_Project/outputs/ethics_projection/activations/justice_test_000507_layer40.npy
justice_test_000507,justice,fairness,harmlessness,40,-1095.2799072265625,mean_centered,/Users/manouchehrrimer/Desktop/BlueDot_Perona_Vector_Project/outputs/vector_construction/persona_vectors/harmlessness_layer40.npy,/Users/manouchehrrimer/Desktop/BlueDot_Perona_Vector_Project/outputs/ethics_projection/activations/justice_test_000507_layer40.npy
justice_test_000507,justice,fairness,fairness,40,1438.00390625,mean_centered,/Users/manouchehrrimer/Desktop/BlueDot_Perona_Vector_Project/outputs/vector_construction/persona_vectors/fairness_layer40.npy,/Users/manouchehrrimer/Desktop/BlueDot_Perona_Vector_Project/outputs/ethics_projection/activations/justice_test_000507_layer40.npy
justice_test_000507,justice,fairness,compassion,40,-457.64666748046875,mean_centered,/Users/manouchehrrimer/Desktop/BlueDot_Perona_Vector_Project/outputs/vector_construction/persona_vectors/compassion_layer40.npy,/Users/manouchehrrimer/Desktop/BlueDot_Perona_Vector_Project/outputs/ethics_projection/activations/justice_test_000507_layer40.npy
justice_test_000507,justice,fairness,honesty,47,438.8792724609375,mean_centered,/Users/manouchehrrimer/Desktop/BlueDot_Perona_Vector_Project/outputs/vector_construction/persona_vectors/honesty_layer47.npy,/Users/manouchehrrimer/Desktop/BlueDot_Perona_Vector_Project/outputs/ethics_projection/activations/justice_test_000507_layer47.npy
justice_test_000507,justice,fairness,harmlessness,47,-603.0552978515625,mean_centered,/Users/manouchehrrimer/Desktop/BlueDot_Perona_Vector_Project/outputs/vector_construction/persona_vectors/harmlessness_layer47.npy,/Users/manouchehrrimer/Desktop/BlueDot_Perona_Vector_Project/outputs/ethics_projection/activations/justice_test_000507_layer47.npy
justice_test_000507,justice,fairness,fairness,47,732.9453125,mean_centered,/Users/manouchehrrimer/Desktop/BlueDot_Perona_Vector_Project/outputs/vector_construction/persona_vectors/fairness_layer47.npy,/Users/manouchehrrimer/Desktop/BlueDot_Perona_Vector_Project/outputs/ethics_projection/activations/justice_test_000507_layer47.npy
justice_test_000507,justice,fairness,compassion,47,-228.0483856201172,mean_centered,/Users/manouchehrrimer/Desktop/BlueDot_Perona_Vector_Project/outputs/vector_construction/persona_vectors/compassion_layer47.npy,/Users/manouchehrrimer/Desktop/BlueDot_Perona_Vector_Project/outputs/ethics_projection/activations/justice_test_000507_layer47.npy
justice_test_000581,justice,compassion,honesty,32,1016.744384765625,mean_centered,/Users/manouchehrrimer/Desktop/BlueDot_Perona_Vector_Project/outputs/vector_construction/persona_vectors/honesty_layer32.npy,/Users/manouchehrrimer/Desktop/BlueDot_Perona_Vector_Project/outputs/ethics_projection/activations/justice_test_000581_layer32.npy
justice_test_000581,justice,compassion,harmlessness,32,-1578.787841796875,mean_centered,/Users/manouchehrrimer/Desktop/BlueDot_Perona_Vector_Project/outputs/vector_construction/persona_vectors/harmlessness_layer32.npy,/Users/manouchehrrimer/Desktop/BlueDot_Perona_Vector_Project/outputs/ethics_projection/activations/justice_test_000581_layer32.npy
justice_test_000581,justice,compassion,fairness,32,1111.5966796875,mean_centered,/Users/manouchehrrimer/Desktop/BlueDot_Perona_Vector_Project/outputs/vector_construction/persona_vectors/fairness_layer32.npy,/Users/manouchehrrimer/Desktop/BlueDot_Perona_Vector_Project/outputs/ethics_projection/activations/justice_test_000581_layer32.npy
justice_test_000581,justice,compassion,compassion,32,1064.0811767578125,mean_centered,/Users/manouchehrrimer/Desktop/BlueDot_Perona_Vector_Project/outputs/vector_construction/persona_vectors/compassion_layer32.npy,/Users/manouchehrrimer/Desktop/BlueDot_Perona_Vector_Project/outputs/ethics_projection/activations/justice_test_000581_layer32.npy
justice_test_000581,justice,compassion,honesty,40,5291.7607421875,mean_centered,/Users/manouchehrrimer/Desktop/BlueDot_Perona_Vector_Project/outputs/vector_construction/persona_vectors/honesty_layer40.npy,/Users/manouchehrrimer/Desktop/BlueDot_Perona_Vector_Project/outputs/ethics_projection/activations/justice_test_000581_layer40.npy
justice_test_000581,justice,compassion,harmlessness,40,183.3284912109375,mean_centered,/Users/manouchehrrimer/Desktop/BlueDot_Perona_Vector_Project/outputs/vector_construction/persona_vectors/harmlessness_layer40.npy,/Users/manouchehrrimer/Desktop/BlueDot_Perona_Vector_Project/outputs/ethics_projection/activations/justice_test_000581_layer40.npy
justice_test_000581,justice,compassion,fairness,40,3766.13525390625,mean_centered,/Users/manouchehrrimer/Desktop/BlueDot_Perona_Vector_Project/outputs/vector_construction/persona_vectors/fairness_layer40.npy,/Users/manouchehrrimer/Desktop/BlueDot_Perona_Vector_Project/outputs/ethics_projection/activations/justice_test_000581_layer40.npy
justice_test_000581,justice,compassion,compassion,40,2.727508544921875,mean_centered,/Users/manouchehrrimer/Desktop/BlueDot_Perona_Vector_Project/outputs/vector_construction/persona_vectors/compassion_layer40.npy,/Users/manouchehrrimer/Desktop/BlueDot_Perona_Vector_Project/outputs/ethics_projection/activations/justice_test_000581_layer40.npy
justice_test_000581,justice,compassion,honesty,47,4398.2099609375,mean_centered,/Users/manouchehrrimer/Desktop/BlueDot_Perona_Vector_Project/outputs/vector_construction/persona_vectors/honesty_layer47.npy,/Users/manouchehrrimer/Desktop/BlueDot_Perona_Vector_Project/outputs/ethics_projection/activations/justice_test_000581_layer47.npy
justice_test_000581,justice,compassion,harmlessness,47,5959.4013671875,mean_centered,/Users/manouchehrrimer/Desktop/BlueDot_Perona_Vector_Project/outputs/vector_construction/persona_vectors/harmlessness_layer47.npy,/Users/manouchehrrimer/Desktop/BlueDot_Perona_Vector_Project/outputs/ethics_projection/activations/justice_test_000581_layer47.npy
justice_test_000581,justice,compassion,fairness,47,2024.62890625,mean_centered,/Users/manouchehrrimer/Desktop/BlueDot_Perona_Vector_Project/outputs/vector_construction/persona_vectors/fairness_layer47.npy,/Users/manouchehrrimer/Desktop/BlueDot_Perona_Vector_Project/outputs/ethics_projection/activations/justice_test_000581_layer47.npy
justice_test_000581,justice,compassion,compassion,47,2755.88134765625,mean_centered,/Users/manouchehrrimer/Desktop/BlueDot_Perona_Vector_Project/outputs/vector_construction/persona_vectors/compassion_layer47.npy,/Users/manouchehrrimer/Desktop/BlueDot_Perona_Vector_Project/outputs/ethics_projection/activations/justice_test_000581_layer47.npy
justice_test_000677,justice,fairness,honesty,32,-884.962890625,mean_centered,/Users/manouchehrrimer/Desktop/BlueDot_Perona_Vector_Project/outputs/vector_construction/persona_vectors/honesty_layer32.npy,/Users/manouchehrrimer/Desktop/BlueDot_Perona_Vector_Project/outputs/ethics_projection/activations/justice_test_000677_layer32.npy
justice_test_000677,justice,fairness,harmlessness,32,1139.238037109375,mean_centered,/Users/manouchehrrimer/Desktop/BlueDot_Perona_Vector_Project/outputs/vector_construction/persona_vectors/harmlessness_layer32.npy,/Users/manouchehrrimer/Desktop/BlueDot_Perona_Vector_Project/outputs/ethics_projection/activations/justice_test_000677_layer32.npy
justice_test_000677,justice,fairness,fairness,32,-656.331298828125,mean_centered,/Users/manouchehrrimer/Desktop/BlueDot_Perona_Vector_Project/outputs/vector_construction/persona_vectors/fairness_layer32.npy,/Users/manouchehrrimer/Desktop/BlueDot_Perona_Vector_Project/outputs/ethics_projection/activations/justice_test_000677_layer32.npy
justice_test_000677,justice,fairness,compassion,32,-1094.428466796875,mean_centered,/Users/manouchehrrimer/Desktop/BlueDot_Perona_Vector_Project/outputs/vector_construction/persona_vectors/compassion_layer32.npy,/Users/manouchehrrimer/Desktop/BlueDot_Perona_Vector_Project/outputs/ethics_projection/activations/justice_test_000677_layer32.npy
justice_test_000677,justice,fairness,honesty,40,-860.9501953125,mean_centered,/Users/manouchehrrimer/Desktop/BlueDot_Perona_Vector_Project/outputs/vector_construction/persona_vectors/honesty_layer40.npy,/Users/manouchehrrimer/Desktop/BlueDot_Perona_Vector_Project/outputs/ethics_projection/activations/justice_test_000677_layer40.npy
justice_test_000677,justice,fairness,harmlessness,40,106.35498046875,mean_centered,/Users/manouchehrrimer/Desktop/BlueDot_Perona_Vector_Project/outputs/vector_construction/persona_vectors/harmlessness_layer40.npy,/Users/manouchehrrimer/Desktop/BlueDot_Perona_Vector_Project/outputs/ethics_projection/activations/justice_test_000677_layer40.npy
justice_test_000677,justice,fairness,fairness,40,-63.703857421875,mean_centered,/Users/manouchehrrimer/Desktop/BlueDot_Perona_Vector_Project/outputs/vector_construction/persona_vectors/fairness_layer40.npy,/Users/manouchehrrimer/Desktop/BlueDot_Perona_Vector_Project/outputs/ethics_projection/activations/justice_test_000677_layer40.npy
justice_test_000677,justice,fairness,compassion,40,-506.6315612792969,mean_centered,/Users/manouchehrrimer/Desktop/BlueDot_Perona_Vector_Project/outputs/vector_construction/persona_vectors/compassion_layer40.npy,/Users/manouchehrrimer/Desktop/BlueDot_Perona_Vector_Project/outputs/ethics_projection/activations/justice_test_000677_layer40.npy
justice_test_000677,justice,fairness,honesty,47,4422.158203125,mean_centered,/Users/manouchehrrimer/Desktop/BlueDot_Perona_Vector_Project/outputs/vector_construction/persona_vectors/honesty_layer47.npy,/Users/manouchehrrimer/Desktop/BlueDot_Perona_Vector_Project/outputs/ethics_projection/activations/justice_test_000677_layer47.npy
justice_test_000677,justice,fairness,harmlessness,47,4877.5556640625,mean_centered,/Users/manouchehrrimer/Desktop/BlueDot_Perona_Vector_Project/outputs/vector_construction/persona_vectors/harmlessness_layer47.npy,/Users/manouchehrrimer/Desktop/BlueDot_Perona_Vector_Project/outputs/ethics_projection/activations/justice_test_000677_layer47.npy
justice_test_000677,justice,fairness,fairness,47,2787.291015625,mean_centered,/Users/manouchehrrimer/Desktop/BlueDot_Perona_Vector_Project/outputs/vector_construction/persona_vectors/fairness_layer47.npy,/Users/manouchehrrimer/Desktop/BlueDot_Perona_Vector_Project/outputs/ethics_projection/activations/justice_test_000677_layer47.npy
justice_test_000677,justice,fairness,compassion,47,1600.83984375,mean_centered,/Users/manouchehrrimer/Desktop/BlueDot_Perona_Vector_Project/outputs/vector_construction/persona_vectors/compassion_layer47.npy,/Users/manouchehrrimer/Desktop/BlueDot_Perona_Vector_Project/outputs/ethics_projection/activations/justice_test_000677_layer47.npy
justice_test_000741,justice,compassion,honesty,32,-198.858642578125,mean_centered,/Users/manouchehrrimer/Desktop/BlueDot_Perona_Vector_Project/outputs/vector_construction/persona_vectors/honesty_layer32.npy,/Users/manouchehrrimer/Desktop/BlueDot_Perona_Vector_Project/outputs/ethics_projection/activations/justice_test_000741_layer32.npy
justice_test_000741,justice,compassion,harmlessness,32,100.55485534667969,mean_centered,/Users/manouchehrrimer/Desktop/BlueDot_Perona_Vector_Project/outputs/vector_construction/persona_vectors/harmlessness_layer32.npy,/Users/manouchehrrimer/Desktop/BlueDot_Perona_Vector_Project/outputs/ethics_projection/activations/justice_test_000741_layer32.npy
justice_test_000741,justice,compassion,fairness,32,233.28472900390625,mean_centered,/Users/manouchehrrimer/Desktop/BlueDot_Perona_Vector_Project/outputs/vector_construction/persona_vectors/fairness_layer32.npy,/Users/manouchehrrimer/Desktop/BlueDot_Perona_Vector_Project/outputs/ethics_projection/activations/justice_test_000741_layer32.npy
justice_test_000741,justice,compassion,compassion,32,-193.7443389892578,mean_centered,/Users/manouchehrrimer/Desktop/BlueDot_Perona_Vector_Project/outputs/vector_construction/persona_vectors/compassion_layer32.npy,/Users/manouchehrrimer/Desktop/BlueDot_Perona_Vector_Project/outputs/ethics_projection/activations/justice_test_000741_layer32.npy
justice_test_000741,justice,compassion,honesty,40,3783.495361328125,mean_centered,/Users/manouchehrrimer/Desktop/BlueDot_Perona_Vector_Project/outputs/vector_construction/persona_vectors/honesty_layer40.npy,/Users/manouchehrrimer/Desktop/BlueDot_Perona_Vector_Project/outputs/ethics_projection/activations/justice_test_000741_layer40.npy
justice_test_000741,justice,compassion,harmlessness,40,290.6029052734375,mean_centered,/Users/manouchehrrimer/Desktop/BlueDot_Perona_Vector_Project/outputs/vector_construction/persona_vectors/harmlessness_layer40.npy,/Users/manouchehrrimer/Desktop/BlueDot_Perona_Vector_Project/outputs/ethics_projection/activations/justice_test_000741_layer40.npy
justice_test_000741,justice,compassion,fairness,40,3538.610595703125,mean_centered,/Users/manouchehrrimer/Desktop/BlueDot_Perona_Vector_Project/outputs/vector_construction/persona_vectors/fairness_layer40.npy,/Users/manouchehrrimer/Desktop/BlueDot_Perona_Vector_Project/outputs/ethics_projection/activations/justice_test_000741_layer40.npy
justice_test_000741,justice,compassion,compassion,40,-323.4361572265625,mean_centered,/Users/manouchehrrimer/Desktop/BlueDot_Perona_Vector_Project/outputs/vector_construction/persona_vectors/compassion_layer40.npy,/Users/manouchehrrimer/Desktop/BlueDot_Perona_Vector_Project/outputs/ethics_projection/activations/justice_test_000741_layer40.npy
justice_test_000741,justice,compassion,honesty,47,2332.66162109375,mean_centered,/Users/manouchehrrimer/Desktop/BlueDot_Perona_Vector_Project/outputs/vector_construction/persona_vectors/honesty_layer47.npy,/Users/manouchehrrimer/Desktop/BlueDot_Perona_Vector_Project/outputs/ethics_projection/activations/justice_test_000741_layer47.npy
justice_test_000741,justice,compassion,harmlessness,47,1980.541748046875,mean_centered,/Users/manouchehrrimer/Desktop/BlueDot_Perona_Vector_Project/outputs/vector_construction/persona_vectors/harmlessness_layer47.npy,/Users/manouchehrrimer/Desktop/BlueDot_Perona_Vector_Project/outputs/ethics_projection/activations/justice_test_000741_layer47.npy
justice_test_000741,justice,compassion,fairness,47,1652.62353515625,mean_centered,/Users/manouchehrrimer/Desktop/BlueDot_Perona_Vector_Project/outputs/vector_construction/persona_vectors/fairness_layer47.npy,/Users/manouchehrrimer/Desktop/BlueDot_Perona_Vector_Project/outputs/ethics_projection/activations/justice_test_000741_layer47.npy
justice_test_000741,justice,compassion,compassion,47,320.454833984375,mean_centered,/Users/manouchehrrimer/Desktop/BlueDot_Perona_Vector_Project/outputs/vector_construction/persona_vectors/compassion_layer47.npy,/Users/manouchehrrimer/Desktop/BlueDot_Perona_Vector_Project/outputs/ethics_projection/activations/justice_test_000741_layer47.npy
justice_test_000755,justice,fairness,honesty,32,1861.487548828125,mean_centered,/Users/manouchehrrimer/Desktop/BlueDot_Perona_Vector_Project/outputs/vector_construction/persona_vectors/honesty_layer32.npy,/Users/manouchehrrimer/Desktop/BlueDot_Perona_Vector_Project/outputs/ethics_projection/activations/justice_test_000755_layer32.npy
justice_test_000755,justice,fairness,harmlessness,32,-2422.134521484375,mean_centered,/Users/manouchehrrimer/Desktop/BlueDot_Perona_Vector_Project/outputs/vector_construction/persona_vectors/harmlessness_layer32.npy,/Users/manouchehrrimer/Desktop/BlueDot_Perona_Vector_Project/outputs/ethics_projection/activations/justice_test_000755_layer32.npy
justice_test_000755,justice,fairness,fairness,32,1950.7755126953125,mean_centered,/Users/manouchehrrimer/Desktop/BlueDot_Perona_Vector_Project/outputs/vector_construction/persona_vectors/fairness_layer32.npy,/Users/manouchehrrimer/Desktop/BlueDot_Perona_Vector_Project/outputs/ethics_projection/activations/justice_test_000755_layer32.npy
justice_test_000755,justice,fairness,compassion,32,1655.35205078125,mean_centered,/Users/manouchehrrimer/Desktop/BlueDot_Perona_Vector_Project/outputs/vector_construction/persona_vectors/compassion_layer32.npy,/Users/manouchehrrimer/Desktop/BlueDot_Perona_Vector_Project/outputs/ethics_projection/activations/justice_test_000755_layer32.npy
justice_test_000755,justice,fairness,honesty,40,5816.52294921875,mean_centered,/Users/manouchehrrimer/Desktop/BlueDot_Perona_Vector_Project/outputs/vector_construction/persona_vectors/honesty_layer40.npy,/Users/manouchehrrimer/Desktop/BlueDot_Perona_Vector_Project/outputs/ethics_projection/activations/justice_test_000755_layer40.npy
justice_test_000755,justice,fairness,harmlessness,40,-380.62628173828125,mean_centered,/Users/manouchehrrimer/Desktop/BlueDot_Perona_Vector_Project/outputs/vector_construction/persona_vectors/harmlessness_layer40.npy,/Users/manouchehrrimer/Desktop/BlueDot_Perona_Vector_Project/outputs/ethics_projection/activations/justice_test_000755_layer40.npy
justice_test_000755,justice,fairness,fairness,40,4082.6669921875,mean_centered,/Users/manouchehrrimer/Desktop/BlueDot_Perona_Vector_Project/outputs/vector_construction/persona_vectors/fairness_layer40.npy,/Users/manouchehrrimer/Desktop/BlueDot_Perona_Vector_Project/outputs/ethics_projection/activations/justice_test_000755_layer40.npy
justice_test_000755,justice,fairness,compassion,40,116.83241271972656,mean_centered,/Users/manouchehrrimer/Desktop/BlueDot_Perona_Vector_Project/outputs/vector_construction/persona_vectors/compassion_layer40.npy,/Users/manouchehrrimer/Desktop/BlueDot_Perona_Vector_Project/outputs/ethics_projection/activations/justice_test_000755_layer40.npy
justice_test_000755,justice,fairness,honesty,47,4184.83642578125,mean_centered,/Users/manouchehrrimer/Desktop/BlueDot_Perona_Vector_Project/outputs/vector_construction/persona_vectors/honesty_layer47.npy,/Users/manouchehrrimer/Desktop/BlueDot_Perona_Vector_Project/outputs/ethics_projection/activations/justice_test_000755_layer47.npy
justice_test_000755,justice,fairness,harmlessness,47,4949.86767578125,mean_centered,/Users/manouchehrrimer/Desktop/BlueDot_Perona_Vector_Project/outputs/vector_construction/persona_vectors/harmlessness_layer47.npy,/Users/manouchehrrimer/Desktop/BlueDot_Perona_Vector_Project/outputs/ethics_projection/activations/justice_test_000755_layer47.npy
justice_test_000755,justice,fairness,fairness,47,1629.081787109375,mean_centered,/Users/manouchehrrimer/Desktop/BlueDot_Perona_Vector_Project/outputs/vector_construction/persona_vectors/fairness_layer47.npy,/Users/manouchehrrimer/Desktop/BlueDot_Perona_Vector_Project/outputs/ethics_projection/activations/justice_test_000755_layer47.npy
justice_test_000755,justice,fairness,compassion,47,2904.578125,mean_centered,/Users/manouchehrrimer/Desktop/BlueDot_Perona_Vector_Project/outputs/vector_construction/persona_vectors/compassion_layer47.npy,/Users/manouchehrrimer/Desktop/BlueDot_Perona_Vector_Project/outputs/ethics_projection/activations/justice_test_000755_layer47.npy
justice_test_000785,justice,fairness,honesty,32,-638.1268310546875,mean_centered,/Users/manouchehrrimer/Desktop/BlueDot_Perona_Vector_Project/outputs/vector_construction/persona_vectors/honesty_layer32.npy,/Users/manouchehrrimer/Desktop/BlueDot_Perona_Vector_Project/outputs/ethics_projection/activations/justice_test_000785_layer32.npy
justice_test_000785,justice,fairness,harmlessness,32,605.0638427734375,mean_centered,/Users/manouchehrrimer/Desktop/BlueDot_Perona_Vector_Project/outputs/vector_construction/persona_vectors/harmlessness_layer32.npy,/Users/manouchehrrimer/Desktop/BlueDot_Perona_Vector_Project/outputs/ethics_projection/activations/justice_test_000785_layer32.npy
justice_test_000785,justice,fairness,fairness,32,-391.0305480957031,mean_centered,/Users/manouchehrrimer/Desktop/BlueDot_Perona_Vector_Project/outputs/vector_construction/persona_vectors/fairness_layer32.npy,/Users/manouchehrrimer/Desktop/BlueDot_Perona_Vector_Project/outputs/ethics_projection/activations/justice_test_000785_layer32.npy
justice_test_000785,justice,fairness,compassion,32,-1007.65771484375,mean_centered,/Users/manouchehrrimer/Desktop/BlueDot_Perona_Vector_Project/outputs/vector_construction/persona_vectors/compassion_layer32.npy,/Users/manouchehrrimer/Desktop/BlueDot_Perona_Vector_Project/outputs/ethics_projection/activations/justice_test_000785_layer32.npy
justice_test_000785,justice,fairness,honesty,40,-1296.569091796875,mean_centered,/Users/manouchehrrimer/Desktop/BlueDot_Perona_Vector_Project/outputs/vector_construction/persona_vectors/honesty_layer40.npy,/Users/manouchehrrimer/Desktop/BlueDot_Perona_Vector_Project/outputs/ethics_projection/activations/justice_test_000785_layer40.npy
justice_test_000785,justice,fairness,harmlessness,40,-691.4209594726562,mean_centered,/Users/manouchehrrimer/Desktop/BlueDot_Perona_Vector_Project/outputs/vector_construction/persona_vectors/harmlessness_layer40.npy,/Users/manouchehrrimer/Desktop/BlueDot_Perona_Vector_Project/outputs/ethics_projection/activations/justice_test_000785_layer40.npy
justice_test_000785,justice,fairness,fairness,40,-565.0864868164062,mean_centered,/Users/manouchehrrimer/Desktop/BlueDot_Perona_Vector_Project/outputs/vector_construction/persona_vectors/fairness_layer40.npy,/Users/manouchehrrimer/Desktop/BlueDot_Perona_Vector_Project/outputs/ethics_projection/activations/justice_test_000785_layer40.npy
justice_test_000785,justice,fairness,compassion,40,-684.35546875,mean_centered,/Users/manouchehrrimer/Desktop/BlueDot_Perona_Vector_Project/outputs/vector_construction/persona_vectors/compassion_layer40.npy,/Users/manouchehrrimer/Desktop/BlueDot_Perona_Vector_Project/outputs/ethics_projection/activations/justice_test_000785_layer40.npy
justice_test_000785,justice,fairness,honesty,47,1494.00341796875,mean_centered,/Users/manouchehrrimer/Desktop/BlueDot_Perona_Vector_Project/outputs/vector_construction/persona_vectors/honesty_layer47.npy,/Users/manouchehrrimer/Desktop/BlueDot_Perona_Vector_Project/outputs/ethics_projection/activations/justice_test_000785_layer47.npy
justice_test_000785,justice,fairness,harmlessness,47,1546.8466796875,mean_centered,/Users/manouchehrrimer/Desktop/BlueDot_Perona_Vector_Project/outputs/vector_construction/persona_vectors/harmlessness_layer47.npy,/Users/manouchehrrimer/Desktop/BlueDot_Perona_Vector_Project/outputs/ethics_projection/activations/justice_test_000785_layer47.npy
justice_test_000785,justice,fairness,fairness,47,1353.8134765625,mean_centered,/Users/manouchehrrimer/Desktop/BlueDot_Perona_Vector_Project/outputs/vector_construction/persona_vectors/fairness_layer47.npy,/Users/manouchehrrimer/Desktop/BlueDot_Perona_Vector_Project/outputs/ethics_projection/activations/justice_test_000785_layer47.npy
justice_test_000785,justice,fairness,compassion,47,586.7854614257812,mean_centered,/Users/manouchehrrimer/Desktop/BlueDot_Perona_Vector_Project/outputs/vector_construction/persona_vectors/compassion_layer47.npy,/Users/manouchehrrimer/Desktop/BlueDot_Perona_Vector_Project/outputs/ethics_projection/activations/justice_test_000785_layer47.npy
justice_test_000798,justice,fairness,honesty,32,-1376.06396484375,mean_centered,/Users/manouchehrrimer/Desktop/BlueDot_Perona_Vector_Project/outputs/vector_construction/persona_vectors/honesty_layer32.npy,/Users/manouchehrrimer/Desktop/BlueDot_Perona_Vector_Project/outputs/ethics_projection/activations/justice_test_000798_layer32.npy
justice_test_000798,justice,fairness,harmlessness,32,674.6857299804688,mean_centered,/Users/manouchehrrimer/Desktop/BlueDot_Perona_Vector_Project/outputs/vector_construction/persona_vectors/harmlessness_layer32.npy,/Users/manouchehrrimer/Desktop/BlueDot_Perona_Vector_Project/outputs/ethics_projection/activations/justice_test_000798_layer32.npy
justice_test_000798,justice,fairness,fairness,32,-616.4395751953125,mean_centered,/Users/manouchehrrimer/Desktop/BlueDot_Perona_Vector_Project/outputs/vector_construction/persona_vectors/fairness_layer32.npy,/Users/manouchehrrimer/Desktop/BlueDot_Perona_Vector_Project/outputs/ethics_projection/activations/justice_test_000798_layer32.npy
justice_test_000798,justice,fairness,compassion,32,-1182.514892578125,mean_centered,/Users/manouchehrrimer/Desktop/BlueDot_Perona_Vector_Project/outputs/vector_construction/persona_vectors/compassion_layer32.npy,/Users/manouchehrrimer/Desktop/BlueDot_Perona_Vector_Project/outputs/ethics_projection/activations/justice_test_000798_layer32.npy
justice_test_000798,justice,fairness,honesty,40,-895.9057006835938,mean_centered,/Users/manouchehrrimer/Desktop/BlueDot_Perona_Vector_Project/outputs/vector_construction/persona_vectors/honesty_layer40.npy,/Users/manouchehrrimer/Desktop/BlueDot_Perona_Vector_Project/outputs/ethics_projection/activations/justice_test_000798_layer40.npy
justice_test_000798,justice,fairness,harmlessness,40,-1053.454833984375,mean_centered,/Users/manouchehrrimer/Desktop/BlueDot_Perona_Vector_Project/outputs/vector_construction/persona_vectors/harmlessness_layer40.npy,/Users/manouchehrrimer/Desktop/BlueDot_Perona_Vector_Project/outputs/ethics_projection/activations/justice_test_000798_layer40.npy
justice_test_000798,justice,fairness,fairness,40,-23.7801513671875,mean_centered,/Users/manouchehrrimer/Desktop/BlueDot_Perona_Vector_Project/outputs/vector_construction/persona_vectors/fairness_layer40.npy,/Users/manouchehrrimer/Desktop/BlueDot_Perona_Vector_Project/outputs/ethics_projection/activations/justice_test_000798_layer40.npy
justice_test_000798,justice,fairness,compassion,40,-441.7088928222656,mean_centered,/Users/manouchehrrimer/Desktop/BlueDot_Perona_Vector_Project/outputs/vector_construction/persona_vectors/compassion_layer40.npy,/Users/manouchehrrimer/Desktop/BlueDot_Perona_Vector_Project/outputs/ethics_projection/activations/justice_test_000798_layer40.npy
justice_test_000798,justice,fairness,honesty,47,-1472.71728515625,mean_centered,/Users/manouchehrrimer/Desktop/BlueDot_Perona_Vector_Project/outputs/vector_construction/persona_vectors/honesty_layer47.npy,/Users/manouchehrrimer/Desktop/BlueDot_Perona_Vector_Project/outputs/ethics_projection/activations/justice_test_000798_layer47.npy
justice_test_000798,justice,fairness,harmlessness,47,-1629.360595703125,mean_centered,/Users/manouchehrrimer/Desktop/BlueDot_Perona_Vector_Project/outputs/vector_construction/persona_vectors/harmlessness_layer47.npy,/Users/manouchehrrimer/Desktop/BlueDot_Perona_Vector_Project/outputs/ethics_projection/activations/justice_test_000798_layer47.npy
justice_test_000798,justice,fairness,fairness,47,271.2620849609375,mean_centered,/Users/manouchehrrimer/Desktop/BlueDot_Perona_Vector_Project/outputs/vector_construction/persona_vectors/fairness_layer47.npy,/Users/manouchehrrimer/Desktop/BlueDot_Perona_Vector_Project/outputs/ethics_projection/activations/justice_test_000798_layer47.npy
justice_test_000798,justice,fairness,compassion,47,-404.96563720703125,mean_centered,/Users/manouchehrrimer/Desktop/BlueDot_Perona_Vector_Project/outputs/vector_construction/persona_vectors/compassion_layer47.npy,/Users/manouchehrrimer/Desktop/BlueDot_Perona_Vector_Project/outputs/ethics_projection/activations/justice_test_000798_layer47.npy
justice_test_000821,justice,fairness,honesty,32,-1265.9539794921875,mean_centered,/Users/manouchehrrimer/Desktop/BlueDot_Perona_Vector_Project/outputs/vector_construction/persona_vectors/honesty_layer32.npy,/Users/manouchehrrimer/Desktop/BlueDot_Perona_Vector_Project/outputs/ethics_projection/activations/justice_test_000821_layer32.npy
justice_test_000821,justice,fairness,harmlessness,32,1722.1318359375,mean_centered,/Users/manouchehrrimer/Desktop/BlueDot_Perona_Vector_Project/outputs/vector_construction/persona_vectors/harmlessness_layer32.npy,/Users/manouchehrrimer/Desktop/BlueDot_Perona_Vector_Project/outputs/ethics_projection/activations/justice_test_000821_layer32.npy
justice_test_000821,justice,fairness,fairness,32,-1208.3896484375,mean_centered,/Users/manouchehrrimer/Desktop/BlueDot_Perona_Vector_Project/outputs/vector_construction/persona_vectors/fairness_layer32.npy,/Users/manouchehrrimer/Desktop/BlueDot_Perona_Vector_Project/outputs/ethics_projection/activations/justice_test_000821_layer32.npy
justice_test_000821,justice,fairness,compassion,32,-1322.5599365234375,mean_centered,/Users/manouchehrrimer/Desktop/BlueDot_Perona_Vector_Project/outputs/vector_construction/persona_vectors/compassion_layer32.npy,/Users/manouchehrrimer/Desktop/BlueDot_Perona_Vector_Project/outputs/ethics_projection/activations/justice_test_000821_layer32.npy
justice_test_000821,justice,fairness,honesty,40,-817.5948486328125,mean_centered,/Users/manouchehrrimer/Desktop/BlueDot_Perona_Vector_Project/outputs/vector_construction/persona_vectors/honesty_layer40.npy,/Users/manouchehrrimer/Desktop/BlueDot_Perona_Vector_Project/outputs/ethics_projection/activations/justice_test_000821_layer40.npy
justice_test_000821,justice,fairness,harmlessness,40,-28.377944946289062,mean_centered,/Users/manouchehrrimer/Desktop/BlueDot_Perona_Vector_Project/outputs/vector_construction/persona_vectors/harmlessness_layer40.npy,/Users/manouchehrrimer/Desktop/BlueDot_Perona_Vector_Project/outputs/ethics_projection/activations/justice_test_000821_layer40.npy
justice_test_000821,justice,fairness,fairness,40,-420.87567138671875,mean_centered,/Users/manouchehrrimer/Desktop/BlueDot_Perona_Vector_Project/outputs/vector_construction/persona_vectors/fairness_layer40.npy,/Users/manouchehrrimer/Desktop/BlueDot_Perona_Vector_Project/outputs/ethics_projection/activations/justice_test_000821_layer40.npy
justice_test_000821,justice,fairness,compassion,40,-325.83258056640625,mean_centered,/Users/manouchehrrimer/Desktop/BlueDot_Perona_Vector_Project/outputs/vector_construction/persona_vectors/compassion_layer40.npy,/Users/manouchehrrimer/Desktop/BlueDot_Perona_Vector_Project/outputs/ethics_projection/activations/justice_test_000821_layer40.npy
justice_test_000821,justice,fairness,honesty,47,-810.0867309570312,mean_centered,/Users/manouchehrrimer/Desktop/BlueDot_Perona_Vector_Project/outputs/vector_construction/persona_vectors/honesty_layer47.npy,/Users/manouchehrrimer/Desktop/BlueDot_Perona_Vector_Project/outputs/ethics_projection/activations/justice_test_000821_layer47.npy
justice_test_000821,justice,fairness,harmlessness,47,-961.8226318359375,mean_centered,/Users/manouchehrrimer/Desktop/BlueDot_Perona_Vector_Project/outputs/vector_construction/persona_vectors/harmlessness_layer47.npy,/Users/manouchehrrimer/Desktop/BlueDot_Perona_Vector_Project/outputs/ethics_projection/activations/justice_test_000821_layer47.npy
justice_test_000821,justice,fairness,fairness,47,36.8082389831543,mean_centered,/Users/manouchehrrimer/Desktop/BlueDot_Perona_Vector_Project/outputs/vector_construction/persona_vectors/fairness_layer47.npy,/Users/manouchehrrimer/Desktop/BlueDot_Perona_Vector_Project/outputs/ethics_projection/activations/justice_test_000821_layer47.npy
justice_test_000821,justice,fairness,compassion,47,-330.9201965332031,mean_centered,/Users/manouchehrrimer/Desktop/BlueDot_Perona_Vector_Project/outputs/vector_construction/persona_vectors/compassion_layer47.npy,/Users/manouchehrrimer/Desktop/BlueDot_Perona_Vector_Project/outputs/ethics_projection/activations/justice_test_000821_layer47.npy
justice_test_000942,justice,fairness,honesty,32,-971.6610717773438,mean_centered,/Users/manouchehrrimer/Desktop/BlueDot_Perona_Vector_Project/outputs/vector_construction/persona_vectors/honesty_layer32.npy,/Users/manouchehrrimer/Desktop/BlueDot_Perona_Vector_Project/outputs/ethics_projection/activations/justice_test_000942_layer32.npy
justice_test_000942,justice,fairness,harmlessness,32,679.2838745117188,mean_centered,/Users/manouchehrrimer/Desktop/BlueDot_Perona_Vector_Project/outputs/vector_construction/persona_vectors/harmlessness_layer32.npy,/Users/manouchehrrimer/Desktop/BlueDot_Perona_Vector_Project/outputs/ethics_projection/activations/justice_test_000942_layer32.npy
justice_test_000942,justice,fairness,fairness,32,-604.8565673828125,mean_centered,/Users/manouchehrrimer/Desktop/BlueDot_Perona_Vector_Project/outputs/vector_construction/persona_vectors/fairness_layer32.npy,/Users/manouchehrrimer/Desktop/BlueDot_Perona_Vector_Project/outputs/ethics_projection/activations/justice_test_000942_layer32.npy
justice_test_000942,justice,fairness,compassion,32,-1031.9879150390625,mean_centered,/Users/manouchehrrimer/Desktop/BlueDot_Perona_Vector_Project/outputs/vector_construction/persona_vectors/compassion_layer32.npy,/Users/manouchehrrimer/Desktop/BlueDot_Perona_Vector_Project/outputs/ethics_projection/activations/justice_test_000942_layer32.npy
justice_test_000942,justice,fairness,honesty,40,5459.79443359375,mean_centered,/Users/manouchehrrimer/Desktop/BlueDot_Perona_Vector_Project/outputs/vector_construction/persona_vectors/honesty_layer40.npy,/Users/manouchehrrimer/Desktop/BlueDot_Perona_Vector_Project/outputs/ethics_projection/activations/justice_test_000942_layer40.npy
justice_test_000942,justice,fairness,harmlessness,40,-785.4812622070312,mean_centered,/Users/manouchehrrimer/Desktop/BlueDot_Perona_Vector_Project/outputs/vector_construction/persona_vectors/harmlessness_layer40.npy,/Users/manouchehrrimer/Desktop/BlueDot_Perona_Vector_Project/outputs/ethics_projection/activations/justice_test_000942_layer40.npy
justice_test_000942,justice,fairness,fairness,40,4479.6396484375,mean_centered,/Users/manouchehrrimer/Desktop/BlueDot_Perona_Vector_Project/outputs/vector_construction/persona_vectors/fairness_layer40.npy,/Users/manouchehrrimer/Desktop/BlueDot_Perona_Vector_Project/outputs/ethics_projection/activations/justice_test_000942_layer40.npy
justice_test_000942,justice,fairness,compassion,40,-216.66403198242188,mean_centered,/Users/manouchehrrimer/Desktop/BlueDot_Perona_Vector_Project/outputs/vector_construction/persona_vectors/compassion_layer40.npy,/Users/manouchehrrimer/Desktop/BlueDot_Perona_Vector_Project/outputs/ethics_projection/activations/justice_test_000942_layer40.npy
justice_test_000942,justice,fairness,honesty,47,1915.2159423828125,mean_centered,/Users/manouchehrrimer/Desktop/BlueDot_Perona_Vector_Project/outputs/vector_construction/persona_vectors/honesty_layer47.npy,/Users/manouchehrrimer/Desktop/BlueDot_Perona_Vector_Project/outputs/ethics_projection/activations/justice_test_000942_layer47.npy
justice_test_000942,justice,fairness,harmlessness,47,1803.0850830078125,mean_centered,/Users/manouchehrrimer/Desktop/BlueDot_Perona_Vector_Project/outputs/vector_construction/persona_vectors/harmlessness_layer47.npy,/Users/manouchehrrimer/Desktop/BlueDot_Perona_Vector_Project/outputs/ethics_projection/activations/justice_test_000942_layer47.npy
justice_test_000942,justice,fairness,fairness,47,1291.779296875,mean_centered,/Users/manouchehrrimer/Desktop/BlueDot_Perona_Vector_Project/outputs/vector_construction/persona_vectors/fairness_layer47.npy,/Users/manouchehrrimer/Desktop/BlueDot_Perona_Vector_Project/outputs/ethics_projection/activations/justice_test_000942_layer47.npy
justice_test_000942,justice,fairness,compassion,47,763.9454345703125,mean_centered,/Users/manouchehrrimer/Desktop/BlueDot_Perona_Vector_Project/outputs/vector_construction/persona_vectors/compassion_layer47.npy,/Users/manouchehrrimer/Desktop/BlueDot_Perona_Vector_Project/outputs/ethics_projection/activations/justice_test_000942_layer47.npy
justice_test_001080,justice,fairness,honesty,32,316.5053405761719,mean_centered,/Users/manouchehrrimer/Desktop/BlueDot_Perona_Vector_Project/outputs/vector_construction/persona_vectors/honesty_layer32.npy,/Users/manouchehrrimer/Desktop/BlueDot_Perona_Vector_Project/outputs/ethics_projection/activations/justice_test_001080_layer32.npy
justice_test_001080,justice,fairness,harmlessness,32,-68.83480834960938,mean_centered,/Users/manouchehrrimer/Desktop/BlueDot_Perona_Vector_Project/outputs/vector_construction/persona_vectors/harmlessness_layer32.npy,/Users/manouchehrrimer/Desktop/BlueDot_Perona_Vector_Project/outputs/ethics_projection/activations/justice_test_001080_layer32.npy
justice_test_001080,justice,fairness,fairness,32,504.62957763671875,mean_centered,/Users/manouchehrrimer/Desktop/BlueDot_Perona_Vector_Project/outputs/vector_construction/persona_vectors/fairness_layer32.npy,/Users/manouchehrrimer/Desktop/BlueDot_Perona_Vector_Project/outputs/ethics_projection/activations/justice_test_001080_layer32.npy
justice_test_001080,justice,fairness,compassion,32,47.451786041259766,mean_centered,/Users/manouchehrrimer/Desktop/BlueDot_Perona_Vector_Project/outputs/vector_construction/persona_vectors/compassion_layer32.npy,/Users/manouchehrrimer/Desktop/BlueDot_Perona_Vector_Project/outputs/ethics_projection/activations/justice_test_001080_layer32.npy
justice_test_001080,justice,fairness,honesty,40,3479.87548828125,mean_centered,/Users/manouchehrrimer/Desktop/BlueDot_Perona_Vector_Project/outputs/vector_construction/persona_vectors/honesty_layer40.npy,/Users/manouchehrrimer/Desktop/BlueDot_Perona_Vector_Project/outputs/ethics_projection/activations/justice_test_001080_layer40.npy
justice_test_001080,justice,fairness,harmlessness,40,255.61192321777344,mean_centered,/Users/manouchehrrimer/Desktop/BlueDot_Perona_Vector_Project/outputs/vector_construction/persona_vectors/harmlessness_layer40.npy,/Users/manouchehrrimer/Desktop/BlueDot_Perona_Vector_Project/outputs/ethics_projection/activations/justice_test_001080_layer40.npy
justice_test_001080,justice,fairness,fairness,40,2735.0791015625,mean_centered,/Users/manouchehrrimer/Desktop/BlueDot_Perona_Vector_Project/outputs/vector_construction/persona_vectors/fairness_layer40.npy,/Users/manouchehrrimer/Desktop/BlueDot_Perona_Vector_Project/outputs/ethics_projection/activations/justice_test_001080_layer40.npy
justice_test_001080,justice,fairness,compassion,40,131.7957305908203,mean_centered,/Users/manouchehrrimer/Desktop/BlueDot_Perona_Vector_Project/outputs/vector_construction/persona_vectors/compassion_layer40.npy,/Users/manouchehrrimer/Desktop/BlueDot_Perona_Vector_Project/outputs/ethics_projection/activations/justice_test_001080_layer40.npy
justice_test_001080,justice,fairness,honesty,47,5722.2392578125,mean_centered,/Users/manouchehrrimer/Desktop/BlueDot_Perona_Vector_Project/outputs/vector_construction/persona_vectors/honesty_layer47.npy,/Users/manouchehrrimer/Desktop/BlueDot_Perona_Vector_Project/outputs/ethics_projection/activations/justice_test_001080_layer47.npy
justice_test_001080,justice,fairness,harmlessness,47,7592.1572265625,mean_centered,/Users/manouchehrrimer/Desktop/BlueDot_Perona_Vector_Project/outputs/vector_construction/persona_vectors/harmlessness_layer47.npy,/Users/manouchehrrimer/Desktop/BlueDot_Perona_Vector_Project/outputs/ethics_projection/activations/justice_test_001080_layer47.npy
justice_test_001080,justice,fairness,fairness,47,2546.16845703125,mean_centered,/Users/manouchehrrimer/Desktop/BlueDot_Perona_Vector_Project/outputs/vector_construction/persona_vectors/fairness_layer47.npy,/Users/manouchehrrimer/Desktop/BlueDot_Perona_Vector_Project/outputs/ethics_projection/activations/justice_test_001080_layer47.npy
justice_test_001080,justice,fairness,compassion,47,3939.696533203125,mean_centered,/Users/manouchehrrimer/Desktop/BlueDot_Perona_Vector_Project/outputs/vector_construction/persona_vectors/compassion_layer47.npy,/Users/manouchehrrimer/Desktop/BlueDot_Perona_Vector_Project/outputs/ethics_projection/activations/justice_test_001080_layer47.npy
justice_test_001134,justice,fairness,honesty,32,1255.2283935546875,mean_centered,/Users/manouchehrrimer/Desktop/BlueDot_Perona_Vector_Project/outputs/vector_construction/persona_vectors/honesty_layer32.npy,/Users/manouchehrrimer/Desktop/BlueDot_Perona_Vector_Project/outputs/ethics_projection/activations/justice_test_001134_layer32.npy
justice_test_001134,justice,fairness,harmlessness,32,-1826.73193359375,mean_centered,/Users/manouchehrrimer/Desktop/BlueDot_Perona_Vector_Project/outputs/vector_construction/persona_vectors/harmlessness_layer32.npy,/Users/manouchehrrimer/Desktop/BlueDot_Perona_Vector_Project/outputs/ethics_projection/activations/justice_test_001134_layer32.npy
justice_test_001134,justice,fairness,fairness,32,1362.3531494140625,mean_centered,/Users/manouchehrrimer/Desktop/BlueDot_Perona_Vector_Project/outputs/vector_construction/persona_vectors/fairness_layer32.npy,/Users/manouchehrrimer/Desktop/BlueDot_Perona_Vector_Project/outputs/ethics_projection/activations/justice_test_001134_layer32.npy
justice_test_001134,justice,fairness,compassion,32,1021.5271606445312,mean_centered,/Users/manouchehrrimer/Desktop/BlueDot_Perona_Vector_Project/outputs/vector_construction/persona_vectors/compassion_layer32.npy,/Users/manouchehrrimer/Desktop/BlueDot_Perona_Vector_Project/outputs/ethics_projection/activations/justice_test_001134_layer32.npy
justice_test_001134,justice,fairness,honesty,40,1414.5408935546875,mean_centered,/Users/manouchehrrimer/Desktop/BlueDot_Perona_Vector_Project/outputs/vector_construction/persona_vectors/honesty_layer40.npy,/Users/manouchehrrimer/Desktop/BlueDot_Perona_Vector_Project/outputs/ethics_projection/activations/justice_test_001134_layer40.npy
justice_test_001134,justice,fairness,harmlessness,40,-447.78717041015625,mean_centered,/Users/manouchehrrimer/Desktop/BlueDot_Perona_Vector_Project/outputs/vector_construction/persona_vectors/harmlessness_layer40.npy,/Users/manouchehrrimer/Desktop/BlueDot_Perona_Vector_Project/outputs/ethics_projection/activations/justice_test_001134_layer40.npy
justice_test_001134,justice,fairness,fairness,40,903.7618408203125,mean_centered,/Users/manouchehrrimer/Desktop/BlueDot_Perona_Vector_Project/outputs/vector_construction/persona_vectors/fairness_layer40.npy,/Users/manouchehrrimer/Desktop/BlueDot_Perona_Vector_Project/outputs/ethics_projection/activations/justice_test_001134_layer40.npy
justice_test_001134,justice,fairness,compassion,40,-325.63812255859375,mean_centered,/Users/manouchehrrimer/Desktop/BlueDot_Perona_Vector_Project/outputs/vector_construction/persona_vectors/compassion_layer40.npy,/Users/manouchehrrimer/Desktop/BlueDot_Perona_Vector_Project/outputs/ethics_projection/activations/justice_test_001134_layer40.npy
justice_test_001134,justice,fairness,honesty,47,-1021.0463256835938,mean_centered,/Users/manouchehrrimer/Desktop/BlueDot_Perona_Vector_Project/outputs/vector_construction/persona_vectors/honesty_layer47.npy,/Users/manouchehrrimer/Desktop/BlueDot_Perona_Vector_Project/outputs/ethics_projection/activations/justice_test_001134_layer47.npy
justice_test_001134,justice,fairness,harmlessness,47,-186.36378479003906,mean_centered,/Users/manouchehrrimer/Desktop/BlueDot_Perona_Vector_Project/outputs/vector_construction/persona_vectors/harmlessness_layer47.npy,/Users/manouchehrrimer/Desktop/BlueDot_Perona_Vector_Project/outputs/ethics_projection/activations/justice_test_001134_layer47.npy
justice_test_001134,justice,fairness,fairness,47,-387.4319763183594,mean_centered,/Users/manouchehrrimer/Desktop/BlueDot_Perona_Vector_Project/outputs/vector_construction/persona_vectors/fairness_layer47.npy,/Users/manouchehrrimer/Desktop/BlueDot_Perona_Vector_Project/outputs/ethics_projection/activations/justice_test_001134_layer47.npy
justice_test_001134,justice,fairness,compassion,47,156.55255126953125,mean_centered,/Users/manouchehrrimer/Desktop/BlueDot_Perona_Vector_Project/outputs/vector_construction/persona_vectors/compassion_layer47.npy,/Users/manouchehrrimer/Desktop/BlueDot_Perona_Vector_Project/outputs/ethics_projection/activations/justice_test_001134_layer47.npy
justice_test_001159,justice,honesty,honesty,32,529.8402099609375,mean_centered,/Users/manouchehrrimer/Desktop/BlueDot_Perona_Vector_Project/outputs/vector_construction/persona_vectors/honesty_layer32.npy,/Users/manouchehrrimer/Desktop/BlueDot_Perona_Vector_Project/outputs/ethics_projection/activations/justice_test_001159_layer32.npy
justice_test_001159,justice,honesty,harmlessness,32,-439.6198425292969,mean_centered,/Users/manouchehrrimer/Desktop/BlueDot_Perona_Vector_Project/outputs/vector_construction/persona_vectors/harmlessness_layer32.npy,/Users/manouchehrrimer/Desktop/BlueDot_Perona_Vector_Project/outputs/ethics_projection/activations/justice_test_001159_layer32.npy
justice_test_001159,justice,honesty,fairness,32,340.4809875488281,mean_centered,/Users/manouchehrrimer/Desktop/BlueDot_Perona_Vector_Project/outputs/vector_construction/persona_vectors/fairness_layer32.npy,/Users/manouchehrrimer/Desktop/BlueDot_Perona_Vector_Project/outputs/ethics_projection/activations/justice_test_001159_layer32.npy
justice_test_001159,justice,honesty,compassion,32,431.86865234375,mean_centered,/Users/manouchehrrimer/Desktop/BlueDot_Perona_Vector_Project/outputs/vector_construction/persona_vectors/compassion_layer32.npy,/Users/manouchehrrimer/Desktop/BlueDot_Perona_Vector_Project/outputs/ethics_projection/activations/justice_test_001159_layer32.npy
justice_test_001159,justice,honesty,honesty,40,3720.1064453125,mean_centered,/Users/manouchehrrimer/Desktop/BlueDot_Perona_Vector_Project/outputs/vector_construction/persona_vectors/honesty_layer40.npy,/Users/manouchehrrimer/Desktop/BlueDot_Perona_Vector_Project/outputs/ethics_projection/activations/justice_test_001159_layer40.npy
justice_test_001159,justice,honesty,harmlessness,40,387.71868896484375,mean_centered,/Users/manouchehrrimer/Desktop/BlueDot_Perona_Vector_Project/outputs/vector_construction/persona_vectors/harmlessness_layer40.npy,/Users/manouchehrrimer/Desktop/BlueDot_Perona_Vector_Project/outputs/ethics_projection/activations/justice_test_001159_layer40.npy
justice_test_001159,justice,honesty,fairness,40,2369.28271484375,mean_centered,/Users/manouchehrrimer/Desktop/BlueDot_Perona_Vector_Project/outputs/vector_construction/persona_vectors/fairness_layer40.npy,/Users/manouchehrrimer/Desktop/BlueDot_Perona_Vector_Project/outputs/ethics_projection/activations/justice_test_001159_layer40.npy
justice_test_001159,justice,honesty,compassion,40,-185.3824462890625,mean_centered,/Users/manouchehrrimer/Desktop/BlueDot_Perona_Vector_Project/outputs/vector_construction/persona_vectors/compassion_layer40.npy,/Users/manouchehrrimer/Desktop/BlueDot_Perona_Vector_Project/outputs/ethics_projection/activations/justice_test_001159_layer40.npy
justice_test_001159,justice,honesty,honesty,47,2983.629638671875,mean_centered,/Users/manouchehrrimer/Desktop/BlueDot_Perona_Vector_Project/outputs/vector_construction/persona_vectors/honesty_layer47.npy,/Users/manouchehrrimer/Desktop/BlueDot_Perona_Vector_Project/outputs/ethics_projection/activations/justice_test_001159_layer47.npy
justice_test_001159,justice,honesty,harmlessness,47,4608.7197265625,mean_centered,/Users/manouchehrrimer/Desktop/BlueDot_Perona_Vector_Project/outputs/vector_construction/persona_vectors/harmlessness_layer47.npy,/Users/manouchehrrimer/Desktop/BlueDot_Perona_Vector_Project/outputs/ethics_projection/activations/justice_test_001159_layer47.npy
justice_test_001159,justice,honesty,fairness,47,589.743896484375,mean_centered,/Users/manouchehrrimer/Desktop/BlueDot_Perona_Vector_Project/outputs/vector_construction/persona_vectors/fairness_layer47.npy,/Users/manouchehrrimer/Desktop/BlueDot_Perona_Vector_Project/outputs/ethics_projection/activations/justice_test_001159_layer47.npy
justice_test_001159,justice,honesty,compassion,47,1718.0789794921875,mean_centered,/Users/manouchehrrimer/Desktop/BlueDot_Perona_Vector_Project/outputs/vector_construction/persona_vectors/compassion_layer47.npy,/Users/manouchehrrimer/Desktop/BlueDot_Perona_Vector_Project/outputs/ethics_projection/activations/justice_test_001159_layer47.npy
justice_test_001247,justice,fairness,honesty,32,-526.2626953125,mean_centered,/Users/manouchehrrimer/Desktop/BlueDot_Perona_Vector_Project/outputs/vector_construction/persona_vectors/honesty_layer32.npy,/Users/manouchehrrimer/Desktop/BlueDot_Perona_Vector_Project/outputs/ethics_projection/activations/justice_test_001247_layer32.npy
justice_test_001247,justice,fairness,harmlessness,32,-72.00367736816406,mean_centered,/Users/manouchehrrimer/Desktop/BlueDot_Perona_Vector_Project/outputs/vector_construction/persona_vectors/harmlessness_layer32.npy,/Users/manouchehrrimer/Desktop/BlueDot_Perona_Vector_Project/outputs/ethics_projection/activations/justice_test_001247_layer32.npy
justice_test_001247,justice,fairness,fairness,32,106.01795959472656,mean_centered,/Users/manouchehrrimer/Desktop/BlueDot_Perona_Vector_Project/outputs/vector_construction/persona_vectors/fairness_layer32.npy,/Users/manouchehrrimer/Desktop/BlueDot_Perona_Vector_Project/outputs/ethics_projection/activations/justice_test_001247_layer32.npy
justice_test_001247,justice,fairness,compassion,32,-719.36962890625,mean_centered,/Users/manouchehrrimer/Desktop/BlueDot_Perona_Vector_Project/outputs/vector_construction/persona_vectors/compassion_layer32.npy,/Users/manouchehrrimer/Desktop/BlueDot_Perona_Vector_Project/outputs/ethics_projection/activations/justice_test_001247_layer32.npy
justice_test_001247,justice,fairness,honesty,40,1720.803955078125,mean_centered,/Users/manouchehrrimer/Desktop/BlueDot_Perona_Vector_Project/outputs/vector_construction/persona_vectors/honesty_layer40.npy,/Users/manouchehrrimer/Desktop/BlueDot_Perona_Vector_Project/outputs/ethics_projection/activations/justice_test_001247_layer40.npy
justice_test_001247,justice,fairness,harmlessness,40,-1000.52783203125,mean_centered,/Users/manouchehrrimer/Desktop/BlueDot_Perona_Vector_Project/outputs/vector_construction/persona_vectors/harmlessness_layer40.npy,/Users/manouchehrrimer/Desktop/BlueDot_Perona_Vector_Project/outputs/ethics_projection/activations/justice_test_001247_layer40.npy
justice_test_001247,justice,fairness,fairness,40,1800.944091796875,mean_centered,/Users/manouchehrrimer/Desktop/BlueDot_Perona_Vector_Project/outputs/vector_construction/persona_vectors/fairness_layer40.npy,/Users/manouchehrrimer/Desktop/BlueDot_Perona_Vector_Project/outputs/ethics_projection/activations/justice_test_001247_layer40.npy
justice_test_001247,justice,fairness,compassion,40,-447.6875915527344,mean_centered,/Users/manouchehrrimer/Desktop/BlueDot_Perona_Vector_Project/outputs/vector_construction/persona_vectors/compassion_layer40.npy,/Users/manouchehrrimer/Desktop/BlueDot_Perona_Vector_Project/outputs/ethics_projection/activations/justice_test_001247_layer40.npy
justice_test_001247,justice,fairness,honesty,47,377.02789306640625,mean_centered,/Users/manouchehrrimer/Desktop/BlueDot_Perona_Vector_Project/outputs/vector_construction/persona_vectors/honesty_layer47.npy,/Users/manouchehrrimer/Desktop/BlueDot_Perona_Vector_Project/outputs/ethics_projection/activations/justice_test_001247_layer47.npy
justice_test_001247,justice,fairness,harmlessness,47,180.81784057617188,mean_centered,/Users/manouchehrrimer/Desktop/BlueDot_Perona_Vector_Project/outputs/vector_construction/persona_vectors/harmlessness_layer47.npy,/Users/manouchehrrimer/Desktop/BlueDot_Perona_Vector_Project/outputs/ethics_projection/activations/justice_test_001247_layer47.npy
justice_test_001247,justice,fairness,fairness,47,895.7841186523438,mean_centered,/Users/manouchehrrimer/Desktop/BlueDot_Perona_Vector_Project/outputs/vector_construction/persona_vectors/fairness_layer47.npy,/Users/manouchehrrimer/Desktop/BlueDot_Perona_Vector_Project/outputs/ethics_projection/activations/justice_test_001247_layer47.npy
justice_test_001247,justice,fairness,compassion,47,249.27139282226562,mean_centered,/Users/manouchehrrimer/Desktop/BlueDot_Perona_Vector_Project/outputs/vector_construction/persona_vectors/compassion_layer47.npy,/Users/manouchehrrimer/Desktop/BlueDot_Perona_Vector_Project/outputs/ethics_projection/activations/justice_test_001247_layer47.npy
justice_test_001270,justice,compassion,honesty,32,-263.416015625,mean_centered,/Users/manouchehrrimer/Desktop/BlueDot_Perona_Vector_Project/outputs/vector_construction/persona_vectors/honesty_layer32.npy,/Users/manouchehrrimer/Desktop/BlueDot_Perona_Vector_Project/outputs/ethics_projection/activations/justice_test_001270_layer32.npy
justice_test_001270,justice,compassion,harmlessness,32,450.4422607421875,mean_centered,/Users/manouchehrrimer/Desktop/BlueDot_Perona_Vector_Project/outputs/vector_construction/persona_vectors/harmlessness_layer32.npy,/Users/manouchehrrimer/Desktop/BlueDot_Perona_Vector_Project/outputs/ethics_projection/activations/justice_test_001270_layer32.npy
justice_test_001270,justice,compassion,fairness,32,-96.94498443603516,mean_centered,/Users/manouchehrrimer/Desktop/BlueDot_Perona_Vector_Project/outputs/vector_construction/persona_vectors/fairness_layer32.npy,/Users/manouchehrrimer/Desktop/BlueDot_Perona_Vector_Project/outputs/ethics_projection/activations/justice_test_001270_layer32.npy
justice_test_001270,justice,compassion,compassion,32,34.25530242919922,mean_centered,/Users/manouchehrrimer/Desktop/BlueDot_Perona_Vector_Project/outputs/vector_construction/persona_vectors/compassion_layer32.npy,/Users/manouchehrrimer/Desktop/BlueDot_Perona_Vector_Project/outputs/ethics_projection/activations/justice_test_001270_layer32.npy
justice_test_001270,justice,compassion,honesty,40,4489.05224609375,mean_centered,/Users/manouchehrrimer/Desktop/BlueDot_Perona_Vector_Project/outputs/vector_construction/persona_vectors/honesty_layer40.npy,/Users/manouchehrrimer/Desktop/BlueDot_Perona_Vector_Project/outputs/ethics_projection/activations/justice_test_001270_layer40.npy
justice_test_001270,justice,compassion,harmlessness,40,783.2758178710938,mean_centered,/Users/manouchehrrimer/Desktop/BlueDot_Perona_Vector_Project/outputs/vector_construction/persona_vectors/harmlessness_layer40.npy,/Users/manouchehrrimer/Desktop/BlueDot_Perona_Vector_Project/outputs/ethics_projection/activations/justice_test_001270_layer40.npy
justice_test_001270,justice,compassion,fairness,40,3327.326904296875,mean_centered,/Users/manouchehrrimer/Desktop/BlueDot_Perona_Vector_Project/outputs/vector_construction/persona_vectors/fairness_layer40.npy,/Users/manouchehrrimer/Desktop/BlueDot_Perona_Vector_Project/outputs/ethics_projection/activations/justice_test_001270_layer40.npy
justice_test_001270,justice,compassion,compassion,40,71.01950073242188,mean_centered,/Users/manouchehrrimer/Desktop/BlueDot_Perona_Vector_Project/outputs/vector_construction/persona_vectors/compassion_layer40.npy,/Users/manouchehrrimer/Desktop/BlueDot_Perona_Vector_Project/outputs/ethics_projection/activations/justice_test_001270_layer40.npy
justice_test_001270,justice,compassion,honesty,47,5133.06689453125,mean_centered,/Users/manouchehrrimer/Desktop/BlueDot_Perona_Vector_Project/outputs/vector_construction/persona_vectors/honesty_layer47.npy,/Users/manouchehrrimer/Desktop/BlueDot_Perona_Vector_Project/outputs/ethics_projection/activations/justice_test_001270_layer47.npy
justice_test_001270,justice,compassion,harmlessness,47,6686.24072265625,mean_centered,/Users/manouchehrrimer/Desktop/BlueDot_Perona_Vector_Project/outputs/vector_construction/persona_vectors/harmlessness_layer47.npy,/Users/manouchehrrimer/Desktop/BlueDot_Perona_Vector_Project/outputs/ethics_projection/activations/justice_test_001270_layer47.npy
justice_test_001270,justice,compassion,fairness,47,2078.61865234375,mean_centered,/Users/manouchehrrimer/Desktop/BlueDot_Perona_Vector_Project/outputs/vector_construction/persona_vectors/fairness_layer47.npy,/Users/manouchehrrimer/Desktop/BlueDot_Perona_Vector_Project/outputs/ethics_projection/activations/justice_test_001270_layer47.npy
justice_test_001270,justice,compassion,compassion,47,2850.294921875,mean_centered,/Users/manouchehrrimer/Desktop/BlueDot_Perona_Vector_Project/outputs/vector_construction/persona_vectors/compassion_layer47.npy,/Users/manouchehrrimer/Desktop/BlueDot_Perona_Vector_Project/outputs/ethics_projection/activations/justice_test_001270_layer47.npy
justice_test_001281,justice,fairness,honesty,32,121.68606567382812,mean_centered,/Users/manouchehrrimer/Desktop/BlueDot_Perona_Vector_Project/outputs/vector_construction/persona_vectors/honesty_layer32.npy,/Users/manouchehrrimer/Desktop/BlueDot_Perona_Vector_Project/outputs/ethics_projection/activations/justice_test_001281_layer32.npy
justice_test_001281,justice,fairness,harmlessness,32,-860.7095947265625,mean_centered,/Users/manouchehrrimer/Desktop/BlueDot_Perona_Vector_Project/outputs/vector_construction/persona_vectors/harmlessness_layer32.npy,/Users/manouchehrrimer/Desktop/BlueDot_Perona_Vector_Project/outputs/ethics_projection/activations/justice_test_001281_layer32.npy
justice_test_001281,justice,fairness,fairness,32,820.8392333984375,mean_centered,/Users/manouchehrrimer/Desktop/BlueDot_Perona_Vector_Project/outputs/vector_construction/persona_vectors/fairness_layer32.npy,/Users/manouchehrrimer/Desktop/BlueDot_Perona_Vector_Project/outputs/ethics_projection/activations/justice_test_001281_layer32.npy
justice_test_001281,justice,fairness,compassion,32,-23.120986938476562,mean_centered,/Users/manouchehrrimer/Desktop/BlueDot_Perona_Vector_Project/outputs/vector_construction/persona_vectors/compassion_layer32.npy,/Users/manouchehrrimer/Desktop/BlueDot_Perona_Vector_Project/outputs/ethics_projection/activations/justice_test_001281_layer32.npy
justice_test_001281,justice,fairness,honesty,40,-835.4268188476562,mean_centered,/Users/manouchehrrimer/Desktop/BlueDot_Perona_Vector_Project/outputs/vector_construction/persona_vectors/honesty_layer40.npy,/Users/manouchehrrimer/Desktop/BlueDot_Perona_Vector_Project/outputs/ethics_projection/activations/justice_test_001281_layer40.npy
justice_test_001281,justice,fairness,harmlessness,40,-863.33447265625,mean_centered,/Users/manouchehrrimer/Desktop/BlueDot_Perona_Vector_Project/outputs/vector_construction/persona_vectors/harmlessness_layer40.npy,/Users/manouchehrrimer/Desktop/BlueDot_Perona_Vector_Project/outputs/ethics_projection/activations/justice_test_001281_layer40.npy
justice_test_001281,justice,fairness,fairness,40,266.78759765625,mean_centered,/Users/manouchehrrimer/Desktop/BlueDot_Perona_Vector_Project/outputs/vector_construction/persona_vectors/fairness_layer40.npy,/Users/manouchehrrimer/Desktop/BlueDot_Perona_Vector_Project/outputs/ethics_projection/activations/justice_test_001281_layer40.npy
justice_test_001281,justice,fairness,compassion,40,-595.662353515625,mean_centered,/Users/manouchehrrimer/Desktop/BlueDot_Perona_Vector_Project/outputs/vector_construction/persona_vectors/compassion_layer40.npy,/Users/manouchehrrimer/Desktop/BlueDot_Perona_Vector_Project/outputs/ethics_projection/activations/justice_test_001281_layer40.npy
justice_test_001281,justice,fairness,honesty,47,-1469.0968017578125,mean_centered,/Users/manouchehrrimer/Desktop/BlueDot_Perona_Vector_Project/outputs/vector_construction/persona_vectors/honesty_layer47.npy,/Users/manouchehrrimer/Desktop/BlueDot_Perona_Vector_Project/outputs/ethics_projection/activations/justice_test_001281_layer47.npy
justice_test_001281,justice,fairness,harmlessness,47,-1927.068115234375,mean_centered,/Users/manouchehrrimer/Desktop/BlueDot_Perona_Vector_Project/outputs/vector_construction/persona_vectors/harmlessness_layer47.npy,/Users/manouchehrrimer/Desktop/BlueDot_Perona_Vector_Project/outputs/ethics_projection/activations/justice_test_001281_layer47.npy
justice_test_001281,justice,fairness,fairness,47,498.6988830566406,mean_centered,/Users/manouchehrrimer/Desktop/BlueDot_Perona_Vector_Project/outputs/vector_construction/persona_vectors/fairness_layer47.npy,/Users/manouchehrrimer/Desktop/BlueDot_Perona_Vector_Project/outputs/ethics_projection/activations/justice_test_001281_layer47.npy
justice_test_001281,justice,fairness,compassion,47,-1133.1903076171875,mean_centered,/Users/manouchehrrimer/Desktop/BlueDot_Perona_Vector_Project/outputs/vector_construction/persona_vectors/compassion_layer47.npy,/Users/manouchehrrimer/Desktop/BlueDot_Perona_Vector_Project/outputs/ethics_projection/activations/justice_test_001281_layer47.npy
justice_test_001292,justice,fairness,honesty,32,16.338211059570312,mean_centered,/Users/manouchehrrimer/Desktop/BlueDot_Perona_Vector_Project/outputs/vector_construction/persona_vectors/honesty_layer32.npy,/Users/manouchehrrimer/Desktop/BlueDot_Perona_Vector_Project/outputs/ethics_projection/activations/justice_test_001292_layer32.npy
justice_test_001292,justice,fairness,harmlessness,32,-146.343505859375,mean_centered,/Users/manouchehrrimer/Desktop/BlueDot_Perona_Vector_Project/outputs/vector_construction/persona_vectors/harmlessness_layer32.npy,/Users/manouchehrrimer/Desktop/BlueDot_Perona_Vector_Project/outputs/ethics_projection/activations/justice_test_001292_layer32.npy
justice_test_001292,justice,fairness,fairness,32,236.5608673095703,mean_centered,/Users/manouchehrrimer/Desktop/BlueDot_Perona_Vector_Project/outputs/vector_construction/persona_vectors/fairness_layer32.npy,/Users/manouchehrrimer/Desktop/BlueDot_Perona_Vector_Project/outputs/ethics_projection/activations/justice_test_001292_layer32.npy
justice_test_001292,justice,fairness,compassion,32,59.11282730102539,mean_centered,/Users/manouchehrrimer/Desktop/BlueDot_Perona_Vector_Project/outputs/vector_construction/persona_vectors/compassion_layer32.npy,/Users/manouchehrrimer/Desktop/BlueDot_Perona_Vector_Project/outputs/ethics_projection/activations/justice_test_001292_layer32.npy
justice_test_001292,justice,fairness,honesty,40,1720.6646728515625,mean_centered,/Users/manouchehrrimer/Desktop/BlueDot_Perona_Vector_Project/outputs/vector_construction/persona_vectors/honesty_layer40.npy,/Users/manouchehrrimer/Desktop/BlueDot_Perona_Vector_Project/outputs/ethics_projection/activations/justice_test_001292_layer40.npy
justice_test_001292,justice,fairness,harmlessness,40,189.93064880371094,mean_centered,/Users/manouchehrrimer/Desktop/BlueDot_Perona_Vector_Project/outputs/vector_construction/persona_vectors/harmlessness_layer40.npy,/Users/manouchehrrimer/Desktop/BlueDot_Perona_Vector_Project/outputs/ethics_projection/activations/justice_test_001292_layer40.npy
justice_test_001292,justice,fairness,fairness,40,1255.252197265625,mean_centered,/Users/manouchehrrimer/Desktop/BlueDot_Perona_Vector_Project/outputs/vector_construction/persona_vectors/fairness_layer40.npy,/Users/manouchehrrimer/Desktop/BlueDot_Perona_Vector_Project/outputs/ethics_projection/activations/justice_test_001292_layer40.npy
justice_test_001292,justice,fairness,compassion,40,-55.14875793457031,mean_centered,/Users/manouchehrrimer/Desktop/BlueDot_Perona_Vector_Project/outputs/vector_construction/persona_vectors/compassion_layer40.npy,/Users/manouchehrrimer/Desktop/BlueDot_Perona_Vector_Project/outputs/ethics_projection/activations/justice_test_001292_layer40.npy
justice_test_001292,justice,fairness,honesty,47,2307.744873046875,mean_centered,/Users/manouchehrrimer/Desktop/BlueDot_Perona_Vector_Project/outputs/vector_construction/persona_vectors/honesty_layer47.npy,/Users/manouchehrrimer/Desktop/BlueDot_Perona_Vector_Project/outputs/ethics_projection/activations/justice_test_001292_layer47.npy
justice_test_001292,justice,fairness,harmlessness,47,3306.61767578125,mean_centered,/Users/manouchehrrimer/Desktop/BlueDot_Perona_Vector_Project/outputs/vector_construction/persona_vectors/harmlessness_layer47.npy,/Users/manouchehrrimer/Desktop/BlueDot_Perona_Vector_Project/outputs/ethics_projection/activations/justice_test_001292_layer47.npy
justice_test_001292,justice,fairness,fairness,47,920.8341064453125,mean_centered,/Users/manouchehrrimer/Desktop/BlueDot_Perona_Vector_Project/outputs/vector_construction/persona_vectors/fairness_layer47.npy,/Users/manouchehrrimer/Desktop/BlueDot_Perona_Vector_Project/outputs/ethics_projection/activations/justice_test_001292_layer47.npy
justice_test_001292,justice,fairness,compassion,47,1674.5799560546875,mean_centered,/Users/manouchehrrimer/Desktop/BlueDot_Perona_Vector_Project/outputs/vector_construction/persona_vectors/compassion_layer47.npy,/Users/manouchehrrimer/Desktop/BlueDot_Perona_Vector_Project/outputs/ethics_projection/activations/justice_test_001292_layer47.npy
justice_test_001293,justice,fairness,honesty,32,-59.73908996582031,mean_centered,/Users/manouchehrrimer/Desktop/BlueDot_Perona_Vector_Project/outputs/vector_construction/persona_vectors/honesty_layer32.npy,/Users/manouchehrrimer/Desktop/BlueDot_Perona_Vector_Project/outputs/ethics_projection/activations/justice_test_001293_layer32.npy
justice_test_001293,justice,fairness,harmlessness,32,-113.48490905761719,mean_centered,/Users/manouchehrrimer/Desktop/BlueDot_Perona_Vector_Project/outputs/vector_construction/persona_vectors/harmlessness_layer32.npy,/Users/manouchehrrimer/Desktop/BlueDot_Perona_Vector_Project/outputs/ethics_projection/activations/justice_test_001293_layer32.npy
justice_test_001293,justice,fairness,fairness,32,240.90402221679688,mean_centered,/Users/manouchehrrimer/Desktop/BlueDot_Perona_Vector_Project/outputs/vector_construction/persona_vectors/fairness_layer32.npy,/Users/manouchehrrimer/Desktop/BlueDot_Perona_Vector_Project/outputs/ethics_projection/activations/justice_test_001293_layer32.npy
justice_test_001293,justice,fairness,compassion,32,-208.48895263671875,mean_centered,/Users/manouchehrrimer/Desktop/BlueDot_Perona_Vector_Project/outputs/vector_construction/persona_vectors/compassion_layer32.npy,/Users/manouchehrrimer/Desktop/BlueDot_Perona_Vector_Project/outputs/ethics_projection/activations/justice_test_001293_layer32.npy
justice_test_001293,justice,fairness,honesty,40,3399.1728515625,mean_centered,/Users/manouchehrrimer/Desktop/BlueDot_Perona_Vector_Project/outputs/vector_construction/persona_vectors/honesty_layer40.npy,/Users/manouchehrrimer/Desktop/BlueDot_Perona_Vector_Project/outputs/ethics_projection/activations/justice_test_001293_layer40.npy
justice_test_001293,justice,fairness,harmlessness,40,-100.03678131103516,mean_centered,/Users/manouchehrrimer/Desktop/BlueDot_Perona_Vector_Project/outputs/vector_construction/persona_vectors/harmlessness_layer40.npy,/Users/manouchehrrimer/Desktop/BlueDot_Perona_Vector_Project/outputs/ethics_projection/activations/justice_test_001293_layer40.npy
justice_test_001293,justice,fairness,fairness,40,2622.8125,mean_centered,/Users/manouchehrrimer/Desktop/BlueDot_Perona_Vector_Project/outputs/vector_construction/persona_vectors/fairness_layer40.npy,/Users/manouchehrrimer/Desktop/BlueDot_Perona_Vector_Project/outputs/ethics_projection/activations/justice_test_001293_layer40.npy
justice_test_001293,justice,fairness,compassion,40,-102.32878112792969,mean_centered,/Users/manouchehrrimer/Desktop/BlueDot_Perona_Vector_Project/outputs/vector_construction/persona_vectors/compassion_layer40.npy,/Users/manouchehrrimer/Desktop/BlueDot_Perona_Vector_Project/outputs/ethics_projection/activations/justice_test_001293_layer40.npy
justice_test_001293,justice,fairness,honesty,47,1726.45458984375,mean_centered,/Users/manouchehrrimer/Desktop/BlueDot_Perona_Vector_Project/outputs/vector_construction/persona_vectors/honesty_layer47.npy,/Users/manouchehrrimer/Desktop/BlueDot_Perona_Vector_Project/outputs/ethics_projection/activations/justice_test_001293_layer47.npy
justice_test_001293,justice,fairness,harmlessness,47,2524.06787109375,mean_centered,/Users/manouchehrrimer/Desktop/BlueDot_Perona_Vector_Project/outputs/vector_construction/persona_vectors/harmlessness_layer47.npy,/Users/manouchehrrimer/Desktop/BlueDot_Perona_Vector_Project/outputs/ethics_projection/activations/justice_test_001293_layer47.npy
justice_test_001293,justice,fairness,fairness,47,1164.897705078125,mean_centered,/Users/manouchehrrimer/Desktop/BlueDot_Perona_Vector_Project/outputs/vector_construction/persona_vectors/fairness_layer47.npy,/Users/manouchehrrimer/Desktop/BlueDot_Perona_Vector_Project/outputs/ethics_projection/activations/justice_test_001293_layer47.npy
justice_test_001293,justice,fairness,compassion,47,1499.3411865234375,mean_centered,/Users/manouchehrrimer/Desktop/BlueDot_Perona_Vector_Project/outputs/vector_construction/persona_vectors/compassion_layer47.npy,/Users/manouchehrrimer/Desktop/BlueDot_Perona_Vector_Project/outputs/ethics_projection/activations/justice_test_001293_layer47.npy
justice_test_001381,justice,fairness,honesty,32,14.330131530761719,mean_centered,/Users/manouchehrrimer/Desktop/BlueDot_Perona_Vector_Project/outputs/vector_construction/persona_vectors/honesty_layer32.npy,/Users/manouchehrrimer/Desktop/BlueDot_Perona_Vector_Project/outputs/ethics_projection/activations/justice_test_001381_layer32.npy
justice_test_001381,justice,fairness,harmlessness,32,-344.6395568847656,mean_centered,/Users/manouchehrrimer/Desktop/BlueDot_Perona_Vector_Project/outputs/vector_construction/persona_vectors/harmlessness_layer32.npy,/Users/manouchehrrimer/Desktop/BlueDot_Perona_Vector_Project/outputs/ethics_projection/activations/justice_test_001381_layer32.npy
justice_test_001381,justice,fairness,fairness,32,243.47470092773438,mean_centered,/Users/manouchehrrimer/Desktop/BlueDot_Perona_Vector_Project/outputs/vector_construction/persona_vectors/fairness_layer32.npy,/Users/manouchehrrimer/Desktop/BlueDot_Perona_Vector_Project/outputs/ethics_projection/activations/justice_test_001381_layer32.npy
justice_test_001381,justice,fairness,compassion,32,-260.973388671875,mean_centered,/Users/manouchehrrimer/Desktop/BlueDot_Perona_Vector_Project/outputs/vector_construction/persona_vectors/compassion_layer32.npy,/Users/manouchehrrimer/Desktop/BlueDot_Perona_Vector_Project/outputs/ethics_projection/activations/justice_test_001381_layer32.npy
justice_test_001381,justice,fairness,honesty,40,3513.318359375,mean_centered,/Users/manouchehrrimer/Desktop/BlueDot_Perona_Vector_Project/outputs/vector_construction/persona_vectors/honesty_layer40.npy,/Users/manouchehrrimer/Desktop/BlueDot_Perona_Vector_Project/outputs/ethics_projection/activations/justice_test_001381_layer40.npy
justice_test_001381,justice,fairness,harmlessness,40,-575.9713134765625,mean_centered,/Users/manouchehrrimer/Desktop/BlueDot_Perona_Vector_Project/outputs/vector_construction/persona_vectors/harmlessness_layer40.npy,/Users/manouchehrrimer/Desktop/BlueDot_Perona_Vector_Project/outputs/ethics_projection/activations/justice_test_001381_layer40.npy
justice_test_001381,justice,fairness,fairness,40,2784.24169921875,mean_centered,/Users/manouchehrrimer/Desktop/BlueDot_Perona_Vector_Project/outputs/vector_construction/persona_vectors/fairness_layer40.npy,/Users/manouchehrrimer/Desktop/BlueDot_Perona_Vector_Project/outputs/ethics_projection/activations/justice_test_001381_layer40.npy
justice_test_001381,justice,fairness,compassion,40,-351.34881591796875,mean_centered,/Users/manouchehrrimer/Desktop/BlueDot_Perona_Vector_Project/outputs/vector_construction/persona_vectors/compassion_layer40.npy,/Users/manouchehrrimer/Desktop/BlueDot_Perona_Vector_Project/outputs/ethics_projection/activations/justice_test_001381_layer40.npy
justice_test_001381,justice,fairness,honesty,47,2249.5908203125,mean_centered,/Users/manouchehrrimer/Desktop/BlueDot_Perona_Vector_Project/outputs/vector_construction/persona_vectors/honesty_layer47.npy,/Users/manouchehrrimer/Desktop/BlueDot_Perona_Vector_Project/outputs/ethics_projection/activations/justice_test_001381_layer47.npy
justice_test_001381,justice,fairness,harmlessness,47,2355.0576171875,mean_centered,/Users/manouchehrrimer/Desktop/BlueDot_Perona_Vector_Project/outputs/vector_construction/persona_vectors/harmlessness_layer47.npy,/Users/manouchehrrimer/Desktop/BlueDot_Perona_Vector_Project/outputs/ethics_projection/activations/justice_test_001381_layer47.npy
justice_test_001381,justice,fairness,fairness,47,1618.6192626953125,mean_centered,/Users/manouchehrrimer/Desktop/BlueDot_Perona_Vector_Project/outputs/vector_construction/persona_vectors/fairness_layer47.npy,/Users/manouchehrrimer/Desktop/BlueDot_Perona_Vector_Project/outputs/ethics_projection/activations/justice_test_001381_layer47.npy
justice_test_001381,justice,fairness,compassion,47,1023.1533203125,mean_centered,/Users/manouchehrrimer/Desktop/BlueDot_Perona_Vector_Project/outputs/vector_construction/persona_vectors/compassion_layer47.npy,/Users/manouchehrrimer/Desktop/BlueDot_Perona_Vector_Project/outputs/ethics_projection/activations/justice_test_001381_layer47.npy
justice_test_001422,justice,fairness,honesty,32,-611.7059326171875,mean_centered,/Users/manouchehrrimer/Desktop/BlueDot_Perona_Vector_Project/outputs/vector_construction/persona_vectors/honesty_layer32.npy,/Users/manouchehrrimer/Desktop/BlueDot_Perona_Vector_Project/outputs/ethics_projection/activations/justice_test_001422_layer32.npy
justice_test_001422,justice,fairness,harmlessness,32,123.13674926757812,mean_centered,/Users/manouchehrrimer/Desktop/BlueDot_Perona_Vector_Project/outputs/vector_construction/persona_vectors/harmlessness_layer32.npy,/Users/manouchehrrimer/Desktop/BlueDot_Perona_Vector_Project/outputs/ethics_projection/activations/justice_test_001422_layer32.npy
justice_test_001422,justice,fairness,fairness,32,-62.40277099609375,mean_centered,/Users/manouchehrrimer/Desktop/BlueDot_Perona_Vector_Project/outputs/vector_construction/persona_vectors/fairness_layer32.npy,/Users/manouchehrrimer/Desktop/BlueDot_Perona_Vector_Project/outputs/ethics_projection/activations/justice_test_001422_layer32.npy
justice_test_001422,justice,fairness,compassion,32,-412.60284423828125,mean_centered,/Users/manouchehrrimer/Desktop/BlueDot_Perona_Vector_Project/outputs/vector_construction/persona_vectors/compassion_layer32.npy,/Users/manouchehrrimer/Desktop/BlueDot_Perona_Vector_Project/outputs/ethics_projection/activations/justice_test_001422_layer32.npy
justice_test_001422,justice,fairness,honesty,40,-1354.2479248046875,mean_centered,/Users/manouchehrrimer/Desktop/BlueDot_Perona_Vector_Project/outputs/vector_construction/persona_vectors/honesty_layer40.npy,/Users/manouchehrrimer/Desktop/BlueDot_Perona_Vector_Project/outputs/ethics_projection/activations/justice_test_001422_layer40.npy
justice_test_001422,justice,fairness,harmlessness,40,-430.07171630859375,mean_centered,/Users/manouchehrrimer/Desktop/BlueDot_Perona_Vector_Project/outputs/vector_construction/persona_vectors/harmlessness_layer40.npy,/Users/manouchehrrimer/Desktop/BlueDot_Perona_Vector_Project/outputs/ethics_projection/activations/justice_test_001422_layer40.npy
justice_test_001422,justice,fairness,fairness,40,-284.4468994140625,mean_centered,/Users/manouchehrrimer/Desktop/BlueDot_Perona_Vector_Project/outputs/vector_construction/persona_vectors/fairness_layer40.npy,/Users/manouchehrrimer/Desktop/BlueDot_Perona_Vector_Project/outputs/ethics_projection/activations/justice_test_001422_layer40.npy
justice_test_001422,justice,fairness,compassion,40,-72.13575744628906,mean_centered,/Users/manouchehrrimer/Desktop/BlueDot_Perona_Vector_Project/outputs/vector_construction/persona_vectors/compassion_layer40.npy,/Users/manouchehrrimer/Desktop/BlueDot_Perona_Vector_Project/outputs/ethics_projection/activations/justice_test_001422_layer40.npy
justice_test_001422,justice,fairness,honesty,47,1072.24951171875,mean_centered,/Users/manouchehrrimer/Desktop/BlueDot_Perona_Vector_Project/outputs/vector_construction/persona_vectors/honesty_layer47.npy,/Users/manouchehrrimer/Desktop/BlueDot_Perona_Vector_Project/outputs/ethics_projection/activations/justice_test_001422_layer47.npy
justice_test_001422,justice,fairness,harmlessness,47,2117.536376953125,mean_centered,/Users/manouchehrrimer/Desktop/BlueDot_Perona_Vector_Project/outputs/vector_construction/persona_vectors/harmlessness_layer47.npy,/Users/manouchehrrimer/Desktop/BlueDot_Perona_Vector_Project/outputs/ethics_projection/activations/justice_test_001422_layer47.npy
justice_test_001422,justice,fairness,fairness,47,1754.71826171875,mean_centered,/Users/manouchehrrimer/Desktop/BlueDot_Perona_Vector_Project/outputs/vector_construction/persona_vectors/fairness_layer47.npy,/Users/manouchehrrimer/Desktop/BlueDot_Perona_Vector_Project/outputs/ethics_projection/activations/justice_test_001422_layer47.npy
justice_test_001422,justice,fairness,compassion,47,1114.59912109375,mean_centered,/Users/manouchehrrimer/Desktop/BlueDot_Perona_Vector_Project/outputs/vector_construction/persona_vectors/compassion_layer47.npy,/Users/manouchehrrimer/Desktop/BlueDot_Perona_Vector_Project/outputs/ethics_projection/activations/justice_test_001422_layer47.npy
justice_test_001502,justice,fairness,honesty,32,632.9395141601562,mean_centered,/Users/manouchehrrimer/Desktop/BlueDot_Perona_Vector_Project/outputs/vector_construction/persona_vectors/honesty_layer32.npy,/Users/manouchehrrimer/Desktop/BlueDot_Perona_Vector_Project/outputs/ethics_projection/activations/justice_test_001502_layer32.npy
justice_test_001502,justice,fairness,harmlessness,32,-741.8076171875,mean_centered,/Users/manouchehrrimer/Desktop/BlueDot_Perona_Vector_Project/outputs/vector_construction/persona_vectors/harmlessness_layer32.npy,/Users/manouchehrrimer/Desktop/BlueDot_Perona_Vector_Project/outputs/ethics_projection/activations/justice_test_001502_layer32.npy
justice_test_001502,justice,fairness,fairness,32,733.2562866210938,mean_centered,/Users/manouchehrrimer/Desktop/BlueDot_Perona_Vector_Project/outputs/vector_construction/persona_vectors/fairness_layer32.npy,/Users/manouchehrrimer/Desktop/BlueDot_Perona_Vector_Project/outputs/ethics_projection/activations/justice_test_001502_layer32.npy
justice_test_001502,justice,fairness,compassion,32,763.3754272460938,mean_centered,/Users/manouchehrrimer/Desktop/BlueDot_Perona_Vector_Project/outputs/vector_construction/persona_vectors/compassion_layer32.npy,/Users/manouchehrrimer/Desktop/BlueDot_Perona_Vector_Project/outputs/ethics_projection/activations/justice_test_001502_layer32.npy
justice_test_001502,justice,fairness,honesty,40,4380.3857421875,mean_centered,/Users/manouchehrrimer/Desktop/BlueDot_Perona_Vector_Project/outputs/vector_construction/persona_vectors/honesty_layer40.npy,/Users/manouchehrrimer/Desktop/BlueDot_Perona_Vector_Project/outputs/ethics_projection/activations/justice_test_001502_layer40.npy
justice_test_001502,justice,fairness,harmlessness,40,415.353759765625,mean_centered,/Users/manouchehrrimer/Desktop/BlueDot_Perona_Vector_Project/outputs/vector_construction/persona_vectors/harmlessness_layer40.npy,/Users/manouchehrrimer/Desktop/BlueDot_Perona_Vector_Project/outputs/ethics_projection/activations/justice_test_001502_layer40.npy
justice_test_001502,justice,fairness,fairness,40,3502.627685546875,mean_centered,/Users/manouchehrrimer/Desktop/BlueDot_Perona_Vector_Project/outputs/vector_construction/persona_vectors/fairness_layer40.npy,/Users/manouchehrrimer/Desktop/BlueDot_Perona_Vector_Project/outputs/ethics_projection/activations/justice_test_001502_layer40.npy
justice_test_001502,justice,fairness,compassion,40,146.11428833007812,mean_centered,/Users/manouchehrrimer/Desktop/BlueDot_Perona_Vector_Project/outputs/vector_construction/persona_vectors/compassion_layer40.npy,/Users/manouchehrrimer/Desktop/BlueDot_Perona_Vector_Project/outputs/ethics_projection/activations/justice_test_001502_layer40.npy
justice_test_001502,justice,fairness,honesty,47,1467.6116943359375,mean_centered,/Users/manouchehrrimer/Desktop/BlueDot_Perona_Vector_Project/outputs/vector_construction/persona_vectors/honesty_layer47.npy,/Users/manouchehrrimer/Desktop/BlueDot_Perona_Vector_Project/outputs/ethics_projection/activations/justice_test_001502_layer47.npy
justice_test_001502,justice,fairness,harmlessness,47,2794.84521484375,mean_centered,/Users/manouchehrrimer/Desktop/BlueDot_Perona_Vector_Project/outputs/vector_construction/persona_vectors/harmlessness_layer47.npy,/Users/manouchehrrimer/Desktop/BlueDot_Perona_Vector_Project/outputs/ethics_projection/activations/justice_test_001502_layer47.npy
justice_test_001502,justice,fairness,fairness,47,544.7415771484375,mean_centered,/Users/manouchehrrimer/Desktop/BlueDot_Perona_Vector_Project/outputs/vector_construction/persona_vectors/fairness_layer47.npy,/Users/manouchehrrimer/Desktop/BlueDot_Perona_Vector_Project/outputs/ethics_projection/activations/justice_test_001502_layer47.npy
justice_test_001502,justice,fairness,compassion,47,1343.195068359375,mean_centered,/Users/manouchehrrimer/Desktop/BlueDot_Perona_Vector_Project/outputs/vector_construction/persona_vectors/compassion_layer47.npy,/Users/manouchehrrimer/Desktop/BlueDot_Perona_Vector_Project/outputs/ethics_projection/activations/justice_test_001502_layer47.npy
justice_test_001539,justice,compassion,honesty,32,-827.6542358398438,mean_centered,/Users/manouchehrrimer/Desktop/BlueDot_Perona_Vector_Project/outputs/vector_construction/persona_vectors/honesty_layer32.npy,/Users/manouchehrrimer/Desktop/BlueDot_Perona_Vector_Project/outputs/ethics_projection/activations/justice_test_001539_layer32.npy
justice_test_001539,justice,compassion,harmlessness,32,904.65673828125,mean_centered,/Users/manouchehrrimer/Desktop/BlueDot_Perona_Vector_Project/outputs/vector_construction/persona_vectors/harmlessness_layer32.npy,/Users/manouchehrrimer/Desktop/BlueDot_Perona_Vector_Project/outputs/ethics_projection/activations/justice_test_001539_layer32.npy
justice_test_001539,justice,compassion,fairness,32,-590.0004272460938,mean_centered,/Users/manouchehrrimer/Desktop/BlueDot_Perona_Vector_Project/outputs/vector_construction/persona_vectors/fairness_layer32.npy,/Users/manouchehrrimer/Desktop/BlueDot_Perona_Vector_Project/outputs/ethics_projection/activations/justice_test_001539_layer32.npy
justice_test_001539,justice,compassion,compassion,32,-967.0059814453125,mean_centered,/Users/manouchehrrimer/Desktop/BlueDot_Perona_Vector_Project/outputs/vector_construction/persona_vectors/compassion_layer32.npy,/Users/manouchehrrimer/Desktop/BlueDot_Perona_Vector_Project/outputs/ethics_projection/activations/justice_test_001539_layer32.npy
justice_test_001539,justice,compassion,honesty,40,-516.3838500976562,mean_centered,/Users/manouchehrrimer/Desktop/BlueDot_Perona_Vector_Project/outputs/vector_construction/persona_vectors/honesty_layer40.npy,/Users/manouchehrrimer/Desktop/BlueDot_Perona_Vector_Project/outputs/ethics_projection/activations/justice_test_001539_layer40.npy
justice_test_001539,justice,compassion,harmlessness,40,313.3726501464844,mean_centered,/Users/manouchehrrimer/Desktop/BlueDot_Perona_Vector_Project/outputs/vector_construction/persona_vectors/harmlessness_layer40.npy,/Users/manouchehrrimer/Desktop/BlueDot_Perona_Vector_Project/outputs/ethics_projection/activations/justice_test_001539_layer40.npy
justice_test_001539,justice,compassion,fairness,40,123.45051574707031,mean_centered,/Users/manouchehrrimer/Desktop/BlueDot_Perona_Vector_Project/outputs/vector_construction/persona_vectors/fairness_layer40.npy,/Users/manouchehrrimer/Desktop/BlueDot_Perona_Vector_Project/outputs/ethics_projection/activations/justice_test_001539_layer40.npy
justice_test_001539,justice,compassion,compassion,40,-208.24269104003906,mean_centered,/Users/manouchehrrimer/Desktop/BlueDot_Perona_Vector_Project/outputs/vector_construction/persona_vectors/compassion_layer40.npy,/Users/manouchehrrimer/Desktop/BlueDot_Perona_Vector_Project/outputs/ethics_projection/activations/justice_test_001539_layer40.npy
justice_test_001539,justice,compassion,honesty,47,2980.62158203125,mean_centered,/Users/manouchehrrimer/Desktop/BlueDot_Perona_Vector_Project/outputs/vector_construction/persona_vectors/honesty_layer47.npy,/Users/manouchehrrimer/Desktop/BlueDot_Perona_Vector_Project/outputs/ethics_projection/activations/justice_test_001539_layer47.npy
justice_test_001539,justice,compassion,harmlessness,47,3834.932373046875,mean_centered,/Users/manouchehrrimer/Desktop/BlueDot_Perona_Vector_Project/outputs/vector_construction/persona_vectors/harmlessness_layer47.npy,/Users/manouchehrrimer/Desktop/BlueDot_Perona_Vector_Project/outputs/ethics_projection/activations/justice_test_001539_layer47.npy
justice_test_001539,justice,compassion,fairness,47,1761.46875,mean_centered,/Users/manouchehrrimer/Desktop/BlueDot_Perona_Vector_Project/outputs/vector_construction/persona_vectors/fairness_layer47.npy,/Users/manouchehrrimer/Desktop/BlueDot_Perona_Vector_Project/outputs/ethics_projection/activations/justice_test_001539_layer47.npy
justice_test_001539,justice,compassion,compassion,47,1321.6258544921875,mean_centered,/Users/manouchehrrimer/Desktop/BlueDot_Perona_Vector_Project/outputs/vector_construction/persona_vectors/compassion_layer47.npy,/Users/manouchehrrimer/Desktop/BlueDot_Perona_Vector_Project/outputs/ethics_projection/activations/justice_test_001539_layer47.npy
justice_test_001688,justice,fairness,honesty,32,205.73358154296875,mean_centered,/Users/manouchehrrimer/Desktop/BlueDot_Perona_Vector_Project/outputs/vector_construction/persona_vectors/honesty_layer32.npy,/Users/manouchehrrimer/Desktop/BlueDot_Perona_Vector_Project/outputs/ethics_projection/activations/justice_test_001688_layer32.npy
justice_test_001688,justice,fairness,harmlessness,32,207.2041015625,mean_centered,/Users/manouchehrrimer/Desktop/BlueDot_Perona_Vector_Project/outputs/vector_construction/persona_vectors/harmlessness_layer32.npy,/Users/manouchehrrimer/Desktop/BlueDot_Perona_Vector_Project/outputs/ethics_projection/activations/justice_test_001688_layer32.npy
justice_test_001688,justice,fairness,fairness,32,173.26092529296875,mean_centered,/Users/manouchehrrimer/Desktop/BlueDot_Perona_Vector_Project/outputs/vector_construction/persona_vectors/fairness_layer32.npy,/Users/manouchehrrimer/Desktop/BlueDot_Perona_Vector_Project/outputs/ethics_projection/activations/justice_test_001688_layer32.npy
justice_test_001688,justice,fairness,compassion,32,-62.46003723144531,mean_centered,/Users/manouchehrrimer/Desktop/BlueDot_Perona_Vector_Project/outputs/vector_construction/persona_vectors/compassion_layer32.npy,/Users/manouchehrrimer/Desktop/BlueDot_Perona_Vector_Project/outputs/ethics_projection/activations/justice_test_001688_layer32.npy
justice_test_001688,justice,fairness,honesty,40,2611.267578125,mean_centered,/Users/manouchehrrimer/Desktop/BlueDot_Perona_Vector_Project/outputs/vector_construction/persona_vectors/honesty_layer40.npy,/Users/manouchehrrimer/Desktop/BlueDot_Perona_Vector_Project/outputs/ethics_projection/activations/justice_test_001688_layer40.npy
justice_test_001688,justice,fairness,harmlessness,40,341.16778564453125,mean_centered,/Users/manouchehrrimer/Desktop/BlueDot_Perona_Vector_Project/outputs/vector_construction/persona_vectors/harmlessness_layer40.npy,/Users/manouchehrrimer/Desktop/BlueDot_Perona_Vector_Project/outputs/ethics_projection/activations/justice_test_001688_layer40.npy
justice_test_001688,justice,fairness,fairness,40,2264.632568359375,mean_centered,/Users/manouchehrrimer/Desktop/BlueDot_Perona_Vector_Project/outputs/vector_construction/persona_vectors/fairness_layer40.npy,/Users/manouchehrrimer/Desktop/BlueDot_Perona_Vector_Project/outputs/ethics_projection/activations/justice_test_001688_layer40.npy
justice_test_001688,justice,fairness,compassion,40,69.82359313964844,mean_centered,/Users/manouchehrrimer/Desktop/BlueDot_Perona_Vector_Project/outputs/vector_construction/persona_vectors/compassion_layer40.npy,/Users/manouchehrrimer/Desktop/BlueDot_Perona_Vector_Project/outputs/ethics_projection/activations/justice_test_001688_layer40.npy
justice_test_001688,justice,fairness,honesty,47,2696.248779296875,mean_centered,/Users/manouchehrrimer/Desktop/BlueDot_Perona_Vector_Project/outputs/vector_construction/persona_vectors/honesty_layer47.npy,/Users/manouchehrrimer/Desktop/BlueDot_Perona_Vector_Project/outputs/ethics_projection/activations/justice_test_001688_layer47.npy
justice_test_001688,justice,fairness,harmlessness,47,3214.05419921875,mean_centered,/Users/manouchehrrimer/Desktop/BlueDot_Perona_Vector_Project/outputs/vector_construction/persona_vectors/harmlessness_layer47.npy,/Users/manouchehrrimer/Desktop/BlueDot_Perona_Vector_Project/outputs/ethics_projection/activations/justice_test_001688_layer47.npy
justice_test_001688,justice,fairness,fairness,47,1434.71533203125,mean_centered,/Users/manouchehrrimer/Desktop/BlueDot_Perona_Vector_Project/outputs/vector_construction/persona_vectors/fairness_layer47.npy,/Users/manouchehrrimer/Desktop/BlueDot_Perona_Vector_Project/outputs/ethics_projection/activations/justice_test_001688_layer47.npy
justice_test_001688,justice,fairness,compassion,47,1232.2275390625,mean_centered,/Users/manouchehrrimer/Desktop/BlueDot_Perona_Vector_Project/outputs/vector_construction/persona_vectors/compassion_layer47.npy,/Users/manouchehrrimer/Desktop/BlueDot_Perona_Vector_Project/outputs/ethics_projection/activations/justice_test_001688_layer47.npy
justice_test_001724,justice,fairness,honesty,32,1092.8232421875,mean_centered,/Users/manouchehrrimer/Desktop/BlueDot_Perona_Vector_Project/outputs/vector_construction/persona_vectors/honesty_layer32.npy,/Users/manouchehrrimer/Desktop/BlueDot_Perona_Vector_Project/outputs/ethics_projection/activations/justice_test_001724_layer32.npy
justice_test_001724,justice,fairness,harmlessness,32,-1531.229248046875,mean_centered,/Users/manouchehrrimer/Desktop/BlueDot_Perona_Vector_Project/outputs/vector_construction/persona_vectors/harmlessness_layer32.npy,/Users/manouchehrrimer/Desktop/BlueDot_Perona_Vector_Project/outputs/ethics_projection/activations/justice_test_001724_layer32.npy
justice_test_001724,justice,fairness,fairness,32,1374.5546875,mean_centered,/Users/manouchehrrimer/Desktop/BlueDot_Perona_Vector_Project/outputs/vector_construction/persona_vectors/fairness_layer32.npy,/Users/manouchehrrimer/Desktop/BlueDot_Perona_Vector_Project/outputs/ethics_projection/activations/justice_test_001724_layer32.npy
justice_test_001724,justice,fairness,compassion,32,807.1255493164062,mean_centered,/Users/manouchehrrimer/Desktop/BlueDot_Perona_Vector_Project/outputs/vector_construction/persona_vectors/compassion_layer32.npy,/Users/manouchehrrimer/Desktop/BlueDot_Perona_Vector_Project/outputs/ethics_projection/activations/justice_test_001724_layer32.npy
justice_test_001724,justice,fairness,honesty,40,3385.63232421875,mean_centered,/Users/manouchehrrimer/Desktop/BlueDot_Perona_Vector_Project/outputs/vector_construction/persona_vectors/honesty_layer40.npy,/Users/manouchehrrimer/Desktop/BlueDot_Perona_Vector_Project/outputs/ethics_projection/activations/justice_test_001724_layer40.npy
justice_test_001724,justice,fairness,harmlessness,40,-297.59600830078125,mean_centered,/Users/manouchehrrimer/Desktop/BlueDot_Perona_Vector_Project/outputs/vector_construction/persona_vectors/harmlessness_layer40.npy,/Users/manouchehrrimer/Desktop/BlueDot_Perona_Vector_Project/outputs/ethics_projection/activations/justice_test_001724_layer40.npy
justice_test_001724,justice,fairness,fairness,40,2751.017333984375,mean_centered,/Users/manouchehrrimer/Desktop/BlueDot_Perona_Vector_Project/outputs/vector_construction/persona_vectors/fairness_layer40.npy,/Users/manouchehrrimer/Desktop/BlueDot_Perona_Vector_Project/outputs/ethics_projection/activations/justice_test_001724_layer40.npy
justice_test_001724,justice,fairness,compassion,40,-215.40957641601562,mean_centered,/Users/manouchehrrimer/Desktop/BlueDot_Perona_Vector_Project/outputs/vector_construction/persona_vectors/compassion_layer40.npy,/Users/manouchehrrimer/Desktop/BlueDot_Perona_Vector_Project/outputs/ethics_projection/activations/justice_test_001724_layer40.npy
justice_test_001724,justice,fairness,honesty,47,3306.37548828125,mean_centered,/Users/manouchehrrimer/Desktop/BlueDot_Perona_Vector_Project/outputs/vector_construction/persona_vectors/honesty_layer47.npy,/Users/manouchehrrimer/Desktop/BlueDot_Perona_Vector_Project/outputs/ethics_projection/activations/justice_test_001724_layer47.npy
justice_test_001724,justice,fairness,harmlessness,47,3627.28857421875,mean_centered,/Users/manouchehrrimer/Desktop/BlueDot_Perona_Vector_Project/outputs/vector_construction/persona_vectors/harmlessness_layer47.npy,/Users/manouchehrrimer/Desktop/BlueDot_Perona_Vector_Project/outputs/ethics_projection/activations/justice_test_001724_layer47.npy
justice_test_001724,justice,fairness,fairness,47,1754.1461181640625,mean_centered,/Users/manouchehrrimer/Desktop/BlueDot_Perona_Vector_Project/outputs/vector_construction/persona_vectors/fairness_layer47.npy,/Users/manouchehrrimer/Desktop/BlueDot_Perona_Vector_Project/outputs/ethics_projection/activations/justice_test_001724_layer47.npy
justice_test_001724,justice,fairness,compassion,47,1795.1396484375,mean_centered,/Users/manouchehrrimer/Desktop/BlueDot_Perona_Vector_Project/outputs/vector_construction/persona_vectors/compassion_layer47.npy,/Users/manouchehrrimer/Desktop/BlueDot_Perona_Vector_Project/outputs/ethics_projection/activations/justice_test_001724_layer47.npy
justice_test_001743,justice,fairness,honesty,32,510.5711364746094,mean_centered,/Users/manouchehrrimer/Desktop/BlueDot_Perona_Vector_Project/outputs/vector_construction/persona_vectors/honesty_layer32.npy,/Users/manouchehrrimer/Desktop/BlueDot_Perona_Vector_Project/outputs/ethics_projection/activations/justice_test_001743_layer32.npy
justice_test_001743,justice,fairness,harmlessness,32,-949.3239135742188,mean_centered,/Users/manouchehrrimer/Desktop/BlueDot_Perona_Vector_Project/outputs/vector_construction/persona_vectors/harmlessness_layer32.npy,/Users/manouchehrrimer/Desktop/BlueDot_Perona_Vector_Project/outputs/ethics_projection/activations/justice_test_001743_layer32.npy
justice_test_001743,justice,fairness,fairness,32,968.4307250976562,mean_centered,/Users/manouchehrrimer/Desktop/BlueDot_Perona_Vector_Project/outputs/vector_construction/persona_vectors/fairness_layer32.npy,/Users/manouchehrrimer/Desktop/BlueDot_Perona_Vector_Project/outputs/ethics_projection/activations/justice_test_001743_layer32.npy
justice_test_001743,justice,fairness,compassion,32,258.4132995605469,mean_centered,/Users/manouchehrrimer/Desktop/BlueDot_Perona_Vector_Project/outputs/vector_construction/persona_vectors/compassion_layer32.npy,/Users/manouchehrrimer/Desktop/BlueDot_Perona_Vector_Project/outputs/ethics_projection/activations/justice_test_001743_layer32.npy
justice_test_001743,justice,fairness,honesty,40,1710.395751953125,mean_centered,/Users/manouchehrrimer/Desktop/BlueDot_Perona_Vector_Project/outputs/vector_construction/persona_vectors/honesty_layer40.npy,/Users/manouchehrrimer/Desktop/BlueDot_Perona_Vector_Project/outputs/ethics_projection/activations/justice_test_001743_layer40.npy
justice_test_001743,justice,fairness,harmlessness,40,-416.1334228515625,mean_centered,/Users/manouchehrrimer/Desktop/BlueDot_Perona_Vector_Project/outputs/vector_construction/persona_vectors/harmlessness_layer40.npy,/Users/manouchehrrimer/Desktop/BlueDot_Perona_Vector_Project/outputs/ethics_projection/activations/justice_test_001743_layer40.npy
justice_test_001743,justice,fairness,fairness,40,1850.4454345703125,mean_centered,/Users/manouchehrrimer/Desktop/BlueDot_Perona_Vector_Project/outputs/vector_construction/persona_vectors/fairness_layer40.npy,/Users/manouchehrrimer/Desktop/BlueDot_Perona_Vector_Project/outputs/ethics_projection/activations/justice_test_001743_layer40.npy
justice_test_001743,justice,fairness,compassion,40,-400.7393493652344,mean_centered,/Users/manouchehrrimer/Desktop/BlueDot_Perona_Vector_Project/outputs/vector_construction/persona_vectors/compassion_layer40.npy,/Users/manouchehrrimer/Desktop/BlueDot_Perona_Vector_Project/outputs/ethics_projection/activations/justice_test_001743_layer40.npy
justice_test_001743,justice,fairness,honesty,47,-214.20651245117188,mean_centered,/Users/manouchehrrimer/Desktop/BlueDot_Perona_Vector_Project/outputs/vector_construction/persona_vectors/honesty_layer47.npy,/Users/manouchehrrimer/Desktop/BlueDot_Perona_Vector_Project/outputs/ethics_projection/activations/justice_test_001743_layer47.npy
justice_test_001743,justice,fairness,harmlessness,47,-373.0668640136719,mean_centered,/Users/manouchehrrimer/Desktop/BlueDot_Perona_Vector_Project/outputs/vector_construction/persona_vectors/harmlessness_layer47.npy,/Users/manouchehrrimer/Desktop/BlueDot_Perona_Vector_Project/outputs/ethics_projection/activations/justice_test_001743_layer47.npy
justice_test_001743,justice,fairness,fairness,47,323.571044921875,mean_centered,/Users/manouchehrrimer/Desktop/BlueDot_Perona_Vector_Project/outputs/vector_construction/persona_vectors/fairness_layer47.npy,/Users/manouchehrrimer/Desktop/BlueDot_Perona_Vector_Project/outputs/ethics_projection/activations/justice_test_001743_layer47.npy
justice_test_001743,justice,fairness,compassion,47,-426.2420959472656,mean_centered,/Users/manouchehrrimer/Desktop/BlueDot_Perona_Vector_Project/outputs/vector_construction/persona_vectors/compassion_layer47.npy,/Users/manouchehrrimer/Desktop/BlueDot_Perona_Vector_Project/outputs/ethics_projection/activations/justice_test_001743_layer47.npy
justice_test_001790,justice,fairness,honesty,32,616.1903076171875,mean_centered,/Users/manouchehrrimer/Desktop/BlueDot_Perona_Vector_Project/outputs/vector_construction/persona_vectors/honesty_layer32.npy,/Users/manouchehrrimer/Desktop/BlueDot_Perona_Vector_Project/outputs/ethics_projection/activations/justice_test_001790_layer32.npy
justice_test_001790,justice,fairness,harmlessness,32,-147.3401336669922,mean_centered,/Users/manouchehrrimer/Desktop/BlueDot_Perona_Vector_Project/outputs/vector_construction/persona_vectors/harmlessness_layer32.npy,/Users/manouchehrrimer/Desktop/BlueDot_Perona_Vector_Project/outputs/ethics_projection/activations/justice_test_001790_layer32.npy
justice_test_001790,justice,fairness,fairness,32,169.9168701171875,mean_centered,/Users/manouchehrrimer/Desktop/BlueDot_Perona_Vector_Project/outputs/vector_construction/persona_vectors/fairness_layer32.npy,/Users/manouchehrrimer/Desktop/BlueDot_Perona_Vector_Project/outputs/ethics_projection/activations/justice_test_001790_layer32.npy
justice_test_001790,justice,fairness,compassion,32,390.0202941894531,mean_centered,/Users/manouchehrrimer/Desktop/BlueDot_Perona_Vector_Project/outputs/vector_construction/persona_vectors/compassion_layer32.npy,/Users/manouchehrrimer/Desktop/BlueDot_Perona_Vector_Project/outputs/ethics_projection/activations/justice_test_001790_layer32.npy
justice_test_001790,justice,fairness,honesty,40,3137.00244140625,mean_centered,/Users/manouchehrrimer/Desktop/BlueDot_Perona_Vector_Project/outputs/vector_construction/persona_vectors/honesty_layer40.npy,/Users/manouchehrrimer/Desktop/BlueDot_Perona_Vector_Project/outputs/ethics_projection/activations/justice_test_001790_layer40.npy
justice_test_001790,justice,fairness,harmlessness,40,109.05855560302734,mean_centered,/Users/manouchehrrimer/Desktop/BlueDot_Perona_Vector_Project/outputs/vector_construction/persona_vectors/harmlessness_layer40.npy,/Users/manouchehrrimer/Desktop/BlueDot_Perona_Vector_Project/outputs/ethics_projection/activations/justice_test_001790_layer40.npy
justice_test_001790,justice,fairness,fairness,40,1919.6668701171875,mean_centered,/Users/manouchehrrimer/Desktop/BlueDot_Perona_Vector_Project/outputs/vector_construction/persona_vectors/fairness_layer40.npy,/Users/manouchehrrimer/Desktop/BlueDot_Perona_Vector_Project/outputs/ethics_projection/activations/justice_test_001790_layer40.npy
justice_test_001790,justice,fairness,compassion,40,416.73736572265625,mean_centered,/Users/manouchehrrimer/Desktop/BlueDot_Perona_Vector_Project/outputs/vector_construction/persona_vectors/compassion_layer40.npy,/Users/manouchehrrimer/Desktop/BlueDot_Perona_Vector_Project/outputs/ethics_projection/activations/justice_test_001790_layer40.npy
justice_test_001790,justice,fairness,honesty,47,-10.783859252929688,mean_centered,/Users/manouchehrrimer/Desktop/BlueDot_Perona_Vector_Project/outputs/vector_construction/persona_vectors/honesty_layer47.npy,/Users/manouchehrrimer/Desktop/BlueDot_Perona_Vector_Project/outputs/ethics_projection/activations/justice_test_001790_layer47.npy
justice_test_001790,justice,fairness,harmlessness,47,39.04791259765625,mean_centered,/Users/manouchehrrimer/Desktop/BlueDot_Perona_Vector_Project/outputs/vector_construction/persona_vectors/harmlessness_layer47.npy,/Users/manouchehrrimer/Desktop/BlueDot_Perona_Vector_Project/outputs/ethics_projection/activations/justice_test_001790_layer47.npy
justice_test_001790,justice,fairness,fairness,47,-848.8649291992188,mean_centered,/Users/manouchehrrimer/Desktop/BlueDot_Perona_Vector_Project/outputs/vector_construction/persona_vectors/fairness_layer47.npy,/Users/manouchehrrimer/Desktop/BlueDot_Perona_Vector_Project/outputs/ethics_projection/activations/justice_test_001790_layer47.npy
justice_test_001790,justice,fairness,compassion,47,506.2464294433594,mean_centered,/Users/manouchehrrimer/Desktop/BlueDot_Perona_Vector_Project/outputs/vector_construction/persona_vectors/compassion_layer47.npy,/Users/manouchehrrimer/Desktop/BlueDot_Perona_Vector_Project/outputs/ethics_projection/activations/justice_test_001790_layer47.npy
justice_test_001886,justice,fairness,honesty,32,-253.83013916015625,mean_centered,/Users/manouchehrrimer/Desktop/BlueDot_Perona_Vector_Project/outputs/vector_construction/persona_vectors/honesty_layer32.npy,/Users/manouchehrrimer/Desktop/BlueDot_Perona_Vector_Project/outputs/ethics_projection/activations/justice_test_001886_layer32.npy
justice_test_001886,justice,fairness,harmlessness,32,287.7823791503906,mean_centered,/Users/manouchehrrimer/Desktop/BlueDot_Perona_Vector_Project/outputs/vector_construction/persona_vectors/harmlessness_layer32.npy,/Users/manouchehrrimer/Desktop/BlueDot_Perona_Vector_Project/outputs/ethics_projection/activations/justice_test_001886_layer32.npy
justice_test_001886,justice,fairness,fairness,32,265.1715087890625,mean_centered,/Users/manouchehrrimer/Desktop/BlueDot_Perona_Vector_Project/outputs/vector_construction/persona_vectors/fairness_layer32.npy,/Users/manouchehrrimer/Desktop/BlueDot_Perona_Vector_Project/outputs/ethics_projection/activations/justice_test_001886_layer32.npy
justice_test_001886,justice,fairness,compassion,32,-404.88153076171875,mean_centered,/Users/manouchehrrimer/Desktop/BlueDot_Perona_Vector_Project/outputs/vector_construction/persona_vectors/compassion_layer32.npy,/Users/manouchehrrimer/Desktop/BlueDot_Perona_Vector_Project/outputs/ethics_projection/activations/justice_test_001886_layer32.npy
justice_test_001886,justice,fairness,honesty,40,3722.581787109375,mean_centered,/Users/manouchehrrimer/Desktop/BlueDot_Perona_Vector_Project/outputs/vector_construction/persona_vectors/honesty_layer40.npy,/Users/manouchehrrimer/Desktop/BlueDot_Perona_Vector_Project/outputs/ethics_projection/activations/justice_test_001886_layer40.npy
justice_test_001886,justice,fairness,harmlessness,40,-253.04013061523438,mean_centered,/Users/manouchehrrimer/Desktop/BlueDot_Perona_Vector_Project/outputs/vector_construction/persona_vectors/harmlessness_layer40.npy,/Users/manouchehrrimer/Desktop/BlueDot_Perona_Vector_Project/outputs/ethics_projection/activations/justice_test_001886_layer40.npy
justice_test_001886,justice,fairness,fairness,40,3704.68359375,mean_centered,/Users/manouchehrrimer/Desktop/BlueDot_Perona_Vector_Project/outputs/vector_construction/persona_vectors/fairness_layer40.npy,/Users/manouchehrrimer/Desktop/BlueDot_Perona_Vector_Project/outputs/ethics_projection/activations/justice_test_001886_layer40.npy
justice_test_001886,justice,fairness,compassion,40,73.28145599365234,mean_centered,/Users/manouchehrrimer/Desktop/BlueDot_Perona_Vector_Project/outputs/vector_construction/persona_vectors/compassion_layer40.npy,/Users/manouchehrrimer/Desktop/BlueDot_Perona_Vector_Project/outputs/ethics_projection/activations/justice_test_001886_layer40.npy
justice_test_001886,justice,fairness,honesty,47,3807.496826171875,mean_centered,/Users/manouchehrrimer/Desktop/BlueDot_Perona_Vector_Project/outputs/vector_construction/persona_vectors/honesty_layer47.npy,/Users/manouchehrrimer/Desktop/BlueDot_Perona_Vector_Project/outputs/ethics_projection/activations/justice_test_001886_layer47.npy
justice_test_001886,justice,fairness,harmlessness,47,4726.89697265625,mean_centered,/Users/manouchehrrimer/Desktop/BlueDot_Perona_Vector_Project/outputs/vector_construction/persona_vectors/harmlessness_layer47.npy,/Users/manouchehrrimer/Desktop/BlueDot_Perona_Vector_Project/outputs/ethics_projection/activations/justice_test_001886_layer47.npy
justice_test_001886,justice,fairness,fairness,47,3024.1103515625,mean_centered,/Users/manouchehrrimer/Desktop/BlueDot_Perona_Vector_Project/outputs/vector_construction/persona_vectors/fairness_layer47.npy,/Users/manouchehrrimer/Desktop/BlueDot_Perona_Vector_Project/outputs/ethics_projection/activations/justice_test_001886_layer47.npy
justice_test_001886,justice,fairness,compassion,47,2473.046142578125,mean_centered,/Users/manouchehrrimer/Desktop/BlueDot_Perona_Vector_Project/outputs/vector_construction/persona_vectors/compassion_layer47.npy,/Users/manouchehrrimer/Desktop/BlueDot_Perona_Vector_Project/outputs/ethics_projection/activations/justice_test_001886_layer47.npy
justice_test_002039,justice,harmlessness,honesty,32,-564.6575317382812,mean_centered,/Users/manouchehrrimer/Desktop/BlueDot_Perona_Vector_Project/outputs/vector_construction/persona_vectors/honesty_layer32.npy,/Users/manouchehrrimer/Desktop/BlueDot_Perona_Vector_Project/outputs/ethics_projection/activations/justice_test_002039_layer32.npy
justice_test_002039,justice,harmlessness,harmlessness,32,-2.812225341796875,mean_centered,/Users/manouchehrrimer/Desktop/BlueDot_Perona_Vector_Project/outputs/vector_construction/persona_vectors/harmlessness_layer32.npy,/Users/manouchehrrimer/Desktop/BlueDot_Perona_Vector_Project/outputs/ethics_projection/activations/justice_test_002039_layer32.npy
justice_test_002039,justice,harmlessness,fairness,32,-177.23690795898438,mean_centered,/Users/manouchehrrimer/Desktop/BlueDot_Perona_Vector_Project/outputs/vector_construction/persona_vectors/fairness_layer32.npy,/Users/manouchehrrimer/Desktop/BlueDot_Perona_Vector_Project/outputs/ethics_projection/activations/justice_test_002039_layer32.npy
justice_test_002039,justice,harmlessness,compassion,32,-738.248291015625,mean_centered,/Users/manouchehrrimer/Desktop/BlueDot_Perona_Vector_Project/outputs/vector_construction/persona_vectors/compassion_layer32.npy,/Users/manouchehrrimer/Desktop/BlueDot_Perona_Vector_Project/outputs/ethics_projection/activations/justice_test_002039_layer32.npy
justice_test_002039,justice,harmlessness,honesty,40,1376.5887451171875,mean_centered,/Users/manouchehrrimer/Desktop/BlueDot_Perona_Vector_Project/outputs/vector_construction/persona_vectors/honesty_layer40.npy,/Users/manouchehrrimer/Desktop/BlueDot_Perona_Vector_Project/outputs/ethics_projection/activations/justice_test_002039_layer40.npy
justice_test_002039,justice,harmlessness,harmlessness,40,-1114.333984375,mean_centered,/Users/manouchehrrimer/Desktop/BlueDot_Perona_Vector_Project/outputs/vector_construction/persona_vectors/harmlessness_layer40.npy,/Users/manouchehrrimer/Desktop/BlueDot_Perona_Vector_Project/outputs/ethics_projection/activations/justice_test_002039_layer40.npy
justice_test_002039,justice,harmlessness,fairness,40,1353.0897216796875,mean_centered,/Users/manouchehrrimer/Desktop/BlueDot_Perona_Vector_Project/outputs/vector_construction/persona_vectors/fairness_layer40.npy,/Users/manouchehrrimer/Desktop/BlueDot_Perona_Vector_Project/outputs/ethics_projection/activations/justice_test_002039_layer40.npy
justice_test_002039,justice,harmlessness,compassion,40,-396.7121887207031,mean_centered,/Users/manouchehrrimer/Desktop/BlueDot_Perona_Vector_Project/outputs/vector_construction/persona_vectors/compassion_layer40.npy,/Users/manouchehrrimer/Desktop/BlueDot_Perona_Vector_Project/outputs/ethics_projection/activations/justice_test_002039_layer40.npy
justice_test_002039,justice,harmlessness,honesty,47,-63.07383728027344,mean_centered,/Users/manouchehrrimer/Desktop/BlueDot_Perona_Vector_Project/outputs/vector_construction/persona_vectors/honesty_layer47.npy,/Users/manouchehrrimer/Desktop/BlueDot_Perona_Vector_Project/outputs/ethics_projection/activations/justice_test_002039_layer47.npy
justice_test_002039,justice,harmlessness,harmlessness,47,-1097.4501953125,mean_centered,/Users/manouchehrrimer/Desktop/BlueDot_Perona_Vector_Project/outputs/vector_construction/persona_vectors/harmlessness_layer47.npy,/Users/manouchehrrimer/Desktop/BlueDot_Perona_Vector_Project/outputs/ethics_projection/activations/justice_test_002039_layer47.npy
justice_test_002039,justice,harmlessness,fairness,47,25.330230712890625,mean_centered,/Users/manouchehrrimer/Desktop/BlueDot_Perona_Vector_Project/outputs/vector_construction/persona_vectors/fairness_layer47.npy,/Users/manouchehrrimer/Desktop/BlueDot_Perona_Vector_Project/outputs/ethics_projection/activations/justice_test_002039_layer47.npy
justice_test_002039,justice,harmlessness,compassion,47,-511.4721374511719,mean_centered,/Users/manouchehrrimer/Desktop/BlueDot_Perona_Vector_Project/outputs/vector_construction/persona_vectors/compassion_layer47.npy,/Users/manouchehrrimer/Desktop/BlueDot_Perona_Vector_Project/outputs/ethics_projection/activations/justice_test_002039_layer47.npy
justice_test_002059,justice,fairness,honesty,32,2253.144287109375,mean_centered,/Users/manouchehrrimer/Desktop/BlueDot_Perona_Vector_Project/outputs/vector_construction/persona_vectors/honesty_layer32.npy,/Users/manouchehrrimer/Desktop/BlueDot_Perona_Vector_Project/outputs/ethics_projection/activations/justice_test_002059_layer32.npy
justice_test_002059,justice,fairness,harmlessness,32,-2687.484130859375,mean_centered,/Users/manouchehrrimer/Desktop/BlueDot_Perona_Vector_Project/outputs/vector_construction/persona_vectors/harmlessness_layer32.npy,/Users/manouchehrrimer/Desktop/BlueDot_Perona_Vector_Project/outputs/ethics_projection/activations/justice_test_002059_layer32.npy
justice_test_002059,justice,fairness,fairness,32,2486.857421875,mean_centered,/Users/manouchehrrimer/Desktop/BlueDot_Perona_Vector_Project/outputs/vector_construction/persona_vectors/fairness_layer32.npy,/Users/manouchehrrimer/Desktop/BlueDot_Perona_Vector_Project/outputs/ethics_projection/activations/justice_test_002059_layer32.npy
justice_test_002059,justice,fairness,compassion,32,2122.484619140625,mean_centered,/Users/manouchehrrimer/Desktop/BlueDot_Perona_Vector_Project/outputs/vector_construction/persona_vectors/compassion_layer32.npy,/Users/manouchehrrimer/Desktop/BlueDot_Perona_Vector_Project/outputs/ethics_projection/activations/justice_test_002059_layer32.npy
justice_test_002059,justice,fairness,honesty,40,9157.712890625,mean_centered,/Users/manouchehrrimer/Desktop/BlueDot_Perona_Vector_Project/outputs/vector_construction/persona_vectors/honesty_layer40.npy,/Users/manouchehrrimer/Desktop/BlueDot_Perona_Vector_Project/outputs/ethics_projection/activations/justice_test_002059_layer40.npy
justice_test_002059,justice,fairness,harmlessness,40,351.0949401855469,mean_centered,/Users/manouchehrrimer/Desktop/BlueDot_Perona_Vector_Project/outputs/vector_construction/persona_vectors/harmlessness_layer40.npy,/Users/manouchehrrimer/Desktop/BlueDot_Perona_Vector_Project/outputs/ethics_projection/activations/justice_test_002059_layer40.npy
justice_test_002059,justice,fairness,fairness,40,6868.896484375,mean_centered,/Users/manouchehrrimer/Desktop/BlueDot_Perona_Vector_Project/outputs/vector_construction/persona_vectors/fairness_layer40.npy,/Users/manouchehrrimer/Desktop/BlueDot_Perona_Vector_Project/outputs/ethics_projection/activations/justice_test_002059_layer40.npy
justice_test_002059,justice,fairness,compassion,40,503.0728454589844,mean_centered,/Users/manouchehrrimer/Desktop/BlueDot_Perona_Vector_Project/outputs/vector_construction/persona_vectors/compassion_layer40.npy,/Users/manouchehrrimer/Desktop/BlueDot_Perona_Vector_Project/outputs/ethics_projection/activations/justice_test_002059_layer40.npy
justice_test_002059,justice,fairness,honesty,47,5715.0205078125,mean_centered,/Users/manouchehrrimer/Desktop/BlueDot_Perona_Vector_Project/outputs/vector_construction/persona_vectors/honesty_layer47.npy,/Users/manouchehrrimer/Desktop/BlueDot_Perona_Vector_Project/outputs/ethics_projection/activations/justice_test_002059_layer47.npy
justice_test_002059,justice,fairness,harmlessness,47,7548.68212890625,mean_centered,/Users/manouchehrrimer/Desktop/BlueDot_Perona_Vector_Project/outputs/vector_construction/persona_vectors/harmlessness_layer47.npy,/Users/manouchehrrimer/Desktop/BlueDot_Perona_Vector_Project/outputs/ethics_projection/activations/justice_test_002059_layer47.npy
justice_test_002059,justice,fairness,fairness,47,3103.58984375,mean_centered,/Users/manouchehrrimer/Desktop/BlueDot_Perona_Vector_Project/outputs/vector_construction/persona_vectors/fairness_layer47.npy,/Users/manouchehrrimer/Desktop/BlueDot_Perona_Vector_Project/outputs/ethics_projection/activations/justice_test_002059_layer47.npy
justice_test_002059,justice,fairness,compassion,47,3791.051513671875,mean_centered,/Users/manouchehrrimer/Desktop/BlueDot_Perona_Vector_Project/outputs/vector_construction/persona_vectors/compassion_layer47.npy,/Users/manouchehrrimer/Desktop/BlueDot_Perona_Vector_Project/outputs/ethics_projection/activations/justice_test_002059_layer47.npy
justice_test_002142,justice,honesty,honesty,32,1355.09033203125,mean_centered,/Users/manouchehrrimer/Desktop/BlueDot_Perona_Vector_Project/outputs/vector_construction/persona_vectors/honesty_layer32.npy,/Users/manouchehrrimer/Desktop/BlueDot_Perona_Vector_Project/outputs/ethics_projection/activations/justice_test_002142_layer32.npy
justice_test_002142,justice,honesty,harmlessness,32,-1987.3009033203125,mean_centered,/Users/manouchehrrimer/Desktop/BlueDot_Perona_Vector_Project/outputs/vector_construction/persona_vectors/harmlessness_layer32.npy,/Users/manouchehrrimer/Desktop/BlueDot_Perona_Vector_Project/outputs/ethics_projection/activations/justice_test_002142_layer32.npy
justice_test_002142,justice,honesty,fairness,32,1539.2847900390625,mean_centered,/Users/manouchehrrimer/Desktop/BlueDot_Perona_Vector_Project/outputs/vector_construction/persona_vectors/fairness_layer32.npy,/Users/manouchehrrimer/Desktop/BlueDot_Perona_Vector_Project/outputs/ethics_projection/activations/justice_test_002142_layer32.npy
justice_test_002142,justice,honesty,compassion,32,1071.46240234375,mean_centered,/Users/manouchehrrimer/Desktop/BlueDot_Perona_Vector_Project/outputs/vector_construction/persona_vectors/compassion_layer32.npy,/Users/manouchehrrimer/Desktop/BlueDot_Perona_Vector_Project/outputs/ethics_projection/activations/justice_test_002142_layer32.npy
justice_test_002142,justice,honesty,honesty,40,5837.423828125,mean_centered,/Users/manouchehrrimer/Desktop/BlueDot_Perona_Vector_Project/outputs/vector_construction/persona_vectors/honesty_layer40.npy,/Users/manouchehrrimer/Desktop/BlueDot_Perona_Vector_Project/outputs/ethics_projection/activations/justice_test_002142_layer40.npy
justice_test_002142,justice,honesty,harmlessness,40,-155.17601013183594,mean_centered,/Users/manouchehrrimer/Desktop/BlueDot_Perona_Vector_Project/outputs/vector_construction/persona_vectors/harmlessness_layer40.npy,/Users/manouchehrrimer/Desktop/BlueDot_Perona_Vector_Project/outputs/ethics_projection/activations/justice_test_002142_layer40.npy
justice_test_002142,justice,honesty,fairness,40,4286.82666015625,mean_centered,/Users/manouchehrrimer/Desktop/BlueDot_Perona_Vector_Project/outputs/vector_construction/persona_vectors/fairness_layer40.npy,/Users/manouchehrrimer/Desktop/BlueDot_Perona_Vector_Project/outputs/ethics_projection/activations/justice_test_002142_layer40.npy
justice_test_002142,justice,honesty,compassion,40,-308.8790283203125,mean_centered,/Users/manouchehrrimer/Desktop/BlueDot_Perona_Vector_Project/outputs/vector_construction/persona_vectors/compassion_layer40.npy,/Users/manouchehrrimer/Desktop/BlueDot_Perona_Vector_Project/outputs/ethics_projection/activations/justice_test_002142_layer40.npy
justice_test_002142,justice,honesty,honesty,47,3559.87060546875,mean_centered,/Users/manouchehrrimer/Desktop/BlueDot_Perona_Vector_Project/outputs/vector_construction/persona_vectors/honesty_layer47.npy,/Users/manouchehrrimer/Desktop/BlueDot_Perona_Vector_Project/outputs/ethics_projection/activations/justice_test_002142_layer47.npy
justice_test_002142,justice,honesty,harmlessness,47,3614.296630859375,mean_centered,/Users/manouchehrrimer/Desktop/BlueDot_Perona_Vector_Project/outputs/vector_construction/persona_vectors/harmlessness_layer47.npy,/Users/manouchehrrimer/Desktop/BlueDot_Perona_Vector_Project/outputs/ethics_projection/activations/justice_test_002142_layer47.npy
justice_test_002142,justice,honesty,fairness,47,1300.3453369140625,mean_centered,/Users/manouchehrrimer/Desktop/BlueDot_Perona_Vector_Project/outputs/vector_construction/persona_vectors/fairness_layer47.npy,/Users/manouchehrrimer/Desktop/BlueDot_Perona_Vector_Project/outputs/ethics_projection/activations/justice_test_002142_layer47.npy
justice_test_002142,justice,honesty,compassion,47,2013.9945068359375,mean_centered,/Users/manouchehrrimer/Desktop/BlueDot_Perona_Vector_Project/outputs/vector_construction/persona_vectors/compassion_layer47.npy,/Users/manouchehrrimer/Desktop/BlueDot_Perona_Vector_Project/outputs/ethics_projection/activations/justice_test_002142_layer47.npy
justice_test_002189,justice,fairness,honesty,32,-1334.3629150390625,mean_centered,/Users/manouchehrrimer/Desktop/BlueDot_Perona_Vector_Project/outputs/vector_construction/persona_vectors/honesty_layer32.npy,/Users/manouchehrrimer/Desktop/BlueDot_Perona_Vector_Project/outputs/ethics_projection/activations/justice_test_002189_layer32.npy
justice_test_002189,justice,fairness,harmlessness,32,2086.302490234375,mean_centered,/Users/manouchehrrimer/Desktop/BlueDot_Perona_Vector_Project/outputs/vector_construction/persona_vectors/harmlessness_layer32.npy,/Users/manouchehrrimer/Desktop/BlueDot_Perona_Vector_Project/outputs/ethics_projection/activations/justice_test_002189_layer32.npy
justice_test_002189,justice,fairness,fairness,32,-1745.07421875,mean_centered,/Users/manouchehrrimer/Desktop/BlueDot_Perona_Vector_Project/outputs/vector_construction/persona_vectors/fairness_layer32.npy,/Users/manouchehrrimer/Desktop/BlueDot_Perona_Vector_Project/outputs/ethics_projection/activations/justice_test_002189_layer32.npy
justice_test_002189,justice,fairness,compassion,32,-1251.268310546875,mean_centered,/Users/manouchehrrimer/Desktop/BlueDot_Perona_Vector_Project/outputs/vector_construction/persona_vectors/compassion_layer32.npy,/Users/manouchehrrimer/Desktop/BlueDot_Perona_Vector_Project/outputs/ethics_projection/activations/justice_test_002189_layer32.npy
justice_test_002189,justice,fairness,honesty,40,3498.4658203125,mean_centered,/Users/manouchehrrimer/Desktop/BlueDot_Perona_Vector_Project/outputs/vector_construction/persona_vectors/honesty_layer40.npy,/Users/manouchehrrimer/Desktop/BlueDot_Perona_Vector_Project/outputs/ethics_projection/activations/justice_test_002189_layer40.npy
justice_test_002189,justice,fairness,harmlessness,40,737.8236083984375,mean_centered,/Users/manouchehrrimer/Desktop/BlueDot_Perona_Vector_Project/outputs/vector_construction/persona_vectors/harmlessness_layer40.npy,/Users/manouchehrrimer/Desktop/BlueDot_Perona_Vector_Project/outputs/ethics_projection/activations/justice_test_002189_layer40.npy
justice_test_002189,justice,fairness,fairness,40,2220.7265625,mean_centered,/Users/manouchehrrimer/Desktop/BlueDot_Perona_Vector_Project/outputs/vector_construction/persona_vectors/fairness_layer40.npy,/Users/manouchehrrimer/Desktop/BlueDot_Perona_Vector_Project/outputs/ethics_projection/activations/justice_test_002189_layer40.npy
justice_test_002189,justice,fairness,compassion,40,25.453399658203125,mean_centered,/Users/manouchehrrimer/Desktop/BlueDot_Perona_Vector_Project/outputs/vector_construction/persona_vectors/compassion_layer40.npy,/Users/manouchehrrimer/Desktop/BlueDot_Perona_Vector_Project/outputs/ethics_projection/activations/justice_test_002189_layer40.npy
justice_test_002189,justice,fairness,honesty,47,2947.08935546875,mean_centered,/Users/manouchehrrimer/Desktop/BlueDot_Perona_Vector_Project/outputs/vector_construction/persona_vectors/honesty_layer47.npy,/Users/manouchehrrimer/Desktop/BlueDot_Perona_Vector_Project/outputs/ethics_projection/activations/justice_test_002189_layer47.npy
justice_test_002189,justice,fairness,harmlessness,47,3806.359375,mean_centered,/Users/manouchehrrimer/Desktop/BlueDot_Perona_Vector_Project/outputs/vector_construction/persona_vectors/harmlessness_layer47.npy,/Users/manouchehrrimer/Desktop/BlueDot_Perona_Vector_Project/outputs/ethics_projection/activations/justice_test_002189_layer47.npy
justice_test_002189,justice,fairness,fairness,47,663.6458740234375,mean_centered,/Users/manouchehrrimer/Desktop/BlueDot_Perona_Vector_Project/outputs/vector_construction/persona_vectors/fairness_layer47.npy,/Users/manouchehrrimer/Desktop/BlueDot_Perona_Vector_Project/outputs/ethics_projection/activations/justice_test_002189_layer47.npy
justice_test_002189,justice,fairness,compassion,47,1649.6123046875,mean_centered,/Users/manouchehrrimer/Desktop/BlueDot_Perona_Vector_Project/outputs/vector_construction/persona_vectors/compassion_layer47.npy,/Users/manouchehrrimer/Desktop/BlueDot_Perona_Vector_Project/outputs/ethics_projection/activations/justice_test_002189_layer47.npy
justice_test_002196,justice,fairness,honesty,32,329.009521484375,mean_centered,/Users/manouchehrrimer/Desktop/BlueDot_Perona_Vector_Project/outputs/vector_construction/persona_vectors/honesty_layer32.npy,/Users/manouchehrrimer/Desktop/BlueDot_Perona_Vector_Project/outputs/ethics_projection/activations/justice_test_002196_layer32.npy
justice_test_002196,justice,fairness,harmlessness,32,-584.7409057617188,mean_centered,/Users/manouchehrrimer/Desktop/BlueDot_Perona_Vector_Project/outputs/vector_construction/persona_vectors/harmlessness_layer32.npy,/Users/manouchehrrimer/Desktop/BlueDot_Perona_Vector_Project/outputs/ethics_projection/activations/justice_test_002196_layer32.npy
justice_test_002196,justice,fairness,fairness,32,803.5860595703125,mean_centered,/Users/manouchehrrimer/Desktop/BlueDot_Perona_Vector_Project/outputs/vector_construction/persona_vectors/fairness_layer32.npy,/Users/manouchehrrimer/Desktop/BlueDot_Perona_Vector_Project/outputs/ethics_projection/activations/justice_test_002196_layer32.npy
justice_test_002196,justice,fairness,compassion,32,295.18853759765625,mean_centered,/Users/manouchehrrimer/Desktop/BlueDot_Perona_Vector_Project/outputs/vector_construction/persona_vectors/compassion_layer32.npy,/Users/manouchehrrimer/Desktop/BlueDot_Perona_Vector_Project/outputs/ethics_projection/activations/justice_test_002196_layer32.npy
justice_test_002196,justice,fairness,honesty,40,4511.1015625,mean_centered,/Users/manouchehrrimer/Desktop/BlueDot_Perona_Vector_Project/outputs/vector_construction/persona_vectors/honesty_layer40.npy,/Users/manouchehrrimer/Desktop/BlueDot_Perona_Vector_Project/outputs/ethics_projection/activations/justice_test_002196_layer40.npy
justice_test_002196,justice,fairness,harmlessness,40,224.98468017578125,mean_centered,/Users/manouchehrrimer/Desktop/BlueDot_Perona_Vector_Project/outputs/vector_construction/persona_vectors/harmlessness_layer40.npy,/Users/manouchehrrimer/Desktop/BlueDot_Perona_Vector_Project/outputs/ethics_projection/activations/justice_test_002196_layer40.npy
justice_test_002196,justice,fairness,fairness,40,3801.85498046875,mean_centered,/Users/manouchehrrimer/Desktop/BlueDot_Perona_Vector_Project/outputs/vector_construction/persona_vectors/fairness_layer40.npy,/Users/manouchehrrimer/Desktop/BlueDot_Perona_Vector_Project/outputs/ethics_projection/activations/justice_test_002196_layer40.npy
justice_test_002196,justice,fairness,compassion,40,64.34597778320312,mean_centered,/Users/manouchehrrimer/Desktop/BlueDot_Perona_Vector_Project/outputs/vector_construction/persona_vectors/compassion_layer40.npy,/Users/manouchehrrimer/Desktop/BlueDot_Perona_Vector_Project/outputs/ethics_projection/activations/justice_test_002196_layer40.npy
justice_test_002196,justice,fairness,honesty,47,2278.35546875,mean_centered,/Users/manouchehrrimer/Desktop/BlueDot_Perona_Vector_Project/outputs/vector_construction/persona_vectors/honesty_layer47.npy,/Users/manouchehrrimer/Desktop/BlueDot_Perona_Vector_Project/outputs/ethics_projection/activations/justice_test_002196_layer47.npy
justice_test_002196,justice,fairness,harmlessness,47,2252.603515625,mean_centered,/Users/manouchehrrimer/Desktop/BlueDot_Perona_Vector_Project/outputs/vector_construction/persona_vectors/harmlessness_layer47.npy,/Users/manouchehrrimer/Desktop/BlueDot_Perona_Vector_Project/outputs/ethics_projection/activations/justice_test_002196_layer47.npy
justice_test_002196,justice,fairness,fairness,47,1677.0889892578125,mean_centered,/Users/manouchehrrimer/Desktop/BlueDot_Perona_Vector_Project/outputs/vector_construction/persona_vectors/fairness_layer47.npy,/Users/manouchehrrimer/Desktop/BlueDot_Perona_Vector_Project/outputs/ethics_projection/activations/justice_test_002196_layer47.npy
justice_test_002196,justice,fairness,compassion,47,578.633544921875,mean_centered,/Users/manouchehrrimer/Desktop/BlueDot_Perona_Vector_Project/outputs/vector_construction/persona_vectors/compassion_layer47.npy,/Users/manouchehrrimer/Desktop/BlueDot_Perona_Vector_Project/outputs/ethics_projection/activations/justice_test_002196_layer47.npy
justice_test_002270,justice,compassion,honesty,32,589.2994995117188,mean_centered,/Users/manouchehrrimer/Desktop/BlueDot_Perona_Vector_Project/outputs/vector_construction/persona_vectors/honesty_layer32.npy,/Users/manouchehrrimer/Desktop/BlueDot_Perona_Vector_Project/outputs/ethics_projection/activations/justice_test_002270_layer32.npy
justice_test_002270,justice,compassion,harmlessness,32,-682.0068969726562,mean_centered,/Users/manouchehrrimer/Desktop/BlueDot_Perona_Vector_Project/outputs/vector_construction/persona_vectors/harmlessness_layer32.npy,/Users/manouchehrrimer/Desktop/BlueDot_Perona_Vector_Project/outputs/ethics_projection/activations/justice_test_002270_layer32.npy
justice_test_002270,justice,compassion,fairness,32,538.0059814453125,mean_centered,/Users/manouchehrrimer/Desktop/BlueDot_Perona_Vector_Project/outputs/vector_construction/persona_vectors/fairness_layer32.npy,/Users/manouchehrrimer/Desktop/BlueDot_Perona_Vector_Project/outputs/ethics_projection/activations/justice_test_002270_layer32.npy
justice_test_002270,justice,compassion,compassion,32,197.12939453125,mean_centered,/Users/manouchehrrimer/Desktop/BlueDot_Perona_Vector_Project/outputs/vector_construction/persona_vectors/compassion_layer32.npy,/Users/manouchehrrimer/Desktop/BlueDot_Perona_Vector_Project/outputs/ethics_projection/activations/justice_test_002270_layer32.npy
justice_test_002270,justice,compassion,honesty,40,4243.82763671875,mean_centered,/Users/manouchehrrimer/Desktop/BlueDot_Perona_Vector_Project/outputs/vector_construction/persona_vectors/honesty_layer40.npy,/Users/manouchehrrimer/Desktop/BlueDot_Perona_Vector_Project/outputs/ethics_projection/activations/justice_test_002270_layer40.npy
justice_test_002270,justice,compassion,harmlessness,40,-196.64187622070312,mean_centered,/Users/manouchehrrimer/Desktop/BlueDot_Perona_Vector_Project/outputs/vector_construction/persona_vectors/harmlessness_layer40.npy,/Users/manouchehrrimer/Desktop/BlueDot_Perona_Vector_Project/outputs/ethics_projection/activations/justice_test_002270_layer40.npy
justice_test_002270,justice,compassion,fairness,40,3027.763916015625,mean_centered,/Users/manouchehrrimer/Desktop/BlueDot_Perona_Vector_Project/outputs/vector_construction/persona_vectors/fairness_layer40.npy,/Users/manouchehrrimer/Desktop/BlueDot_Perona_Vector_Project/outputs/ethics_projection/activations/justice_test_002270_layer40.npy
justice_test_002270,justice,compassion,compassion,40,-288.41259765625,mean_centered,/Users/manouchehrrimer/Desktop/BlueDot_Perona_Vector_Project/outputs/vector_construction/persona_vectors/compassion_layer40.npy,/Users/manouchehrrimer/Desktop/BlueDot_Perona_Vector_Project/outputs/ethics_projection/activations/justice_test_002270_layer40.npy
justice_test_002270,justice,compassion,honesty,47,3216.966064453125,mean_centered,/Users/manouchehrrimer/Desktop/BlueDot_Perona_Vector_Project/outputs/vector_construction/persona_vectors/honesty_layer47.npy,/Users/manouchehrrimer/Desktop/BlueDot_Perona_Vector_Project/outputs/ethics_projection/activations/justice_test_002270_layer47.npy
justice_test_002270,justice,compassion,harmlessness,47,3562.31396484375,mean_centered,/Users/manouchehrrimer/Desktop/BlueDot_Perona_Vector_Project/outputs/vector_construction/persona_vectors/harmlessness_layer47.npy,/Users/manouchehrrimer/Desktop/BlueDot_Perona_Vector_Project/outputs/ethics_projection/activations/justice_test_002270_layer47.npy
justice_test_002270,justice,compassion,fairness,47,1238.7529296875,mean_centered,/Users/manouchehrrimer/Desktop/BlueDot_Perona_Vector_Project/outputs/vector_construction/persona_vectors/fairness_layer47.npy,/Users/manouchehrrimer/Desktop/BlueDot_Perona_Vector_Project/outputs/ethics_projection/activations/justice_test_002270_layer47.npy
justice_test_002270,justice,compassion,compassion,47,1258.995361328125,mean_centered,/Users/manouchehrrimer/Desktop/BlueDot_Perona_Vector_Project/outputs/vector_construction/persona_vectors/compassion_layer47.npy,/Users/manouchehrrimer/Desktop/BlueDot_Perona_Vector_Project/outputs/ethics_projection/activations/justice_test_002270_layer47.npy
justice_test_002286,justice,fairness,honesty,32,-846.5384521484375,mean_centered,/Users/manouchehrrimer/Desktop/BlueDot_Perona_Vector_Project/outputs/vector_construction/persona_vectors/honesty_layer32.npy,/Users/manouchehrrimer/Desktop/BlueDot_Perona_Vector_Project/outputs/ethics_projection/activations/justice_test_002286_layer32.npy
justice_test_002286,justice,fairness,harmlessness,32,1221.4508056640625,mean_centered,/Users/manouchehrrimer/Desktop/BlueDot_Perona_Vector_Project/outputs/vector_construction/persona_vectors/harmlessness_layer32.npy,/Users/manouchehrrimer/Desktop/BlueDot_Perona_Vector_Project/outputs/ethics_projection/activations/justice_test_002286_layer32.npy
justice_test_002286,justice,fairness,fairness,32,-552.7138671875,mean_centered,/Users/manouchehrrimer/Desktop/BlueDot_Perona_Vector_Project/outputs/vector_construction/persona_vectors/fairness_layer32.npy,/Users/manouchehrrimer/Desktop/BlueDot_Perona_Vector_Project/outputs/ethics_projection/activations/justice_test_002286_layer32.npy
justice_test_002286,justice,fairness,compassion,32,-952.6468505859375,mean_centered,/Users/manouchehrrimer/Desktop/BlueDot_Perona_Vector_Project/outputs/vector_construction/persona_vectors/compassion_layer32.npy,/Users/manouchehrrimer/Desktop/BlueDot_Perona_Vector_Project/outputs/ethics_projection/activations/justice_test_002286_layer32.npy
justice_test_002286,justice,fairness,honesty,40,4163.30029296875,mean_centered,/Users/manouchehrrimer/Desktop/BlueDot_Perona_Vector_Project/outputs/vector_construction/persona_vectors/honesty_layer40.npy,/Users/manouchehrrimer/Desktop/BlueDot_Perona_Vector_Project/outputs/ethics_projection/activations/justice_test_002286_layer40.npy
justice_test_002286,justice,fairness,harmlessness,40,116.21566772460938,mean_centered,/Users/manouchehrrimer/Desktop/BlueDot_Perona_Vector_Project/outputs/vector_construction/persona_vectors/harmlessness_layer40.npy,/Users/manouchehrrimer/Desktop/BlueDot_Perona_Vector_Project/outputs/ethics_projection/activations/justice_test_002286_layer40.npy
justice_test_002286,justice,fairness,fairness,40,3932.84814453125,mean_centered,/Users/manouchehrrimer/Desktop/BlueDot_Perona_Vector_Project/outputs/vector_construction/persona_vectors/fairness_layer40.npy,/Users/manouchehrrimer/Desktop/BlueDot_Perona_Vector_Project/outputs/ethics_projection/activations/justice_test_002286_layer40.npy
justice_test_002286,justice,fairness,compassion,40,12.849220275878906,mean_centered,/Users/manouchehrrimer/Desktop/BlueDot_Perona_Vector_Project/outputs/vector_construction/persona_vectors/compassion_layer40.npy,/Users/manouchehrrimer/Desktop/BlueDot_Perona_Vector_Project/outputs/ethics_projection/activations/justice_test_002286_layer40.npy
justice_test_002286,justice,fairness,honesty,47,3293.693603515625,mean_centered,/Users/manouchehrrimer/Desktop/BlueDot_Perona_Vector_Project/outputs/vector_construction/persona_vectors/honesty_layer47.npy,/Users/manouchehrrimer/Desktop/BlueDot_Perona_Vector_Project/outputs/ethics_projection/activations/justice_test_002286_layer47.npy
justice_test_002286,justice,fairness,harmlessness,47,4633.63037109375,mean_centered,/Users/manouchehrrimer/Desktop/BlueDot_Perona_Vector_Project/outputs/vector_construction/persona_vectors/harmlessness_layer47.npy,/Users/manouchehrrimer/Desktop/BlueDot_Perona_Vector_Project/outputs/ethics_projection/activations/justice_test_002286_layer47.npy
justice_test_002286,justice,fairness,fairness,47,2638.547119140625,mean_centered,/Users/manouchehrrimer/Desktop/BlueDot_Perona_Vector_Project/outputs/vector_construction/persona_vectors/fairness_layer47.npy,/Users/manouchehrrimer/Desktop/BlueDot_Perona_Vector_Project/outputs/ethics_projection/activations/justice_test_002286_layer47.npy
justice_test_002286,justice,fairness,compassion,47,2105.21240234375,mean_centered,/Users/manouchehrrimer/Desktop/BlueDot_Perona_Vector_Project/outputs/vector_construction/persona_vectors/compassion_layer47.npy,/Users/manouchehrrimer/Desktop/BlueDot_Perona_Vector_Project/outputs/ethics_projection/activations/justice_test_002286_layer47.npy
justice_test_002293,justice,fairness,honesty,32,513.2966918945312,mean_centered,/Users/manouchehrrimer/Desktop/BlueDot_Perona_Vector_Project/outputs/vector_construction/persona_vectors/honesty_layer32.npy,/Users/manouchehrrimer/Desktop/BlueDot_Perona_Vector_Project/outputs/ethics_projection/activations/justice_test_002293_layer32.npy
justice_test_002293,justice,fairness,harmlessness,32,-230.2989959716797,mean_centered,/Users/manouchehrrimer/Desktop/BlueDot_Perona_Vector_Project/outputs/vector_construction/persona_vectors/harmlessness_layer32.npy,/Users/manouchehrrimer/Desktop/BlueDot_Perona_Vector_Project/outputs/ethics_projection/activations/justice_test_002293_layer32.npy
justice_test_002293,justice,fairness,fairness,32,756.3538818359375,mean_centered,/Users/manouchehrrimer/Desktop/BlueDot_Perona_Vector_Project/outputs/vector_construction/persona_vectors/fairness_layer32.npy,/Users/manouchehrrimer/Desktop/BlueDot_Perona_Vector_Project/outputs/ethics_projection/activations/justice_test_002293_layer32.npy
justice_test_002293,justice,fairness,compassion,32,67.94949340820312,mean_centered,/Users/manouchehrrimer/Desktop/BlueDot_Perona_Vector_Project/outputs/vector_construction/persona_vectors/compassion_layer32.npy,/Users/manouchehrrimer/Desktop/BlueDot_Perona_Vector_Project/outputs/ethics_projection/activations/justice_test_002293_layer32.npy
justice_test_002293,justice,fairness,honesty,40,5833.66357421875,mean_centered,/Users/manouchehrrimer/Desktop/BlueDot_Perona_Vector_Project/outputs/vector_construction/persona_vectors/honesty_layer40.npy,/Users/manouchehrrimer/Desktop/BlueDot_Perona_Vector_Project/outputs/ethics_projection/activations/justice_test_002293_layer40.npy
justice_test_002293,justice,fairness,harmlessness,40,711.2975463867188,mean_centered,/Users/manouchehrrimer/Desktop/BlueDot_Perona_Vector_Project/outputs/vector_construction/persona_vectors/harmlessness_layer40.npy,/Users/manouchehrrimer/Desktop/BlueDot_Perona_Vector_Project/outputs/ethics_projection/activations/justice_test_002293_layer40.npy
justice_test_002293,justice,fairness,fairness,40,4564.259765625,mean_centered,/Users/manouchehrrimer/Desktop/BlueDot_Perona_Vector_Project/outputs/vector_construction/persona_vectors/fairness_layer40.npy,/Users/manouchehrrimer/Desktop/BlueDot_Perona_Vector_Project/outputs/ethics_projection/activations/justice_test_002293_layer40.npy
justice_test_002293,justice,fairness,compassion,40,-300.0677490234375,mean_centered,/Users/manouchehrrimer/Desktop/BlueDot_Perona_Vector_Project/outputs/vector_construction/persona_vectors/compassion_layer40.npy,/Users/manouchehrrimer/Desktop/BlueDot_Perona_Vector_Project/outputs/ethics_projection/activations/justice_test_002293_layer40.npy
justice_test_002293,justice,fairness,honesty,47,6404.115234375,mean_centered,/Users/manouchehrrimer/Desktop/BlueDot_Perona_Vector_Project/outputs/vector_construction/persona_vectors/honesty_layer47.npy,/Users/manouchehrrimer/Desktop/BlueDot_Perona_Vector_Project/outputs/ethics_projection/activations/justice_test_002293_layer47.npy
justice_test_002293,justice,fairness,harmlessness,47,7968.2529296875,mean_centered,/Users/manouchehrrimer/Desktop/BlueDot_Perona_Vector_Project/outputs/vector_construction/persona_vectors/harmlessness_layer47.npy,/Users/manouchehrrimer/Desktop/BlueDot_Perona_Vector_Project/outputs/ethics_projection/activations/justice_test_002293_layer47.npy
justice_test_002293,justice,fairness,fairness,47,2399.535888671875,mean_centered,/Users/manouchehrrimer/Desktop/BlueDot_Perona_Vector_Project/outputs/vector_construction/persona_vectors/fairness_layer47.npy,/Users/manouchehrrimer/Desktop/BlueDot_Perona_Vector_Project/outputs/ethics_projection/activations/justice_test_002293_layer47.npy
justice_test_002293,justice,fairness,compassion,47,2883.2822265625,mean_centered,/Users/manouchehrrimer/Desktop/BlueDot_Perona_Vector_Project/outputs/vector_construction/persona_vectors/compassion_layer47.npy,/Users/manouchehrrimer/Desktop/BlueDot_Perona_Vector_Project/outputs/ethics_projection/activations/justice_test_002293_layer47.npy
justice_test_002296,justice,compassion,honesty,32,1397.2218017578125,mean_centered,/Users/manouchehrrimer/Desktop/BlueDot_Perona_Vector_Project/outputs/vector_construction/persona_vectors/honesty_layer32.npy,/Users/manouchehrrimer/Desktop/BlueDot_Perona_Vector_Project/outputs/ethics_projection/activations/justice_test_002296_layer32.npy
justice_test_002296,justice,compassion,harmlessness,32,-1788.5428466796875,mean_centered,/Users/manouchehrrimer/Desktop/BlueDot_Perona_Vector_Project/outputs/vector_construction/persona_vectors/harmlessness_layer32.npy,/Users/manouchehrrimer/Desktop/BlueDot_Perona_Vector_Project/outputs/ethics_projection/activations/justice_test_002296_layer32.npy
justice_test_002296,justice,compassion,fairness,32,1822.0103759765625,mean_centered,/Users/manouchehrrimer/Desktop/BlueDot_Perona_Vector_Project/outputs/vector_construction/persona_vectors/fairness_layer32.npy,/Users/manouchehrrimer/Desktop/BlueDot_Perona_Vector_Project/outputs/ethics_projection/activations/justice_test_002296_layer32.npy
justice_test_002296,justice,compassion,compassion,32,1363.01220703125,mean_centered,/Users/manouchehrrimer/Desktop/BlueDot_Perona_Vector_Project/outputs/vector_construction/persona_vectors/compassion_layer32.npy,/Users/manouchehrrimer/Desktop/BlueDot_Perona_Vector_Project/outputs/ethics_projection/activations/justice_test_002296_layer32.npy
justice_test_002296,justice,compassion,honesty,40,7735.8095703125,mean_centered,/Users/manouchehrrimer/Desktop/BlueDot_Perona_Vector_Project/outputs/vector_construction/persona_vectors/honesty_layer40.npy,/Users/manouchehrrimer/Desktop/BlueDot_Perona_Vector_Project/outputs/ethics_projection/activations/justice_test_002296_layer40.npy
justice_test_002296,justice,compassion,harmlessness,40,344.69415283203125,mean_centered,/Users/manouchehrrimer/Desktop/BlueDot_Perona_Vector_Project/outputs/vector_construction/persona_vectors/harmlessness_layer40.npy,/Users/manouchehrrimer/Desktop/BlueDot_Perona_Vector_Project/outputs/ethics_projection/activations/justice_test_002296_layer40.npy
justice_test_002296,justice,compassion,fairness,40,5884.4208984375,mean_centered,/Users/manouchehrrimer/Desktop/BlueDot_Perona_Vector_Project/outputs/vector_construction/persona_vectors/fairness_layer40.npy,/Users/manouchehrrimer/Desktop/BlueDot_Perona_Vector_Project/outputs/ethics_projection/activations/justice_test_002296_layer40.npy
justice_test_002296,justice,compassion,compassion,40,620.84033203125,mean_centered,/Users/manouchehrrimer/Desktop/BlueDot_Perona_Vector_Project/outputs/vector_construction/persona_vectors/compassion_layer40.npy,/Users/manouchehrrimer/Desktop/BlueDot_Perona_Vector_Project/outputs/ethics_projection/activations/justice_test_002296_layer40.npy
justice_test_002296,justice,compassion,honesty,47,4370.77734375,mean_centered,/Users/manouchehrrimer/Desktop/BlueDot_Perona_Vector_Project/outputs/vector_construction/persona_vectors/honesty_layer47.npy,/Users/manouchehrrimer/Desktop/BlueDot_Perona_Vector_Project/outputs/ethics_projection/activations/justice_test_002296_layer47.npy
justice_test_002296,justice,compassion,harmlessness,47,4938.89404296875,mean_centered,/Users/manouchehrrimer/Desktop/BlueDot_Perona_Vector_Project/outputs/vector_construction/persona_vectors/harmlessness_layer47.npy,/Users/manouchehrrimer/Desktop/BlueDot_Perona_Vector_Project/outputs/ethics_projection/activations/justice_test_002296_layer47.npy
justice_test_002296,justice,compassion,fairness,47,1890.4085693359375,mean_centered,/Users/manouchehrrimer/Desktop/BlueDot_Perona_Vector_Project/outputs/vector_construction/persona_vectors/fairness_layer47.npy,/Users/manouchehrrimer/Desktop/BlueDot_Perona_Vector_Project/outputs/ethics_projection/activations/justice_test_002296_layer47.npy
justice_test_002296,justice,compassion,compassion,47,2546.55322265625,mean_centered,/Users/manouchehrrimer/Desktop/BlueDot_Perona_Vector_Project/outputs/vector_construction/persona_vectors/compassion_layer47.npy,/Users/manouchehrrimer/Desktop/BlueDot_Perona_Vector_Project/outputs/ethics_projection/activations/justice_test_002296_layer47.npy
justice_test_002313,justice,compassion,honesty,32,943.451416015625,mean_centered,/Users/manouchehrrimer/Desktop/BlueDot_Perona_Vector_Project/outputs/vector_construction/persona_vectors/honesty_layer32.npy,/Users/manouchehrrimer/Desktop/BlueDot_Perona_Vector_Project/outputs/ethics_projection/activations/justice_test_002313_layer32.npy
justice_test_002313,justice,compassion,harmlessness,32,-1965.199951171875,mean_centered,/Users/manouchehrrimer/Desktop/BlueDot_Perona_Vector_Project/outputs/vector_construction/persona_vectors/harmlessness_layer32.npy,/Users/manouchehrrimer/Desktop/BlueDot_Perona_Vector_Project/outputs/ethics_projection/activations/justice_test_002313_layer32.npy
justice_test_002313,justice,compassion,fairness,32,1701.1871337890625,mean_centered,/Users/manouchehrrimer/Desktop/BlueDot_Perona_Vector_Project/outputs/vector_construction/persona_vectors/fairness_layer32.npy,/Users/manouchehrrimer/Desktop/BlueDot_Perona_Vector_Project/outputs/ethics_projection/activations/justice_test_002313_layer32.npy
justice_test_002313,justice,compassion,compassion,32,905.2034912109375,mean_centered,/Users/manouchehrrimer/Desktop/BlueDot_Perona_Vector_Project/outputs/vector_construction/persona_vectors/compassion_layer32.npy,/Users/manouchehrrimer/Desktop/BlueDot_Perona_Vector_Project/outputs/ethics_projection/activations/justice_test_002313_layer32.npy
justice_test_002313,justice,compassion,honesty,40,5971.2724609375,mean_centered,/Users/manouchehrrimer/Desktop/BlueDot_Perona_Vector_Project/outputs/vector_construction/persona_vectors/honesty_layer40.npy,/Users/manouchehrrimer/Desktop/BlueDot_Perona_Vector_Project/outputs/ethics_projection/activations/justice_test_002313_layer40.npy
justice_test_002313,justice,compassion,harmlessness,40,-440.92034912109375,mean_centered,/Users/manouchehrrimer/Desktop/BlueDot_Perona_Vector_Project/outputs/vector_construction/persona_vectors/harmlessness_layer40.npy,/Users/manouchehrrimer/Desktop/BlueDot_Perona_Vector_Project/outputs/ethics_projection/activations/justice_test_002313_layer40.npy
justice_test_002313,justice,compassion,fairness,40,5152.234375,mean_centered,/Users/manouchehrrimer/Desktop/BlueDot_Perona_Vector_Project/outputs/vector_construction/persona_vectors/fairness_layer40.npy,/Users/manouchehrrimer/Desktop/BlueDot_Perona_Vector_Project/outputs/ethics_projection/activations/justice_test_002313_layer40.npy
justice_test_002313,justice,compassion,compassion,40,-254.55508422851562,mean_centered,/Users/manouchehrrimer/Desktop/BlueDot_Perona_Vector_Project/outputs/vector_construction/persona_vectors/compassion_layer40.npy,/Users/manouchehrrimer/Desktop/BlueDot_Perona_Vector_Project/outputs/ethics_projection/activations/justice_test_002313_layer40.npy
justice_test_002313,justice,compassion,honesty,47,3026.626220703125,mean_centered,/Users/manouchehrrimer/Desktop/BlueDot_Perona_Vector_Project/outputs/vector_construction/persona_vectors/honesty_layer47.npy,/Users/manouchehrrimer/Desktop/BlueDot_Perona_Vector_Project/outputs/ethics_projection/activations/justice_test_002313_layer47.npy
justice_test_002313,justice,compassion,harmlessness,47,3523.75634765625,mean_centered,/Users/manouchehrrimer/Desktop/BlueDot_Perona_Vector_Project/outputs/vector_construction/persona_vectors/harmlessness_layer47.npy,/Users/manouchehrrimer/Desktop/BlueDot_Perona_Vector_Project/outputs/ethics_projection/activations/justice_test_002313_layer47.npy
justice_test_002313,justice,compassion,fairness,47,2217.162841796875,mean_centered,/Users/manouchehrrimer/Desktop/BlueDot_Perona_Vector_Project/outputs/vector_construction/persona_vectors/fairness_layer47.npy,/Users/manouchehrrimer/Desktop/BlueDot_Perona_Vector_Project/outputs/ethics_projection/activations/justice_test_002313_layer47.npy
justice_test_002313,justice,compassion,compassion,47,1688.715576171875,mean_centered,/Users/manouchehrrimer/Desktop/BlueDot_Perona_Vector_Project/outputs/vector_construction/persona_vectors/compassion_layer47.npy,/Users/manouchehrrimer/Desktop/BlueDot_Perona_Vector_Project/outputs/ethics_projection/activations/justice_test_002313_layer47.npy
justice_test_002390,justice,fairness,honesty,32,-907.4468994140625,mean_centered,/Users/manouchehrrimer/Desktop/BlueDot_Perona_Vector_Project/outputs/vector_construction/persona_vectors/honesty_layer32.npy,/Users/manouchehrrimer/Desktop/BlueDot_Perona_Vector_Project/outputs/ethics_projection/activations/justice_test_002390_layer32.npy
justice_test_002390,justice,fairness,harmlessness,32,792.7068481445312,mean_centered,/Users/manouchehrrimer/Desktop/BlueDot_Perona_Vector_Project/outputs/vector_construction/persona_vectors/harmlessness_layer32.npy,/Users/manouchehrrimer/Desktop/BlueDot_Perona_Vector_Project/outputs/ethics_projection/activations/justice_test_002390_layer32.npy
justice_test_002390,justice,fairness,fairness,32,-512.7141723632812,mean_centered,/Users/manouchehrrimer/Desktop/BlueDot_Perona_Vector_Project/outputs/vector_construction/persona_vectors/fairness_layer32.npy,/Users/manouchehrrimer/Desktop/BlueDot_Perona_Vector_Project/outputs/ethics_projection/activations/justice_test_002390_layer32.npy
justice_test_002390,justice,fairness,compassion,32,-1030.41943359375,mean_centered,/Users/manouchehrrimer/Desktop/BlueDot_Perona_Vector_Project/outputs/vector_construction/persona_vectors/compassion_layer32.npy,/Users/manouchehrrimer/Desktop/BlueDot_Perona_Vector_Project/outputs/ethics_projection/activations/justice_test_002390_layer32.npy
justice_test_002390,justice,fairness,honesty,40,3894.003173828125,mean_centered,/Users/manouchehrrimer/Desktop/BlueDot_Perona_Vector_Project/outputs/vector_construction/persona_vectors/honesty_layer40.npy,/Users/manouchehrrimer/Desktop/BlueDot_Perona_Vector_Project/outputs/ethics_projection/activations/justice_test_002390_layer40.npy
justice_test_002390,justice,fairness,harmlessness,40,-405.26983642578125,mean_centered,/Users/manouchehrrimer/Desktop/BlueDot_Perona_Vector_Project/outputs/vector_construction/persona_vectors/harmlessness_layer40.npy,/Users/manouchehrrimer/Desktop/BlueDot_Perona_Vector_Project/outputs/ethics_projection/activations/justice_test_002390_layer40.npy
justice_test_002390,justice,fairness,fairness,40,3325.4912109375,mean_centered,/Users/manouchehrrimer/Desktop/BlueDot_Perona_Vector_Project/outputs/vector_construction/persona_vectors/fairness_layer40.npy,/Users/manouchehrrimer/Desktop/BlueDot_Perona_Vector_Project/outputs/ethics_projection/activations/justice_test_002390_layer40.npy
justice_test_002390,justice,fairness,compassion,40,-285.94769287109375,mean_centered,/Users/manouchehrrimer/Desktop/BlueDot_Perona_Vector_Project/outputs/vector_construction/persona_vectors/compassion_layer40.npy,/Users/manouchehrrimer/Desktop/BlueDot_Perona_Vector_Project/outputs/ethics_projection/activations/justice_test_002390_layer40.npy
justice_test_002390,justice,fairness,honesty,47,2134.46533203125,mean_centered,/Users/manouchehrrimer/Desktop/BlueDot_Perona_Vector_Project/outputs/vector_construction/persona_vectors/honesty_layer47.npy,/Users/manouchehrrimer/Desktop/BlueDot_Perona_Vector_Project/outputs/ethics_projection/activations/justice_test_002390_layer47.npy
justice_test_002390,justice,fairness,harmlessness,47,2508.8564453125,mean_centered,/Users/manouchehrrimer/Desktop/BlueDot_Perona_Vector_Project/outputs/vector_construction/persona_vectors/harmlessness_layer47.npy,/Users/manouchehrrimer/Desktop/BlueDot_Perona_Vector_Project/outputs/ethics_projection/activations/justice_test_002390_layer47.npy
justice_test_002390,justice,fairness,fairness,47,2128.72119140625,mean_centered,/Users/manouchehrrimer/Desktop/BlueDot_Perona_Vector_Project/outputs/vector_construction/persona_vectors/fairness_layer47.npy,/Users/manouchehrrimer/Desktop/BlueDot_Perona_Vector_Project/outputs/ethics_projection/activations/justice_test_002390_layer47.npy
justice_test_002390,justice,fairness,compassion,47,1236.3525390625,mean_centered,/Users/manouchehrrimer/Desktop/BlueDot_Perona_Vector_Project/outputs/vector_construction/persona_vectors/compassion_layer47.npy,/Users/manouchehrrimer/Desktop/BlueDot_Perona_Vector_Project/outputs/ethics_projection/activations/justice_test_002390_layer47.npy
justice_test_002418,justice,fairness,honesty,32,-1016.5517578125,mean_centered,/Users/manouchehrrimer/Desktop/BlueDot_Perona_Vector_Project/outputs/vector_construction/persona_vectors/honesty_layer32.npy,/Users/manouchehrrimer/Desktop/BlueDot_Perona_Vector_Project/outputs/ethics_projection/activations/justice_test_002418_layer32.npy
justice_test_002418,justice,fairness,harmlessness,32,1006.805419921875,mean_centered,/Users/manouchehrrimer/Desktop/BlueDot_Perona_Vector_Project/outputs/vector_construction/persona_vectors/harmlessness_layer32.npy,/Users/manouchehrrimer/Desktop/BlueDot_Perona_Vector_Project/outputs/ethics_projection/activations/justice_test_002418_layer32.npy
justice_test_002418,justice,fairness,fairness,32,-748.6795654296875,mean_centered,/Users/manouchehrrimer/Desktop/BlueDot_Perona_Vector_Project/outputs/vector_construction/persona_vectors/fairness_layer32.npy,/Users/manouchehrrimer/Desktop/BlueDot_Perona_Vector_Project/outputs/ethics_projection/activations/justice_test_002418_layer32.npy
justice_test_002418,justice,fairness,compassion,32,-666.873046875,mean_centered,/Users/manouchehrrimer/Desktop/BlueDot_Perona_Vector_Project/outputs/vector_construction/persona_vectors/compassion_layer32.npy,/Users/manouchehrrimer/Desktop/BlueDot_Perona_Vector_Project/outputs/ethics_projection/activations/justice_test_002418_layer32.npy
justice_test_002418,justice,fairness,honesty,40,2430.09814453125,mean_centered,/Users/manouchehrrimer/Desktop/BlueDot_Perona_Vector_Project/outputs/vector_construction/persona_vectors/honesty_layer40.npy,/Users/manouchehrrimer/Desktop/BlueDot_Perona_Vector_Project/outputs/ethics_projection/activations/justice_test_002418_layer40.npy
justice_test_002418,justice,fairness,harmlessness,40,131.87010192871094,mean_centered,/Users/manouchehrrimer/Desktop/BlueDot_Perona_Vector_Project/outputs/vector_construction/persona_vectors/harmlessness_layer40.npy,/Users/manouchehrrimer/Desktop/BlueDot_Perona_Vector_Project/outputs/ethics_projection/activations/justice_test_002418_layer40.npy
justice_test_002418,justice,fairness,fairness,40,1711.0531005859375,mean_centered,/Users/manouchehrrimer/Desktop/BlueDot_Perona_Vector_Project/outputs/vector_construction/persona_vectors/fairness_layer40.npy,/Users/manouchehrrimer/Desktop/BlueDot_Perona_Vector_Project/outputs/ethics_projection/activations/justice_test_002418_layer40.npy
justice_test_002418,justice,fairness,compassion,40,90.44685363769531,mean_centered,/Users/manouchehrrimer/Desktop/BlueDot_Perona_Vector_Project/outputs/vector_construction/persona_vectors/compassion_layer40.npy,/Users/manouchehrrimer/Desktop/BlueDot_Perona_Vector_Project/outputs/ethics_projection/activations/justice_test_002418_layer40.npy
justice_test_002418,justice,fairness,honesty,47,1625.62353515625,mean_centered,/Users/manouchehrrimer/Desktop/BlueDot_Perona_Vector_Project/outputs/vector_construction/persona_vectors/honesty_layer47.npy,/Users/manouchehrrimer/Desktop/BlueDot_Perona_Vector_Project/outputs/ethics_projection/activations/justice_test_002418_layer47.npy
justice_test_002418,justice,fairness,harmlessness,47,2184.17724609375,mean_centered,/Users/manouchehrrimer/Desktop/BlueDot_Perona_Vector_Project/outputs/vector_construction/persona_vectors/harmlessness_layer47.npy,/Users/manouchehrrimer/Desktop/BlueDot_Perona_Vector_Project/outputs/ethics_projection/activations/justice_test_002418_layer47.npy
justice_test_002418,justice,fairness,fairness,47,347.54315185546875,mean_centered,/Users/manouchehrrimer/Desktop/BlueDot_Perona_Vector_Project/outputs/vector_construction/persona_vectors/fairness_layer47.npy,/Users/manouchehrrimer/Desktop/BlueDot_Perona_Vector_Project/outputs/ethics_projection/activations/justice_test_002418_layer47.npy
justice_test_002418,justice,fairness,compassion,47,971.01611328125,mean_centered,/Users/manouchehrrimer/Desktop/BlueDot_Perona_Vector_Project/outputs/vector_construction/persona_vectors/compassion_layer47.npy,/Users/manouchehrrimer/Desktop/BlueDot_Perona_Vector_Project/outputs/ethics_projection/activations/justice_test_002418_layer47.npy
justice_test_002448,justice,honesty,honesty,32,387.93035888671875,mean_centered,/Users/manouchehrrimer/Desktop/BlueDot_Perona_Vector_Project/outputs/vector_construction/persona_vectors/honesty_layer32.npy,/Users/manouchehrrimer/Desktop/BlueDot_Perona_Vector_Project/outputs/ethics_projection/activations/justice_test_002448_layer32.npy
justice_test_002448,justice,honesty,harmlessness,32,-220.65985107421875,mean_centered,/Users/manouchehrrimer/Desktop/BlueDot_Perona_Vector_Project/outputs/vector_construction/persona_vectors/harmlessness_layer32.npy,/Users/manouchehrrimer/Desktop/BlueDot_Perona_Vector_Project/outputs/ethics_projection/activations/justice_test_002448_layer32.npy
justice_test_002448,justice,honesty,fairness,32,237.17684936523438,mean_centered,/Users/manouchehrrimer/Desktop/BlueDot_Perona_Vector_Project/outputs/vector_construction/persona_vectors/fairness_layer32.npy,/Users/manouchehrrimer/Desktop/BlueDot_Perona_Vector_Project/outputs/ethics_projection/activations/justice_test_002448_layer32.npy
justice_test_002448,justice,honesty,compassion,32,-56.314659118652344,mean_centered,/Users/manouchehrrimer/Desktop/BlueDot_Perona_Vector_Project/outputs/vector_construction/persona_vectors/compassion_layer32.npy,/Users/manouchehrrimer/Desktop/BlueDot_Perona_Vector_Project/outputs/ethics_projection/activations/justice_test_002448_layer32.npy
justice_test_002448,justice,honesty,honesty,40,1462.527587890625,mean_centered,/Users/manouchehrrimer/Desktop/BlueDot_Perona_Vector_Project/outputs/vector_construction/persona_vectors/honesty_layer40.npy,/Users/manouchehrrimer/Desktop/BlueDot_Perona_Vector_Project/outputs/ethics_projection/activations/justice_test_002448_layer40.npy
justice_test_002448,justice,honesty,harmlessness,40,-286.5822448730469,mean_centered,/Users/manouchehrrimer/Desktop/BlueDot_Perona_Vector_Project/outputs/vector_construction/persona_vectors/harmlessness_layer40.npy,/Users/manouchehrrimer/Desktop/BlueDot_Perona_Vector_Project/outputs/ethics_projection/activations/justice_test_002448_layer40.npy
justice_test_002448,justice,honesty,fairness,40,1360.5157470703125,mean_centered,/Users/manouchehrrimer/Desktop/BlueDot_Perona_Vector_Project/outputs/vector_construction/persona_vectors/fairness_layer40.npy,/Users/manouchehrrimer/Desktop/BlueDot_Perona_Vector_Project/outputs/ethics_projection/activations/justice_test_002448_layer40.npy
justice_test_002448,justice,honesty,compassion,40,-344.940673828125,mean_centered,/Users/manouchehrrimer/Desktop/BlueDot_Perona_Vector_Project/outputs/vector_construction/persona_vectors/compassion_layer40.npy,/Users/manouchehrrimer/Desktop/BlueDot_Perona_Vector_Project/outputs/ethics_projection/activations/justice_test_002448_layer40.npy
justice_test_002448,justice,honesty,honesty,47,-631.132080078125,mean_centered,/Users/manouchehrrimer/Desktop/BlueDot_Perona_Vector_Project/outputs/vector_construction/persona_vectors/honesty_layer47.npy,/Users/manouchehrrimer/Desktop/BlueDot_Perona_Vector_Project/outputs/ethics_projection/activations/justice_test_002448_layer47.npy
justice_test_002448,justice,honesty,harmlessness,47,-1002.4088134765625,mean_centered,/Users/manouchehrrimer/Desktop/BlueDot_Perona_Vector_Project/outputs/vector_construction/persona_vectors/harmlessness_layer47.npy,/Users/manouchehrrimer/Desktop/BlueDot_Perona_Vector_Project/outputs/ethics_projection/activations/justice_test_002448_layer47.npy
justice_test_002448,justice,honesty,fairness,47,304.3245849609375,mean_centered,/Users/manouchehrrimer/Desktop/BlueDot_Perona_Vector_Project/outputs/vector_construction/persona_vectors/fairness_layer47.npy,/Users/manouchehrrimer/Desktop/BlueDot_Perona_Vector_Project/outputs/ethics_projection/activations/justice_test_002448_layer47.npy
justice_test_002448,justice,honesty,compassion,47,-646.282470703125,mean_centered,/Users/manouchehrrimer/Desktop/BlueDot_Perona_Vector_Project/outputs/vector_construction/persona_vectors/compassion_layer47.npy,/Users/manouchehrrimer/Desktop/BlueDot_Perona_Vector_Project/outputs/ethics_projection/activations/justice_test_002448_layer47.npy
justice_test_002451,justice,fairness,honesty,32,306.5482482910156,mean_centered,/Users/manouchehrrimer/Desktop/BlueDot_Perona_Vector_Project/outputs/vector_construction/persona_vectors/honesty_layer32.npy,/Users/manouchehrrimer/Desktop/BlueDot_Perona_Vector_Project/outputs/ethics_projection/activations/justice_test_002451_layer32.npy
justice_test_002451,justice,fairness,harmlessness,32,-523.48828125,mean_centered,/Users/manouchehrrimer/Desktop/BlueDot_Perona_Vector_Project/outputs/vector_construction/persona_vectors/harmlessness_layer32.npy,/Users/manouchehrrimer/Desktop/BlueDot_Perona_Vector_Project/outputs/ethics_projection/activations/justice_test_002451_layer32.npy
justice_test_002451,justice,fairness,fairness,32,298.04022216796875,mean_centered,/Users/manouchehrrimer/Desktop/BlueDot_Perona_Vector_Project/outputs/vector_construction/persona_vectors/fairness_layer32.npy,/Users/manouchehrrimer/Desktop/BlueDot_Perona_Vector_Project/outputs/ethics_projection/activations/justice_test_002451_layer32.npy
justice_test_002451,justice,fairness,compassion,32,-352.87384033203125,mean_centered,/Users/manouchehrrimer/Desktop/BlueDot_Perona_Vector_Project/outputs/vector_construction/persona_vectors/compassion_layer32.npy,/Users/manouchehrrimer/Desktop/BlueDot_Perona_Vector_Project/outputs/ethics_projection/activations/justice_test_002451_layer32.npy
justice_test_002451,justice,fairness,honesty,40,-1296.811279296875,mean_centered,/Users/manouchehrrimer/Desktop/BlueDot_Perona_Vector_Project/outputs/vector_construction/persona_vectors/honesty_layer40.npy,/Users/manouchehrrimer/Desktop/BlueDot_Perona_Vector_Project/outputs/ethics_projection/activations/justice_test_002451_layer40.npy
justice_test_002451,justice,fairness,harmlessness,40,-882.2032470703125,mean_centered,/Users/manouchehrrimer/Desktop/BlueDot_Perona_Vector_Project/outputs/vector_construction/persona_vectors/harmlessness_layer40.npy,/Users/manouchehrrimer/Desktop/BlueDot_Perona_Vector_Project/outputs/ethics_projection/activations/justice_test_002451_layer40.npy
justice_test_002451,justice,fairness,fairness,40,-618.1669311523438,mean_centered,/Users/manouchehrrimer/Desktop/BlueDot_Perona_Vector_Project/outputs/vector_construction/persona_vectors/fairness_layer40.npy,/Users/manouchehrrimer/Desktop/BlueDot_Perona_Vector_Project/outputs/ethics_projection/activations/justice_test_002451_layer40.npy
justice_test_002451,justice,fairness,compassion,40,-764.625244140625,mean_centered,/Users/manouchehrrimer/Desktop/BlueDot_Perona_Vector_Project/outputs/vector_construction/persona_vectors/compassion_layer40.npy,/Users/manouchehrrimer/Desktop/BlueDot_Perona_Vector_Project/outputs/ethics_projection/activations/justice_test_002451_layer40.npy
justice_test_002451,justice,fairness,honesty,47,-431.2724609375,mean_centered,/Users/manouchehrrimer/Desktop/BlueDot_Perona_Vector_Project/outputs/vector_construction/persona_vectors/honesty_layer47.npy,/Users/manouchehrrimer/Desktop/BlueDot_Perona_Vector_Project/outputs/ethics_projection/activations/justice_test_002451_layer47.npy
justice_test_002451,justice,fairness,harmlessness,47,-1461.808349609375,mean_centered,/Users/manouchehrrimer/Desktop/BlueDot_Perona_Vector_Project/outputs/vector_construction/persona_vectors/harmlessness_layer47.npy,/Users/manouchehrrimer/Desktop/BlueDot_Perona_Vector_Project/outputs/ethics_projection/activations/justice_test_002451_layer47.npy
justice_test_002451,justice,fairness,fairness,47,265.3638610839844,mean_centered,/Users/manouchehrrimer/Desktop/BlueDot_Perona_Vector_Project/outputs/vector_construction/persona_vectors/fairness_layer47.npy,/Users/manouchehrrimer/Desktop/BlueDot_Perona_Vector_Project/outputs/ethics_projection/activations/justice_test_002451_layer47.npy
justice_test_002451,justice,fairness,compassion,47,-1058.970458984375,mean_centered,/Users/manouchehrrimer/Desktop/BlueDot_Perona_Vector_Project/outputs/vector_construction/persona_vectors/compassion_layer47.npy,/Users/manouchehrrimer/Desktop/BlueDot_Perona_Vector_Project/outputs/ethics_projection/activations/justice_test_002451_layer47.npy
justice_test_002465,justice,harmlessness,honesty,32,-1167.8924560546875,mean_centered,/Users/manouchehrrimer/Desktop/BlueDot_Perona_Vector_Project/outputs/vector_construction/persona_vectors/honesty_layer32.npy,/Users/manouchehrrimer/Desktop/BlueDot_Perona_Vector_Project/outputs/ethics_projection/activations/justice_test_002465_layer32.npy
justice_test_002465,justice,harmlessness,harmlessness,32,763.5966796875,mean_centered,/Users/manouchehrrimer/Desktop/BlueDot_Perona_Vector_Project/outputs/vector_construction/persona_vectors/harmlessness_layer32.npy,/Users/manouchehrrimer/Desktop/BlueDot_Perona_Vector_Project/outputs/ethics_projection/activations/justice_test_002465_layer32.npy
justice_test_002465,justice,harmlessness,fairness,32,-862.044189453125,mean_centered,/Users/manouchehrrimer/Desktop/BlueDot_Perona_Vector_Project/outputs/vector_construction/persona_vectors/fairness_layer32.npy,/Users/manouchehrrimer/Desktop/BlueDot_Perona_Vector_Project/outputs/ethics_projection/activations/justice_test_002465_layer32.npy
justice_test_002465,justice,harmlessness,compassion,32,-924.0780029296875,mean_centered,/Users/manouchehrrimer/Desktop/BlueDot_Perona_Vector_Project/outputs/vector_construction/persona_vectors/compassion_layer32.npy,/Users/manouchehrrimer/Desktop/BlueDot_Perona_Vector_Project/outputs/ethics_projection/activations/justice_test_002465_layer32.npy
justice_test_002465,justice,harmlessness,honesty,40,-3968.47998046875,mean_centered,/Users/manouchehrrimer/Desktop/BlueDot_Perona_Vector_Project/outputs/vector_construction/persona_vectors/honesty_layer40.npy,/Users/manouchehrrimer/Desktop/BlueDot_Perona_Vector_Project/outputs/ethics_projection/activations/justice_test_002465_layer40.npy
justice_test_002465,justice,harmlessness,harmlessness,40,-749.8890991210938,mean_centered,/Users/manouchehrrimer/Desktop/BlueDot_Perona_Vector_Project/outputs/vector_construction/persona_vectors/harmlessness_layer40.npy,/Users/manouchehrrimer/Desktop/BlueDot_Perona_Vector_Project/outputs/ethics_projection/activations/justice_test_002465_layer40.npy
justice_test_002465,justice,harmlessness,fairness,40,-2761.5244140625,mean_centered,/Users/manouchehrrimer/Desktop/BlueDot_Perona_Vector_Project/outputs/vector_construction/persona_vectors/fairness_layer40.npy,/Users/manouchehrrimer/Desktop/BlueDot_Perona_Vector_Project/outputs/ethics_projection/activations/justice_test_002465_layer40.npy
justice_test_002465,justice,harmlessness,compassion,40,-320.1361083984375,mean_centered,/Users/manouchehrrimer/Desktop/BlueDot_Perona_Vector_Project/outputs/vector_construction/persona_vectors/compassion_layer40.npy,/Users/manouchehrrimer/Desktop/BlueDot_Perona_Vector_Project/outputs/ethics_projection/activations/justice_test_002465_layer40.npy
justice_test_002465,justice,harmlessness,honesty,47,-2368.654052734375,mean_centered,/Users/manouchehrrimer/Desktop/BlueDot_Perona_Vector_Project/outputs/vector_construction/persona_vectors/honesty_layer47.npy,/Users/manouchehrrimer/Desktop/BlueDot_Perona_Vector_Project/outputs/ethics_projection/activations/justice_test_002465_layer47.npy
justice_test_002465,justice,harmlessness,harmlessness,47,-3301.363525390625,mean_centered,/Users/manouchehrrimer/Desktop/BlueDot_Perona_Vector_Project/outputs/vector_construction/persona_vectors/harmlessness_layer47.npy,/Users/manouchehrrimer/Desktop/BlueDot_Perona_Vector_Project/outputs/ethics_projection/activations/justice_test_002465_layer47.npy
justice_test_002465,justice,harmlessness,fairness,47,-945.435791015625,mean_centered,/Users/manouchehrrimer/Desktop/BlueDot_Perona_Vector_Project/outputs/vector_construction/persona_vectors/fairness_layer47.npy,/Users/manouchehrrimer/Desktop/BlueDot_Perona_Vector_Project/outputs/ethics_projection/activations/justice_test_002465_layer47.npy
justice_test_002465,justice,harmlessness,compassion,47,-1483.212646484375,mean_centered,/Users/manouchehrrimer/Desktop/BlueDot_Perona_Vector_Project/outputs/vector_construction/persona_vectors/compassion_layer47.npy,/Users/manouchehrrimer/Desktop/BlueDot_Perona_Vector_Project/outputs/ethics_projection/activations/justice_test_002465_layer47.npy
justice_test_002503,justice,fairness,honesty,32,-295.6741943359375,mean_centered,/Users/manouchehrrimer/Desktop/BlueDot_Perona_Vector_Project/outputs/vector_construction/persona_vectors/honesty_layer32.npy,/Users/manouchehrrimer/Desktop/BlueDot_Perona_Vector_Project/outputs/ethics_projection/activations/justice_test_002503_layer32.npy
justice_test_002503,justice,fairness,harmlessness,32,-87.98625183105469,mean_centered,/Users/manouchehrrimer/Desktop/BlueDot_Perona_Vector_Project/outputs/vector_construction/persona_vectors/harmlessness_layer32.npy,/Users/manouchehrrimer/Desktop/BlueDot_Perona_Vector_Project/outputs/ethics_projection/activations/justice_test_002503_layer32.npy
justice_test_002503,justice,fairness,fairness,32,-47.3394775390625,mean_centered,/Users/manouchehrrimer/Desktop/BlueDot_Perona_Vector_Project/outputs/vector_construction/persona_vectors/fairness_layer32.npy,/Users/manouchehrrimer/Desktop/BlueDot_Perona_Vector_Project/outputs/ethics_projection/activations/justice_test_002503_layer32.npy
justice_test_002503,justice,fairness,compassion,32,-584.2656860351562,mean_centered,/Users/manouchehrrimer/Desktop/BlueDot_Perona_Vector_Project/outputs/vector_construction/persona_vectors/compassion_layer32.npy,/Users/manouchehrrimer/Desktop/BlueDot_Perona_Vector_Project/outputs/ethics_projection/activations/justice_test_002503_layer32.npy
justice_test_002503,justice,fairness,honesty,40,2194.919189453125,mean_centered,/Users/manouchehrrimer/Desktop/BlueDot_Perona_Vector_Project/outputs/vector_construction/persona_vectors/honesty_layer40.npy,/Users/manouchehrrimer/Desktop/BlueDot_Perona_Vector_Project/outputs/ethics_projection/activations/justice_test_002503_layer40.npy
justice_test_002503,justice,fairness,harmlessness,40,-686.4273681640625,mean_centered,/Users/manouchehrrimer/Desktop/BlueDot_Perona_Vector_Project/outputs/vector_construction/persona_vectors/harmlessness_layer40.npy,/Users/manouchehrrimer/Desktop/BlueDot_Perona_Vector_Project/outputs/ethics_projection/activations/justice_test_002503_layer40.npy
justice_test_002503,justice,fairness,fairness,40,1985.2449951171875,mean_centered,/Users/manouchehrrimer/Desktop/BlueDot_Perona_Vector_Project/outputs/vector_construction/persona_vectors/fairness_layer40.npy,/Users/manouchehrrimer/Desktop/BlueDot_Perona_Vector_Project/outputs/ethics_projection/activations/justice_test_002503_layer40.npy
justice_test_002503,justice,fairness,compassion,40,-448.9986877441406,mean_centered,/Users/manouchehrrimer/Desktop/BlueDot_Perona_Vector_Project/outputs/vector_construction/persona_vectors/compassion_layer40.npy,/Users/manouchehrrimer/Desktop/BlueDot_Perona_Vector_Project/outputs/ethics_projection/activations/justice_test_002503_layer40.npy
justice_test_002503,justice,fairness,honesty,47,2681.19677734375,mean_centered,/Users/manouchehrrimer/Desktop/BlueDot_Perona_Vector_Project/outputs/vector_construction/persona_vectors/honesty_layer47.npy,/Users/manouchehrrimer/Desktop/BlueDot_Perona_Vector_Project/outputs/ethics_projection/activations/justice_test_002503_layer47.npy
justice_test_002503,justice,fairness,harmlessness,47,2637.023681640625,mean_centered,/Users/manouchehrrimer/Desktop/BlueDot_Perona_Vector_Project/outputs/vector_construction/persona_vectors/harmlessness_layer47.npy,/Users/manouchehrrimer/Desktop/BlueDot_Perona_Vector_Project/outputs/ethics_projection/activations/justice_test_002503_layer47.npy
justice_test_002503,justice,fairness,fairness,47,1846.6309814453125,mean_centered,/Users/manouchehrrimer/Desktop/BlueDot_Perona_Vector_Project/outputs/vector_construction/persona_vectors/fairness_layer47.npy,/Users/manouchehrrimer/Desktop/BlueDot_Perona_Vector_Project/outputs/ethics_projection/activations/justice_test_002503_layer47.npy
justice_test_002503,justice,fairness,compassion,47,1158.851318359375,mean_centered,/Users/manouchehrrimer/Desktop/BlueDot_Perona_Vector_Project/outputs/vector_construction/persona_vectors/compassion_layer47.npy,/Users/manouchehrrimer/Desktop/BlueDot_Perona_Vector_Project/outputs/ethics_projection/activations/justice_test_002503_layer47.npy
justice_test_002524,justice,fairness,honesty,32,142.4232177734375,mean_centered,/Users/manouchehrrimer/Desktop/BlueDot_Perona_Vector_Project/outputs/vector_construction/persona_vectors/honesty_layer32.npy,/Users/manouchehrrimer/Desktop/BlueDot_Perona_Vector_Project/outputs/ethics_projection/activations/justice_test_002524_layer32.npy
justice_test_002524,justice,fairness,harmlessness,32,306.9248962402344,mean_centered,/Users/manouchehrrimer/Desktop/BlueDot_Perona_Vector_Project/outputs/vector_construction/persona_vectors/harmlessness_layer32.npy,/Users/manouchehrrimer/Desktop/BlueDot_Perona_Vector_Project/outputs/ethics_projection/activations/justice_test_002524_layer32.npy
justice_test_002524,justice,fairness,fairness,32,-217.01065063476562,mean_centered,/Users/manouchehrrimer/Desktop/BlueDot_Perona_Vector_Project/outputs/vector_construction/persona_vectors/fairness_layer32.npy,/Users/manouchehrrimer/Desktop/BlueDot_Perona_Vector_Project/outputs/ethics_projection/activations/justice_test_002524_layer32.npy
justice_test_002524,justice,fairness,compassion,32,-341.92913818359375,mean_centered,/Users/manouchehrrimer/Desktop/BlueDot_Perona_Vector_Project/outputs/vector_construction/persona_vectors/compassion_layer32.npy,/Users/manouchehrrimer/Desktop/BlueDot_Perona_Vector_Project/outputs/ethics_projection/activations/justice_test_002524_layer32.npy
justice_test_002524,justice,fairness,honesty,40,2105.12939453125,mean_centered,/Users/manouchehrrimer/Desktop/BlueDot_Perona_Vector_Project/outputs/vector_construction/persona_vectors/honesty_layer40.npy,/Users/manouchehrrimer/Desktop/BlueDot_Perona_Vector_Project/outputs/ethics_projection/activations/justice_test_002524_layer40.npy
justice_test_002524,justice,fairness,harmlessness,40,-58.799991607666016,mean_centered,/Users/manouchehrrimer/Desktop/BlueDot_Perona_Vector_Project/outputs/vector_construction/persona_vectors/harmlessness_layer40.npy,/Users/manouchehrrimer/Desktop/BlueDot_Perona_Vector_Project/outputs/ethics_projection/activations/justice_test_002524_layer40.npy
justice_test_002524,justice,fairness,fairness,40,1105.6551513671875,mean_centered,/Users/manouchehrrimer/Desktop/BlueDot_Perona_Vector_Project/outputs/vector_construction/persona_vectors/fairness_layer40.npy,/Users/manouchehrrimer/Desktop/BlueDot_Perona_Vector_Project/outputs/ethics_projection/activations/justice_test_002524_layer40.npy
justice_test_002524,justice,fairness,compassion,40,14.804885864257812,mean_centered,/Users/manouchehrrimer/Desktop/BlueDot_Perona_Vector_Project/outputs/vector_construction/persona_vectors/compassion_layer40.npy,/Users/manouchehrrimer/Desktop/BlueDot_Perona_Vector_Project/outputs/ethics_projection/activations/justice_test_002524_layer40.npy
justice_test_002524,justice,fairness,honesty,47,414.350341796875,mean_centered,/Users/manouchehrrimer/Desktop/BlueDot_Perona_Vector_Project/outputs/vector_construction/persona_vectors/honesty_layer47.npy,/Users/manouchehrrimer/Desktop/BlueDot_Perona_Vector_Project/outputs/ethics_projection/activations/justice_test_002524_layer47.npy
justice_test_002524,justice,fairness,harmlessness,47,190.54981994628906,mean_centered,/Users/manouchehrrimer/Desktop/BlueDot_Perona_Vector_Project/outputs/vector_construction/persona_vectors/harmlessness_layer47.npy,/Users/manouchehrrimer/Desktop/BlueDot_Perona_Vector_Project/outputs/ethics_projection/activations/justice_test_002524_layer47.npy
justice_test_002524,justice,fairness,fairness,47,-318.9705505371094,mean_centered,/Users/manouchehrrimer/Desktop/BlueDot_Perona_Vector_Project/outputs/vector_construction/persona_vectors/fairness_layer47.npy,/Users/manouchehrrimer/Desktop/BlueDot_Perona_Vector_Project/outputs/ethics_projection/activations/justice_test_002524_layer47.npy
justice_test_002524,justice,fairness,compassion,47,344.18194580078125,mean_centered,/Users/manouchehrrimer/Desktop/BlueDot_Perona_Vector_Project/outputs/vector_construction/persona_vectors/compassion_layer47.npy,/Users/manouchehrrimer/Desktop/BlueDot_Perona_Vector_Project/outputs/ethics_projection/activations/justice_test_002524_layer47.npy
justice_test_002647,justice,fairness,honesty,32,1544.79931640625,mean_centered,/Users/manouchehrrimer/Desktop/BlueDot_Perona_Vector_Project/outputs/vector_construction/persona_vectors/honesty_layer32.npy,/Users/manouchehrrimer/Desktop/BlueDot_Perona_Vector_Project/outputs/ethics_projection/activations/justice_test_002647_layer32.npy
justice_test_002647,justice,fairness,harmlessness,32,-1683.0950927734375,mean_centered,/Users/manouchehrrimer/Desktop/BlueDot_Perona_Vector_Project/outputs/vector_construction/persona_vectors/harmlessness_layer32.npy,/Users/manouchehrrimer/Desktop/BlueDot_Perona_Vector_Project/outputs/ethics_projection/activations/justice_test_002647_layer32.npy
justice_test_002647,justice,fairness,fairness,32,1965.231689453125,mean_centered,/Users/manouchehrrimer/Desktop/BlueDot_Perona_Vector_Project/outputs/vector_construction/persona_vectors/fairness_layer32.npy,/Users/manouchehrrimer/Desktop/BlueDot_Perona_Vector_Project/outputs/ethics_projection/activations/justice_test_002647_layer32.npy
justice_test_002647,justice,fairness,compassion,32,1000.74658203125,mean_centered,/Users/manouchehrrimer/Desktop/BlueDot_Perona_Vector_Project/outputs/vector_construction/persona_vectors/compassion_layer32.npy,/Users/manouchehrrimer/Desktop/BlueDot_Perona_Vector_Project/outputs/ethics_projection/activations/justice_test_002647_layer32.npy
justice_test_002647,justice,fairness,honesty,40,2609.707763671875,mean_centered,/Users/manouchehrrimer/Desktop/BlueDot_Perona_Vector_Project/outputs/vector_construction/persona_vectors/honesty_layer40.npy,/Users/manouchehrrimer/Desktop/BlueDot_Perona_Vector_Project/outputs/ethics_projection/activations/justice_test_002647_layer40.npy
justice_test_002647,justice,fairness,harmlessness,40,1.3384552001953125,mean_centered,/Users/manouchehrrimer/Desktop/BlueDot_Perona_Vector_Project/outputs/vector_construction/persona_vectors/harmlessness_layer40.npy,/Users/manouchehrrimer/Desktop/BlueDot_Perona_Vector_Project/outputs/ethics_projection/activations/justice_test_002647_layer40.npy
justice_test_002647,justice,fairness,fairness,40,2590.5439453125,mean_centered,/Users/manouchehrrimer/Desktop/BlueDot_Perona_Vector_Project/outputs/vector_construction/persona_vectors/fairness_layer40.npy,/Users/manouchehrrimer/Desktop/BlueDot_Perona_Vector_Project/outputs/ethics_projection/activations/justice_test_002647_layer40.npy
justice_test_002647,justice,fairness,compassion,40,-354.64178466796875,mean_centered,/Users/manouchehrrimer/Desktop/BlueDot_Perona_Vector_Project/outputs/vector_construction/persona_vectors/compassion_layer40.npy,/Users/manouchehrrimer/Desktop/BlueDot_Perona_Vector_Project/outputs/ethics_projection/activations/justice_test_002647_layer40.npy
justice_test_002647,justice,fairness,honesty,47,2061.44287109375,mean_centered,/Users/manouchehrrimer/Desktop/BlueDot_Perona_Vector_Project/outputs/vector_construction/persona_vectors/honesty_layer47.npy,/Users/manouchehrrimer/Desktop/BlueDot_Perona_Vector_Project/outputs/ethics_projection/activations/justice_test_002647_layer47.npy
justice_test_002647,justice,fairness,harmlessness,47,3023.419677734375,mean_centered,/Users/manouchehrrimer/Desktop/BlueDot_Perona_Vector_Project/outputs/vector_construction/persona_vectors/harmlessness_layer47.npy,/Users/manouchehrrimer/Desktop/BlueDot_Perona_Vector_Project/outputs/ethics_projection/activations/justice_test_002647_layer47.npy
justice_test_002647,justice,fairness,fairness,47,1840.7884521484375,mean_centered,/Users/manouchehrrimer/Desktop/BlueDot_Perona_Vector_Project/outputs/vector_construction/persona_vectors/fairness_layer47.npy,/Users/manouchehrrimer/Desktop/BlueDot_Perona_Vector_Project/outputs/ethics_projection/activations/justice_test_002647_layer47.npy
justice_test_002647,justice,fairness,compassion,47,1169.23291015625,mean_centered,/Users/manouchehrrimer/Desktop/BlueDot_Perona_Vector_Project/outputs/vector_construction/persona_vectors/compassion_layer47.npy,/Users/manouchehrrimer/Desktop/BlueDot_Perona_Vector_Project/outputs/ethics_projection/activations/justice_test_002647_layer47.npy
