permutation,layer,projected_trait,g_1,g_3
0,32,honesty,0.02366396960803208,0.06778383939345152
0,32,harmlessness,0.0,0.0
0,32,fairness,0.010435290810479702,0.03066585813623015
0,32,compassion,0.0,0.0
0,40,honesty,0.0,0.0
0,40,harmlessness,0.03113527408674619,0.0879303510963794
0,40,fairness,0.0,0.0
0,40,compassion,0.0,0.0
0,47,honesty,0.022961981088282405,0.0658613300354031
0,47,harmlessness,0.023930408999163214,0.06851217811028439
0,47,fairness,0.0,0.0
0,47,compassion,0.03691578272054201,0.10313288575768002
1,32,honesty,0.06386566516498984,0.16989595867564247
1,32,harmlessness,0.05140626631400872,0.1398413550619711
1,32,fairness,0.0,0.0
1,32,compassion,0.027472330981139655,0.07812447033014693
1,40,honesty,0.0,0.0
1,40,harmlessness,0.0,0.0
1,40,fairness,0.0,0.0
1,40,compassion,0.013003476511453827,0.038021603478831885
1,47,honesty,0.0,0.0
1,47,harmlessness,0.03678081597647509,0.10278166119694293
1,47,fairness,0.0,0.0
1,47,compassion,0.0,0.0
2,32,honesty,0.0454868231453209,0.1250813618641791
2,32,harmlessness,0.0,0.0
2,32,fairness,0.0,0.0
2,32,compassion,0.015448669148403444,0.04495695713191065
2,40,honesty,0.007197979094584957,0.021287483560465767
2,40,harmlessness,0.0,0.0
2,40,fairness,0.017433164835880373,0.050537439481898594
2,40,compassion,0.0,0.0
2,47,honesty,0.008418364108060065,0.024836919854858388
2,47,harmlessness,0.0,0.0
2,47,fairness,0.052943306968162754,0.14362224743741525
2,47,compassion,0.0,0.0
3,32,honesty,0.0,0.0
3,32,harmlessness,0.0,0.0
3,32,fairness,0.0,0.0
3,32,compassion,0.0,0.0
3,40,honesty,0.031221693760491075,0.08816006799197425
3,40,harmlessness,0.0028090853699288365,0.0083801748566122
3,40,fairness,0.0,0.0
3,40,compassion,0.03210407674424549,0.09050130833617791
3,47,honesty,0.0,0.0
3,47,harmlessness,0.0005484813572923456,0.0016436410589192418
3,47,fairness,0.0,0.0
3,47,compassion,0.03017385833266502,0.08536970804508813
4,32,honesty,0.0,0.0
4,32,harmlessness,0.0,0.0
4,32,fairness,0.030647399323392038,0.0866321007955641
4,32,compassion,0.0,0.0
4,40,honesty,0.0,0.0
4,40,harmlessness,0.0,0.0
4,40,fairness,0.011773256858270555,0.03450724525118459
4,40,compassion,0.028451862421565357,0.08076004016105141
4,47,honesty,0.00961238664419913,0.028293229019108305
4,47,harmlessness,0.021794990502002762,0.0626538896464907
4,47,fairness,0.018595019543808766,0.05378479982366453
4,47,compassion,0.020364499759371373,0.058702601067487474
5,32,honesty,0.0,0.0
5,32,harmlessness,0.0,0.0
5,32,fairness,0.0,0.0
5,32,compassion,0.0,0.0
5,40,honesty,0.001194671655717596,0.003575471937194428
5,40,harmlessness,0.0036798947617656314,0.010959028144768939
5,40,fairness,0.046446722287460676,0.1274965711927919
5,40,compassion,0.0,0.0
5,47,honesty,0.0,0.0
5,47,harmlessness,0.045365444114884225,0.1247753536764086
5,47,fairness,0.03846424638119141,0.10714986177734541
5,47,compassion,0.015701478562729715,0.04567025463982587
6,32,honesty,0.0,0.0
6,32,harmlessness,0.029175202993023928,0.08270002872774976
6,32,fairness,0.012824817284291646,0.03751227568960073
6,32,compassion,0.0,0.0
6,40,honesty,0.0,0.0
6,40,harmlessness,0.009828651924696003,0.02891751538754556
6,40,fairness,0.0,0.0
6,40,compassion,0.0,0.0
6,47,honesty,0.010053901905255562,0.029567174766334144
6,47,harmlessness,0.0,0.0
6,47,fairness,0.001134246395990952,0.0033950375697174443
6,47,compassion,0.026025738520071864,0.0742142540209906
7,32,honesty,0.0,0.0
7,32,harmlessness,0.0,0.0
7,32,fairness,0.0,0.0
7,32,compassion,0.02284375686923731,0.0655370459217815
7,40,honesty,0.0,0.0
7,40,harmlessness,0.026507336079522482,0.07551842376091472
7,40,fairness,0.0,0.0
7,40,compassion,0.028535283773546728,0.08098404586108807
7,47,honesty,0.0,0.0
7,47,harmlessness,0.018050882101946254,0.05226576015672353
7,47,fairness,0.024302079332762957,0.06952693959469965
7,47,compassion,0.0015661919307934896,0.004683904007059532
8,32,honesty,0.0,0.0
8,32,harmlessness,0.0,0.0
8,32,fairness,0.011780093684377164,0.03452682264242813
8,32,compassion,0.0,0.0
8,40,honesty,0.0131296081464624,0.03838097024031447
8,40,harmlessness,0.0,0.0
8,40,fairness,0.006049264423425118,0.017930856288223555
8,40,compassion,0.027229599618322154,0.07746985271132684
8,47,honesty,0.004084006665634754,0.012152756122880906
8,47,harmlessness,0.021614885639604058,0.06215759816679662
8,47,fairness,0.0,0.0
8,47,compassion,0.0,0.0
9,32,honesty,0.04489087296154729,0.12357760568889695
9,32,harmlessness,0.03914767989066602,0.10891546421549504
9,32,fairness,0.009441910574609988,0.02780074738244522
9,32,compassion,0.017904050864093232,0.051855312294491654
9,40,honesty,0.0,0.0
9,40,harmlessness,0.0,0.0
9,40,fairness,0.0,0.0
9,40,compassion,0.009407118663132276,0.02770019789226722
9,47,honesty,0.0,0.0
9,47,harmlessness,0.0,0.0
9,47,fairness,0.0,0.0
9,47,compassion,0.0,0.0
10,32,honesty,0.0,0.0
10,32,harmlessness,0.0,0.0
10,32,fairness,0.025305303026532486,0.07225884513463882
10,32,compassion,0.022216941773980852,0.06381526525693369
10,40,honesty,0.05710529080903336,0.15375538094272415
10,40,harmlessness,0.0,0.0
10,40,fairness,0.0,0.0
10,40,compassion,0.0,0.0
10,47,honesty,0.0,0.0
10,47,harmlessness,0.017420796840792865,0.05050279273801532
10,47,fairness,0.0,0.0
10,47,compassion,0.021670594402643583,0.062311144144874285
11,32,honesty,0.0,0.0
11,32,harmlessness,0.0,0.0
11,32,fairness,0.029306126463331052,0.08305059680438434
11,32,compassion,0.0,0.0
11,40,honesty,0.0009861583879855612,0.00295265159967305
11,40,harmlessness,0.0,0.0
11,40,fairness,0.0,0.0
11,40,compassion,0.0,0.0
11,47,honesty,0.013293531126477793,0.03884774593974634
11,47,harmlessness,0.0,0.0
11,47,fairness,0.024976097673885304,0.07136352812409501
11,47,compassion,0.011529856574340344,0.03380992260614425
12,32,honesty,0.0,0.0
12,32,harmlessness,0.0,0.0
12,32,fairness,0.06537840136210554,0.17345480797797466
12,32,compassion,0.0032313598760283163,0.009631831798472474
12,40,honesty,2.8855112282565557e-05,8.656034143095425e-05
12,40,harmlessness,0.0,0.0
12,40,fairness,0.01715675578172834,0.04976273322329817
12,40,compassion,0.0,0.0
12,47,honesty,0.0,0.0
12,47,harmlessness,0.0,0.0
12,47,fairness,0.03812359820378755,0.10626814638228373
12,47,compassion,0.0,0.0
13,32,honesty,0.008072181621911364,0.023831795699213423
13,32,harmlessness,0.0,0.0
13,32,fairness,0.012661722932843128,0.03704701082540671
13,32,compassion,0.017303543086054456,0.05017424484325244
13,40,honesty,0.0,0.0
13,40,harmlessness,0.0283847904587849,0.0805798850705156
13,40,fairness,0.0,0.0
13,40,compassion,0.0,0.0
13,47,honesty,0.01098357993258581,0.0322424644272372
13,47,harmlessness,0.0,0.0
13,47,fairness,0.018678570315375953,0.054017761821214295
13,47,compassion,0.006484879861154697,0.01920554823748864
14,32,honesty,0.00320460567172081,0.00955259243139188
14,32,harmlessness,0.010167898464457233,0.029895741661896097
14,32,fairness,0.0,0.0
14,32,compassion,0.021603859357754742,0.06212720334648792
14,40,honesty,0.0008622347432877561,0.002582251216433855
14,40,harmlessness,0.026577122366639973,0.07570720765609462
14,40,fairness,0.0,0.0
14,40,compassion,0.032530174206337574,0.09162910135980355
14,47,honesty,0.023091842901040285,0.06621736664724341
14,47,harmlessness,0.0,0.0
14,47,fairness,0.0344324575288678,0.09664212112437401
14,47,compassion,0.0,0.0
15,32,honesty,0.013936191356571958,0.04067486856623105
15,32,harmlessness,0.038675184130492486,0.1076952826207886
15,32,fairness,0.031936303367068854,0.09005675068119248
15,32,compassion,0.0,0.0
15,40,honesty,0.0,0.0
15,40,harmlessness,0.0,0.0
15,40,fairness,0.008139571346510804,0.024027565866230078
15,40,compassion,0.0,0.0
15,47,honesty,0.0,0.0
15,47,harmlessness,0.006251365465101506,0.018522514381837586
15,47,fairness,0.0,0.0
15,47,compassion,0.0,0.0
16,32,honesty,0.010395674845128345,0.03055181114617424
16,32,harmlessness,0.06968841447106562,0.18349086808032256
16,32,fairness,0.03410307519956654,0.09577666779064321
16,32,compassion,0.0,0.0
16,40,honesty,0.0,0.0
16,40,harmlessness,0.018291282017350117,0.05293726515952995
16,40,fairness,0.016556364446963023,0.04807712842147045
16,40,compassion,0.03512042957113328,0.09844633365786516
16,47,honesty,0.002110332085824272,0.006304387554796101
16,47,harmlessness,0.0,0.0
16,47,fairness,0.0,0.0
16,47,compassion,0.015411722856770381,0.0448526551880152
17,32,honesty,0.0,0.0
17,32,harmlessness,0.0,0.0
17,32,fairness,0.0,0.0
17,32,compassion,0.04672855201582982,0.12820407451797997
17,40,honesty,0.009564490602220404,0.02815489730529526
17,40,harmlessness,0.005388155779656013,0.015992131151185484
17,40,fairness,0.0,0.0
17,40,compassion,0.04743103687087848,0.12996441654640586
17,47,honesty,0.0,0.0
17,47,harmlessness,0.0,0.0
17,47,fairness,0.0,0.0
17,47,compassion,0.0,0.0
18,32,honesty,0.0,0.0
18,32,harmlessness,0.004277558984661396,0.012723823145949787
18,32,fairness,0.04540761747926473,0.1248816922170812
18,32,compassion,0.046143266236107545,0.12673396090951433
18,40,honesty,0.06710182034065401,0.17748617073829814
18,40,harmlessness,0.057246762842189,0.1540971612384256
18,40,fairness,0.0,0.0
18,40,compassion,0.0,0.0
18,47,honesty,0.04315621380572213,0.11918177324164346
18,47,harmlessness,0.007169651409518393,0.02120489087702489
18,47,fairness,0.0,0.0
18,47,compassion,0.0,0.0
19,32,honesty,0.006663246432613604,0.019726849577690313
19,32,harmlessness,0.01857272817604832,0.05372263281576716
19,32,fairness,0.012355189684878995,0.036171751356157765
19,32,compassion,0.002562041771013216,0.007646941744698802
19,40,honesty,0.0,0.0
19,40,harmlessness,0.017930042163208725,0.051927984583558844
19,40,fairness,0.0030396260798589607,0.0090637772521416
19,40,compassion,0.0,0.0
19,47,honesty,0.0076748082894855935,0.022676351566501038
19,47,harmlessness,0.0,0.0
19,47,fairness,0.0,0.0
19,47,compassion,0.010447253015617565,0.030700291618469898
20,32,honesty,0.02827782464503147,0.08029248056370435
20,32,harmlessness,0.0,0.0
20,32,fairness,0.0004650638151184238,0.0013938949451531369
20,32,compassion,0.02348651405168989,0.06729833554805997
20,40,honesty,0.0,0.0
20,40,harmlessness,0.01872614410666948,0.054150376801189386
20,40,fairness,0.0,0.0
20,40,compassion,0.0,0.0
20,47,honesty,0.0,0.0
20,47,harmlessness,0.007514178948928557,0.022208775421281517
20,47,fairness,0.0,0.0
20,47,compassion,0.0,0.0
21,32,honesty,0.00022614886253725542,0.0006781398664928692
21,32,harmlessness,0.019645093414955378,0.0567072421078401
21,32,fairness,0.03322840074954695,0.09347326784218137
21,32,compassion,0.043496469627165885,0.12004623412826614
21,40,honesty,0.0,0.0
21,40,harmlessness,0.0,0.0
21,40,fairness,0.039268663317608504,0.10922755016773736
21,40,compassion,0.0,0.0
21,47,honesty,0.01703229988320269,0.04941364365548422
21,47,harmlessness,0.0,0.0
21,47,fairness,0.032792308270308226,0.09232202049828943
21,47,compassion,0.0,0.0
22,32,honesty,0.0033107103227479257,0.009866798743339678
22,32,harmlessness,0.0,0.0
22,32,fairness,0.0,0.0
22,32,compassion,0.0,0.0
22,40,honesty,0.010308284520223433,0.030300168054046898
22,40,harmlessness,0.010326244648997212,0.03035189182588369
22,40,fairness,0.048819324179719605,0.1334300434465012
22,40,compassion,0.036980976119367875,0.10330247559220945
22,47,honesty,0.02966856637906585,0.08402018241865912
22,47,harmlessness,3.2567147022805173e-05,9.769507776849334e-05
22,47,fairness,0.014998280083167635,0.04368445681239619
22,47,compassion,0.0,0.0
23,32,honesty,0.0,0.0
23,32,harmlessness,0.0,0.0
23,32,fairness,0.0,0.0
23,32,compassion,0.0,0.0
23,40,honesty,0.0,0.0
23,40,harmlessness,0.0,0.0
23,40,fairness,0.0,0.0
23,40,compassion,0.0,0.0
23,47,honesty,0.0,0.0
23,47,harmlessness,0.0,0.0
23,47,fairness,0.015869728561986707,0.046144581713171234
23,47,compassion,0.0,0.0
24,32,honesty,0.0,0.0
24,32,harmlessness,0.01946372573852348,0.0562033250084551
24,32,fairness,0.0,0.0
24,32,compassion,0.06589360016330735,0.17466251644556036
24,40,honesty,0.02224912938361323,0.06390378116055319
24,40,harmlessness,0.0,0.0
24,40,fairness,0.0,0.0
24,40,compassion,0.024949613952001026,0.07129145337636814
24,47,honesty,0.0,0.0
24,47,harmlessness,0.011558682837556232,0.033892542220498256
24,47,fairness,0.015180508500290046,0.04419958126273376
24,47,compassion,0.0477631182752623,0.13079500065371416
25,32,honesty,0.0,0.0
25,32,harmlessness,0.038688164503631314,0.10772883196518751
25,32,fairness,0.009756716826652289,0.028709921334798678
25,32,compassion,0.0,0.0
25,40,honesty,0.0,0.0
25,40,harmlessness,0.060160083220342206,0.16109702839182283
25,40,fairness,0.0,0.0
25,40,compassion,0.0,0.0
25,47,honesty,0.018918458741497342,0.05468621829539223
25,47,harmlessness,0.004311846145606867,0.012824940099747136
25,47,fairness,0.04999186282741025,0.13634346125707475
25,47,compassion,0.0,0.0
26,32,honesty,0.0,0.0
26,32,harmlessness,0.05076191944858832,0.1382500795427454
26,32,fairness,0.0,0.0
26,32,compassion,0.00801851167615201,0.023675844950105662
26,40,honesty,0.036118035318902196,0.10105433768167649
26,40,harmlessness,0.0425022344374599,0.11751721487801427
26,40,fairness,0.0,0.0
26,40,compassion,0.01283627336690771,0.03754494572692996
26,47,honesty,0.002458421444033234,0.0073391787432915
26,47,harmlessness,0.008393809147098072,0.024765670812887743
26,47,fairness,0.011741653084592508,0.03441674040158182
26,47,compassion,0.0,0.0
27,32,honesty,0.0026340991713904214,0.007860884813822295
27,32,harmlessness,0.0,0.0
27,32,fairness,0.04366593782976274,0.12047638482945326
27,32,compassion,0.046754843253196406,0.12827003865664358
27,40,honesty,0.0,0.0
27,40,harmlessness,0.0,0.0
27,40,fairness,0.022466563564124187,0.06450143931947555
27,40,compassion,0.022645837589738798,0.06499383318780516
27,47,honesty,0.039388500234306345,0.10953654059327259
27,47,harmlessness,0.007690701264847272,0.022722598362605997
27,47,fairness,0.029943904853536957,0.08475587108171201
27,47,compassion,0.026198889377029903,0.07468342267326028
28,32,honesty,0.0,0.0
28,32,harmlessness,0.07734471855764712,0.20094940528132074
28,32,fairness,0.04934959235223763,0.13474914618830322
28,32,compassion,0.07245183227340159,0.18984610107457592
28,40,honesty,0.0021580616889826554,0.006446361774191556
28,40,harmlessness,0.00354078802682923,0.01054766995352293
28,40,fairness,0.032524959843498166,0.09161531091347383
28,40,compassion,0.025806487305624227,0.07361972872718928
28,47,honesty,0.01622237348728702,0.04713774815017736
28,47,harmlessness,0.06802843456970648,0.17964356297032766
28,47,fairness,0.06548822581826816,0.1737124386370006
28,47,compassion,0.0,0.0
29,32,honesty,0.052844574895896154,0.14338001301499728
29,32,harmlessness,0.0,0.0
29,32,fairness,0.03556690515883702,0.09961473949259995
29,32,compassion,0.0,0.0
29,40,honesty,0.0,0.0
29,40,harmlessness,0.0,0.0
29,40,fairness,0.0,0.0
29,40,compassion,0.004691892256672647,0.013944821569334258
29,47,honesty,0.007707719993786368,0.022772117766539084
29,47,harmlessness,0.0,0.0
29,47,fairness,0.00943302000183164,0.02777505471219079
29,47,compassion,0.0,0.0
30,32,honesty,0.0,0.0
30,32,harmlessness,0.0,0.0
30,32,fairness,0.0,0.0
30,32,compassion,0.0,0.0
30,40,honesty,0.0,0.0
30,40,harmlessness,0.015501475799064485,0.045106008013952086
30,40,fairness,0.007212080383273174,0.021328594079886826
30,40,compassion,0.013395255543516494,0.039137259447407625
30,47,honesty,0.0,0.0
30,47,harmlessness,0.019583764027536317,0.05653688216429268
30,47,fairness,0.0,0.0
30,47,compassion,0.0,0.0
31,32,honesty,0.02497310733933955,0.07135539037201695
31,32,harmlessness,0.040643565376042835,0.11276440148077968
31,32,fairness,0.02468886925795524,0.0705814551379896
31,32,compassion,0.05571754115265445,0.1503935102635593
31,40,honesty,0.0,0.0
31,40,harmlessness,0.0,0.0
31,40,fairness,0.0,0.0
31,40,compassion,0.00641898696949032,0.019012874125937062
31,47,honesty,0.0,0.0
31,47,harmlessness,0.0,0.0
31,47,fairness,0.0,0.0
31,47,compassion,0.01242826458840252,0.0363805007859547
32,32,honesty,0.0,0.0
32,32,harmlessness,0.0,0.0
32,32,fairness,0.01485869796184536,0.043289638557140075
32,32,compassion,0.04658468460061583,0.12784300195308657
32,40,honesty,0.0,0.0
32,40,harmlessness,0.0,0.0
32,40,fairness,0.009956476957836859,0.029286255026799258
32,40,compassion,0.0,0.0
32,47,honesty,0.027243780387264136,0.07750811313673553
32,47,harmlessness,0.0,0.0
32,47,fairness,0.0,0.0
32,47,compassion,0.0,0.0
33,32,honesty,0.0,0.0
33,32,harmlessness,0.0,0.0
33,32,fairness,0.008305492004017192,0.024509351565155487
33,32,compassion,0.01003742763780318,0.029519679617309783
33,40,honesty,0.0,0.0
33,40,harmlessness,0.0,0.0
33,40,fairness,0.0,0.0
33,40,compassion,0.01878982539671373,0.05432785439367086
33,47,honesty,0.0,0.0
33,47,harmlessness,0.0,0.0
33,47,fairness,0.0,0.0
33,47,compassion,0.03576108040445256,0.10012227944251594
34,32,honesty,0.0,0.0
34,32,harmlessness,0.029999636191468813,0.0849046890117989
34,32,fairness,0.0,0.0
34,32,compassion,0.0,0.0
34,40,honesty,0.0,0.0
34,40,harmlessness,0.0,0.0
34,40,fairness,0.0,0.0
34,40,compassion,0.026052767997240926,0.07428751329384956
34,47,honesty,0.0,0.0
34,47,harmlessness,0.0,0.0
34,47,fairness,0.005467349393956635,0.01622463666697322
34,47,compassion,0.0,0.0
35,32,honesty,0.012278414388825971,0.03595236704480728
35,32,harmlessness,0.0,0.0
35,32,fairness,0.0,0.0
35,32,compassion,0.0,0.0
35,40,honesty,0.010676689449865506,0.031360417472845105
35,40,harmlessness,0.0,0.0
35,40,fairness,0.05500413009292344,0.14865870480201882
35,40,compassion,0.0,0.0
35,47,honesty,0.0,0.0
35,47,harmlessness,0.0,0.0
35,47,fairness,0.012434117843246034,0.03639721891151373
35,47,compassion,0.0,0.0
36,32,honesty,0.01784544450369915,0.05169142075045813
36,32,harmlessness,0.009426607151194234,0.027756521799802116
36,32,fairness,0.0,0.0
36,32,compassion,0.0,0.0
36,40,honesty,0.02571738460228561,0.07337797461769671
36,40,harmlessness,0.05166191769786991,0.140471680318607
36,40,fairness,0.0,0.0
36,40,compassion,0.0,0.0
36,47,honesty,0.0,0.0
36,47,harmlessness,0.0248288011615745,0.07096257229011334
36,47,fairness,0.0,0.0
36,47,compassion,0.0,0.0
37,32,honesty,0.0,0.0
37,32,harmlessness,0.0,0.0
37,32,fairness,0.0,0.0
37,32,compassion,0.003535358467384123,0.010531609373405465
37,40,honesty,0.026941589465794884,0.07669234125107066
37,40,harmlessness,0.0,0.0
37,40,fairness,0.0,0.0
37,40,compassion,0.03901143872234527,0.10856385204407726
37,47,honesty,0.03623222685938534,0.10135224547652862
37,47,harmlessness,0.0,0.0
37,47,fairness,0.0008174205893240338,0.0024482592529294065
37,47,compassion,0.0,0.0
38,32,honesty,0.003096283753446944,0.009231683437452136
38,32,harmlessness,0.0,0.0
38,32,fairness,0.012474112809287086,0.03651144271729065
38,32,compassion,0.0,0.0
38,40,honesty,0.0,0.0
38,40,harmlessness,0.0,0.0
38,40,fairness,0.06305358960551584,0.16797758890861214
38,40,compassion,0.009102041111512157,0.026817927575893786
38,47,honesty,0.0018554004034421004,0.005545622509842105
38,47,harmlessness,0.0016739530640677372,0.005005102578608342
38,47,fairness,0.0013709094884026792,0.004101482941446137
38,47,compassion,0.0,0.0
39,32,honesty,0.0,0.0
39,32,harmlessness,0.019488753751816124,0.056272884478438985
39,32,fairness,0.0,0.0
39,32,compassion,0.05967623708831435,0.1599395323592175
39,40,honesty,0.0,0.0
39,40,harmlessness,0.014880469459136847,0.04335123492284016
39,40,fairness,0.043509389769875416,0.12007903797659551
39,40,compassion,0.0,0.0
39,47,honesty,0.0,0.0
39,47,harmlessness,0.044587772653883306,0.12281153257425792
39,47,fairness,0.015853192004103053,0.04609797588683998
39,47,compassion,0.10555437345410745,0.2614654721722698
40,32,honesty,0.013927910338282647,0.040651354182481204
40,32,harmlessness,0.013084218592122207,0.03825166936928402
40,32,fairness,0.0,0.0
40,32,compassion,0.0,0.0
40,40,honesty,0.0,0.0
40,40,harmlessness,0.0,0.0
40,40,fairness,0.020511027776970937,0.059108337813429154
40,40,compassion,0.0,0.0
40,47,honesty,0.048623954610998,0.13294339648040387
40,47,harmlessness,0.03871951447815079,0.10780985309857706
40,47,fairness,0.0,0.0
40,47,compassion,0.0,0.0
41,32,honesty,0.0,0.0
41,32,harmlessness,0.025256836421161707,0.07212710431314669
41,32,fairness,0.0,0.0
41,32,compassion,0.022362050243457582,0.06421422718122982
41,40,honesty,0.0,0.0
41,40,harmlessness,0.0,0.0
41,40,fairness,0.0,0.0
41,40,compassion,0.0,0.0
41,47,honesty,0.05139485892665804,0.13981321577798975
41,47,harmlessness,0.042291840291499655,0.11698085002191735
41,47,fairness,0.0030831664950832388,0.009192813535871026
41,47,compassion,0.0,0.0
42,32,honesty,0.0,0.0
42,32,harmlessness,0.0,0.0
42,32,fairness,0.0,0.0
42,32,compassion,0.02761847484568088,0.07851831246174272
42,40,honesty,0.021240294784523134,0.06112428853942607
42,40,harmlessness,0.02372024537027948,0.06793773654914423
42,40,fairness,0.0,0.0
42,40,compassion,0.0003804646586720047,0.0011405261162569578
42,47,honesty,0.0,0.0
42,47,harmlessness,0.005107699487828301,0.015168149761944132
42,47,fairness,0.0,0.0
42,47,compassion,0.0,0.0
43,32,honesty,0.0,0.0
43,32,harmlessness,0.0,0.0
43,32,fairness,0.0,0.0
43,32,compassion,0.0037767390279310376,0.011245276137258224
43,40,honesty,0.0,0.0
43,40,harmlessness,0.0,0.0
43,40,fairness,0.0,0.0
43,40,compassion,0.0,0.0
43,47,honesty,0.0,0.0
43,47,harmlessness,0.0,0.0
43,47,fairness,0.0,0.0
43,47,compassion,0.08761285879454929,0.2236494423580558
44,32,honesty,0.0,0.0
44,32,harmlessness,0.010277876826482462,0.03021258796404005
44,32,fairness,0.0,0.0
44,32,compassion,0.0,0.0
44,40,honesty,0.017466752632334086,0.05063152137837272
44,40,harmlessness,0.0,0.0
44,40,fairness,0.0,0.0
44,40,compassion,0.003690105002474508,0.010989212312766335
44,47,honesty,0.029517955246174687,0.08361743436759861
44,47,harmlessness,0.002907228708742152,0.008671267411108945
44,47,fairness,0.011438353690708983,0.033547602388927296
44,47,compassion,0.014109063445415182,0.04116557491962945
45,32,honesty,0.0,0.0
45,32,harmlessness,0.034493858436029756,0.09680333428983108
45,32,fairness,0.0,0.0
45,32,compassion,0.02381549203994921,0.06819813198117354
45,40,honesty,0.0,0.0
45,40,harmlessness,0.002513476637612181,0.007502714119520349
45,40,fairness,0.029674799263757292,0.08403684479138417
45,40,compassion,0.0574127889927925,0.1544980402132508
45,47,honesty,0.009981582087982685,0.02935865462174862
45,47,harmlessness,0.0,0.0
45,47,fairness,0.0,0.0
45,47,compassion,0.0,0.0
46,32,honesty,0.0,0.0
46,32,harmlessness,0.0,0.0
46,32,fairness,0.032082947677693326,0.09044533700352887
46,32,compassion,0.02141907802236827,0.06161764766147305
46,40,honesty,0.00024354156281197056,0.0007302689867353064
46,40,harmlessness,0.052399418856616836,0.1422867685987316
46,40,fairness,0.0,0.0
46,40,compassion,0.016164022079586608,0.04697350470436594
46,47,honesty,0.0,0.0
46,47,harmlessness,0.008772966358994225,0.025865072259373793
46,47,fairness,0.06711027272888813,0.1775058818965463
46,47,compassion,0.0,0.0
47,32,honesty,0.0,0.0
47,32,harmlessness,0.08044255566986168,0.20788247230691073
47,32,fairness,0.012233606189611113,0.03582429786464261
47,32,compassion,0.012745912197949268,0.037287217395782814
47,40,honesty,0.0,0.0
47,40,harmlessness,0.0,0.0
47,40,fairness,0.004675962959557255,0.013897916592270819
47,40,compassion,0.05758345590892796,0.15490987572898846
47,47,honesty,0.058910983473489296,0.15810473907858963
47,47,harmlessness,0.029887957184797507,0.08460644400257845
47,47,fairness,0.007399902436493804,0.021875947554266556
47,47,compassion,0.0,0.0
48,32,honesty,0.022752831805296834,0.0652875424702758
48,32,harmlessness,0.04986201191734704,0.1360214312954995
48,32,fairness,0.04523788826192952,0.1244536263046639
48,32,compassion,0.00866455666290475,0.025550895622889275
48,40,honesty,0.0,0.0
48,40,harmlessness,0.037165099011536126,0.10378121851156781
48,40,fairness,0.0,0.0
48,40,compassion,0.020353456098886648,0.058672011861353124
48,47,honesty,0.0,0.0
48,47,harmlessness,0.008955385837571633,0.026393430799933594
48,47,fairness,0.013853962473885487,0.040441341759399854
48,47,compassion,0.0,0.0
49,32,honesty,0.0,0.0
49,32,harmlessness,0.0,0.0
49,32,fairness,0.0,0.0
49,32,compassion,0.0,0.0
49,40,honesty,0.0,0.0
49,40,harmlessness,0.0,0.0
49,40,fairness,0.0,0.0
49,40,compassion,0.002551371276261212,0.0076152551423206
49,47,honesty,0.07918493191116623,0.20507680936175857
49,47,harmlessness,0.03938396089820602,0.10952483876037611
49,47,fairness,0.014776378383537654,0.04305669122756954
49,47,compassion,0.05263895050159883,0.1428752455481688
50,32,honesty,0.0,0.0
50,32,harmlessness,0.07036569959293326,0.18505416694013907
50,32,fairness,0.00040010057276367153,0.0011993420034459778
50,32,compassion,0.02404355493559399,0.0688212498058935
50,40,honesty,0.0,0.0
50,40,harmlessness,0.0043950466481780135,0.013070251216930411
50,40,fairness,0.0,0.0
50,40,compassion,0.0,0.0
50,47,honesty,0.0,0.0
50,47,harmlessness,0.0,0.0
50,47,fairness,0.016034448863014476,0.04660865829309474
50,47,compassion,0.020862655718784255,0.06008106596736343
51,32,honesty,0.0,0.0
51,32,harmlessness,0.04648937719188578,0.1276036986229347
51,32,fairness,0.04659933405602685,0.12787977724992175
51,32,compassion,0.03858796227902337,0.1074698052544822
51,40,honesty,0.0,0.0
51,40,harmlessness,0.04081486902857137,0.11320380974884527
51,40,fairness,0.0031980498381279344,0.009533174380812994
51,40,compassion,0.005598549461092035,0.016609668284430668
51,47,honesty,0.027476052501832358,0.07813450213951727
51,47,harmlessness,0.0,0.0
51,47,fairness,0.02011668380091413,0.058015877285184994
51,47,compassion,0.018619739032706896,0.05385373221843174
52,32,honesty,0.0,0.0
52,32,harmlessness,0.049811030806629214,0.13589495667325366
52,32,fairness,0.008492868875750922,0.02505306188814853
52,32,compassion,0.0,0.0
52,40,honesty,0.0,0.0
52,40,harmlessness,0.02147979631866904,0.0617851251485773
52,40,fairness,0.0,0.0
52,40,compassion,0.0,0.0
52,47,honesty,0.015465249771236093,0.045003760519548845
52,47,harmlessness,0.002526323920158873,0.007540870397946322
52,47,fairness,0.017364878175796294,0.05034612584359424
52,47,compassion,0.026626482337566912,0.07584070464718683
53,32,honesty,0.0,0.0
53,32,harmlessness,0.0,0.0
53,32,fairness,0.0,0.0
53,32,compassion,0.0,0.0
53,40,honesty,0.0,0.0
53,40,harmlessness,0.0,0.0
53,40,fairness,0.0,0.0
53,40,compassion,0.024362111280404292,0.06969070826146107
53,47,honesty,0.029723834294790485,0.08416791647961572
53,47,harmlessness,0.0,0.0
53,47,fairness,0.0,0.0
53,47,compassion,0.04039995822210799,0.11213904888618627
54,32,honesty,0.0,0.0
54,32,harmlessness,0.0,0.0
54,32,fairness,0.00439664288360437,0.01307495681910877
54,32,compassion,0.0,0.0
54,40,honesty,0.011301890425341894,0.033156215448196594
54,40,harmlessness,0.060793017381061056,0.162608169583588
54,40,fairness,0.0,0.0
54,40,compassion,0.0,0.0
54,47,honesty,0.0,0.0
54,47,harmlessness,0.0,0.0
54,47,fairness,0.03161045832131246,0.08919254077825159
54,47,compassion,0.0,0.0
55,32,honesty,0.0,0.0
55,32,harmlessness,0.039048496248010434,0.10865950796580455
55,32,fairness,0.023197786695053468,0.06650769733256058
55,32,compassion,0.0005791307184775833,0.001735382129234077
55,40,honesty,0.08392398808409811,0.2155862487156749
55,40,harmlessness,0.004056095219032846,0.01207036852893419
55,40,fairness,0.02197575193189966,0.06315164598326042
55,40,compassion,0.0,0.0
55,47,honesty,0.0038129379560133798,0.011352243071057094
55,47,harmlessness,0.0,0.0
55,47,fairness,0.002033126200200079,0.006074677428923221
55,47,compassion,0.0,0.0
56,32,honesty,0.0015245702456566277,0.004559807244069408
56,32,harmlessness,0.048326958903203626,0.13220294420650983
56,32,fairness,0.0,0.0
56,32,compassion,0.0,0.0
56,40,honesty,0.05508647812893668,0.14885917861290726
56,40,harmlessness,0.005843711072224403,0.017328606477594533
56,40,fairness,0.006911568206163511,0.020451993916676233
56,40,compassion,0.0,0.0
56,47,honesty,0.02001043022095979,0.05772123708881303
56,47,harmlessness,0.0,0.0
56,47,fairness,0.0,0.0
56,47,compassion,0.039899547376043586,0.1108526972377325
57,32,honesty,0.0,0.0
57,32,harmlessness,0.0,0.0
57,32,fairness,0.0,0.0
57,32,compassion,0.0327510718052791,0.09221306217451301
57,40,honesty,0.03506053688278513,0.09828944894827607
57,40,harmlessness,0.034859724425903,0.09776317836415901
57,40,fairness,0.005052873952676276,0.015006965250384063
57,40,compassion,0.016354479457223584,0.04750945360563616
57,47,honesty,0.0,0.0
57,47,harmlessness,0.0,0.0
57,47,fairness,0.06672529993942994,0.1766075202921804
57,47,compassion,0.10043319990125463,0.2509018486596966
58,32,honesty,0.030342175139119878,0.08581867488992503
58,32,harmlessness,0.0,0.0
58,32,fairness,0.10758748692187763,0.26560986500955786
58,32,compassion,0.034353378301480254,0.09643443748033592
58,40,honesty,0.0034151821542052997,0.01017604039947041
58,40,harmlessness,0.0,0.0
58,40,fairness,0.0,0.0
58,40,compassion,0.020438827735662073,0.05890844412374407
58,47,honesty,0.0,0.0
58,47,harmlessness,0.0,0.0
58,47,fairness,0.0,0.0
58,47,compassion,0.010101830294651296,0.0297053343902417
59,32,honesty,0.0,0.0
59,32,harmlessness,0.04142154975488352,0.11475776067733966
59,32,fairness,0.0,0.0
59,32,compassion,0.012871729186062789,0.03764604808640106
59,40,honesty,0.0,0.0
59,40,harmlessness,0.0,0.0
59,40,fairness,0.018423437568084497,0.05330614773468342
59,40,compassion,0.0,0.0
59,47,honesty,0.0,0.0
59,47,harmlessness,0.0,0.0
59,47,fairness,0.011627998199512204,0.03409117046105577
59,47,compassion,0.00979547374770178,0.028821775355393504
60,32,honesty,0.032122761619914765,0.09055080125343176
60,32,harmlessness,0.010107332392888383,0.029721193220675884
60,32,fairness,0.030844466894290636,0.08715679116355797
60,32,compassion,0.0,0.0
60,40,honesty,7.82328668255588e-05,0.00023466188393284692
60,40,harmlessness,0.03350805261898533,0.09421053474589931
60,40,fairness,0.056857143001187334,0.15315546468908123
60,40,compassion,0.0,0.0
60,47,honesty,0.0276524899159269,0.07860994815072195
60,47,harmlessness,0.0,0.0
60,47,fairness,0.0,0.0
60,47,compassion,0.0,0.0
61,32,honesty,0.0,0.0
61,32,harmlessness,0.0,0.0
61,32,fairness,0.019938823044734277,0.05752260312465297
61,32,compassion,0.0017382979282565742,0.005196826519225965
61,40,honesty,0.0,0.0
61,40,harmlessness,0.0,0.0
61,40,fairness,0.0,0.0
61,40,compassion,0.03577752501419478,0.10016524586370125
61,47,honesty,0.032270317734946534,0.09094152912453814
61,47,harmlessness,0.03414114243588965,0.09587674415097347
61,47,fairness,0.08092998348799042,0.20896662021662588
61,47,compassion,0.0,0.0
62,32,honesty,0.0,0.0
62,32,harmlessness,0.0,0.0
62,32,fairness,0.05362239293567413,0.1452860116025994
62,32,compassion,0.06092241701361737,0.16291669355444494
62,40,honesty,0.043520369091600564,0.12010691291387275
62,40,harmlessness,0.0,0.0
62,40,fairness,0.026122718379346006,0.07447706818234455
62,40,compassion,0.0,0.0
62,47,honesty,0.007846184787706215,0.02317488549506226
62,47,harmlessness,0.0437609900146037,0.12071753256912127
62,47,fairness,0.0,0.0
62,47,compassion,0.0,0.0
63,32,honesty,0.0,0.0
63,32,harmlessness,0.0,0.0
63,32,fairness,0.005953896208933381,0.017651498249777457
63,32,compassion,0.0,0.0
63,40,honesty,0.0,0.0
63,40,harmlessness,0.029133022868198605,0.0825870478947276
63,40,fairness,0.0,0.0
63,40,compassion,0.011736952218740045,0.03440327740996256
63,47,honesty,0.0,0.0
63,47,harmlessness,0.0,0.0
63,47,fairness,0.008745471095461872,0.025785402305294008
63,47,compassion,0.0,0.0
64,32,honesty,0.06839168931379866,0.18048739258406235
64,32,harmlessness,0.0,0.0
64,32,fairness,0.02380005652048771,0.06815593915334983
64,32,compassion,0.03532019588688478,0.09896935373893889
64,40,honesty,0.0,0.0
64,40,harmlessness,0.0,0.0
64,40,fairness,0.016019439880917537,0.046566384837985066
64,40,compassion,0.0,0.0
64,47,honesty,0.0,0.0
64,47,harmlessness,0.0,0.0
64,47,fairness,0.0,0.0
64,47,compassion,0.0,0.0
65,32,honesty,0.021005268181533768,0.06047520859486272
65,32,harmlessness,0.02803329583198008,0.07963502316973281
65,32,fairness,0.0,0.0
65,32,compassion,0.05719023416711888,0.15396061522669938
65,40,honesty,0.0,0.0
65,40,harmlessness,0.0,0.0
65,40,fairness,0.0,0.0
65,40,compassion,0.0,0.0
65,47,honesty,0.007699203702547674,0.022747338324737177
65,47,harmlessness,0.0,0.0
65,47,fairness,0.03571372577096379,0.09999853667992253
65,47,compassion,0.0,0.0
66,32,honesty,0.0,0.0
66,32,harmlessness,0.025364894353579907,0.07242079160463151
66,32,fairness,0.005303546830673948,0.015743646162603982
66,32,compassion,0.029786383108756545,0.08433507558453578
66,40,honesty,0.0,0.0
66,40,harmlessness,0.0032173876649360268,0.009590450599885579
66,40,fairness,0.0,0.0
66,40,compassion,0.0,0.0
66,47,honesty,0.0,0.0
66,47,harmlessness,0.030086137368368793,0.08513560885896528
66,47,fairness,0.04532276166109571,0.12466771473935649
66,47,compassion,0.0,0.0
67,32,honesty,0.0,0.0
67,32,harmlessness,0.0,0.0
67,32,fairness,0.0,0.0
67,32,compassion,0.05242243698503925,0.14234334127831313
67,40,honesty,0.04150887349277656,0.1149811448842221
67,40,harmlessness,0.0,0.0
67,40,fairness,0.003286111516901612,0.009793966419013502
67,40,compassion,0.0,0.0
67,47,honesty,0.0,0.0
67,47,harmlessness,0.0,0.0
67,47,fairness,0.026784925704624096,0.07626905516173442
67,47,compassion,0.0,0.0
68,32,honesty,0.0,0.0
68,32,harmlessness,0.0576526826997494,0.1550768547027434
68,32,fairness,0.0,0.0
68,32,compassion,0.024791263001261058,0.07086035367513774
68,40,honesty,0.0,0.0
68,40,harmlessness,0.056355842870301015,0.15194190083334533
68,40,fairness,0.0,0.0
68,40,compassion,0.009106713561006834,0.02683144805921588
68,47,honesty,0.0,0.0
68,47,harmlessness,0.0,0.0
68,47,fairness,0.0,0.0
68,47,compassion,0.02335908727311873,0.06694950324115215
69,32,honesty,0.007368832156782958,0.021785430114396247
69,32,harmlessness,0.008461244011946308,0.02496132432390711
69,32,fairness,0.01179907504083143,0.03458117340254111
69,32,compassion,0.024007648002484578,0.06872318016922555
69,40,honesty,0.0319016235763022,0.08996482289847492
69,40,harmlessness,0.002726660939982453,0.008135616683480328
69,40,fairness,0.0,0.0
69,40,compassion,0.014371184839640918,0.04190899081211531
69,47,honesty,0.0,0.0
69,47,harmlessness,0.007725816885071808,0.022824770658118654
69,47,fairness,0.041258733751682944,0.11434106605274151
69,47,compassion,0.0,0.0
70,32,honesty,0.01791323127138663,0.05188098176429893
70,32,harmlessness,0.02584691540771771,0.07372939153121358
70,32,fairness,0.0,0.0
70,32,compassion,0.044121414809123044,0.12163116615599691
70,40,honesty,0.015846946757307634,0.046080373811235927
70,40,harmlessness,0.01493159645080613,0.04349586397607848
70,40,fairness,0.06904678815367801,0.18200644373472266
70,40,compassion,0.0,0.0
70,47,honesty,0.0,0.0
70,47,harmlessness,0.0,0.0
70,47,fairness,0.004635017898611545,0.013777337286002974
70,47,compassion,0.11509025993027958,0.2806667592411357
71,32,honesty,0.011648076206370954,0.03414869540623295
71,32,harmlessness,0.03186328866732144,0.08986319232662383
71,32,fairness,0.0036570758661594108,0.010891565039179258
71,32,compassion,0.0,0.0
71,40,honesty,0.0,0.0
71,40,harmlessness,0.01277378371939348,0.037366722300248414
71,40,fairness,0.018304963618903672,0.05297546301050719
71,40,compassion,0.05002553298497615,0.13642693834635833
71,47,honesty,0.009812046842392973,0.028869600776890842
71,47,harmlessness,0.0,0.0
71,47,fairness,0.0,0.0
71,47,compassion,0.02468252639944952,0.07056417497499708
72,32,honesty,0.00017550485180591925,0.0005263298085476573
72,32,harmlessness,0.03436746488084391,0.09647143718370098
72,32,fairness,0.0,0.0
72,32,compassion,0.04979004070377071,0.13584287732832306
72,40,honesty,0.0,0.0
72,40,harmlessness,0.0,0.0
72,40,fairness,0.0,0.0
72,40,compassion,0.0,0.0
72,47,honesty,0.0,0.0
72,47,harmlessness,0.0,0.0
72,47,fairness,0.0,0.0
72,47,compassion,0.0,0.0
73,32,honesty,0.013725706973764495,0.04007695192426526
73,32,harmlessness,0.0,0.0
73,32,fairness,0.007771022041249531,0.022956278629321546
73,32,compassion,0.02963440834537064,0.0839288607719561
73,40,honesty,0.022186251044511985,0.06373085560985249
73,40,harmlessness,0.0,0.0
73,40,fairness,0.0,0.0
73,40,compassion,0.0,0.0
73,47,honesty,0.019008643508472364,0.05493736110050563
73,47,harmlessness,0.0,0.0
73,47,fairness,0.0,0.0
73,47,compassion,0.002498799653073834,0.0074591212599881135
74,32,honesty,0.025452056178008955,0.07265759800182366
74,32,harmlessness,0.0023808996082354634,0.007108847918259212
74,32,fairness,0.030285858402591063,0.08566848782415998
74,32,compassion,0.024415228350674643,0.06983558170344052
74,40,honesty,0.04898634101672736,0.1338457918443041
74,40,harmlessness,0.0005454181530580995,0.0016344715183008228
74,40,fairness,0.004881596729894597,0.014503192713437892
74,40,compassion,0.03632932006121209,0.10160544660433378
74,47,honesty,0.0480465691469293,0.13150315644266408
74,47,harmlessness,0.016235146381708556,0.04717369544334789
74,47,fairness,0.0,0.0
74,47,compassion,0.0,0.0
75,32,honesty,0.0,0.0
75,32,harmlessness,0.0,0.0
75,32,fairness,0.012340653914867638,0.036130220646861465
75,32,compassion,0.0009599653757287894,0.0028743775213917492
75,40,honesty,0.00497501876365303,0.014778014492182797
75,40,harmlessness,0.0,0.0
75,40,fairness,0.0,0.0
75,40,compassion,0.0,0.0
75,47,honesty,0.0,0.0
75,47,harmlessness,0.038942841269042815,0.1083867479638783
75,47,fairness,0.0,0.0
75,47,compassion,0.0,0.0
76,32,honesty,0.0,0.0
76,32,harmlessness,0.0,0.0
76,32,fairness,0.01365005079532647,0.039861917975646
76,32,compassion,0.0,0.0
76,40,honesty,0.03494926014102722,0.09799787403710113
76,40,harmlessness,0.010055228573059242,0.029570999402917453
76,40,fairness,0.046529337227186794,0.12770404274156563
76,40,compassion,0.022542421178658,0.06470983100609562
76,47,honesty,0.05685459235001902,0.1531492955191853
76,47,harmlessness,0.023113136458519493,0.0662757294196308
76,47,fairness,0.00968222748898339,0.02849489436786179
76,47,compassion,0.03995663289606094,0.11099956124740966
77,32,honesty,0.007194639219339238,0.021277746242782766
77,32,harmlessness,0.0,0.0
77,32,fairness,0.0,0.0
77,32,compassion,0.03744364831267248,0.10450485859371982
77,40,honesty,0.024785542584141642,0.07084477535935829
77,40,harmlessness,0.0,0.0
77,40,fairness,0.0,0.0
77,40,compassion,0.0,0.0
77,47,honesty,0.01415642428635234,0.04129995352873812
77,47,harmlessness,0.0,0.0
77,47,fairness,0.0,0.0
77,47,compassion,0.0,0.0
78,32,honesty,0.0029681485332317173,0.008851898102953953
78,32,harmlessness,0.0,0.0
78,32,fairness,0.0,0.0
78,32,compassion,0.0,0.0
78,40,honesty,0.08089479013703764,0.208888403314705
78,40,harmlessness,0.014692071746545849,0.0428180436994786
78,40,fairness,0.0,0.0
78,40,compassion,0.016604685518431483,0.048212935298200255
78,47,honesty,0.0,0.0
78,47,harmlessness,0.0,0.0
78,47,fairness,0.0,0.0
78,47,compassion,0.0776222722223729,0.20157361295226314
79,32,honesty,0.0,0.0
79,32,harmlessness,0.0,0.0
79,32,fairness,0.03795360202733323,0.10582771976328774
79,32,compassion,0.0014585052377242846,0.004362789410759492
79,40,honesty,0.0,0.0
79,40,harmlessness,0.046280180318602725,0.12707814227749697
79,40,fairness,0.0,0.0
79,40,compassion,0.0,0.0
79,47,honesty,0.0,0.0
79,47,harmlessness,0.0,0.0
79,47,fairness,0.03627712344400259,0.10146933886820163
79,47,compassion,0.0,0.0
80,32,honesty,0.0,0.0
80,32,harmlessness,0.0,0.0
80,32,fairness,0.0,0.0
80,32,compassion,0.0,0.0
80,40,honesty,0.0,0.0
80,40,harmlessness,0.0,0.0
80,40,fairness,0.0,0.0
80,40,compassion,0.006364817562964037,0.018854442515171196
80,47,honesty,0.0,0.0
80,47,harmlessness,0.015344241894512969,0.04466211314820653
80,47,fairness,0.04181297347831327,0.11575850577151292
80,47,compassion,0.03179859393663555,0.08969164538753288
81,32,honesty,0.04636362139978852,0.12728781598142783
81,32,harmlessness,0.04464673764194724,0.1229606308721659
81,32,fairness,0.0,0.0
81,32,compassion,0.0011899597270627184,0.003561403328123567
81,40,honesty,0.03190094104130866,0.08996301354211503
81,40,harmlessness,0.0016447167660917905,0.004917972953132964
81,40,fairness,0.009552640601756531,0.028120668525459903
81,40,compassion,0.02091380246121046,0.06022244667658177
81,47,honesty,0.002167045915174859,0.0064730828101997135
81,47,harmlessness,0.0,0.0
81,47,fairness,0.0,0.0
81,47,compassion,0.0,0.0
82,32,honesty,0.017264938431629094,0.050066041061986075
82,32,harmlessness,0.018580105387204202,0.05374320725241996
82,32,fairness,0.0,0.0
82,32,compassion,0.005376857711352643,0.01595895507276171
82,40,honesty,0.0,0.0
82,40,harmlessness,0.01427035787239275,0.041623119981378624
82,40,fairness,0.0475223834195898,0.1301929880641191
82,40,compassion,0.0,0.0
82,47,honesty,0.0,0.0
82,47,harmlessness,0.005655061085359296,0.01677545085741168
82,47,fairness,0.026554568028191953,0.07564619976890091
82,47,compassion,0.0,0.0
83,32,honesty,0.014635065187428437,0.042656630428296975
83,32,harmlessness,0.017724400298673736,0.05135280553258234
83,32,fairness,0.01540859910942951,0.04484383594701537
83,32,compassion,0.0,0.0
83,40,honesty,0.0,0.0
83,40,harmlessness,0.0,0.0
83,40,fairness,0.01777808426435834,0.051503003327043606
83,40,compassion,0.0,0.0
83,47,honesty,0.0,0.0
83,47,harmlessness,0.0,0.0
83,47,fairness,0.0,0.0
83,47,compassion,0.08154290988683824,0.21032732538009682
84,32,honesty,0.019091689733960464,0.055168547613655125
84,32,harmlessness,0.0,0.0
84,32,fairness,0.02887244595221447,0.08188868461533502
84,32,compassion,0.0,0.0
84,40,honesty,0.0,0.0
84,40,harmlessness,0.0,0.0
84,40,fairness,0.0,0.0
84,40,compassion,0.0,0.0
84,47,honesty,0.024589581789605325,0.07031091345462714
84,47,harmlessness,0.009146653236861608,0.02694700980173133
84,47,fairness,0.009553775564215012,0.028123946938582816
84,47,compassion,0.0,0.0
85,32,honesty,0.03532610095684778,0.09898480821420493
85,32,harmlessness,0.0,0.0
85,32,fairness,0.0,0.0
85,32,compassion,0.0,0.0
85,40,honesty,0.03511264180649933,0.09842593613924464
85,40,harmlessness,0.0,0.0
85,40,fairness,0.0,0.0
85,40,compassion,0.002609966951129253,0.00778924152746566
85,47,honesty,0.03803947410323446,0.10605023218780348
85,47,harmlessness,0.0,0.0
85,47,fairness,0.01675215320488095,0.04862723774149158
85,47,compassion,0.0,0.0
86,32,honesty,0.0,0.0
86,32,harmlessness,0.0,0.0
86,32,fairness,0.008996553849598866,0.02651261717262201
86,32,compassion,0.04344864383588711,0.11992479232961684
86,40,honesty,0.015007310517065409,0.04370999268534108
86,40,harmlessness,0.0,0.0
86,40,fairness,0.0,0.0
86,40,compassion,0.0,0.0
86,47,honesty,0.0,0.0
86,47,harmlessness,0.0,0.0
86,47,fairness,0.04736519701514746,0.12979962173363216
86,47,compassion,0.0,0.0
87,32,honesty,0.0,0.0
87,32,harmlessness,0.0,0.0
87,32,fairness,0.0324054067835978,0.091299054359818
87,32,compassion,0.0,0.0
87,40,honesty,0.0046084166457764615,0.013698988642746313
87,40,harmlessness,0.0,0.0
87,40,fairness,0.040130460458675,0.11144657651207958
87,40,compassion,0.007540081885017755,0.02228419632498881
87,47,honesty,0.010881075918322894,0.0319479711558033
87,47,harmlessness,0.02180671125505555,0.0626861751239433
87,47,fairness,0.0,0.0
87,47,compassion,0.06886754488467248,0.18159115993856034
88,32,honesty,0.0,0.0
88,32,harmlessness,0.03181160418569873,0.08972614719758175
88,32,fairness,0.0,0.0
88,32,compassion,0.0,0.0
88,40,honesty,0.0,0.0
88,40,harmlessness,0.019496479814009097,0.056294355895315944
88,40,fairness,0.0,0.0
88,40,compassion,0.0,0.0
88,47,honesty,0.0037064465345712705,0.011037519650793916
88,47,harmlessness,0.0377361362036409,0.10526390267368102
88,47,fairness,0.052152566449244035,0.14167977190966682
88,47,compassion,0.013344044479320513,0.03899152417222032
89,32,honesty,0.0,0.0
89,32,harmlessness,0.0,0.0
89,32,fairness,0.018265280912731097,0.05286466676070877
89,32,compassion,0.0,0.0
89,40,honesty,0.06362251421646986,0.16932214189025752
89,40,harmlessness,0.0,0.0
89,40,fairness,0.0,0.0
89,40,compassion,0.0,0.0
89,47,honesty,0.028078467967228564,0.07975652200509069
89,47,harmlessness,0.013092576919621537,0.038275481390386265
89,47,fairness,0.0,0.0
89,47,compassion,0.0,0.0
90,32,honesty,0.04511632323400035,0.12414686914805544
90,32,harmlessness,0.0,0.0
90,32,fairness,0.0362733860108003,0.1014595921325558
90,32,compassion,0.05938244161780077,0.15923571388670957
90,40,honesty,0.0,0.0
90,40,harmlessness,0.0,0.0
90,40,fairness,0.06427019508758744,0.1708495211525693
90,40,compassion,0.0,0.0
90,47,honesty,0.01728084519985535,0.050110627602628806
90,47,harmlessness,0.005590821936692081,0.016586995928672552
90,47,fairness,0.0,0.0
90,47,compassion,0.0,0.0
91,32,honesty,0.03081853421091864,0.08708776792260521
91,32,harmlessness,0.0,0.0
91,32,fairness,0.0,0.0
91,32,compassion,0.014682020747671557,0.042789587033785985
91,40,honesty,0.013199802766032928,0.03858088807192323
91,40,harmlessness,0.0,0.0
91,40,fairness,0.0,0.0
91,40,compassion,0.030052676855522684,0.08504629304149573
91,47,honesty,0.0,0.0
91,47,harmlessness,0.05433516797420053,0.14702792943689627
91,47,fairness,0.016411900901616525,0.04767096054417774
91,47,compassion,0.0,0.0
92,32,honesty,0.026557071328485907,0.07565297127664614
92,32,harmlessness,0.0,0.0
92,32,fairness,0.0,0.0
92,32,compassion,0.0,0.0
92,40,honesty,0.010956571176319471,0.03216487993616177
92,40,harmlessness,0.0,0.0
92,40,fairness,0.006981156674784208,0.02065507736196529
92,40,compassion,0.0016027122033428823,0.0047927737361191675
92,47,honesty,0.0,0.0
92,47,harmlessness,0.0,0.0
92,47,fairness,0.0,0.0
92,47,compassion,0.0,0.0
93,32,honesty,0.030090078375789947,0.08514612780903222
93,32,harmlessness,0.0014192263378866679,0.004245627999504472
93,32,fairness,0.0,0.0
93,32,compassion,0.023671505995351734,0.06780445104710886
93,40,honesty,0.0,0.0
93,40,harmlessness,0.00503921842363842,0.014966813189381093
93,40,fairness,0.0032768780446854415,0.009766626049114331
93,40,compassion,0.0,0.0
93,47,honesty,0.0,0.0
93,47,harmlessness,0.0030994908605353087,0.009241186634577181
93,47,fairness,0.06381383060560651,0.16977367477061306
93,47,compassion,0.0,0.0
94,32,honesty,0.01370046660523567,0.04000521946896758
94,32,harmlessness,0.0038604008946098107,0.011492471588625418
94,32,fairness,0.014331809716982884,0.041797365376455516
94,32,compassion,0.009981485554841296,0.029358376247664568
94,40,honesty,0.052991764812398326,0.14374110479848387
94,40,harmlessness,0.0071798105382535485,0.02123451206772362
94,40,fairness,0.0,0.0
94,40,compassion,0.014197441018036222,0.041416311767112315
94,47,honesty,0.04039413596992121,0.11212409595476137
94,47,harmlessness,0.023086139702060207,0.06620173414041221
94,47,fairness,0.0,0.0
94,47,compassion,0.01018308436966704,0.029939500196037295
95,32,honesty,0.0,0.0
95,32,harmlessness,0.0,0.0
95,32,fairness,0.03181193112919709,0.08972701419555625
95,32,compassion,0.06546330520324718,0.17365398762626355
95,40,honesty,0.012909619541003598,0.037754077080547614
95,40,harmlessness,0.019608248295668478,0.05660489905611821
95,40,fairness,0.01939073886402046,0.056000436895825366
95,40,compassion,0.0,0.0
95,47,honesty,0.01679757546868729,0.04875480149104836
95,47,harmlessness,0.010277531899395545,0.030211594446868058
95,47,fairness,0.0,0.0
95,47,compassion,0.0,0.0
96,32,honesty,0.027023569090904954,0.07691373975224548
96,32,harmlessness,0.0,0.0
96,32,fairness,0.09209231234194099,0.23330562757439538
96,32,compassion,0.004823385456800719,0.014331899816119367
96,40,honesty,0.043482992488091246,0.1200120144211616
96,40,harmlessness,0.032247062900200414,0.0908799648169602
96,40,fairness,0.028308671934752144,0.08037537552927493
96,40,compassion,0.014603937092498619,0.042568476569603865
96,47,honesty,0.04980772262213485,0.13588674887447724
96,47,harmlessness,0.007993549845422263,0.023603301206840004
96,47,fairness,0.0002825802230697144,0.0008472618303351139
96,47,compassion,0.0,0.0
97,32,honesty,0.0027746889728080706,0.008278128454945362
97,32,harmlessness,0.050934874325035184,0.13867757342672354
97,32,fairness,0.0,0.0
97,32,compassion,0.05799324680054969,0.15589771148595707
97,40,honesty,0.0,0.0
97,40,harmlessness,0.016337323950750465,0.047461194047756144
97,40,fairness,0.0,0.0
97,40,compassion,0.0,0.0
97,47,honesty,0.05282542757624004,0.14333302596402794
97,47,harmlessness,0.0,0.0
97,47,fairness,0.0,0.0
97,47,compassion,0.0476672954177143,0.13055543707797373
98,32,honesty,0.01145215646840775,0.033587178165848094
98,32,harmlessness,0.0,0.0
98,32,fairness,0.0,0.0
98,32,compassion,0.0,0.0
98,40,honesty,0.0008795078665696166,0.002633890544801178
98,40,harmlessness,0.0002772662981244421,0.0008313378904145946
98,40,fairness,0.0,0.0
98,40,compassion,0.021688619790518497,0.06236081917761823
98,47,honesty,0.0,0.0
98,47,harmlessness,0.0,0.0
98,47,fairness,0.0,0.0
98,47,compassion,0.036694329100536195,0.1025565031459344
99,32,honesty,0.016979815882338815,0.04926637953947696
99,32,harmlessness,0.0,0.0
99,32,fairness,0.0,0.0
99,32,compassion,0.03708621301016099,0.10357614507261435
99,40,honesty,0.0,0.0
99,40,harmlessness,0.0,0.0
99,40,fairness,0.0,0.0
99,40,compassion,0.031491266626235824,0.08887615452122277
99,47,honesty,0.051399369986238015,0.1398243436173699
99,47,harmlessness,0.03638517552646699,0.10175106580104847
99,47,fairness,0.0434518012133893,0.1199328103698594
99,47,compassion,0.025838529941087856,0.07370664701191447
100,32,honesty,0.0,0.0
100,32,harmlessness,0.0,0.0
100,32,fairness,0.0,0.0
100,32,compassion,0.030102073036956355,0.08517814181852229
100,40,honesty,0.04431751900357786,0.12212775849481673
100,40,harmlessness,0.05946033677413784,0.15942239207783954
100,40,fairness,0.0,0.0
100,40,compassion,0.05375616116506749,0.14561326338645508
100,47,honesty,0.013873995377070215,0.0404982413058957
100,47,harmlessness,0.05583354836740379,0.15067518467911378
100,47,fairness,0.0,0.0
100,47,compassion,0.0,0.0
101,32,honesty,0.0,0.0
101,32,harmlessness,0.0,0.0
101,32,fairness,0.0403247185295546,0.11194579059596249
101,32,compassion,0.017101308624414,0.0496072288133635
101,40,honesty,0.025199131164054724,0.07197021949047178
101,40,harmlessness,0.0,0.0
101,40,fairness,0.0,0.0
101,40,compassion,0.033246156152677626,0.09352010071449632
101,47,honesty,0.0029984073218290047,0.008941600842616268
101,47,harmlessness,0.02157798006757653,0.06205585998314438
101,47,fairness,0.028524959681255478,0.08095632711024207
101,47,compassion,0.015098246096540613,0.04396708650521461
102,32,honesty,0.0,0.0
102,32,harmlessness,0.012385116391661535,0.03625724868497494
102,32,fairness,0.0,0.0
102,32,compassion,0.05377378448914343,0.14565636545638336
102,40,honesty,0.009837893391540207,0.028944180647587723
102,40,harmlessness,0.0,0.0
102,40,fairness,0.05468909433982167,0.1478912103137111
102,40,compassion,0.0,0.0
102,47,honesty,0.026184546857668786,0.07464457198726406
102,47,harmlessness,0.07352709905146851,0.19230241911778478
102,47,fairness,0.03310165050928348,0.09313885206787699
102,47,compassion,0.0,0.0
103,32,honesty,0.0,0.0
103,32,harmlessness,0.021418092698197923,0.06161492954923678
103,32,fairness,0.03142795240030715,0.08870803349265728
103,32,compassion,0.0011057433117513948,0.003309910113313595
103,40,honesty,0.017757566727403962,0.05144560273540108
103,40,harmlessness,0.0,0.0
103,40,fairness,0.006163111332199762,0.018264205334853567
103,40,compassion,0.0,0.0
103,47,honesty,0.0,0.0
103,47,harmlessness,0.029535186105711705,0.0836635228800893
103,47,fairness,0.0,0.0
103,47,compassion,0.0,0.0
104,32,honesty,0.0,0.0
104,32,harmlessness,0.0,0.0
104,32,fairness,0.0,0.0
104,32,compassion,0.01796631271203434,0.05202938570839875
104,40,honesty,0.0,0.0
104,40,harmlessness,0.050973611244092096,0.1387732829771854
104,40,fairness,0.0,0.0
104,40,compassion,0.027034222586029093,0.07694250608635637
104,47,honesty,0.00033267481323781756,0.0009973608460470736
104,47,harmlessness,0.0215928436377743,0.06209683635758338
104,47,fairness,0.0,0.0
104,47,compassion,0.03502443189415937,0.09819485748574575
105,32,honesty,0.0,0.0
105,32,harmlessness,0.03505608504919764,0.09827778627909901
105,32,fairness,0.0,0.0
105,32,compassion,0.01915281436778789,0.055338660904049236
105,40,honesty,0.0011636380430503554,0.0034828086718166834
105,40,harmlessness,0.0,0.0
105,40,fairness,0.060249630460679035,0.1613110313284918
105,40,compassion,0.05580215164854126,0.15059896264262973
105,47,honesty,0.022205665299658773,0.06378425237951918
105,47,harmlessness,0.04598131594408062,0.12632661943176282
105,47,fairness,0.0,0.0
105,47,compassion,0.013283018472196467,0.038817819782155864
106,32,honesty,0.021343599686788225,0.06140940360525474
106,32,harmlessness,0.05011781182525602,0.13665566924374334
106,32,fairness,0.0,0.0
106,32,compassion,1.9518048083621525e-05,5.8551858614880904e-05
106,40,honesty,0.027109880312357563,0.07714676197008291
106,40,harmlessness,0.033811601256377936,0.09500992815667274
106,40,fairness,0.0,0.0
106,40,compassion,0.06187986634355066,0.16519509787626577
106,47,honesty,0.0,0.0
106,47,harmlessness,0.0002493208661484428,0.0007475898189629533
106,47,fairness,0.0,0.0
106,47,compassion,0.00040255139595280013,0.0012066826842603584
107,32,honesty,0.0,0.0
107,32,harmlessness,0.05890229306625226,0.15808387386398678
107,32,fairness,0.025814831220537498,0.07364236330291975
107,32,compassion,0.05510248673697583,0.14889814418112585
107,40,honesty,0.0,0.0
107,40,harmlessness,0.0,0.0
107,40,fairness,0.006043523073058666,0.017914041374419928
107,40,compassion,0.03303117325160578,0.09295283721430903
107,47,honesty,0.032928464059503615,0.09268166258753355
107,47,harmlessness,0.0,0.0
107,47,fairness,0.011647001762392585,0.03414561716068089
107,47,compassion,0.025192660132803597,0.07195262437530987
108,32,honesty,0.006079599675826946,0.018019693976168805
108,32,harmlessness,0.0,0.0
108,32,fairness,0.0,0.0
108,32,compassion,0.0,0.0
108,40,honesty,0.0,0.0
108,40,harmlessness,0.0,0.0
108,40,fairness,0.0,0.0
108,40,compassion,0.04844764968717468,0.13250394011572958
108,47,honesty,0.0,0.0
108,47,harmlessness,0.0,0.0
108,47,fairness,0.001216125226361088,0.0036395234465327417
108,47,compassion,0.07130757596113704,0.18722202967772578
109,32,honesty,0.0,0.0
109,32,harmlessness,0.0,0.0
109,32,fairness,0.0,0.0
109,32,compassion,0.0,0.0
109,40,honesty,0.029202467353203705,0.08277304761802974
109,40,harmlessness,0.007843977639190992,0.023168467042737836
109,40,fairness,0.0,0.0
109,40,compassion,0.0,0.0
109,47,honesty,0.016530430054395823,0.04800422906155308
109,47,harmlessness,0.03932304190381015,0.10936777825679343
109,47,fairness,0.02159667990135766,0.06210741191482067
109,47,compassion,0.0,0.0
110,32,honesty,0.042247074088027504,0.11686667233496918
110,32,harmlessness,0.021786453483749024,0.06263037303370955
110,32,fairness,0.019053334132533094,0.055061781361184996
110,32,compassion,0.0,0.0
110,40,honesty,0.0,0.0
110,40,harmlessness,0.021324739882625347,0.06135736015739406
110,40,fairness,0.0,0.0
110,40,compassion,0.013770593700960117,0.04020450139554488
110,47,honesty,0.0,0.0
110,47,harmlessness,0.04130084342905219,0.11444886128594808
110,47,fairness,0.0,0.0
110,47,compassion,0.03141578982610749,0.08867573309137329
111,32,honesty,0.0,0.0
111,32,harmlessness,0.02563510090294682,0.07315464908710524
111,32,fairness,0.060768412115040395,0.16254948781576667
111,32,compassion,0.04639199123454503,0.1273590901187754
111,40,honesty,0.0,0.0
111,40,harmlessness,0.0,0.0
111,40,fairness,0.029024402488206272,0.08229602174784363
111,40,compassion,0.0,0.0
111,47,honesty,0.0,0.0
111,47,harmlessness,0.01684576710825489,0.04889011823345308
111,47,fairness,0.0,0.0
111,47,compassion,0.0065008003407772096,0.01925209299690176
112,32,honesty,0.021909994773952134,0.06297061273019416
112,32,harmlessness,0.0,0.0
112,32,fairness,0.0,0.0
112,32,compassion,0.005665149618421313,0.016805042692865854
112,40,honesty,0.0,0.0
112,40,harmlessness,0.059718911925904804,0.1600417030409641
112,40,fairness,0.034266990984735006,0.09620749053270843
112,40,compassion,0.0,0.0
112,47,honesty,0.00956943903201596,0.02816919039589828
112,47,harmlessness,0.010469361349784472,0.03076392671864191
112,47,fairness,0.055584302473861244,0.1500698513970605
112,47,compassion,0.07295225742255575,0.19099040926394245
113,32,honesty,0.03702519473135848,0.10341747955572168
113,32,harmlessness,0.02961971012230508,0.08388956138584325
113,32,fairness,0.014292115814619685,0.041684818924303854
113,32,compassion,0.004708496293650356,0.013993710215582097
113,40,honesty,0.012101391332332333,0.03544627549492159
113,40,harmlessness,0.03687035156335316,0.10301467977134779
113,40,fairness,0.007551933978846955,0.02231870319056363
113,40,compassion,0.0005326774582112144,0.0015963317147930473
113,47,honesty,0.0,0.0
113,47,harmlessness,0.0,0.0
113,47,fairness,0.031069956937413136,0.08775667837601313
113,47,compassion,0.0,0.0
114,32,honesty,0.011253632381875937,0.033017757730482426
114,32,harmlessness,0.035111075172121635,0.0984218327778806
114,32,fairness,0.0,0.0
114,32,compassion,0.02584641111763139,0.07372802372853764
114,40,honesty,0.03406442716632723,0.09567504995717958
114,40,harmlessness,0.030518096590120277,0.08628762181612809
114,40,fairness,0.006892289675442018,0.02039572257013935
114,40,compassion,0.0,0.0
114,47,honesty,0.0046246737818577705,0.013746871750836007
114,47,harmlessness,0.0,0.0
114,47,fairness,0.0,0.0
114,47,compassion,0.0,0.0
115,32,honesty,0.0,0.0
115,32,harmlessness,0.0,0.0
115,32,fairness,0.014212001590692865,0.04145761343588436
115,32,compassion,0.0,0.0
115,40,honesty,0.005493175080628095,0.016300442868744706
115,40,harmlessness,0.035009346448111135,0.09815533134290742
115,40,fairness,0.0,0.0
115,40,compassion,0.0,0.0
115,47,honesty,0.0,0.0
115,47,harmlessness,0.021832328681119426,0.06275673472444257
115,47,fairness,0.004510651955012775,0.013410971416164439
115,47,compassion,0.03529672390461626,0.09890792058417043
116,32,honesty,0.0,0.0
116,32,harmlessness,0.0,0.0
116,32,fairness,0.0,0.0
116,32,compassion,0.05836621374841268,0.15679551961943525
116,40,honesty,0.0,0.0
116,40,harmlessness,0.0,0.0
116,40,fairness,0.0,0.0
116,40,compassion,0.0,0.0
116,47,honesty,0.011920070002099667,0.034927532735874504
116,47,harmlessness,0.0,0.0
116,47,fairness,0.0,0.0
116,47,compassion,0.023296901768851176,0.06677920800821538
117,32,honesty,0.015990792198063604,0.046485690558385556
117,32,harmlessness,0.0,0.0
117,32,fairness,0.02564407346003428,0.07317900482897022
117,32,compassion,0.007402989757553728,0.021884941280374628
117,40,honesty,0.0,0.0
117,40,harmlessness,0.040217909759045024,0.11167135252045847
117,40,fairness,0.0,0.0
117,40,compassion,0.00576980041952673,0.017111936343591844
117,47,honesty,0.0,0.0
117,47,harmlessness,0.008052859377384763,0.023775654133469947
117,47,fairness,0.005106935246748035,0.015165903169355408
117,47,compassion,0.03902287841931348,0.10859338253066791
118,32,honesty,0.011136701401461318,0.03268216126212262
118,32,harmlessness,0.0,0.0
118,32,fairness,0.08107725538512454,0.2092938278871071
118,32,compassion,0.001852129366194544,0.00553588176023182
118,40,honesty,0.0,0.0
118,40,harmlessness,0.0,0.0
118,40,fairness,0.047545687147618455,0.13025128750982234
118,40,compassion,0.03800155256925441,0.10595197835705869
118,47,honesty,0.022028490639195892,0.06329680573245108
118,47,harmlessness,0.019061415432409617,0.05508427769533871
118,47,fairness,0.0,0.0
118,47,compassion,0.010620484703113511,0.031198762156854628
119,32,honesty,0.0,0.0
119,32,harmlessness,0.047170445073519335,0.12931193241033345
119,32,fairness,0.0,0.0
119,32,compassion,0.05105722805043608,0.13897983399401947
119,40,honesty,0.10648611696811006,0.2633682305057016
119,40,harmlessness,0.013617441048602161,0.03976921331020449
119,40,fairness,0.01493284412274449,0.0434993930563447
119,40,compassion,0.04111548018460751,0.11397423015115143
119,47,honesty,0.0,0.0
119,47,harmlessness,0.0,0.0
119,47,fairness,0.0,0.0
119,47,compassion,0.0369573725311677,0.10324107952076544
120,32,honesty,0.02353559830137723,0.06743265895692382
120,32,harmlessness,0.02509633466559596,0.071690658481491
120,32,fairness,0.039186091002446743,0.10901456377405586
120,32,compassion,0.0,0.0
120,40,honesty,0.10742543899851287,0.26528055651314897
120,40,harmlessness,0.005414442669371162,0.016069315235951263
120,40,fairness,0.0,0.0
120,40,compassion,0.0,0.0
120,47,honesty,0.046688647881362205,0.12810394379588666
120,47,harmlessness,0.037450719433135264,0.10452321881521236
120,47,fairness,0.0,0.0
120,47,compassion,0.0,0.0
121,32,honesty,0.0,0.0
121,32,harmlessness,0.0,0.0
121,32,fairness,0.0,0.0
121,32,compassion,0.018068052459304058,0.05231374249058727
121,40,honesty,0.014789523498101715,0.04309389417330358
121,40,harmlessness,0.04172470923894563,0.11553296866658587
121,40,fairness,0.006920979774983186,0.020479463420675553
121,40,compassion,0.0,0.0
121,47,honesty,0.0,0.0
121,47,harmlessness,0.04702522410026337,0.12894805036900145
121,47,fairness,0.002164009965638916,0.006464053345201872
121,47,compassion,0.0273136820688482,0.07769668130462623
122,32,honesty,0.0,0.0
122,32,harmlessness,0.047017450526298216,0.1289285665778897
122,32,fairness,0.03013723830099823,0.08527199031778
122,32,compassion,0.024334453150325373,0.06961526084387042
122,40,honesty,0.046156804345572316,0.12676800136422167
122,40,harmlessness,0.0404490385367043,0.11226508602796936
122,40,fairness,0.0,0.0
122,40,compassion,0.0,0.0
122,47,honesty,0.001565703300141603,0.004682447254187569
122,47,harmlessness,0.017614724891916213,0.051045857212411325
122,47,fairness,0.0008106592281048166,0.0024280410565370517
122,47,compassion,0.027629335213250797,0.07854757128529608
123,32,honesty,0.023371261148663267,0.06698283670764453
123,32,harmlessness,0.021632093247292608,0.0622050297345414
123,32,fairness,0.0,0.0
123,32,compassion,0.0159690344522386,0.04642439774275872
123,40,honesty,0.0,0.0
123,40,harmlessness,0.0,0.0
123,40,fairness,0.04046465349220038,0.11230518008182101
123,40,compassion,0.0,0.0
123,47,honesty,0.0026346705651190848,0.00786258107351674
123,47,harmlessness,0.0,0.0
123,47,fairness,0.029901494976842566,0.08464260412630832
123,47,compassion,0.011317907635700427,0.033202164837235024
124,32,honesty,0.0,0.0
124,32,harmlessness,0.024794809629338204,0.07087001197720708
124,32,fairness,0.027725424686261973,0.07880639265033994
124,32,compassion,0.0,0.0
124,40,honesty,0.0,0.0
124,40,harmlessness,0.0,0.0
124,40,fairness,0.0019933316247213776,0.0059562493139198106
124,40,compassion,0.0857741654999997,0.2196430908491467
124,47,honesty,0.039253960975967124,0.10918963183392329
124,47,harmlessness,0.023230819690818496,0.06659819763067219
124,47,fairness,0.0001411725491067511,0.0004233981029412949
124,47,compassion,0.005662765851104402,0.016798050697602204
125,32,honesty,0.0,0.0
125,32,harmlessness,0.0,0.0
125,32,fairness,0.020714597296683044,0.059671643749447265
125,32,compassion,0.0,0.0
125,40,honesty,0.0,0.0
125,40,harmlessness,0.030691208063263083,0.08674877479674889
125,40,fairness,0.0013302858888309557,0.0039802678781088365
125,40,compassion,0.0,0.0
125,47,honesty,0.013445405781054662,0.039279947672142886
125,47,harmlessness,0.005055932946771213,0.01501595947187121
125,47,fairness,0.0,0.0
125,47,compassion,0.0,0.0
126,32,honesty,0.007203205617847305,0.02130272109303633
126,32,harmlessness,0.0,0.0
126,32,fairness,0.0,0.0
126,32,compassion,0.0,0.0
126,40,honesty,0.03725777227809211,0.10402205663803865
126,40,harmlessness,0.02692909463288913,0.07665859099595913
126,40,fairness,0.03160568369844537,0.0891798695940216
126,40,compassion,0.0,0.0
126,47,honesty,0.0,0.0
126,47,harmlessness,0.0,0.0
126,47,fairness,0.0,0.0
126,47,compassion,0.0,0.0
127,32,honesty,0.0,0.0
127,32,harmlessness,0.0004658917773021571,0.001396374213378372
127,32,fairness,0.026256179271677484,0.0748385870965408
127,32,compassion,0.0066005552531925304,0.019543667643318087
127,40,honesty,0.0,0.0
127,40,harmlessness,0.0031073345382344017,0.009264428258891509
127,40,fairness,0.02655489790676646,0.07564709210472967
127,40,compassion,0.00924518096002752,0.027232013102014625
127,47,honesty,0.018643681041594574,0.053920490280009906
127,47,harmlessness,0.005852194849498511,0.017353472740905058
127,47,fairness,0.0,0.0
127,47,compassion,0.0,0.0
128,32,honesty,0.0,0.0
128,32,harmlessness,0.05854504330350937,0.15722557385142638
128,32,fairness,0.008708843556948677,0.025679257400133274
128,32,compassion,0.0,0.0
128,40,honesty,0.028634691769309203,0.08125088709219189
128,40,harmlessness,0.022462522151227047,0.06449033528396873
128,40,fairness,0.0,0.0
128,40,compassion,0.0,0.0
128,47,honesty,0.0,0.0
128,47,harmlessness,0.0,0.0
128,47,fairness,0.0,0.0
128,47,compassion,0.0,0.0
129,32,honesty,0.0,0.0
129,32,harmlessness,0.0,0.0
129,32,fairness,0.0027299271743644513,0.008145309320577656
129,32,compassion,0.0,0.0
129,40,honesty,0.06542073276370713,0.17355412254854527
129,40,harmlessness,0.0,0.0
129,40,fairness,0.01709783423048059,0.04959748358622912
129,40,compassion,0.0,0.0
129,47,honesty,0.029345890015071905,0.08315703560360982
129,47,harmlessness,0.0,0.0
129,47,fairness,0.05753346910812225,0.15478927892927485
129,47,compassion,0.0,0.0
130,32,honesty,0.006141781109708056,0.0182017608670113
130,32,harmlessness,0.022671736092070356,0.06506493806681557
130,32,fairness,0.0,0.0
130,32,compassion,0.0,0.0
130,40,honesty,0.0,0.0
130,40,harmlessness,0.0,0.0
130,40,fairness,0.0,0.0
130,40,compassion,0.013704612532040772,0.0400170025663902
130,47,honesty,0.03864738524077577,0.10762342758844089
130,47,harmlessness,0.0,0.0
130,47,fairness,0.013566124537140125,0.03962330425132737
130,47,compassion,0.0,0.0
131,32,honesty,0.04653537467890299,0.12771920218222788
131,32,harmlessness,0.0022512895516588797,0.006723595136018036
131,32,fairness,0.06676977145013087,0.17671136009766664
131,32,compassion,0.02439279848741893,0.06977440925326939
131,40,honesty,0.00192037061636744,0.005739069567975065
131,40,harmlessness,0.002043038808611917,0.0061041742958737495
131,40,fairness,0.05053631944586623,0.13769205861858336
131,40,compassion,0.0,0.0
131,47,honesty,0.0,0.0
131,47,harmlessness,0.0,0.0
131,47,fairness,0.0,0.0
131,47,compassion,0.009119920730127271,0.026869663782891528
132,32,honesty,0.0,0.0
132,32,harmlessness,0.0,0.0
132,32,fairness,0.0,0.0
132,32,compassion,0.0,0.0
132,40,honesty,0.0,0.0
132,40,harmlessness,0.0,0.0
132,40,fairness,0.008652207515055159,0.025515098687935223
132,40,compassion,0.0,0.0
132,47,honesty,0.016969901447582293,0.04923855740942864
132,47,harmlessness,0.0,0.0
132,47,fairness,0.0,0.0
132,47,compassion,0.03953913638859823,0.10992474981496204
133,32,honesty,0.013009179777495165,0.03803785670015955
133,32,harmlessness,0.00015231769333776796,0.0004568139183286551
133,32,fairness,0.048815929936666336,0.13342159166817477
133,32,compassion,0.023337504512004923,0.06689040335576478
133,40,honesty,0.0,0.0
133,40,harmlessness,0.0,0.0
133,40,fairness,0.0,0.0
133,40,compassion,0.0,0.0
133,47,honesty,0.0,0.0
133,47,harmlessness,0.010423769310017117,0.030632691706661132
133,47,fairness,0.0,0.0
133,47,compassion,0.005244634824611714,0.015570580456828537
134,32,honesty,0.0,0.0
134,32,harmlessness,0.002968359184817835,0.008852522620793028
134,32,fairness,0.0,0.0
134,32,compassion,0.0,0.0
134,40,honesty,0.03329276312792512,0.09364301964080539
134,40,harmlessness,0.045832921871818214,0.12595316268569123
134,40,fairness,0.01723491728562021,0.04998188456436803
134,40,compassion,0.05632830622396649,0.1518751758461393
134,47,honesty,0.0,0.0
134,47,harmlessness,0.0,0.0
134,47,fairness,0.0,0.0
134,47,compassion,0.022643902667639066,0.06498852053586136
135,32,honesty,0.0,0.0
135,32,harmlessness,0.0,0.0
135,32,fairness,0.0,0.0
135,32,compassion,0.01752749052015611,0.05080162167580584
135,40,honesty,0.0,0.0
135,40,harmlessness,0.0,0.0
135,40,fairness,0.020179783644721,0.05819079560338213
135,40,compassion,0.025513786818748167,0.07282526393797917
135,47,honesty,0.0,0.0
135,47,harmlessness,0.0,0.0
135,47,fairness,0.0,0.0
135,47,compassion,0.0,0.0
136,32,honesty,0.0,0.0
136,32,harmlessness,0.009465211397231438,0.02786807966123732
136,32,fairness,0.0,0.0
136,32,compassion,0.0,0.0
136,40,honesty,0.02140266274195968,0.06157236317918014
136,40,harmlessness,0.019091038832616366,0.05516673590306104
136,40,fairness,0.0,0.0
136,40,compassion,0.04257138068419785,0.11769340090472742
136,47,honesty,0.0,0.0
136,47,harmlessness,0.01459210934498978,0.04253497793688581
136,47,fairness,0.025742098577402974,0.07344503696886201
136,47,compassion,0.019252151244127682,0.055615035579533595
137,32,honesty,0.0,0.0
137,32,harmlessness,0.0,0.0
137,32,fairness,0.002743015007678155,0.008184146549414304
137,32,compassion,0.0,0.0
137,40,honesty,0.0,0.0
137,40,harmlessness,0.0,0.0
137,40,fairness,0.0,0.0
137,40,compassion,0.004285411084842607,0.01274698114592576
137,47,honesty,0.0,0.0
137,47,harmlessness,0.030390568521639426,0.08594770625262217
137,47,fairness,0.007743070672788233,0.022874967045423862
137,47,compassion,0.009590510775771846,0.02823005110860029
138,32,honesty,0.0,0.0
138,32,harmlessness,0.06007894081779231,0.1609030525145316
138,32,fairness,0.019351048967751912,0.055890083421070005
138,32,compassion,0.018768877582738833,0.05426947835670434
138,40,honesty,0.0633045848856247,0.16857110678003343
138,40,harmlessness,0.0,0.0
138,40,fairness,0.017367812256286162,0.050354347076242395
138,40,compassion,0.0,0.0
138,47,honesty,0.0,0.0
138,47,harmlessness,0.0,0.0
138,47,fairness,0.0,0.0
138,47,compassion,0.022281870274939043,0.06399380739525606
139,32,honesty,0.020712606753442366,0.05966613776430939
139,32,harmlessness,0.014132798557830189,0.04123292249825367
139,32,fairness,0.0,0.0
139,32,compassion,0.0455493177436306,0.12523886364303605
139,40,honesty,0.04943392321168836,0.13495869418489354
139,40,harmlessness,0.05002609218038118,0.1364283246511198
139,40,fairness,0.0,0.0
139,40,compassion,0.0,0.0
139,47,honesty,0.0,0.0
139,47,harmlessness,0.0,0.0
139,47,fairness,0.0053173251819828935,0.015784116980556526
139,47,compassion,0.0,0.0
140,32,honesty,0.017707307806049465,0.05130497736575282
140,32,harmlessness,0.0474851566752154,0.13009984680749534
140,32,fairness,0.0,0.0
140,32,compassion,0.0,0.0
140,40,honesty,0.0,0.0
140,40,harmlessness,0.0,0.0
140,40,fairness,0.0,0.0
140,40,compassion,0.03599989882572801,0.10074600453637256
140,47,honesty,0.04108868822770478,0.11390560121194092
140,47,harmlessness,0.0,0.0
140,47,fairness,0.011047958745576061,0.03242736387998056
140,47,compassion,0.032947962493616,0.09273315073611152
141,32,honesty,0.0,0.0
141,32,harmlessness,0.0,0.0
141,32,fairness,0.0,0.0
141,32,compassion,0.0,0.0
141,40,honesty,0.030891035103795414,0.08728072163929793
141,40,harmlessness,0.0,0.0
141,40,fairness,0.0,0.0
141,40,compassion,0.0,0.0
141,47,honesty,0.0003365114152967426,0.0010088552632652858
141,47,harmlessness,0.0,0.0
141,47,fairness,0.0434388639583109,0.1198999561107298
141,47,compassion,0.0,0.0
142,32,honesty,0.0016677062069332894,0.004986486631387957
142,32,harmlessness,0.0,0.0
142,32,fairness,0.0,0.0
142,32,compassion,0.05016069933493652,0.1367619480878226
142,40,honesty,0.06173000540757613,0.1648389924340605
142,40,harmlessness,0.0026572873384918816,0.007929718932043806
142,40,fairness,0.02644347679613331,0.07534562957375276
142,40,compassion,0.0,0.0
142,47,honesty,0.0,0.0
142,47,harmlessness,0.0,0.0
142,47,fairness,0.06936933942467428,0.18275309527933836
142,47,compassion,0.039412705832063986,0.10959893622991816
143,32,honesty,0.008490444023488612,0.0250460282684184
143,32,harmlessness,0.0,0.0
143,32,fairness,0.0,0.0
143,32,compassion,0.0,0.0
143,40,honesty,0.009331374854083871,0.027481248892502967
143,40,harmlessness,0.0074699641953222705,0.02208001868790541
143,40,fairness,0.034709634852429984,0.09736957945972642
143,40,compassion,0.026567014180507765,0.07567986637518628
143,47,honesty,0.03234450226158638,0.09113788756390527
143,47,harmlessness,0.0395220663096829,0.10988076886274406
143,47,fairness,0.0,0.0
143,47,compassion,0.0,0.0
144,32,honesty,0.05724648632045202,0.154096493362719
144,32,harmlessness,0.0,0.0
144,32,fairness,0.0,0.0
144,32,compassion,0.02890977677329559,0.08198877590143433
144,40,honesty,0.0,0.0
144,40,harmlessness,0.0,0.0
144,40,fairness,0.0,0.0
144,40,compassion,0.0,0.0
144,47,honesty,0.027415422937661933,0.07797105017794191
144,47,harmlessness,0.0,0.0
144,47,fairness,0.0,0.0
144,47,compassion,0.01548074155723801,0.045047487643684526
145,32,honesty,0.0,0.0
145,32,harmlessness,0.0,0.0
145,32,fairness,0.0,0.0
145,32,compassion,0.018155172925437557,0.05255715046595729
145,40,honesty,0.01178132029489549,0.03453033501136852
145,40,harmlessness,0.003528672332661011,0.010511831380864525
145,40,fairness,0.0,0.0
145,40,compassion,0.0,0.0
145,47,honesty,0.0,0.0
145,47,harmlessness,0.01177319883323466,0.03450707909307024
145,47,fairness,0.003932634071543951,0.011705832701595675
145,47,compassion,0.0,0.0
146,32,honesty,0.005043087503036874,0.014978189864859449
146,32,harmlessness,0.012091729711822593,0.035418643800283096
146,32,fairness,0.0,0.0
146,32,compassion,0.0,0.0
146,40,honesty,0.0,0.0
146,40,harmlessness,0.014600614237526028,0.04255906571106454
146,40,fairness,0.0,0.0
146,40,compassion,0.005060836780820626,0.015030377765214228
146,47,honesty,0.040172630336844116,0.11155497728141009
146,47,harmlessness,0.03294007756453037,0.09271233001014602
146,47,fairness,0.0,0.0
146,47,compassion,0.03497857018134547,0.09807468597150125
147,32,honesty,0.019464030810816026,0.05620417292541468
147,32,harmlessness,0.016547156050552736,0.048051245244683884
147,32,fairness,0.06795469614961797,0.17947213909042967
147,32,compassion,0.0901189132838033,0.22906971270160628
147,40,honesty,0.0,0.0
147,40,harmlessness,0.0,0.0
147,40,fairness,0.0,0.0
147,40,compassion,0.04721695964616819,0.1294284437292444
147,47,honesty,0.0,0.0
147,47,harmlessness,0.0,0.0
147,47,fairness,0.00927882988059203,0.027329321393845064
147,47,compassion,0.019709381953096575,0.05688577877609491
148,32,honesty,0.0,0.0
148,32,harmlessness,0.0,0.0
148,32,fairness,0.0,0.0
148,32,compassion,0.019451569025097502,0.056169535867234124
148,40,honesty,0.05453079324860062,0.14750522580308909
148,40,harmlessness,0.024944282181708674,0.07127694222529196
148,40,fairness,0.0,0.0
148,40,compassion,0.0,0.0
148,47,honesty,0.0,0.0
148,47,harmlessness,0.0,0.0
148,47,fairness,0.014853598892791081,0.04327521141369376
148,47,compassion,0.025962278594274114,0.07404222598528216
149,32,honesty,0.00477072390312986,0.014176903524357546
149,32,harmlessness,0.0,0.0
149,32,fairness,0.0,0.0
149,32,compassion,0.023391548219513236,0.06703838158761029
149,40,honesty,0.0,0.0
149,40,harmlessness,0.0,0.0
149,40,fairness,0.0,0.0
149,40,compassion,0.02012576284287733,0.058041047802193865
149,47,honesty,0.015065087442036558,0.04387335059978781
149,47,harmlessness,0.006359175013294804,0.0188379375562648
149,47,fairness,0.0022095508978339927,0.006599488880340375
149,47,compassion,0.0,0.0
150,32,honesty,0.0,0.0
150,32,harmlessness,0.01701418628646343,0.04936282234923918
150,32,fairness,0.010888216444557444,0.0319684896639392
150,32,compassion,0.043012335206403206,0.11881590642886745
150,40,honesty,0.0,0.0
150,40,harmlessness,0.0,0.0
150,40,fairness,0.04633759878834896,0.1272224323141454
150,40,compassion,0.0186882014724047,0.054044611250133524
150,47,honesty,0.05045322231478027,0.13748640284803781
150,47,harmlessness,0.0,0.0
150,47,fairness,0.0,0.0
150,47,compassion,0.0,0.0
151,32,honesty,0.0,0.0
151,32,harmlessness,0.00754888492705692,0.022309826160317008
151,32,fairness,0.026735624054715326,0.07613579611981434
151,32,compassion,0.0014143002693659066,0.0042309331882022325
151,40,honesty,0.0,0.0
151,40,harmlessness,0.06339254243924865,0.16877897113649942
151,40,fairness,0.032072220269055665,0.09041691817561216
151,40,compassion,0.03899228577256514,0.10851440772480307
151,47,honesty,0.0,0.0
151,47,harmlessness,0.0,0.0
151,47,fairness,0.03379875375732746,0.09497611277496404
151,47,compassion,0.005801832971675131,0.017205848002531953
152,32,honesty,0.0,0.0
152,32,harmlessness,0.0,0.0
152,32,fairness,0.04310151994830177,0.11904271586020779
152,32,compassion,0.03971154352064441,0.11036879977107274
152,40,honesty,0.0,0.0
152,40,harmlessness,0.0,0.0
152,40,fairness,0.04103139914316049,0.11375882954707209
152,40,compassion,0.02112389130016541,0.060802886759220166
152,47,honesty,0.0,0.0
152,47,harmlessness,0.0,0.0
152,47,fairness,0.07194903094905829,0.18869434264886417
152,47,compassion,0.0,0.0
153,32,honesty,0.026682585196428042,0.07599240779855104
153,32,harmlessness,0.006336185187839637,0.01877068647233572
153,32,fairness,0.0,0.0
153,32,compassion,0.0,0.0
153,40,honesty,0.020079832706829472,0.057913703177994214
153,40,harmlessness,0.011798592185199052,0.03457979085529495
153,40,fairness,0.0,0.0
153,40,compassion,0.018726865263608332,0.05415238688502759
153,47,honesty,0.0012577565363165461,0.003763801716528911
153,47,harmlessness,0.0,0.0
153,47,fairness,0.0,0.0
153,47,compassion,0.0174460473211178,0.05057352571762257
154,32,honesty,0.020444576512964795,0.05892436227296
154,32,harmlessness,0.010959419920823717,0.03217306353561877
154,32,fairness,0.009924164358861738,0.029193059632718905
154,32,compassion,0.0,0.0
154,40,honesty,0.0,0.0
154,40,harmlessness,0.0,0.0
154,40,fairness,0.00020994433262244523,0.0006295686491275735
154,40,compassion,0.0,0.0
154,47,honesty,0.05481184388018492,0.14819035809558675
154,47,harmlessness,0.0,0.0
154,47,fairness,0.026674589937151803,0.07597079044672031
154,47,compassion,0.0,0.0
155,32,honesty,0.0007966611094039712,0.002386181372413142
155,32,harmlessness,0.03572000183724888,0.10001493797528745
155,32,fairness,0.0,0.0
155,32,compassion,0.0004926306958914152,0.001476437410895906
155,40,honesty,0.01427090661904801,0.0416246761250856
155,40,harmlessness,0.02548632179365255,0.07275067134000633
155,40,fairness,0.03902081080784894,0.10858804528168525
155,40,compassion,0.038909563004205276,0.10830081429795017
155,47,honesty,0.0,0.0
155,47,harmlessness,0.0,0.0
155,47,fairness,0.0,0.0
155,47,compassion,0.0,0.0
156,32,honesty,0.009350686884228411,0.02753707943763042
156,32,harmlessness,0.014036774655780298,0.04096041960766296
156,32,fairness,0.010791803221559294,0.03169139506594122
156,32,compassion,0.0,0.0
156,40,honesty,0.0,0.0
156,40,harmlessness,0.0,0.0
156,40,fairness,0.0,0.0
156,40,compassion,0.0,0.0
156,47,honesty,0.0,0.0
156,47,harmlessness,0.0,0.0
156,47,fairness,0.009445535788289102,0.02781122355014922
156,47,compassion,0.0,0.0
157,32,honesty,0.0,0.0
157,32,harmlessness,0.04358104526338043,0.12026094078279766
157,32,fairness,0.00015710434845505082,0.0004711650012240882
157,32,compassion,0.0,0.0
157,40,honesty,0.0,0.0
157,40,harmlessness,0.0,0.0
157,40,fairness,0.0,0.0
157,40,compassion,0.019309514268683325,0.05577458260862767
157,47,honesty,0.07268544310995917,0.19038054131926777
157,47,harmlessness,0.0,0.0
157,47,fairness,0.0,0.0
157,47,compassion,0.0,0.0
158,32,honesty,0.021851278458528463,0.06280892476609594
158,32,harmlessness,0.0,0.0
158,32,fairness,0.0,0.0
158,32,compassion,0.0,0.0
158,40,honesty,0.0,0.0
158,40,harmlessness,0.016296426876026057,0.047346134975109505
158,40,fairness,0.03391197554700016,0.09527406323558357
158,40,compassion,0.0,0.0
158,47,honesty,0.02411549250345489,0.0690176865072232
158,47,harmlessness,0.0,0.0
158,47,fairness,0.0,0.0
158,47,compassion,0.0,0.0
159,32,honesty,0.050622119637972716,0.13790433901726326
159,32,harmlessness,0.0,0.0
159,32,fairness,0.0,0.0
159,32,compassion,0.019300699520069742,0.055750067941099934
159,40,honesty,0.0,0.0
159,40,harmlessness,0.026939910341957606,0.0766878058006888
159,40,fairness,0.018728997049797403,0.054158328789163795
159,40,compassion,0.0,0.0
159,47,honesty,0.0,0.0
159,47,harmlessness,0.0,0.0
159,47,fairness,0.0,0.0
159,47,compassion,0.0,0.0
160,32,honesty,0.04584596474052302,0.12598599523122792
160,32,harmlessness,0.0,0.0
160,32,fairness,0.03218340452655519,0.09071140959906412
160,32,compassion,0.021958588927801802,0.0631043996409047
160,40,honesty,0.0,0.0
160,40,harmlessness,0.007446821067961227,0.022012615190756785
160,40,fairness,0.022754983990533363,0.06529344918960764
160,40,compassion,0.0,0.0
160,47,honesty,0.0,0.0
160,47,harmlessness,0.0,0.0
160,47,fairness,0.004377691136877506,0.013019086332932672
160,47,compassion,0.07030048458166913,0.18490380023060066
161,32,honesty,0.026192210012387213,0.0746653300277021
161,32,harmlessness,0.0,0.0
161,32,fairness,0.04933636442445682,0.1347162711760767
161,32,compassion,0.003625296733676817,0.010797601184419607
161,40,honesty,0.0,0.0
161,40,harmlessness,0.0,0.0
161,40,fairness,0.0448403109631686,0.12344987162541232
161,40,compassion,0.04501034442251007,0.12387933059381499
161,47,honesty,0.0,0.0
161,47,harmlessness,0.0,0.0
161,47,fairness,0.01204813471707076,0.03529395158443811
161,47,compassion,0.02113729297352348,0.060839897446940246
162,32,honesty,0.0,0.0
162,32,harmlessness,0.03783961805171573,0.10553225380305828
162,32,fairness,0.026278824668782157,0.07489991076114723
162,32,compassion,0.01618660066598964,0.04703706172856534
162,40,honesty,0.03398268874518774,0.09546008548997366
162,40,harmlessness,0.0020292158280190878,0.006063041046342926
162,40,fairness,0.006459591017587725,0.0191316083222227
162,40,compassion,0.000402693770184723,0.0012071091199091278
162,47,honesty,0.0,0.0
162,47,harmlessness,0.0,0.0
162,47,fairness,0.007979710526399309,0.02356307848830296
162,47,compassion,0.04484133736102688,0.12345246483559423
163,32,honesty,0.0,0.0
163,32,harmlessness,0.0,0.0
163,32,fairness,0.009126615014561586,0.026889033332996807
163,32,compassion,0.007649236994998497,0.022601935857161134
163,40,honesty,0.021554215604751244,0.061990340485769305
163,40,harmlessness,0.03103085946012267,0.08765270108314556
163,40,fairness,0.010355783346733446,0.030436953057014066
163,40,compassion,0.02960992490293946,0.0838633969379426
163,47,honesty,0.0,0.0
163,47,harmlessness,0.033018152716712726,0.09291846595211871
163,47,fairness,0.007455289596808564,0.022037280179103242
163,47,compassion,0.0,0.0
164,32,honesty,0.019409144223002214,0.056051605287110014
164,32,harmlessness,0.0,0.0
164,32,fairness,0.0,0.0
164,32,compassion,0.009006267198932367,0.02654073568237371
164,40,honesty,0.0,0.0
164,40,harmlessness,0.0,0.0
164,40,fairness,0.009021716771683752,0.026585457381566924
164,40,compassion,0.0,0.0
164,47,honesty,0.0,0.0
164,47,harmlessness,0.0,0.0
164,47,fairness,0.00019090335447592363,0.0005724914823389961
164,47,compassion,0.0351435873878533,0.09850698452558247
165,32,honesty,0.0,0.0
165,32,harmlessness,0.00682264365442204,0.020192399865644337
165,32,fairness,0.059655871051752976,0.15989076717709377
165,32,compassion,0.03711126478754775,0.1036412766418899
165,40,honesty,0.0,0.0
165,40,harmlessness,0.0,0.0
165,40,fairness,0.0,0.0
165,40,compassion,0.11302986935075518,0.2765685858108244
165,47,honesty,0.010117955786236562,0.029751812315570975
165,47,harmlessness,0.008599453616081198,0.02536215942115189
165,47,fairness,0.0,0.0
165,47,compassion,0.023162457524310728,0.06641089356999894
166,32,honesty,0.011660309172075164,0.03418374152651066
166,32,harmlessness,0.0,0.0
166,32,fairness,0.0,0.0
166,32,compassion,0.012934013750953504,0.0378236188404735
166,40,honesty,0.0,0.0
166,40,harmlessness,0.0,0.0
166,40,fairness,0.0,0.0
166,40,compassion,0.01770854594989951,0.051308442042638874
166,47,honesty,0.0,0.0
166,47,harmlessness,0.03903343582385889,0.10862063435137424
166,47,fairness,0.0,0.0
166,47,compassion,0.0,0.0
167,32,honesty,0.040541747800579134,0.11250309887869042
167,32,harmlessness,0.009167215002184065,0.027006496290648076
167,32,fairness,0.0,0.0
167,32,compassion,0.023238025924102054,0.06661793898597355
167,40,honesty,0.0225526133849967,0.06473782583988572
167,40,harmlessness,0.00819305319910015,0.024182896088969966
167,40,fairness,0.025330638492624954,0.07232770174601352
167,40,compassion,0.0,0.0
167,47,honesty,0.0,0.0
167,47,harmlessness,0.0,0.0
167,47,fairness,0.0,0.0
167,47,compassion,0.01822500088632931,0.05275218540737742
168,32,honesty,0.0,0.0
168,32,harmlessness,0.02905374398859872,0.08237464809215538
168,32,fairness,0.03303017531146421,0.09295020293784616
168,32,compassion,0.003270387976207696,0.009747408314719794
168,40,honesty,0.0,0.0
168,40,harmlessness,0.0,0.0
168,40,fairness,0.0,0.0
168,40,compassion,0.0,0.0
168,47,honesty,0.0,0.0
168,47,harmlessness,0.037560644969923694,0.10480857924046467
168,47,fairness,0.0,0.0
168,47,compassion,0.010162304557497332,0.029879622034144227
169,32,honesty,0.012733238352762207,0.03725106176167682
169,32,harmlessness,0.01593161985246916,0.046318986584961044
169,32,fairness,0.0,0.0
169,32,compassion,0.0,0.0
169,40,honesty,0.0,0.0
169,40,harmlessness,0.004739437582247269,0.014084804641825648
169,40,fairness,0.05090624364124748,0.13860682528694807
169,40,compassion,0.022931018597380556,0.06577641538329494
169,47,honesty,0.025711534711999395,0.07336209978563132
169,47,harmlessness,0.042169893054246864,0.11666977527105388
169,47,fairness,0.04832156840331314,0.13218949751700437
169,47,compassion,0.0,0.0
170,32,honesty,0.007580528508075372,0.022401948308645878
170,32,harmlessness,0.008905605880275424,0.026249286048453984
170,32,fairness,0.0,0.0
170,32,compassion,0.0021274869004086526,0.006355418561752474
170,40,honesty,0.03887575827920199,0.10821351029969613
170,40,harmlessness,0.0,0.0
170,40,fairness,0.0,0.0
170,40,compassion,0.0,0.0
170,47,honesty,0.0,0.0
170,47,harmlessness,0.0,0.0
170,47,fairness,0.0,0.0
170,47,compassion,0.0,0.0
171,32,honesty,0.0,0.0
171,32,harmlessness,0.03290717088547951,0.09262543089108999
171,32,fairness,0.0,0.0
171,32,compassion,0.0,0.0
171,40,honesty,0.02326593863611794,0.06669440026067855
171,40,harmlessness,0.0,0.0
171,40,fairness,0.005830456561477077,0.017289755349384917
171,40,compassion,0.0,0.0
171,47,honesty,0.05468751312454367,0.1478873559362009
171,47,harmlessness,0.07114070156200555,0.1868384656375664
171,47,fairness,0.0,0.0
171,47,compassion,0.07332749602789077,0.19184714635853672
172,32,honesty,0.03705359950919832,0.10349134483893455
172,32,harmlessness,0.0,0.0
172,32,fairness,0.0064410672539577125,0.019077443567766007
172,32,compassion,0.011046062760443202,0.03242191917332449
172,40,honesty,0.002433615511535701,0.007265483746717458
172,40,harmlessness,0.0002455917828879612,0.0007364136343890583
172,40,fairness,0.021548956470269137,0.061975840051836636
172,40,compassion,0.0008029053257110138,0.002404854236584816
172,47,honesty,0.0,0.0
172,47,harmlessness,0.006720594766902592,0.019894380166235823
172,47,fairness,0.002478281920463738,0.007398176228607687
172,47,compassion,0.0,0.0
173,32,honesty,0.0,0.0
173,32,harmlessness,0.0,0.0
173,32,fairness,0.004441699187547295,0.013207767700512523
173,32,compassion,0.005266792349177751,0.015635677316206832
173,40,honesty,0.0,0.0
173,40,harmlessness,0.0,0.0
173,40,fairness,0.01569638849842502,0.04565590000774155
173,40,compassion,0.0,0.0
173,47,honesty,0.009674531368232459,0.028472674538771735
173,47,harmlessness,0.0,0.0
173,47,fairness,0.020045734430000194,0.057819148690753504
173,47,compassion,0.0,0.0
174,32,honesty,0.020948032920470764,0.060317051596398136
174,32,harmlessness,0.0172503610143604,0.05002517827304565
174,32,fairness,0.014821356511881384,0.04318397923204453
174,32,compassion,0.051675645057476516,0.14050550949759436
174,40,honesty,0.022745857550114146,0.06526840114060654
174,40,harmlessness,0.0,0.0
174,40,fairness,0.010175543835185053,0.029917772298604095
174,40,compassion,0.03368932204838292,0.09468801601391812
174,47,honesty,0.0,0.0
174,47,harmlessness,0.0,0.0
174,47,fairness,0.006758908941449867,0.02000628550044134
174,47,compassion,0.0,0.0
175,32,honesty,0.04959522126270635,0.1353593135747077
175,32,harmlessness,0.010057868460531536,0.02957860984741328
175,32,fairness,0.0,0.0
175,32,compassion,0.020492538115553707,0.05905715245144646
175,40,honesty,0.0,0.0
175,40,harmlessness,0.0,0.0
175,40,fairness,0.0,0.0
175,40,compassion,0.0,0.0
175,47,honesty,0.02658334619923247,0.07572404176216013
175,47,harmlessness,0.0,0.0
175,47,fairness,0.002206221626153104,0.006589588692298507
175,47,compassion,0.03606398797222543,0.10091329239064827
176,32,honesty,0.0,0.0
176,32,harmlessness,0.0005161831225178172,0.0015469523461685887
176,32,fairness,0.05145721776825742,0.1399670258460965
176,32,compassion,0.030409731672245397,0.08599879448771991
176,40,honesty,0.0,0.0
176,40,harmlessness,0.02320920822048069,0.06653899010900143
176,40,fairness,0.0,0.0
176,40,compassion,0.03279903909800664,0.09233980363459335
176,47,honesty,0.060198951989561426,0.1611899266566724
176,47,harmlessness,0.0,0.0
176,47,fairness,0.00248242862129989,0.00741049381998627
176,47,compassion,0.0,0.0
177,32,honesty,0.0,0.0
177,32,harmlessness,0.0,0.0
177,32,fairness,0.03241054284982716,0.09131264383780885
177,32,compassion,0.04500678406989111,0.12387034084364577
177,40,honesty,0.05305209665554831,0.14388905758526635
177,40,harmlessness,0.0,0.0
177,40,fairness,0.0,0.0
177,40,compassion,0.0,0.0
177,47,honesty,0.014407151029802813,0.04201093725357673
177,47,harmlessness,0.0,0.0
177,47,fairness,0.024894806271547807,0.07114227262519945
177,47,compassion,0.0129827884162099,0.03796264331682493
178,32,honesty,0.0030567242436467332,0.009114451998159542
178,32,harmlessness,0.0,0.0
178,32,fairness,0.0,0.0
178,32,compassion,0.0,0.0
178,40,honesty,0.02936851201405633,0.08321758287715224
178,40,harmlessness,0.02318686464287804,0.06647777173851206
178,40,fairness,0.028341787243934838,0.08046435449989156
178,40,compassion,0.007212001994082928,0.021328365552459056
178,47,honesty,0.008536276039224544,0.025178959028380476
178,47,harmlessness,0.0,0.0
178,47,fairness,0.08230664947033883,0.21201882945662115
178,47,compassion,0.005092460786454028,0.015123352203252487
179,32,honesty,0.0719712540464699,0.18874529149140398
179,32,harmlessness,0.010811850523369927,0.03174902024774564
179,32,fairness,0.04330696656870182,0.11956491237967294
179,32,compassion,0.012068696908179306,0.035352767063429914
179,40,honesty,0.021398330751531715,0.06156041213448646
179,40,harmlessness,0.0,0.0
179,40,fairness,0.009981207566356743,0.029357574607466384
179,40,compassion,0.0,0.0
179,47,honesty,0.020670702824733093,0.059550218725359746
179,47,harmlessness,0.013724369007145671,0.04007314963567975
179,47,fairness,0.021048065661233368,0.06059344727013552
179,47,compassion,0.0,0.0
180,32,honesty,0.07526219665409745,0.1962466778414581
180,32,harmlessness,0.024995772792669187,0.07141706873097194
180,32,fairness,0.0,0.0
180,32,compassion,0.044284320566307066,0.12204371564543028
180,40,honesty,0.0,0.0
180,40,harmlessness,0.0148819058937425,0.04335529872984228
180,40,fairness,0.0,0.0
180,40,compassion,0.006966163732884823,0.020611327435321368
180,47,honesty,0.061827144784167114,0.16506984049672108
180,47,harmlessness,0.015069551680891807,0.043885971219945225
180,47,fairness,0.0,0.0
180,47,compassion,0.0,0.0
181,32,honesty,0.0,0.0
181,32,harmlessness,0.0,0.0
181,32,fairness,0.07938123892285079,0.20551555760702078
181,32,compassion,0.0564846650466687,0.15225396653634213
181,40,honesty,0.0,0.0
181,40,harmlessness,0.0,0.0
181,40,fairness,0.024735656672809525,0.07070890749920881
181,40,compassion,0.0,0.0
181,47,honesty,0.026575079679561343,0.07570168254752914
181,47,harmlessness,0.04987174372362318,0.13604557142516965
181,47,fairness,0.0,0.0
181,47,compassion,0.0,0.0
182,32,honesty,0.0,0.0
182,32,harmlessness,0.0,0.0
182,32,fairness,0.0,0.0
182,32,compassion,0.0,0.0
182,40,honesty,0.0,0.0
182,40,harmlessness,0.0,0.0
182,40,fairness,0.04687110739440689,0.12856166680040884
182,40,compassion,0.01595746088167267,0.04639179222567424
182,47,honesty,0.0,0.0
182,47,harmlessness,0.0,0.0
182,47,fairness,0.0,0.0
182,47,compassion,0.0,0.0
183,32,honesty,0.0,0.0
183,32,harmlessness,0.0,0.0
183,32,fairness,0.0,0.0
183,32,compassion,0.0053154806158381305,0.015778699109000323
183,40,honesty,0.04177088668031987,0.11565097269143426
183,40,harmlessness,0.017691905920952426,0.0512618771472173
183,40,fairness,0.0,0.0
183,40,compassion,0.03383310320973821,0.09506651893535391
183,47,honesty,0.001283853625802759,0.003841696525381587
183,47,harmlessness,0.046740515224636736,0.12823409073342407
183,47,fairness,0.0062550020179549266,0.01853315619506635
183,47,compassion,0.028428637340234403,0.08069766283861615
184,32,honesty,0.04971437743793769,0.13565511330531937
184,32,harmlessness,0.0,0.0
184,32,fairness,0.0,0.0
184,32,compassion,0.014293626778689984,0.04168910336752276
184,40,honesty,0.0,0.0
184,40,harmlessness,0.007144462390192616,0.021131441591180366
184,40,fairness,0.006743143487545306,0.019960240925423707
184,40,compassion,0.043453635308540225,0.11993746794205326
184,47,honesty,0.0,0.0
184,47,harmlessness,0.01637991931918175,0.047581011692256835
184,47,fairness,0.03861323548054877,0.10753514656792136
184,47,compassion,0.0,0.0
185,32,honesty,0.0,0.0
185,32,harmlessness,0.0,0.0
185,32,fairness,0.006687879334059144,0.019798813846254926
185,32,compassion,0.0,0.0
185,40,honesty,0.009950230080804959,0.02926823882174231
185,40,harmlessness,0.022133374089273267,0.06358540323498536
185,40,fairness,0.01591353157500231,0.0462680195451188
185,40,compassion,0.0,0.0
185,47,honesty,0.0,0.0
185,47,harmlessness,0.0,0.0
185,47,fairness,0.0012411417974389708,0.0037142056804882343
185,47,compassion,0.0,0.0
186,32,honesty,0.0,0.0
186,32,harmlessness,0.0,0.0
186,32,fairness,0.0,0.0
186,32,compassion,0.025311037890385947,0.07227443190238317
186,40,honesty,0.0,0.0
186,40,harmlessness,0.0,0.0
186,40,fairness,0.02361852223260227,0.06765953044947032
186,40,compassion,0.0,0.0
186,47,honesty,0.002120730153262427,0.006335319453794857
186,47,harmlessness,0.0,0.0
186,47,fairness,0.0015666590434460805,0.004685296605741018
186,47,compassion,0.0,0.0
187,32,honesty,0.0,0.0
187,32,harmlessness,0.06706970570462827,0.17741127333179152
187,32,fairness,0.015203379607934326,0.04426420771784526
187,32,compassion,0.039261073201302156,0.10920797500243344
187,40,honesty,0.023681930349526866,0.06783296017218096
187,40,harmlessness,0.026857672559700483,0.07646563946543966
187,40,fairness,0.0,0.0
187,40,compassion,0.0,0.0
187,47,honesty,0.0,0.0
187,47,harmlessness,0.006331777246294253,0.018757791425011515
187,47,fairness,0.0,0.0
187,47,compassion,0.04068154705825784,0.11286185171178345
188,32,honesty,0.0,0.0
188,32,harmlessness,0.0,0.0
188,32,fairness,0.0,0.0
188,32,compassion,0.006164301413630836,0.01826768915670758
188,40,honesty,0.0016995020045761065,0.005081234876013307
188,40,harmlessness,0.0351908927459336,0.09863086206132284
188,40,fairness,0.01318147527724441,0.038528695731241555
188,40,compassion,0.012099054367529276,0.035439592001802106
188,47,honesty,0.019346509923847913,0.055877462024394954
188,47,harmlessness,0.04017582932881847,0.11156319983459248
188,47,fairness,0.0,0.0
188,47,compassion,0.028452737593386433,0.0807623905676854
189,32,honesty,0.0,0.0
189,32,harmlessness,0.0418449065908378,0.11584008472308865
189,32,fairness,0.0,0.0
189,32,compassion,0.0,0.0
189,40,honesty,0.0,0.0
189,40,harmlessness,0.01656577067044164,0.04810356670247783
189,40,fairness,0.002904182550416838,0.00866223423224072
189,40,compassion,0.001105763454132024,0.0033099702740694128
189,47,honesty,0.03324440628906028,0.09351548529242106
189,47,harmlessness,0.0061993917594358305,0.018370404608413687
189,47,fairness,0.006826543598481189,0.020203786733462768
189,47,compassion,0.0,0.0
190,32,honesty,0.0,0.0
190,32,harmlessness,0.06074367209981433,0.16249047948864342
190,32,fairness,0.0,0.0
190,32,compassion,0.0,0.0
190,40,honesty,0.0,0.0
190,40,harmlessness,0.0,0.0
190,40,fairness,0.031031758419413226,0.08765509198106404
190,40,compassion,0.0,0.0
190,47,honesty,0.0,0.0
190,47,harmlessness,0.002829045938258361,0.008439386987816537
190,47,fairness,0.055421055273120044,0.14967308516743452
190,47,compassion,0.0,0.0
191,32,honesty,0.0,0.0
191,32,harmlessness,0.0,0.0
191,32,fairness,0.011454171134316895,0.03359295450337278
191,32,compassion,0.0,0.0
191,40,honesty,0.0,0.0
191,40,harmlessness,0.0,0.0
191,40,fairness,0.0,0.0
191,40,compassion,0.0,0.0
191,47,honesty,0.020413896562864235,0.058839406569531245
191,47,harmlessness,0.0,0.0
191,47,fairness,0.07024233387491353,0.18476969273116522
191,47,compassion,0.021186786178852685,0.060976563702390574
192,32,honesty,0.0,0.0
192,32,harmlessness,0.0,0.0
192,32,fairness,0.0,0.0
192,32,compassion,0.0,0.0
192,40,honesty,0.0,0.0
192,40,harmlessness,0.0,0.0
192,40,fairness,0.0,0.0
192,40,compassion,0.0,0.0
192,47,honesty,0.0,0.0
192,47,harmlessness,0.04517397192628987,0.12429235689666493
192,47,fairness,0.0,0.0
192,47,compassion,0.014441612434088634,0.04210860499530136
193,32,honesty,0.04352120757531132,0.12010904165854726
193,32,harmlessness,0.004338252353261565,0.012902805804494643
193,32,fairness,0.0,0.0
193,32,compassion,0.0,0.0
193,40,honesty,0.0,0.0
193,40,harmlessness,0.007447806850290956,0.022015486370467956
193,40,fairness,0.0,0.0
193,40,compassion,0.0,0.0
193,47,honesty,0.028431552492057182,0.08070549257886488
193,47,harmlessness,0.03966971768116647,0.11026109965448282
193,47,fairness,0.00479224737807573,0.014240256470756966
193,47,compassion,0.028851466663961114,0.08183242880829628
194,32,honesty,0.027048306689968448,0.07698053389026267
194,32,harmlessness,0.01094177029459514,0.03212235991672714
194,32,fairness,0.0,0.0
194,32,compassion,0.0,0.0
194,40,honesty,0.027035006867135992,0.07694462373905868
194,40,harmlessness,0.009028189472918396,0.02660419302789532
194,40,fairness,0.0,0.0
194,40,compassion,0.0,0.0
194,47,honesty,0.018297145101828515,0.052953634632408764
194,47,harmlessness,0.04207954967694137,0.11643922843617464
194,47,fairness,0.0,0.0
194,47,compassion,0.03878427871943248,0.1079772004807208
195,32,honesty,0.024545530510694434,0.07019084831434094
195,32,harmlessness,0.0,0.0
195,32,fairness,0.01969764842707326,0.056853196719353655
195,32,compassion,0.029745336101678826,0.08422538361707126
195,40,honesty,0.0,0.0
195,40,harmlessness,0.0,0.0
195,40,fairness,0.0,0.0
195,40,compassion,0.035558196277200624,0.09959196738386575
195,47,honesty,0.06174669463651484,0.16487865943688945
195,47,harmlessness,0.034154417325826705,0.09591163964387751
195,47,fairness,0.0,0.0
195,47,compassion,0.0,0.0
196,32,honesty,0.036629534896284746,0.1023877717707921
196,32,harmlessness,0.0,0.0
196,32,fairness,0.0,0.0
196,32,compassion,0.03828891562825841,0.10669618447438184
196,40,honesty,0.0,0.0
196,40,harmlessness,0.0,0.0
196,40,fairness,0.0,0.0
196,40,compassion,0.036494370483326974,0.10203565729063266
196,47,honesty,0.04420337703633645,0.12183876166956878
196,47,harmlessness,0.0,0.0
196,47,fairness,0.0,0.0
196,47,compassion,0.02099436619460525,0.06044508604176525
197,32,honesty,0.0379430033144092,0.10580025136668474
197,32,harmlessness,0.0,0.0
197,32,fairness,0.0,0.0
197,32,compassion,0.04297250622326185,0.11871459161578309
197,40,honesty,0.03119291466236634,0.08808357698688336
197,40,harmlessness,0.0,0.0
197,40,fairness,0.0,0.0
197,40,compassion,0.009652180407629362,0.02840814023372578
197,47,honesty,0.0,0.0
197,47,harmlessness,0.0,0.0
197,47,fairness,0.0,0.0
197,47,compassion,0.0,0.0
198,32,honesty,0.0,0.0
198,32,harmlessness,0.0,0.0
198,32,fairness,0.02522963651089998,0.07205315948610716
198,32,compassion,0.0,0.0
198,40,honesty,0.0,0.0
198,40,harmlessness,0.0,0.0
198,40,fairness,0.0,0.0
198,40,compassion,0.04441340948437946,0.1223704505913363
198,47,honesty,0.08446895377945349,0.21678385113504448
198,47,harmlessness,0.008637162296990748,0.025471484204925884
198,47,fairness,0.015336109406071125,0.044639146547714594
198,47,compassion,0.05635632837228735,0.15194307721051845
199,32,honesty,0.014092949411428982,0.04111984834910773
199,32,harmlessness,0.0,0.0
199,32,fairness,0.01955640343621681,0.056460867309715425
199,32,compassion,0.07008925432798352,0.18441652898002123
199,40,honesty,0.0,0.0
199,40,harmlessness,0.05631309443324063,0.15183831280462082
199,40,fairness,0.0,0.0
199,40,compassion,0.029627934359035702,0.08391155121441596
199,47,honesty,0.012044157500629211,0.03528257472778921
199,47,harmlessness,0.04764233214613265,0.13049301345851708
199,47,fairness,0.0,0.0
199,47,compassion,0.035383345524265544,0.09913460837005576
200,32,honesty,0.0,0.0
200,32,harmlessness,0.0,0.0
200,32,fairness,0.03767631647320747,0.10510872987768531
200,32,compassion,0.010223758661172096,0.030056691268158266
200,40,honesty,0.0,0.0
200,40,harmlessness,0.0,0.0
200,40,fairness,0.043171437135199664,0.11922047308735957
200,40,compassion,0.0,0.0
200,47,honesty,0.0,0.0
200,47,harmlessness,0.0,0.0
200,47,fairness,0.0,0.0
200,47,compassion,0.0,0.0
201,32,honesty,0.0,0.0
201,32,harmlessness,0.028525937321677314,0.08095895198511954
201,32,fairness,0.0,0.0
201,32,compassion,0.010821933676083773,0.031778002164682045
201,40,honesty,0.017784660286676957,0.05152139967847915
201,40,harmlessness,0.005937853981420854,0.017604496089866323
201,40,fairness,0.0,0.0
201,40,compassion,0.009306271034753424,0.027408668115884223
201,47,honesty,0.0,0.0
201,47,harmlessness,0.0,0.0
201,47,fairness,0.004476953805797934,0.013311669954465463
201,47,compassion,0.02724695413973253,0.07751667579812552
202,32,honesty,0.0,0.0
202,32,harmlessness,0.028584847590732525,0.081117102734843
202,32,fairness,0.0,0.0
202,32,compassion,0.029218765644767573,0.08281669379912074
202,40,honesty,0.003590294217615803,0.010694092773949494
202,40,harmlessness,0.0,0.0
202,40,fairness,0.0,0.0
202,40,compassion,0.025111598111098955,0.07173217522169271
202,47,honesty,0.05714882091545927,0.15386056320165198
202,47,harmlessness,0.0,0.0
202,47,fairness,0.039889847698301874,0.11082773977422397
202,47,compassion,0.0,0.0
203,32,honesty,0.0,0.0
203,32,harmlessness,0.008390888338659098,0.024757195293406593
203,32,fairness,0.0,0.0
203,32,compassion,0.019935358042361268,0.05751299003039832
203,40,honesty,0.05619046725905523,0.15154107423658045
203,40,harmlessness,0.0,0.0
203,40,fairness,0.0,0.0
203,40,compassion,0.04011975832458553,0.11141906319730165
203,47,honesty,0.0,0.0
203,47,harmlessness,0.00879494313790712,0.025928745725141613
203,47,fairness,0.0054393981931225265,0.016142582708929022
203,47,compassion,0.0723902774802691,0.18970520725545814
204,32,honesty,0.0,0.0
204,32,harmlessness,0.0014073965579724408,0.004210338442254266
204,32,fairness,0.010107424742111858,0.029721459398150497
204,32,compassion,0.0,0.0
204,40,honesty,0.0,0.0
204,40,harmlessness,0.023885723573938183,0.06839007773772754
204,40,fairness,0.024257421521577154,0.0694050876318747
204,40,compassion,0.0,0.0
204,47,honesty,0.018644955001505228,0.05392404231942577
204,47,harmlessness,0.016052961395098302,0.0466607962631414
204,47,fairness,0.031110445126623563,0.08786433804518691
204,47,compassion,0.06687583050409199,0.17695893943288146
205,32,honesty,0.0,0.0
205,32,harmlessness,0.016917606653641115,0.04909178881474055
205,32,fairness,0.038315073236178346,0.10676388738060136
205,32,compassion,0.0,0.0
205,40,honesty,0.0,0.0
205,40,harmlessness,0.014565512719793368,0.04245964515617961
205,40,fairness,0.018943020645490246,0.05475462591806667
205,40,compassion,0.0,0.0
205,47,honesty,0.0,0.0
205,47,harmlessness,0.0,0.0
205,47,fairness,0.0,0.0
205,47,compassion,0.0,0.0
206,32,honesty,0.0,0.0
206,32,harmlessness,0.0,0.0
206,32,fairness,0.0,0.0
206,32,compassion,0.04763031556605981,0.13046296254662212
206,40,honesty,0.02397865772955312,0.06864399162779303
206,40,harmlessness,0.016649448044470636,0.04833871817967431
206,40,fairness,0.0,0.0
206,40,compassion,0.0,0.0
206,47,honesty,0.0175782842421836,0.05094384205450481
206,47,harmlessness,0.0,0.0
206,47,fairness,0.0,0.0
206,47,compassion,0.02863057154236463,0.08123982914617577
207,32,honesty,0.0,0.0
207,32,harmlessness,0.04061633477105521,0.11269452703900196
207,32,fairness,0.023049023808578303,0.06609999089783299
207,32,compassion,0.0,0.0
207,40,honesty,0.0,0.0
207,40,harmlessness,0.0,0.0
207,40,fairness,0.0,0.0
207,40,compassion,0.0,0.0
207,47,honesty,0.028349358603777075,0.08048469675072606
207,47,harmlessness,0.02391071825678835,0.06845837684810108
207,47,fairness,0.0,0.0
207,47,compassion,0.0,0.0
208,32,honesty,0.007034092119916037,0.020809524140200538
208,32,harmlessness,0.0,0.0
208,32,fairness,0.023634672206701426,0.06770370678597402
208,32,compassion,0.03808903217567496,0.10617861514943407
208,40,honesty,0.0,0.0
208,40,harmlessness,0.0076277470502771755,0.022539391595319046
208,40,fairness,0.015269247566710506,0.04445029750606348
208,40,compassion,0.0,0.0
208,47,honesty,0.004531629473871429,0.013472781117599223
208,47,harmlessness,0.0,0.0
208,47,fairness,0.0637270362098253,0.16956886609064126
208,47,compassion,0.02096487568727211,0.060363596469765746
209,32,honesty,0.02771345905158014,0.07877416780705424
209,32,harmlessness,0.0,0.0
209,32,fairness,0.0,0.0
209,32,compassion,0.02847247475192471,0.08081539563235601
209,40,honesty,0.0,0.0
209,40,harmlessness,0.008385537070586957,0.02474166688210486
209,40,fairness,0.0,0.0
209,40,compassion,0.036131623280945144,0.10108979319247695
209,47,honesty,0.0,0.0
209,47,harmlessness,0.0,0.0
209,47,fairness,0.012787406189522637,0.03740557793105151
209,47,compassion,0.0,0.0
210,32,honesty,0.0,0.0
210,32,harmlessness,0.011597737412154361,0.03400446258075699
210,32,fairness,0.0,0.0
210,32,compassion,0.0,0.0
210,40,honesty,0.006678135430845071,0.01977034816738174
210,40,harmlessness,0.002768175246233505,0.008258802115540953
210,40,fairness,0.0,0.0
210,40,compassion,0.0,0.0
210,47,honesty,0.0,0.0
210,47,harmlessness,0.0,0.0
210,47,fairness,0.010468992640913503,0.030762865497722374
210,47,compassion,0.0,0.0
211,32,honesty,0.0033349913043298944,0.009938683069761393
211,32,harmlessness,0.014344901650433211,0.0418344818945513
211,32,fairness,0.038746638817350645,0.10787994585657205
211,32,compassion,0.0,0.0
211,40,honesty,0.0018935054848710636,0.005659085435988395
211,40,harmlessness,0.05559857138934891,0.15010452038326128
211,40,fairness,0.0,0.0
211,40,compassion,0.0,0.0
211,47,honesty,0.011775650920327325,0.034514100756311325
211,47,harmlessness,0.014570479018812945,0.042473712386093494
211,47,fairness,0.0,0.0
211,47,compassion,0.05855735143025758,0.1572551626443927
212,32,honesty,0.0,0.0
212,32,harmlessness,0.02256782886787414,0.06477961602640156
212,32,fairness,0.01681117260597629,0.04879298328983694
212,32,compassion,0.04704375004580773,0.12899448181759254
212,40,honesty,0.02064884289603841,0.059489740093866414
212,40,harmlessness,0.02875170597011124,0.08156486015688569
212,40,fairness,0.0,0.0
212,40,compassion,0.000577624889930479,0.0017308750767400668
212,47,honesty,0.0,0.0
212,47,harmlessness,0.01883220340254164,0.054445936313432156
212,47,fairness,0.040587373428126905,0.11262020375376881
212,47,compassion,0.004508466924571683,0.013404532986497146
213,32,honesty,0.0,0.0
213,32,harmlessness,0.0,0.0
213,32,fairness,0.04305358660116054,0.11892082382870096
213,32,compassion,0.0,0.0
213,40,honesty,0.013092903119571958,0.038276410684988854
213,40,harmlessness,0.004212356723234784,0.01253149590762699
213,40,fairness,0.0,0.0
213,40,compassion,0.0,0.0
213,47,honesty,0.0,0.0
213,47,harmlessness,0.02719761366151297,0.07738354543930615
213,47,fairness,0.0,0.0
213,47,compassion,0.00800702406304632,0.02364246068589577
214,32,honesty,0.0,0.0
214,32,harmlessness,0.0,0.0
214,32,fairness,0.05714385757611247,0.15384857106220345
214,32,compassion,0.009730080468737393,0.02863303788092065
214,40,honesty,0.055145094257092284,0.14900184157500848
214,40,harmlessness,0.0,0.0
214,40,fairness,0.0,0.0
214,40,compassion,0.023330629408988793,0.06687157629777
214,47,honesty,0.0,0.0
214,47,harmlessness,0.009055088474733658,0.026682048799075396
214,47,fairness,0.021334719873197825,0.061384900314294194
214,47,compassion,0.0,0.0
215,32,honesty,0.0020018484036566126,0.005981596711314115
215,32,harmlessness,0.019536022942461897,0.05640423978249962
215,32,fairness,0.0342706881963324,0.09621720493041168
215,32,compassion,0.01786037636872976,0.05173318094145723
215,40,honesty,0.015507849830476109,0.04512399714837273
215,40,harmlessness,0.0,0.0
215,40,fairness,0.03121274886654938,0.08813629454436515
215,40,compassion,0.024447519659444375,0.0699236398581491
215,47,honesty,0.0,0.0
215,47,harmlessness,0.0,0.0
215,47,fairness,0.0,0.0
215,47,compassion,0.0,0.0
216,32,honesty,0.049046214244907,0.1339947703100713
216,32,harmlessness,0.024159013797931797,0.06913650198309475
216,32,fairness,0.0,0.0
216,32,compassion,0.04751905064964414,0.13018464999508694
216,40,honesty,0.0024458623221724346,0.007301868237709143
216,40,harmlessness,0.0,0.0
216,40,fairness,0.0036430212447216104,0.010850010099568487
216,40,compassion,0.0,0.0
216,47,honesty,0.0,0.0
216,47,harmlessness,0.03335683528235172,0.09381196529906588
216,47,fairness,0.0,0.0
216,47,compassion,0.0,0.0
217,32,honesty,0.0,0.0
217,32,harmlessness,0.004047938270264276,0.01204628953792235
217,32,fairness,0.008586241515431262,0.025323851142276945
217,32,compassion,0.06983296738843413,0.1838248347804829
217,40,honesty,0.006507596183110776,0.019271960279026615
217,40,harmlessness,0.0020710425557176437,0.0061874985216493796
217,40,fairness,0.0,0.0
217,40,compassion,0.0,0.0
217,47,honesty,0.0,0.0
217,47,harmlessness,0.014636317724238845,0.04266017735289775
217,47,fairness,0.0,0.0
217,47,compassion,0.028122851380023496,0.0798758791819075
218,32,honesty,0.02300854097808564,0.06598900163768945
218,32,harmlessness,0.016529121953548748,0.0480005519079964
218,32,fairness,0.0,0.0
218,32,compassion,0.010226447349319708,0.030064437278135566
218,40,honesty,0.0,0.0
218,40,harmlessness,0.0,0.0
218,40,fairness,0.017165012655248873,0.04978588719812926
218,40,compassion,0.011460531281070609,0.03361118966217707
218,47,honesty,0.0,0.0
218,47,harmlessness,0.0,0.0
218,47,fairness,0.03305884378350181,0.09302587557367803
218,47,compassion,0.027662465415990066,0.07863681964051197
219,32,honesty,0.0,0.0
219,32,harmlessness,0.0,0.0
219,32,fairness,0.02815003287179487,0.07994896654288797
219,32,compassion,0.00885654208240694,0.026107187438810592
219,40,honesty,0.0,0.0
219,40,harmlessness,0.0021372614078683343,0.006384493560214939
219,40,fairness,0.0,0.0
219,40,compassion,0.0,0.0
219,47,honesty,0.0026378250709173743,0.00787194558192632
219,47,harmlessness,0.0,0.0
219,47,fairness,0.0,0.0
219,47,compassion,0.024045669587980358,0.06882702496202024
220,32,honesty,0.0,0.0
220,32,harmlessness,0.007381692409806084,0.02182289739726354
220,32,fairness,0.004778614301221858,0.014200129024395233
220,32,compassion,0.0,0.0
220,40,honesty,0.0006703185437681899,0.0020082632790711097
220,40,harmlessness,0.0,0.0
220,40,fairness,0.0,0.0
220,40,compassion,0.05281340875843747,0.1433035304182952
220,47,honesty,0.0036285747359745633,0.010807294059546254
220,47,harmlessness,0.0,0.0
220,47,fairness,0.0,0.0
220,47,compassion,0.0,0.0
221,32,honesty,0.0,0.0
221,32,harmlessness,0.02588083196829144,0.07382137851865635
221,32,fairness,0.06044775650262852,0.1617842764145627
221,32,compassion,0.030609466783598962,0.08653106107155803
221,40,honesty,0.010439499971200106,0.030677974486072655
221,40,harmlessness,0.09383641334716261,0.23702591632496842
221,40,fairness,0.0,0.0
221,40,compassion,0.0,0.0
221,47,honesty,0.03179615464627236,0.089685176458511
221,47,harmlessness,0.010676546775486377,0.0313600071598164
221,47,fairness,0.004285932787336903,0.012748519764314929
221,47,compassion,0.018112983121185623,0.05243928557455883
222,32,honesty,0.0,0.0
222,32,harmlessness,0.011788566991037482,0.03455108540333197
222,32,fairness,0.011153077704321005,0.03272917113522466
222,32,compassion,0.0,0.0
222,40,honesty,0.02885679514573874,0.08184671751580665
222,40,harmlessness,0.0,0.0
222,40,fairness,0.006960481022364799,0.020594744411816593
222,40,compassion,0.0,0.0
222,47,honesty,0.005042288450080286,0.014975840336720673
222,47,harmlessness,0.0,0.0
222,47,fairness,0.0,0.0
222,47,compassion,0.004709723199515403,0.013997322568878715
223,32,honesty,0.012573202318511195,0.03679436106386103
223,32,harmlessness,0.026605922360092914,0.07578510200052344
223,32,fairness,0.011618749160080358,0.03406466977360021
223,32,compassion,0.012281990957036186,0.035962588497668604
223,40,honesty,0.0,0.0
223,40,harmlessness,0.0,0.0
223,40,fairness,0.02181764639900343,0.06271629528887403
223,40,compassion,0.0,0.0
223,47,honesty,0.0,0.0
223,47,harmlessness,0.0,0.0
223,47,fairness,0.011040977673089291,0.032407316111993344
223,47,compassion,0.03679454206792062,0.10281738873361627
224,32,honesty,0.008996699315258245,0.02651303827911252
224,32,harmlessness,0.0,0.0
224,32,fairness,0.04535031515771331,0.12473720257573748
224,32,compassion,0.0,0.0
224,40,honesty,0.0,0.0
224,40,harmlessness,0.007997098289263583,0.023613614082230085
224,40,fairness,0.0,0.0
224,40,compassion,0.01886740737862254,0.05454401387613504
224,47,honesty,0.004029082998261073,0.011990626535755796
224,47,harmlessness,0.02023060390505932,0.058331642986399604
224,47,fairness,0.0,0.0
224,47,compassion,0.0,0.0
225,32,honesty,0.012011675205665363,0.03518965226966895
225,32,harmlessness,0.05335300259445939,0.144626492521883
225,32,fairness,0.0,0.0
225,32,compassion,0.0,0.0
225,40,honesty,0.03644246048812559,0.10190038029884547
225,40,harmlessness,0.02948960256597609,0.08354159106165335
225,40,fairness,0.0,0.0
225,40,compassion,0.0,0.0
225,47,honesty,0.0,0.0
225,47,harmlessness,0.037047516684007735,0.1034755273967854
225,47,fairness,0.0,0.0
225,47,compassion,0.0,0.0
226,32,honesty,0.0,0.0
226,32,harmlessness,0.0,0.0
226,32,fairness,0.0,0.0
226,32,compassion,0.0,0.0
226,40,honesty,0.025545883036173694,0.0729124245686899
226,40,harmlessness,0.021273228738998992,0.06121519646364904
226,40,fairness,0.03357092538593433,0.09437618446409629
226,40,compassion,0.0,0.0
226,47,honesty,0.048968151767906344,0.13380052634258055
226,47,harmlessness,0.021014851456928794,0.06050168646296078
226,47,fairness,2.7041012975837382e-05,8.111865186647674e-05
226,47,compassion,0.003628844562189053,0.010808091915417355
227,32,honesty,0.04236949051476854,0.11717885479109975
227,32,harmlessness,0.0,0.0
227,32,fairness,0.0,0.0
227,32,compassion,0.021156667308271,0.06089339915061439
227,40,honesty,0.0,0.0
227,40,harmlessness,0.0,0.0
227,40,fairness,0.04992187836813467,0.13616991885177032
227,40,compassion,0.0,0.0
227,47,honesty,0.0,0.0
227,47,harmlessness,0.00851066075334775,0.025104667640810284
227,47,fairness,0.0,0.0
227,47,compassion,0.05867594678057182,0.15754019960595597
228,32,honesty,0.0,0.0
228,32,harmlessness,0.04756093527829003,0.1302894314057974
228,32,fairness,0.0,0.0
228,32,compassion,0.03186751262690515,0.08987439128264524
228,40,honesty,0.01116560659926565,0.032765134591750004
228,40,harmlessness,0.0069806720705285295,0.02065366331033646
228,40,fairness,0.005339083426775117,0.01584802245228108
228,40,compassion,0.0,0.0
228,47,honesty,0.014687111820785505,0.04280400115954206
228,47,harmlessness,0.0,0.0
228,47,fairness,0.038140648392789626,0.10631230471076786
228,47,compassion,0.031501188562402804,0.08890249704127696
229,32,honesty,0.031065240095373346,0.08774413504203658
229,32,harmlessness,0.03847364039902729,0.10717416094086891
229,32,fairness,0.0,0.0
229,32,compassion,0.0,0.0
229,40,honesty,0.0,0.0
229,40,harmlessness,0.0,0.0
229,40,fairness,0.01573148569176632,0.04575487282107239
229,40,compassion,0.01791922899034146,0.051897751581672695
229,47,honesty,0.0,0.0
229,47,harmlessness,0.008442625009269277,0.024907308889912685
229,47,fairness,0.027476280961910748,0.07813511797669292
229,47,compassion,0.0,0.0
230,32,honesty,0.0,0.0
230,32,harmlessness,0.022352007516895953,0.0641866228000654
230,32,fairness,0.037654543119462064,0.10505224107562937
230,32,compassion,0.0,0.0
230,40,honesty,0.0,0.0
230,40,harmlessness,0.024855081612313493,0.07103412679923181
230,40,fairness,0.017480668765925945,0.05067049791718803
230,40,compassion,0.0,0.0
230,47,honesty,0.0,0.0
230,47,harmlessness,0.0,0.0
230,47,fairness,0.03357222228456579,0.09437960096804193
230,47,compassion,0.013951349806984117,0.040717909814489986
231,32,honesty,0.1101259547733752,0.2707456236989958
231,32,harmlessness,0.01519643748754961,0.04424459210643373
231,32,fairness,0.05565822627015868,0.1502494437374654
231,32,compassion,0.0,0.0
231,40,honesty,0.0,0.0
231,40,harmlessness,0.0,0.0
231,40,fairness,0.010927367907607951,0.03208098232932387
231,40,compassion,0.0,0.0
231,47,honesty,0.0,0.0
231,47,harmlessness,0.0,0.0
231,47,fairness,0.0,0.0
231,47,compassion,0.040966633448056615,0.11359286575663696
232,32,honesty,0.015429505559877795,0.04490285885880083
232,32,harmlessness,0.0,0.0
232,32,fairness,0.0,0.0
232,32,compassion,0.0,0.0
232,40,honesty,0.0,0.0
232,40,harmlessness,0.01472253527452496,0.04290428609271817
232,40,fairness,0.01973331066363411,0.056952220279388524
232,40,compassion,0.008846704333706002,0.026078692045249822
232,47,honesty,0.007800241507576322,0.023041269587875758
232,47,harmlessness,0.0,0.0
232,47,fairness,0.0,0.0
232,47,compassion,0.013098055694220772,0.0382910894385454
233,32,honesty,0.0311642656803401,0.08800742358041569
233,32,harmlessness,0.0,0.0
233,32,fairness,0.0,0.0
233,32,compassion,0.0,0.0
233,40,honesty,0.0,0.0
233,40,harmlessness,0.0,0.0
233,40,fairness,0.022213605890713948,0.06380609095628205
233,40,compassion,0.0,0.0
233,47,honesty,0.0,0.0
233,47,harmlessness,0.0,0.0
233,47,fairness,0.04896813247586411,0.13380047833109066
233,47,compassion,0.0,0.0
234,32,honesty,0.0,0.0
234,32,harmlessness,0.02065783615299415,0.059514621845402974
234,32,fairness,0.0,0.0
234,32,compassion,0.0,0.0
234,40,honesty,0.0,0.0
234,40,harmlessness,0.0,0.0
234,40,fairness,0.009696975009958865,0.028537470748485602
234,40,compassion,0.0,0.0
234,47,honesty,0.0,0.0
234,47,harmlessness,0.0,0.0
234,47,fairness,0.022428313406965265,0.06439633773110766
234,47,compassion,0.0,0.0
235,32,honesty,0.01393287447915712,0.04066545021062525
235,32,harmlessness,0.061644074012118834,0.16463471315141673
235,32,fairness,0.019064917813734338,0.05509402723854212
235,32,compassion,0.05754116341691761,0.15480784341807297
235,40,honesty,0.0049811884549427286,0.014796160437728398
235,40,harmlessness,0.0,0.0
235,40,fairness,0.0,0.0
235,40,compassion,0.0,0.0
235,47,honesty,0.011126298945629396,0.03265229837101264
235,47,harmlessness,0.059168939998611975,0.15872378390355207
235,47,fairness,0.019327300397939798,0.05582404501880622
235,47,compassion,0.0022780693607731216,0.006803211706034623
236,32,honesty,0.004161819328676545,0.012382391434018957
236,32,harmlessness,0.005344092045546651,0.01586273233327418
236,32,fairness,0.0,0.0
236,32,compassion,0.0,0.0
236,40,honesty,0.03568539696376069,0.09992449999390639
236,40,harmlessness,0.03981692234468774,0.11064007267059207
236,40,fairness,0.003937955617816243,0.01172154897418394
236,40,compassion,0.0,0.0
236,47,honesty,0.0,0.0
236,47,harmlessness,0.015839720666980216,0.04606000672020606
236,47,fairness,0.0,0.0
236,47,compassion,0.009659285982909872,0.028428656894619316
237,32,honesty,0.0,0.0
237,32,harmlessness,0.07890084993403056,0.2044413562608048
237,32,fairness,0.0,0.0
237,32,compassion,0.011355887916321037,0.03331110930176479
237,40,honesty,0.01618951708093597,0.04704527081203065
237,40,harmlessness,0.030071485369838346,0.08509649981131426
237,40,fairness,0.009318606126577035,0.027444332529237565
237,40,compassion,0.03190329856132161,0.08996926315632796
237,47,honesty,0.0,0.0
237,47,harmlessness,0.0,0.0
237,47,fairness,0.08390586982025264,0.2155463940945188
237,47,compassion,0.0470911362810584,0.12911323130137362
238,32,honesty,0.0,0.0
238,32,harmlessness,0.023948229866870643,0.06856086680440439
238,32,fairness,0.0,0.0
238,32,compassion,0.0,0.0
238,40,honesty,0.007293395380262737,0.021565613055524815
238,40,harmlessness,0.06715463654071577,0.1776093296626733
238,40,fairness,0.0268185118921216,0.0763598220831313
238,40,compassion,0.06119762850595099,0.1635723996256215
238,47,honesty,0.023029803753862887,0.06604729861063714
238,47,harmlessness,0.0,0.0
238,47,fairness,0.0,0.0
238,47,compassion,0.0,0.0
239,32,honesty,0.0,0.0
239,32,harmlessness,0.021391179280980763,0.06154068230636368
239,32,fairness,0.011226797728793186,0.032940754803944254
239,32,compassion,0.0,0.0
239,40,honesty,0.0029999705166674556,0.008946234669514901
239,40,harmlessness,0.0,0.0
239,40,fairness,0.005381901001763833,0.015973764566249424
239,40,compassion,0.0,0.0
239,47,honesty,0.0,0.0
239,47,harmlessness,0.0,0.0
239,47,fairness,0.008891905432555526,0.026209609558431036
239,47,compassion,0.0,0.0
240,32,honesty,0.008965503387953972,0.026422724118652412
240,32,harmlessness,0.0,0.0
240,32,fairness,0.0,0.0
240,32,compassion,0.0355380990940294,0.09953941415414493
240,40,honesty,0.0,0.0
240,40,harmlessness,0.0,0.0
240,40,fairness,0.0,0.0
240,40,compassion,0.0,0.0
240,47,honesty,0.009051273339911325,0.026671006872820865
240,47,harmlessness,0.0017830176753317226,0.005330045893916802
240,47,fairness,0.03647972676797567,0.10199749854784243
240,47,compassion,0.019565934970979366,0.05648734930650977
241,32,honesty,0.037381402120701485,0.10434321500478322
241,32,harmlessness,0.017642545700116044,0.05112373155954853
241,32,fairness,0.01035414641148415,0.030432239507472994
241,32,compassion,0.0,0.0
241,40,honesty,0.0,0.0
241,40,harmlessness,0.0,0.0
241,40,fairness,0.010715922115640408,0.03147323683756433
241,40,compassion,0.026260589735788382,0.07485053103341625
241,47,honesty,0.03319200582941808,0.09337726034860244
241,47,harmlessness,0.0,0.0
241,47,fairness,0.0,0.0
241,47,compassion,0.0,0.0
242,32,honesty,0.03167943606631484,0.08937557271548364
242,32,harmlessness,0.020382125702030435,0.05875141947237401
242,32,fairness,0.05058325083921894,0.13780818094843453
242,32,compassion,0.0434335093438964,0.1198863575683849
242,40,honesty,0.0,0.0
242,40,harmlessness,0.0,0.0
242,40,fairness,0.025590989974226187,0.07303489917744152
242,40,compassion,0.0,0.0
242,47,honesty,0.026347174119469095,0.07508496886169908
242,47,harmlessness,0.01732319063879741,0.05022930815475285
242,47,fairness,0.0,0.0
242,47,compassion,0.0,0.0
243,32,honesty,0.00858945015397764,0.02533315472246961
243,32,harmlessness,0.01680801609677824,0.048784119750275155
243,32,fairness,0.028268295586403838,0.08026687146260965
243,32,compassion,0.0063412823351198305,0.01878559745082037
243,40,honesty,0.03430675732645988,0.09631196926496631
243,40,harmlessness,0.006105418363193223,0.018095296379968304
243,40,fairness,0.0,0.0
243,40,compassion,0.0,0.0
243,47,honesty,0.010964147648298778,0.032186644695408745
243,47,harmlessness,0.007381692773687359,0.02182289845737465
243,47,fairness,0.01080482892503909,0.031728837453760754
243,47,compassion,0.0,0.0
244,32,honesty,0.04310545582174324,0.11905272362764996
244,32,harmlessness,0.0,0.0
244,32,fairness,0.0158319489560269,0.04603810113371784
244,32,compassion,0.0,0.0
244,40,honesty,0.0,0.0
244,40,harmlessness,0.0,0.0
244,40,fairness,0.0,0.0
244,40,compassion,0.031176292869447224,0.08803939470179746
244,47,honesty,0.0,0.0
244,47,harmlessness,0.004162310522391772,0.012383840785556622
244,47,fairness,0.037581229722900476,0.104862003112363
244,47,compassion,0.013158422686612992,0.03846304212758348
245,32,honesty,0.00775123801734988,0.02289872708420167
245,32,harmlessness,0.0,0.0
245,32,fairness,0.010999741141464457,0.03228888467798452
245,32,compassion,0.05144853793966786,0.13994561885654144
245,40,honesty,0.0,0.0
245,40,harmlessness,0.0,0.0
245,40,fairness,0.051521195803588576,0.14012479355898583
245,40,compassion,0.0,0.0
245,47,honesty,0.0,0.0
245,47,harmlessness,0.005890545926272107,0.017465870751211632
245,47,fairness,0.0,0.0
245,47,compassion,0.0,0.0
246,32,honesty,0.0,0.0
246,32,harmlessness,0.0,0.0
246,32,fairness,0.05384394706779304,0.1458279376876596
246,32,compassion,0.0,0.0
246,40,honesty,0.0006145444585362897,0.001841370167943222
246,40,harmlessness,0.0,0.0
246,40,fairness,0.004538301019685389,0.013492437572668008
246,40,compassion,0.029707739163239384,0.08412489652360276
246,47,honesty,0.028179042689639045,0.08002696172724863
246,47,harmlessness,0.0,0.0
246,47,fairness,0.05724994170399644,0.15410483901245564
246,47,compassion,0.04977284661081629,0.13580021344538257
247,32,honesty,0.03493993461425879,0.09797343314662155
247,32,harmlessness,0.0,0.0
247,32,fairness,0.0,0.0
247,32,compassion,0.003759207058457372,0.011193464077038136
247,40,honesty,0.0058241754462040555,0.01727134366719333
247,40,harmlessness,0.009042631550559562,0.02664599482468323
247,40,fairness,0.0,0.0
247,40,compassion,0.016011838934960946,0.0465449755029141
247,47,honesty,0.00968497536353682,0.028502827722052045
247,47,harmlessness,0.02829881159246767,0.08034887918969288
247,47,fairness,0.0,0.0
247,47,compassion,0.0,0.0
248,32,honesty,0.0,0.0
248,32,harmlessness,0.0538487541351387,0.1458396910702438
248,32,fairness,0.020363942252841046,0.058701056893022636
248,32,compassion,0.0,0.0
248,40,honesty,0.030494924740734824,0.08622587130962206
248,40,harmlessness,0.0,0.0
248,40,fairness,0.03250933834595388,0.09157399505968934
248,40,compassion,0.0,0.0
248,47,honesty,0.05191908450872408,0.1411051528185652
248,47,harmlessness,0.0,0.0
248,47,fairness,0.01354818337779932,0.039572284986058644
248,47,compassion,0.014811135424115664,0.043155055528996594
249,32,honesty,0.04580983041995941,0.12589503119991133
249,32,harmlessness,0.0,0.0
249,32,fairness,0.0,0.0
249,32,compassion,0.0,0.0
249,40,honesty,0.062527920141333,0.16673284445763092
249,40,harmlessness,0.0004232303349073291,0.001268617170182376
249,40,fairness,0.0035578713913807887,0.010598200108212094
249,40,compassion,0.0,0.0
249,47,honesty,0.010482545074413575,0.03080187121643559
249,47,harmlessness,0.0,0.0
249,47,fairness,0.0,0.0
249,47,compassion,0.0,0.0
250,32,honesty,0.0,0.0
250,32,harmlessness,0.0,0.0
250,32,fairness,0.017084569739445127,0.04956027719427185
250,32,compassion,0.0,0.0
250,40,honesty,0.023500764138409007,0.06733733477090668
250,40,harmlessness,0.0,0.0
250,40,fairness,0.0,0.0
250,40,compassion,0.03500413354963427,0.09814167224481868
250,47,honesty,0.0014930421326777665,0.004465791169290319
250,47,harmlessness,0.0,0.0
250,47,fairness,0.0,0.0
250,47,compassion,0.0,0.0
251,32,honesty,0.0,0.0
251,32,harmlessness,0.024986828045261554,0.07139272847558185
251,32,fairness,0.0,0.0
251,32,compassion,0.004589083982786714,0.013642042986437052
251,40,honesty,0.016736663736964873,0.048583732038465416
251,40,harmlessness,0.0,0.0
251,40,fairness,0.03832400044840559,0.10678699189470373
251,40,compassion,0.0,0.0
251,47,honesty,0.028530447783268235,0.08097106203510787
251,47,harmlessness,0.0,0.0
251,47,fairness,0.058345151133297926,0.15674484952955758
251,47,compassion,0.004471725905012702,0.013296263225626307
252,32,honesty,0.04402367579491431,0.12138352911917293
252,32,harmlessness,0.0,0.0
252,32,fairness,0.053616511988264295,0.14527162077149408
252,32,compassion,0.0,0.0
252,40,honesty,0.0,0.0
252,40,harmlessness,0.05039754362864745,0.1373485698075279
252,40,fairness,0.05663378765619211,0.1526150287103276
252,40,compassion,0.0053342196663062925,0.01583373772855331
252,47,honesty,0.02225570779709804,0.06392187045013004
252,47,harmlessness,0.0,0.0
252,47,fairness,0.03428754175397679,0.09626148583237552
252,47,compassion,0.013325078735530044,0.03893754451376197
253,32,honesty,0.0,0.0
253,32,harmlessness,0.02644693163098507,0.07535497894075431
253,32,fairness,0.0,0.0
253,32,compassion,0.0,0.0
253,40,honesty,0.0,0.0
253,40,harmlessness,0.00718878394493242,0.02126067503608164
253,40,fairness,0.016123456297695703,0.04685930110603953
253,40,compassion,0.0,0.0
253,47,honesty,0.0,0.0
253,47,harmlessness,0.0,0.0
253,47,fairness,0.0,0.0
253,47,compassion,0.0062760879637887,0.01859485796286787
254,32,honesty,0.0,0.0
254,32,harmlessness,0.0044860602376036954,0.013338506029752865
254,32,fairness,0.0,0.0
254,32,compassion,0.0,0.0
254,40,honesty,0.0,0.0
254,40,harmlessness,0.026216792493569677,0.07473191525113686
254,40,fairness,0.03031428597766249,0.08574430327228456
254,40,compassion,0.0,0.0
254,47,honesty,0.06649158526314729,0.17606153469762628
254,47,harmlessness,0.0,0.0
254,47,fairness,0.0,0.0
254,47,compassion,0.0,0.0
255,32,honesty,0.030115498861721043,0.08521397391621041
255,32,harmlessness,0.06334594964605861,0.16866886950866836
255,32,fairness,0.0,0.0
255,32,compassion,0.0,0.0
255,40,honesty,0.0,0.0
255,40,harmlessness,0.02185941380193433,0.06283132934983562
255,40,fairness,0.0,0.0
255,40,compassion,0.0,0.0
255,47,honesty,0.0,0.0
255,47,harmlessness,0.01599993043101222,0.04651143194238677
255,47,fairness,0.015212340910396265,0.044289527935750486
255,47,compassion,0.00023511096183293322,0.000705001378394464
256,32,honesty,0.013679391074064583,0.03994531797001438
256,32,harmlessness,0.0,0.0
256,32,fairness,0.0,0.0
256,32,compassion,0.0,0.0
256,40,honesty,0.0,0.0
256,40,harmlessness,0.0,0.0
256,40,fairness,0.0,0.0
256,40,compassion,0.0,0.0
256,47,honesty,0.0029973321164092266,0.008938413561154487
256,47,harmlessness,0.0,0.0
256,47,fairness,0.007366114512371638,0.021777512239217613
256,47,compassion,0.0,0.0
257,32,honesty,0.0,0.0
257,32,harmlessness,0.0,0.0
257,32,fairness,0.04713387379089433,0.12922031347918736
257,32,compassion,0.012369294362891713,0.036212048123236126
257,40,honesty,0.0,0.0
257,40,harmlessness,0.001838725887005342,0.0054959665092267655
257,40,fairness,0.0151276802990445,0.044050283679948544
257,40,compassion,0.003344781222515712,0.009967664354417148
257,47,honesty,0.0,0.0
257,47,harmlessness,0.0,0.0
257,47,fairness,0.008226643801409023,0.024280438368625572
257,47,compassion,0.0,0.0
258,32,honesty,0.00028656821932574416,0.0008592122121499149
258,32,harmlessness,0.0,0.0
258,32,fairness,0.010505085599448174,0.030866741279705862
258,32,compassion,0.0,0.0
258,40,honesty,0.0,0.0
258,40,harmlessness,0.027841727084300067,0.0791195323968397
258,40,fairness,0.003594471306656277,0.010706445894838304
258,40,compassion,0.0,0.0
258,47,honesty,0.043698314118746785,0.12055853306141434
258,47,harmlessness,0.0,0.0
258,47,fairness,0.0,0.0
258,47,compassion,0.002515873726356536,0.007509833593017642
259,32,honesty,0.0,0.0
259,32,harmlessness,0.0,0.0
259,32,fairness,0.043438434493358775,0.11989886545434328
259,32,compassion,0.06034905190763722,0.16154855184153483
259,40,honesty,0.0,0.0
259,40,harmlessness,0.00902922275897549,0.02660718389615171
259,40,fairness,0.0,0.0
259,40,compassion,0.05977977657809032,0.16018739622085362
259,47,honesty,0.025790596834568386,0.07357662058765284
259,47,harmlessness,0.0,0.0
259,47,fairness,0.0,0.0
259,47,compassion,0.002631866674926661,0.007854257308646135
260,32,honesty,0.0,0.0
260,32,harmlessness,0.0016051224374362522,0.004799958270870095
260,32,fairness,0.03397768147127975,0.09544691468469339
260,32,compassion,0.020479087170949026,0.059019913601896824
260,40,honesty,0.051831292791193175,0.14088896407730242
260,40,harmlessness,0.022570598384173284,0.06478722239816945
260,40,fairness,0.0,0.0
260,40,compassion,0.0,0.0
260,47,honesty,0.0,0.0
260,47,harmlessness,0.0,0.0
260,47,fairness,0.0,0.0
260,47,compassion,0.0,0.0
261,32,honesty,0.0,0.0
261,32,harmlessness,0.030891782864844602,0.08728271145432973
261,32,fairness,0.014952334198950357,0.04355451914460174
261,32,compassion,0.0,0.0
261,40,honesty,0.0,0.0
261,40,harmlessness,0.02064743574676862,0.059485846839389046
261,40,fairness,0.006542604081263186,0.01937429555347009
261,40,compassion,0.004311961936656142,0.012825281558157084
261,47,honesty,0.007949893627957836,0.023476410944326273
261,47,harmlessness,0.0,0.0
261,47,fairness,0.029984309951586068,0.08486376687545276
261,47,compassion,0.0,0.0
262,32,honesty,0.0,0.0
262,32,harmlessness,0.01731316033232477,0.05020119821000504
262,32,fairness,0.0,0.0
262,32,compassion,0.031893615826473126,0.08994359457647132
262,40,honesty,0.0,0.0
262,40,harmlessness,0.042303772589112665,0.11701128056091811
262,40,fairness,0.007703656120545592,0.022760293414303745
262,40,compassion,0.022355760726224316,0.06419693934784045
262,47,honesty,0.0,0.0
262,47,harmlessness,0.0,0.0
262,47,fairness,0.0,0.0
262,47,compassion,0.05188055584912569,0.14101028374509963
263,32,honesty,0.0,0.0
263,32,harmlessness,0.0,0.0
263,32,fairness,0.005111365544808296,0.015178926550074436
263,32,compassion,0.07268132636304879,0.1903711270575971
263,40,honesty,0.0,0.0
263,40,harmlessness,0.0267454581141259,0.07616237891223877
263,40,fairness,0.0,0.0
263,40,compassion,0.0,0.0
263,47,honesty,0.0,0.0
263,47,harmlessness,0.0,0.0
263,47,fairness,0.0,0.0
263,47,compassion,0.0,0.0
264,32,honesty,0.023896136980568233,0.06841853363805551
264,32,harmlessness,0.0,0.0
264,32,fairness,0.0,0.0
264,32,compassion,0.043409985400570124,0.11982661314708125
264,40,honesty,0.0,0.0
264,40,harmlessness,0.0062113518883164225,0.018405410699936686
264,40,fairness,0.00884612826761816,0.02607702341492231
264,40,compassion,0.0,0.0
264,47,honesty,0.009907985382254006,0.0291463920931532
264,47,harmlessness,0.0228352670652743,0.06551375309889929
264,47,fairness,0.020295800438029764,0.058512293644143426
264,47,compassion,0.009518162261656384,0.028021068629056418
265,32,honesty,0.018399939867805994,0.05324057292280374
265,32,harmlessness,0.03577188090062779,0.10015049923998132
265,32,fairness,0.016399194215271647,0.047635224063988284
265,32,compassion,0.04055292852701953,0.11253179768406109
265,40,honesty,0.05276268101111394,0.14317902462572293
265,40,harmlessness,0.0009962839964667127,0.0029829083417125873
265,40,fairness,0.0,0.0
265,40,compassion,0.0,0.0
265,47,honesty,0.0,0.0
265,47,harmlessness,0.0,0.0
265,47,fairness,0.0,0.0
265,47,compassion,0.011402111875351579,0.03344367849852773
266,32,honesty,0.037659849002151594,0.10506600708248412
266,32,harmlessness,0.022894898721938277,0.06567734389233307
266,32,fairness,0.0,0.0
266,32,compassion,0.0,0.0
266,40,honesty,0.0,0.0
266,40,harmlessness,0.0,0.0
266,40,fairness,0.0,0.0
266,40,compassion,0.011959894052746155,0.03504149697568093
266,47,honesty,0.06428752309939911,0.17089033640056636
266,47,harmlessness,0.006485346650939399,0.019206912975339194
266,47,fairness,0.0,0.0
266,47,compassion,0.0,0.0
267,32,honesty,0.0,0.0
267,32,harmlessness,0.0,0.0
267,32,fairness,0.0,0.0
267,32,compassion,0.0,0.0
267,40,honesty,0.0,0.0
267,40,harmlessness,0.004027529301050881,0.011986039651353872
267,40,fairness,0.027415230633845693,0.07797053168401537
267,40,compassion,0.02049958829148354,0.05907667004724976
267,47,honesty,0.029317108268216402,0.08307999442187156
267,47,harmlessness,0.0,0.0
267,47,fairness,0.0,0.0
267,47,compassion,0.03418488480730402,0.09599172247161815
268,32,honesty,0.03335388932968395,0.09380419829206531
268,32,harmlessness,0.006355249703029854,0.018826455458170282
268,32,fairness,0.0,0.0
268,32,compassion,0.0,0.0
268,40,honesty,0.0,0.0
268,40,harmlessness,0.0,0.0
268,40,fairness,0.0,0.0
268,40,compassion,0.0,0.0
268,47,honesty,0.024608551579497363,0.07036261086120019
268,47,harmlessness,0.0003726942317889248,0.001117249910172798
268,47,fairness,0.0,0.0
268,47,compassion,0.0,0.0
269,32,honesty,0.01687952724046822,0.04898489788496309
269,32,harmlessness,0.011314077366694082,0.033191177010896404
269,32,fairness,0.0,0.0
269,32,compassion,0.05256594918652597,0.14269595130837942
269,40,honesty,0.0005140267833428038,0.0015404966369663108
269,40,harmlessness,0.02047096915044347,0.0589974379854209
269,40,fairness,0.0,0.0
269,40,compassion,0.0,0.0
269,47,honesty,0.0,0.0
269,47,harmlessness,0.0009699553087555768,0.00290423197582112
269,47,fairness,0.0,0.0
269,47,compassion,0.004342929851106618,0.012916597797024977
270,32,honesty,0.010409543603836391,0.030591738734951867
270,32,harmlessness,0.033374495724168694,0.09385852527178608
270,32,fairness,0.0,0.0
270,32,compassion,0.031230369229783297,0.08818312460674088
270,40,honesty,0.0,0.0
270,40,harmlessness,0.03135188153885518,0.08850598622533315
270,40,fairness,0.0,0.0
270,40,compassion,0.0,0.0
270,47,honesty,0.0,0.0
270,47,harmlessness,0.02404272555426962,0.0688189847369032
270,47,fairness,0.0,0.0
270,47,compassion,0.0,0.0
271,32,honesty,0.001280669151350415,0.0038321919141183127
271,32,harmlessness,0.0,0.0
271,32,fairness,0.0,0.0
271,32,compassion,0.0,0.0
271,40,honesty,0.0,0.0
271,40,harmlessness,0.0,0.0
271,40,fairness,0.06250672293370338,0.16668260231905807
271,40,compassion,0.018206218784696585,0.05269973070005034
271,47,honesty,0.0,0.0
271,47,harmlessness,0.05101853934413903,0.13888427258236596
271,47,fairness,0.0,0.0
271,47,compassion,0.0,0.0
272,32,honesty,0.014292336136030835,0.04168544366248488
272,32,harmlessness,0.020096260283290306,0.05795925240553771
272,32,fairness,0.0,0.0
272,32,compassion,0.024744017657633902,0.07073168104351212
272,40,honesty,0.0,0.0
272,40,harmlessness,0.00014723011529221722,0.0004415603239218527
272,40,fairness,0.016808580855593214,0.04878570561202583
272,40,compassion,0.01677125774414144,0.048680893604705046
272,47,honesty,0.0,0.0
272,47,harmlessness,0.01813898614428541,0.052511932018277835
272,47,fairness,0.0,0.0
272,47,compassion,0.0,0.0
273,32,honesty,0.0,0.0
273,32,harmlessness,0.0,0.0
273,32,fairness,0.020347605232896637,0.05865580535473824
273,32,compassion,0.0,0.0
273,40,honesty,0.0,0.0
273,40,harmlessness,0.0,0.0
273,40,fairness,0.021335203640989783,0.06138623526279832
273,40,compassion,0.01787783951934736,0.051782017365157404
273,47,honesty,0.0,0.0
273,47,harmlessness,0.0,0.0
273,47,fairness,0.027839814243664055,0.07911438326290929
273,47,compassion,0.0,0.0
274,32,honesty,0.009960408154678682,0.029297592505428984
274,32,harmlessness,0.03976348387839611,0.11050252119506421
274,32,fairness,0.007361228614167894,0.021763276928771415
274,32,compassion,0.0,0.0
274,40,honesty,0.0,0.0
274,40,harmlessness,0.0,0.0
274,40,fairness,0.016164923528156374,0.04697604232092281
274,40,compassion,0.0395555082130125,0.10996692910434419
274,47,honesty,0.0,0.0
274,47,harmlessness,0.0,0.0
274,47,fairness,0.0,0.0
274,47,compassion,0.0,0.0
275,32,honesty,0.022172774096105616,0.06369378641337799
275,32,harmlessness,0.0,0.0
275,32,fairness,0.0,0.0
275,32,compassion,0.118722092688138,0.28782411544171
275,40,honesty,0.0,0.0
275,40,harmlessness,0.0,0.0
275,40,fairness,0.04571404281756271,0.12565383854208054
275,40,compassion,0.006546308709248027,0.019385124114108004
275,47,honesty,0.060510718285030636,0.16193459726382903
275,47,harmlessness,0.03434111390205194,0.09640222231246896
275,47,fairness,0.0,0.0
275,47,compassion,0.0,0.0
276,32,honesty,0.0,0.0
276,32,harmlessness,0.045020774704590656,0.1239056659693181
276,32,fairness,0.02294938553161409,0.06582678792599915
276,32,compassion,0.024743428117093298,0.07073007528425478
276,40,honesty,0.03618172058319817,0.10122049818439471
276,40,harmlessness,0.0,0.0
276,40,fairness,0.07864823957150134,0.20387577683570335
276,40,compassion,0.0,0.0
276,47,honesty,0.0,0.0
276,47,harmlessness,0.0,0.0
276,47,fairness,0.0,0.0
276,47,compassion,0.0031469715284147427,0.009381865657032045
277,32,honesty,0.0,0.0
277,32,harmlessness,0.0,0.0
277,32,fairness,0.02352152853099608,0.06739415835581089
277,32,compassion,0.0017194190720531098,0.005140579594965348
277,40,honesty,0.0,0.0
277,40,harmlessness,0.0,0.0
277,40,fairness,0.0,0.0
277,40,compassion,0.010973482863930763,0.03221346087010039
277,47,honesty,0.0,0.0
277,47,harmlessness,0.05969697744676196,0.15998919018400534
277,47,fairness,0.01225369319723839,0.03588171259661438
277,47,compassion,0.0,0.0
278,32,honesty,0.05864371977091877,0.15746275585528807
278,32,harmlessness,0.014448985910441194,0.04212950060987166
278,32,fairness,0.012044549202005822,0.03528369520028075
278,32,compassion,0.009125388634380305,0.026885484906352453
278,40,honesty,0.0025470562784328846,0.007602441144402123
278,40,harmlessness,0.03269166571639068,0.09205606494450765
278,40,fairness,0.0,0.0
278,40,compassion,0.0,0.0
278,47,honesty,0.0,0.0
278,47,harmlessness,0.0,0.0
278,47,fairness,0.0,0.0
278,47,compassion,0.008485338487990534,0.025031218736479677
279,32,honesty,0.0,0.0
279,32,harmlessness,0.0,0.0
279,32,fairness,0.01102806457373296,0.03237023171006822
279,32,compassion,0.0,0.0
279,40,honesty,0.0,0.0
279,40,harmlessness,0.02708536006361013,0.07708057019552221
279,40,fairness,0.0,0.0
279,40,compassion,0.009591147675228038,0.028231890562610364
279,47,honesty,0.0,0.0
279,47,harmlessness,0.005406272110854094,0.01604532554060281
279,47,fairness,0.06586433646624587,0.17459397656396056
279,47,compassion,0.03447392932544644,0.0967510128200891
280,32,honesty,0.0,0.0
280,32,harmlessness,0.0,0.0
280,32,fairness,0.0509989809556653,0.13883595810071597
280,32,compassion,0.03214004386616659,0.09059657576037397
280,40,honesty,0.012968340483922322,0.03792146452456002
280,40,harmlessness,0.0,0.0
280,40,fairness,0.0,0.0
280,40,compassion,0.0569451521855495,0.15336829478294275
280,47,honesty,0.0,0.0
280,47,harmlessness,0.0,0.0
280,47,fairness,0.006507862672354059,0.019272739335234615
280,47,compassion,0.0,0.0
281,32,honesty,0.0,0.0
281,32,harmlessness,0.0,0.0
281,32,fairness,0.0,0.0
281,32,compassion,0.0,0.0
281,40,honesty,0.0,0.0
281,40,harmlessness,0.0,0.0
281,40,fairness,0.03872627057095903,0.10782731236565384
281,40,compassion,0.07567928685290207,0.19719127102858494
281,47,honesty,0.0,0.0
281,47,harmlessness,0.0,0.0
281,47,fairness,0.019358948301821322,0.05591204801165097
281,47,compassion,0.0013687268497887522,0.004094970756519162
282,32,honesty,0.0,0.0
282,32,harmlessness,0.0,0.0
282,32,fairness,0.0,0.0
282,32,compassion,0.018953910885142783,0.05478495436949626
282,40,honesty,0.0,0.0
282,40,harmlessness,0.0005559727037545827,0.0016660655373408925
282,40,fairness,0.055913239330948106,0.1508686123348332
282,40,compassion,0.01250862481958579,0.03660999312154726
282,47,honesty,0.0,0.0
282,47,harmlessness,0.045814383392647644,0.12590649345261865
282,47,fairness,0.007126938340780539,0.021080338477280886
282,47,compassion,0.016687902832704375,0.04844675888833708
283,32,honesty,0.03666889436271443,0.1024902730935938
283,32,harmlessness,0.0,0.0
283,32,fairness,0.0,0.0
283,32,compassion,0.0,0.0
283,40,honesty,0.0,0.0
283,40,harmlessness,0.0,0.0
283,40,fairness,0.0,0.0
283,40,compassion,0.0,0.0
283,47,honesty,0.0,0.0
283,47,harmlessness,0.0,0.0
283,47,fairness,0.01424199401422828,0.041542680819550766
283,47,compassion,0.022021410074653348,0.06327731865874268
284,32,honesty,0.037251946052550895,0.10400691796351479
284,32,harmlessness,0.05933645519066004,0.15912548155948672
284,32,fairness,0.0,0.0
284,32,compassion,0.0,0.0
284,40,honesty,0.0,0.0
284,40,harmlessness,0.0,0.0
284,40,fairness,0.036297859824813226,0.101523414162058
284,40,compassion,0.037058794770355216,0.10350485402497163
284,47,honesty,0.0850861679562795,0.21813753071659753
284,47,harmlessness,0.0,0.0
284,47,fairness,0.035332099428257366,0.09900050678632734
284,47,compassion,0.0,0.0
285,32,honesty,0.0,0.0
285,32,harmlessness,0.0,0.0
285,32,fairness,0.0,0.0
285,32,compassion,0.04538139679127921,0.12481557967949981
285,40,honesty,0.0,0.0
285,40,harmlessness,0.02835154279607178,0.08049056499210784
285,40,fairness,0.011785568494024769,0.03454249949457798
285,40,compassion,0.0,0.0
285,47,honesty,0.0,0.0
285,47,harmlessness,0.0,0.0
285,47,fairness,0.0,0.0
285,47,compassion,0.04064662474083234,0.11277225145070575
286,32,honesty,0.0,0.0
286,32,harmlessness,0.03671272616878831,0.10260440374924898
286,32,fairness,0.0,0.0
286,32,compassion,0.0,0.0
286,40,honesty,0.0,0.0
286,40,harmlessness,0.04491281696857484,0.12363303514798303
286,40,fairness,0.001880813456151757,0.005621295153324524
286,40,compassion,0.0,0.0
286,47,honesty,0.018855567852924412,0.05451103068321291
286,47,harmlessness,0.0,0.0
286,47,fairness,8.24003707994131e-05,0.00024716038018429107
286,47,compassion,0.0,0.0
287,32,honesty,0.0,0.0
287,32,harmlessness,0.0,0.0
287,32,fairness,0.013190704576972627,0.03855497905358351
287,32,compassion,0.0,0.0
287,40,honesty,0.015125742809237891,0.04404480756508983
287,40,harmlessness,0.006935812565289045,0.020522753749210913
287,40,fairness,0.04271804482333767,0.11806695547752515
287,40,compassion,0.030581567630533105,0.08645673774657503
287,47,honesty,0.010192465853694713,0.029966531855698416
287,47,harmlessness,0.10884582394219597,0.26816105078318603
287,47,fairness,0.0,0.0
287,47,compassion,0.0,0.0
288,32,honesty,0.0,0.0
288,32,harmlessness,0.0036817323448810777,0.010964460616054628
288,32,fairness,0.03223920749932015,0.09085916739615991
288,32,compassion,0.0345158748121605,0.09686113108695808
288,40,honesty,0.0,0.0
288,40,harmlessness,0.0,0.0
288,40,fairness,0.03354066684006463,0.0942964677052036
288,40,compassion,0.0,0.0
288,47,honesty,0.0016033183564975416,0.004794580591345004
288,47,harmlessness,0.028862919620613704,0.08186314038045682
288,47,fairness,0.03826468239467588,0.10663345649330225
288,47,compassion,0.0,0.0
289,32,honesty,0.020350937674012793,0.05866503603793493
289,32,harmlessness,0.015317651160335472,0.0445870167434927
289,32,fairness,0.0,0.0
289,32,compassion,0.004280553869483202,0.01273265596889669
289,40,honesty,0.0,0.0
289,40,harmlessness,0.013187636020271402,0.038546240481962264
289,40,fairness,0.0,0.0
289,40,compassion,0.0,0.0
289,47,honesty,0.0,0.0
289,47,harmlessness,0.0,0.0
289,47,fairness,0.0,0.0
289,47,compassion,0.0,0.0
290,32,honesty,0.0,0.0
290,32,harmlessness,0.005080166756600259,0.015087209192620328
290,32,fairness,0.0,0.0
290,32,compassion,0.0,0.0
290,40,honesty,0.0,0.0
290,40,harmlessness,0.0,0.0
290,40,fairness,0.00467460717723601,0.013893924255617465
290,40,compassion,0.07810326012624323,0.20265391716313996
290,47,honesty,0.022968999890592298,0.06588057770746697
290,47,harmlessness,0.0,0.0
290,47,fairness,0.0,0.0
290,47,compassion,0.0,0.0
291,32,honesty,0.0,0.0
291,32,harmlessness,0.0,0.0
291,32,fairness,0.008845815912965526,0.026076118648321184
291,32,compassion,0.021977113833151492,0.06315539489393135
291,40,honesty,0.0,0.0
291,40,harmlessness,0.005061059923865318,0.015031033845575742
291,40,fairness,0.0006347335002395984,0.0019017862458377388
291,40,compassion,0.011789445677262502,0.034553601418043894
291,47,honesty,0.016230766136810425,0.047161368136597014
291,47,harmlessness,0.0,0.0
291,47,fairness,0.0,0.0
291,47,compassion,0.007956027025233866,0.023494239467421355
292,32,honesty,0.0,0.0
292,32,harmlessness,0.03741150502641659,0.104421392200873
292,32,fairness,0.06591737950256045,0.1747182059344995
292,32,compassion,0.0,0.0
292,40,honesty,0.0,0.0
292,40,harmlessness,0.0,0.0
292,40,fairness,0.030357581173588038,0.08585975458221616
292,40,compassion,0.008742577255410165,0.025777016647324045
292,47,honesty,0.021775876862100425,0.06260123693258307
292,47,harmlessness,0.016083514585542677,0.04674683689070863
292,47,fairness,0.013460208795487025,0.03932206010782114
292,47,compassion,0.0,0.0
293,32,honesty,0.0,0.0
293,32,harmlessness,0.0,0.0
293,32,fairness,0.0,0.0
293,32,compassion,0.013650386476506533,0.039862872206164135
293,40,honesty,0.0,0.0
293,40,harmlessness,0.0,0.0
293,40,fairness,0.00608894440460434,0.01804705814637316
293,40,compassion,0.018714568355810247,0.05411811089612504
293,47,honesty,0.0,0.0
293,47,harmlessness,0.0,0.0
293,47,fairness,0.026652189076288947,0.07591022014842952
293,47,compassion,0.0,0.0
294,32,honesty,0.034722119187113085,0.09740232713740496
294,32,harmlessness,0.027890623106277775,0.07925114186200277
294,32,fairness,0.00034187767857569046,0.001024932232822162
294,32,compassion,0.0,0.0
294,40,honesty,0.016652060887017855,0.04834605960468436
294,40,harmlessness,0.0,0.0
294,40,fairness,0.008067131355405665,0.02381712235709213
294,40,compassion,0.013368369296311558,0.039060750805418605
294,47,honesty,0.0,0.0
294,47,harmlessness,0.06800321235071666,0.17958493245825438
294,47,fairness,0.010397514925207975,0.030557108786271006
294,47,compassion,0.001939915886496392,0.005797255284241227
295,32,honesty,0.0,0.0
295,32,harmlessness,0.0,0.0
295,32,fairness,0.0,0.0
295,32,compassion,0.008716007086657164,0.025700018178823798
295,40,honesty,0.01516486537519059,0.04415537547619673
295,40,harmlessness,0.0,0.0
295,40,fairness,0.011890776499365195,0.03484369238106386
295,40,compassion,0.05021990580714179,0.1369086394651753
295,47,honesty,0.0161132891852465,0.046830675133409584
295,47,harmlessness,0.060954102514760765,0.16299221872565814
295,47,fairness,0.0,0.0
295,47,compassion,0.0,0.0
296,32,honesty,0.006117518383789642,0.018130725063593
296,32,harmlessness,0.014587673523955133,0.04252241437515519
296,32,fairness,0.04025545227641287,0.11176782790472467
296,32,compassion,0.0,0.0
296,40,honesty,0.030716309405833312,0.08681561748183868
296,40,harmlessness,0.02556600530725003,0.07296706326821102
296,40,fairness,0.0,0.0
296,40,compassion,0.0,0.0
296,47,honesty,0.0,0.0
296,47,harmlessness,0.0,0.0
296,47,fairness,0.01846291936326488,0.053416315826229896
296,47,compassion,0.014260413542666545,0.0415949191318128
297,32,honesty,0.0,0.0
297,32,harmlessness,0.045054166970196846,0.1239899711820579
297,32,fairness,0.0,0.0
297,32,compassion,0.0,0.0
297,40,honesty,0.047312373294245536,0.12966737717660595
297,40,harmlessness,0.025756501668352094,0.073484117419244
297,40,fairness,0.0,0.0
297,40,compassion,0.025359828109963182,0.07240702491813414
297,47,honesty,0.0,0.0
297,47,harmlessness,0.0,0.0
297,47,fairness,0.005755350363475815,0.017069568397070536
297,47,compassion,0.0,0.0
298,32,honesty,0.005426775589713359,0.016105524633261453
298,32,harmlessness,0.01138717969764406,0.03340085599440533
298,32,fairness,0.05712727963338776,0.15380851482711405
298,32,compassion,0.002773244320399356,0.008273842189478365
298,40,honesty,0.0,0.0
298,40,harmlessness,0.0,0.0
298,40,fairness,0.0,0.0
298,40,compassion,0.0,0.0
298,47,honesty,0.027655933778561063,0.07861922516586528
298,47,harmlessness,0.0,0.0
298,47,fairness,0.007577026873601237,0.022391754765591756
298,47,compassion,0.0,0.0
299,32,honesty,0.0,0.0
299,32,harmlessness,0.02057565386570475,0.05928721516146646
299,32,fairness,0.020658013559735094,0.059515112670108734
299,32,compassion,0.0,0.0
299,40,honesty,0.0,0.0
299,40,harmlessness,0.04925158495178639,0.13450553344177346
299,40,fairness,0.0,0.0
299,40,compassion,0.0,0.0
299,47,honesty,0.0,0.0
299,47,harmlessness,0.0,0.0
299,47,fairness,0.003335854321383223,0.009941237921191061
299,47,compassion,0.0013818519240313104,0.004134130260384914
300,32,honesty,0.032492038705062135,0.0915282380110632
300,32,harmlessness,0.020173917206511734,0.05817453510986765
300,32,fairness,0.03842602172431132,0.10705097870618839
300,32,compassion,0.02845400837357031,0.08076580342670758
300,40,honesty,0.0011956794616535087,0.0035784809526026354
300,40,harmlessness,0.0,0.0
300,40,fairness,0.0,0.0
300,40,compassion,0.02530306703988229,0.07225276786160822
300,47,honesty,0.017341830678734023,0.050281543991857844
300,47,harmlessness,0.0,0.0
300,47,fairness,0.0,0.0
300,47,compassion,0.0018461053624573716,0.00551794268022871
301,32,honesty,0.03176633029401303,0.08960607832142024
301,32,harmlessness,0.0,0.0
301,32,fairness,0.0,0.0
301,32,compassion,0.04100457702738461,0.11369010199328416
301,40,honesty,0.04005885445044091,0.11126246922996323
301,40,harmlessness,0.0,0.0
301,40,fairness,0.0,0.0
301,40,compassion,0.0,0.0
301,47,honesty,0.0,0.0
301,47,harmlessness,0.0,0.0
301,47,fairness,0.0,0.0
301,47,compassion,0.009737475359256608,0.02865438337369768
302,32,honesty,0.0,0.0
302,32,harmlessness,0.046986719302199144,0.1288515359992861
302,32,fairness,0.009880834459458941,0.02906806980674396
302,32,compassion,0.0,0.0
302,40,honesty,0.01317446095856644,0.038508719629064346
302,40,harmlessness,0.01873463250586353,0.054174036198513575
302,40,fairness,0.0,0.0
302,40,compassion,0.0,0.0
302,47,honesty,0.05385968013892782,0.14586640462459158
302,47,harmlessness,0.0034863955230350963,0.010386761849086316
302,47,fairness,0.0,0.0
302,47,compassion,0.0,0.0
303,32,honesty,0.002489618066620226,0.007431849267451388
303,32,harmlessness,0.00731044299805032,0.02161529424127708
303,32,fairness,0.0047764055483407826,0.014193627601766031
303,32,compassion,0.0,0.0
303,40,honesty,0.016245588919062075,0.04720308299314812
303,40,harmlessness,0.0359060321367726,0.10050091802551893
303,40,fairness,0.0,0.0
303,40,compassion,0.0,0.0
303,47,honesty,0.04281933335161308,0.11832482021382806
303,47,harmlessness,0.007212296908646291,0.021329225314341976
303,47,fairness,0.020887796540828882,0.06015056413168905
303,47,compassion,0.017179720593526054,0.04982712945649799
304,32,honesty,0.0,0.0
304,32,harmlessness,0.04535600984356548,0.12475156326756841
304,32,fairness,0.0,0.0
304,32,compassion,0.002471237652208378,0.007377251075370631
304,40,honesty,0.0,0.0
304,40,harmlessness,0.0,0.0
304,40,fairness,0.03545668455963845,0.09932647844932077
304,40,compassion,0.0,0.0
304,47,honesty,0.0,0.0
304,47,harmlessness,0.0,0.0
304,47,fairness,0.0026526463763842665,0.007915942735526678
304,47,compassion,0.06253897819745127,0.16675905302912203
305,32,honesty,0.0,0.0
305,32,harmlessness,0.0,0.0
305,32,fairness,0.0,0.0
305,32,compassion,0.00022605968823492077,0.000677872585374137
305,40,honesty,0.0036499961141418205,0.010870632807414808
305,40,harmlessness,0.019457601189726587,0.05618630224631142
305,40,fairness,0.0,0.0
305,40,compassion,0.0,0.0
305,47,honesty,0.011131219152408361,0.03266642322552774
305,47,harmlessness,0.0,0.0
305,47,fairness,0.008088103245015774,0.023878053412467255
305,47,compassion,0.008925227518096438,0.026306106581577563
306,32,honesty,0.0,0.0
306,32,harmlessness,0.010069040054533442,0.029610815195106503
306,32,fairness,0.011568048727016573,0.03391938400708112
306,32,compassion,0.011295058559834535,0.0331366156509981
306,40,honesty,0.023716054464769244,0.06792627683241466
306,40,harmlessness,0.0,0.0
306,40,fairness,0.023857734475418137,0.06831358851456737
306,40,compassion,0.0,0.0
306,47,honesty,0.003348742047624744,0.009979389341479374
306,47,harmlessness,0.02051978112759527,0.05913256865035043
306,47,fairness,0.012396421434129907,0.036289543356198585
306,47,compassion,0.030252166504187463,0.08557862206475839
307,32,honesty,0.0,0.0
307,32,harmlessness,0.0,0.0
307,32,fairness,0.0,0.0
307,32,compassion,0.013002390395909998,0.03801850821555254
307,40,honesty,0.0,0.0
307,40,harmlessness,0.0,0.0
307,40,fairness,0.05136472579996484,0.1397388789936844
307,40,compassion,0.014345255564317079,0.041835485238154155
307,47,honesty,0.0,0.0
307,47,harmlessness,0.0,0.0
307,47,fairness,0.028625820336031133,0.08122707755128547
307,47,compassion,0.0,0.0
308,32,honesty,0.0,0.0
308,32,harmlessness,0.0415094295626163,0.11498256714424335
308,32,fairness,0.005976460449054324,0.017717604225353328
308,32,compassion,0.0,0.0
308,40,honesty,0.006905259005268887,0.02043357870902592
308,40,harmlessness,0.0,0.0
308,40,fairness,0.013449385958494195,0.03929127094013529
308,40,compassion,0.02689888477683823,0.07657698342319778
308,47,honesty,0.0,0.0
308,47,harmlessness,0.05996119895512117,0.16062148341797922
308,47,fairness,0.0,0.0
308,47,compassion,0.045460409823217446,0.12501478293709092
309,32,honesty,0.0,0.0
309,32,harmlessness,0.0,0.0
309,32,fairness,0.008391651074823214,0.02475940858907268
309,32,compassion,0.0,0.0
309,40,honesty,0.0031549369996825335,0.009405463708143614
309,40,harmlessness,0.004933602428836117,0.014656191641151804
309,40,fairness,0.0,0.0
309,40,compassion,0.026236776461043932,0.07478604014761267
309,47,honesty,0.06629393582944214,0.1755994501309883
309,47,harmlessness,0.0,0.0
309,47,fairness,0.03927055888788956,0.10923243882127158
309,47,compassion,0.0,0.0
310,32,honesty,0.019148138947373102,0.055325650361179986
310,32,harmlessness,0.0,0.0
310,32,fairness,0.004426281677587902,0.01316232471928484
310,32,compassion,0.0,0.0
310,40,honesty,0.0,0.0
310,40,harmlessness,0.0,0.0
310,40,fairness,0.008214113988723657,0.024244055101859827
310,40,compassion,0.03259205148691489,0.0917927278371586
310,47,honesty,0.032277566830928875,0.09096071911250045
310,47,harmlessness,0.011752526759662417,0.034447880992628195
310,47,fairness,0.03009791301060284,0.08516703878251498
310,47,compassion,0.051828648916044995,0.1408824524184776
311,32,honesty,0.0,0.0
311,32,harmlessness,0.040386478681056666,0.11210442972119583
311,32,fairness,0.0,0.0
311,32,compassion,0.0,0.0
311,40,honesty,0.0,0.0
311,40,harmlessness,0.03843103538124229,0.10706394929676764
311,40,fairness,0.0,0.0
311,40,compassion,0.0037886734881710494,0.011280543869531855
311,47,honesty,0.029036990062744177,0.08232975370767658
311,47,harmlessness,0.0,0.0
311,47,fairness,0.0,0.0
311,47,compassion,0.0,0.0
312,32,honesty,0.037483778334992224,0.10460905011247636
312,32,harmlessness,0.0130596336481187,0.03818162487835372
312,32,fairness,0.0,0.0
312,32,compassion,0.0,0.0
312,40,honesty,0.030340308638282642,0.08581369776375844
312,40,harmlessness,0.0,0.0
312,40,fairness,0.00999258916592477,0.029390395208293042
312,40,compassion,0.0,0.0
312,47,honesty,0.013284691589855737,0.03882258269394573
312,47,harmlessness,0.0417453270131729,0.11558565879099268
312,47,fairness,0.008645439857193933,0.025495480288650205
312,47,compassion,0.03662802551790386,0.10238384069454963
313,32,honesty,0.039426190861131125,0.10963369464372448
313,32,harmlessness,0.0,0.0
313,32,fairness,0.0,0.0
313,32,compassion,0.0,0.0
313,40,honesty,0.0,0.0
313,40,harmlessness,0.0,0.0
313,40,fairness,0.0085972186552672,0.025355679327144994
313,40,compassion,0.0,0.0
313,47,honesty,0.0,0.0
313,47,harmlessness,0.0,0.0
313,47,fairness,0.0,0.0
313,47,compassion,0.0,0.0
314,32,honesty,0.0,0.0
314,32,harmlessness,0.013036495053613163,0.03811569502161097
314,32,fairness,0.034401081675745536,0.09655972692234974
314,32,compassion,0.0,0.0
314,40,honesty,0.0,0.0
314,40,harmlessness,0.0,0.0
314,40,fairness,0.0,0.0
314,40,compassion,0.02302003932109623,0.06602052767703877
314,47,honesty,0.0,0.0
314,47,harmlessness,0.04680949792888227,0.12840714574137743
314,47,fairness,0.019241157624327997,0.05558445437673399
314,47,compassion,0.0059833805131850005,0.01773787660905915
315,32,honesty,0.003788008250166726,0.011278578057039747
315,32,harmlessness,0.04379797543578578,0.12081134193453147
315,32,fairness,0.0,0.0
315,32,compassion,0.02785626583878271,0.07915866773273429
315,40,honesty,0.018602325150514517,0.05380517281266202
315,40,harmlessness,0.03243630808702256,0.09138081192348298
315,40,fairness,0.023093472398206857,0.0662218330473455
315,40,compassion,0.004619557331086755,0.013731802297317054
315,47,honesty,0.0,0.0
315,47,harmlessness,0.0,0.0
315,47,fairness,0.0014262501467985473,0.004266580019636972
315,47,compassion,0.016996342177932694,0.04931275366378644
316,32,honesty,0.01796611553650473,0.05202883450559962
316,32,harmlessness,0.0,0.0
316,32,fairness,0.0,0.0
316,32,compassion,0.0,0.0
316,40,honesty,0.01946553610134226,0.056208356710534695
316,40,harmlessness,0.0,0.0
316,40,fairness,0.0,0.0
316,40,compassion,0.03283252419249591,0.09242826601731954
316,47,honesty,0.018118767854245304,0.05245544741396742
316,47,harmlessness,0.019705149760197778,0.05687402684759846
316,47,fairness,0.0,0.0
316,47,compassion,0.0,0.0
317,32,honesty,0.0,0.0
317,32,harmlessness,0.008604419867526199,0.025376558474759277
317,32,fairness,0.0,0.0
317,32,compassion,0.0184850603214713,0.05347808954228166
317,40,honesty,0.05108429522439437,0.13904668215121294
317,40,harmlessness,0.0,0.0
317,40,fairness,0.001963314898944606,0.00586690752293281
317,40,compassion,0.0,0.0
317,47,honesty,0.029838567663886404,0.08447450643914363
317,47,harmlessness,0.0,0.0
317,47,fairness,0.0026017288794353667,0.00776478291838349
317,47,compassion,0.0,0.0
318,32,honesty,0.012219877585235194,0.035785054778165355
318,32,harmlessness,0.09207731214559337,0.2332735360486621
318,32,fairness,0.007803793150867898,0.023051599622108575
318,32,compassion,0.0,0.0
318,40,honesty,0.0037683782264084998,0.011220567991014944
318,40,harmlessness,0.006198117945575389,0.018366676186185826
318,40,fairness,0.0,0.0
318,40,compassion,0.01518033015461346,0.0441990772921909
318,47,honesty,0.01946837209844856,0.05621623897852713
318,47,harmlessness,0.06729147464051813,0.17792830753315866
318,47,fairness,0.0,0.0
318,47,compassion,0.07710994737249079,0.20042094506487726
319,32,honesty,0.0,0.0
319,32,harmlessness,0.007210816600138898,0.021324909773632352
319,32,fairness,0.0,0.0
319,32,compassion,0.0,0.0
319,40,honesty,0.0,0.0
319,40,harmlessness,0.0,0.0
319,40,fairness,0.0,0.0
319,40,compassion,0.014917143467233619,0.0434549819999813
319,47,honesty,0.0,0.0
319,47,harmlessness,0.0,0.0
319,47,fairness,0.030155532458094582,0.08532080855105907
319,47,compassion,0.0,0.0
320,32,honesty,0.0,0.0
320,32,harmlessness,0.0,0.0
320,32,fairness,0.0,0.0
320,32,compassion,0.048634430850682746,0.13296950058877868
320,40,honesty,0.026015716928586265,0.074187090113464
320,40,harmlessness,0.007255621773775525,0.021455519058824847
320,40,fairness,0.057634423091848186,0.1550328155109836
320,40,compassion,0.0,0.0
320,47,honesty,0.00202902989506504,0.006062487747439082
320,47,harmlessness,0.0,0.0
320,47,fairness,0.04132767086110259,0.11451752723640111
320,47,compassion,0.03494122942552531,0.09797682671528828
321,32,honesty,0.005808436278600884,0.017225205815077332
321,32,harmlessness,0.0,0.0
321,32,fairness,0.026565556367276796,0.0756759231002971
321,32,compassion,0.0,0.0
321,40,honesty,0.0,0.0
321,40,harmlessness,0.0,0.0
321,40,fairness,0.0,0.0
321,40,compassion,0.0,0.0
321,47,honesty,0.013180115424812726,0.038524823045517374
321,47,harmlessness,0.00031448109899304274,0.0009428502797947765
321,47,fairness,0.0,0.0
321,47,compassion,0.056135202388642204,0.15140707371392062
322,32,honesty,0.03149036371441301,0.0888737572615723
322,32,harmlessness,0.0,0.0
322,32,fairness,0.0,0.0
322,32,compassion,0.0,0.0
322,40,honesty,0.04161808648792927,0.11526042296094034
322,40,harmlessness,0.0,0.0
322,40,fairness,0.0,0.0
322,40,compassion,0.0,0.0
322,47,honesty,0.022861286192205493,0.06558513738518099
322,47,harmlessness,0.026348156521913333,0.07508762839416266
322,47,fairness,0.0,0.0
322,47,compassion,0.018836229413312186,0.054457153371725076
323,32,honesty,0.011321525671784982,0.03321254368347937
323,32,harmlessness,0.0,0.0
323,32,fairness,0.02627703436023029,0.07489506280330288
323,32,compassion,0.0,0.0
323,40,honesty,0.058709834987722635,0.15762162569327087
323,40,harmlessness,0.06222219786928972,0.16600784735581273
323,40,fairness,0.0,0.0
323,40,compassion,0.015853508917721897,0.04609886908877414
323,47,honesty,0.0,0.0
323,47,harmlessness,0.005635415222264545,0.016717821930414104
323,47,fairness,0.03977080109162655,0.1105213574294715
323,47,compassion,0.0,0.0
324,32,honesty,0.04847765327795982,0.13257874679552017
324,32,harmlessness,0.0,0.0
324,32,fairness,0.0,0.0
324,32,compassion,0.013478258156791103,0.039373404645719694
324,40,honesty,0.011304018548509374,0.03316232066960643
324,40,harmlessness,0.012345854976768057,0.03614508107222182
324,40,fairness,0.0,0.0
324,40,compassion,0.0,0.0
324,47,honesty,0.004759574542475186,0.014144083983318293
324,47,harmlessness,0.0,0.0
324,47,fairness,0.0,0.0
324,47,compassion,0.07533961242523265,0.19642210652153724
325,32,honesty,0.014616717083687671,0.042604670423028686
325,32,harmlessness,0.01117265990488229,0.032785379915353664
325,32,fairness,0.0,0.0
325,32,compassion,0.0,0.0
325,40,honesty,0.0006097033754628402,0.0018268824136401806
325,40,harmlessness,0.0,0.0
325,40,fairness,0.03639068566943833,0.10176542949479411
325,40,compassion,0.0,0.0
325,47,honesty,0.0,0.0
325,47,harmlessness,0.0,0.0
325,47,fairness,0.014003070514342582,0.040864747657042975
325,47,compassion,0.0,0.0
326,32,honesty,0.023586564625047306,0.0675721061767643
326,32,harmlessness,0.0,0.0
326,32,fairness,0.014495070567933071,0.04226008585057716
326,32,compassion,0.0,0.0
326,40,honesty,0.0024203079180289792,0.007225945726771433
326,40,harmlessness,0.023144245465061598,0.06636098647463941
326,40,fairness,0.0,0.0
326,40,compassion,0.0,0.0
326,47,honesty,0.0,0.0
326,47,harmlessness,0.0017614625157272535,0.005265836400315544
326,47,fairness,0.0,0.0
326,47,compassion,0.0,0.0
327,32,honesty,0.04029136306012061,0.11186009757378967
327,32,harmlessness,0.03177485016961021,0.08962867506655
327,32,fairness,0.0,0.0
327,32,compassion,0.010399793427137883,0.030563668601746332
327,40,honesty,0.0,0.0
327,40,harmlessness,0.029417548850143218,0.08334881110581623
327,40,fairness,0.030680239055203215,0.08671956329999622
327,40,compassion,0.0,0.0
327,47,honesty,0.0,0.0
327,47,harmlessness,0.0002969490116106686,0.0008903182765675144
327,47,fairness,0.0,0.0
327,47,compassion,0.0283860640559774,0.08058330637474054
328,32,honesty,0.005411944507254052,0.01606198042825354
328,32,harmlessness,0.022194729414632342,0.06375417492104554
328,32,fairness,0.0,0.0
328,32,compassion,0.0,0.0
328,40,honesty,0.0,0.0
328,40,harmlessness,0.0727463379720301,0.19051978113804013
328,40,fairness,0.0,0.0
328,40,compassion,0.0,0.0
328,47,honesty,0.05223334191873435,0.1418784541438126
328,47,harmlessness,0.0,0.0
328,47,fairness,0.0,0.0
328,47,compassion,0.0,0.0
329,32,honesty,0.0,0.0
329,32,harmlessness,0.012715761588842155,0.037201201547142605
329,32,fairness,0.004470336551935966,0.013292168720436958
329,32,compassion,0.0,0.0
329,40,honesty,0.02344429929219509,0.067182790959506
329,40,harmlessness,0.0,0.0
329,40,fairness,0.0,0.0
329,40,compassion,0.09353611633452846,0.2363869200888098
329,47,honesty,0.0,0.0
329,47,harmlessness,0.0,0.0
329,47,fairness,0.0,0.0
329,47,compassion,0.0,0.0
330,32,honesty,0.0,0.0
330,32,harmlessness,0.0,0.0
330,32,fairness,0.0,0.0
330,32,compassion,0.0,0.0
330,40,honesty,0.04661038329379114,0.12790751342736315
330,40,harmlessness,0.015185048668876175,0.044212410787476175
330,40,fairness,0.0,0.0
330,40,compassion,0.01652809088538283,0.04799765349756281
330,47,honesty,0.0,0.0
330,47,harmlessness,0.07964166769837647,0.20609716002978662
330,47,fairness,0.0030326905772336877,0.009043221148570842
330,47,compassion,0.0,0.0
331,32,honesty,0.003233274757940003,0.009637502884209828
331,32,harmlessness,0.0,0.0
331,32,fairness,0.007547686619352857,0.022306337369871865
331,32,compassion,0.021478867792084508,0.061782564314710284
331,40,honesty,0.0,0.0
331,40,harmlessness,0.011995781028610514,0.03514417932656808
331,40,fairness,0.014740011364367492,0.04295375637877174
331,40,compassion,0.0,0.0
331,47,honesty,0.006153864675953726,0.018237136290246966
331,47,harmlessness,0.06390788821967414,0.1699955512808283
331,47,fairness,0.0,0.0
331,47,compassion,0.0,0.0
332,32,honesty,0.02859487460596569,0.08114401779041475
332,32,harmlessness,0.010673953075283694,0.03135254797411844
332,32,fairness,0.0,0.0
332,32,compassion,0.0,0.0
332,40,honesty,0.021840658615230147,0.06277967686492773
332,40,harmlessness,0.0,0.0
332,40,fairness,0.03140257990665612,0.08864064955849149
332,40,compassion,0.0,0.0
332,47,honesty,0.0,0.0
332,47,harmlessness,0.005961396552806232,0.017673472502315855
332,47,fairness,0.0,0.0
332,47,compassion,0.016079433048860003,0.04673534349315275
333,32,honesty,0.017877477782653414,0.05178100578692195
333,32,harmlessness,0.030794823485847833,0.08702465281295899
333,32,fairness,0.0,0.0
333,32,compassion,0.0,0.0
333,40,honesty,0.028836468599514112,0.08179220887284872
333,40,harmlessness,0.0,0.0
333,40,fairness,0.0,0.0
333,40,compassion,0.0,0.0
333,47,honesty,0.004826673276702969,0.014341575630426517
333,47,harmlessness,0.011521446621892422,0.033785816893838486
333,47,fairness,0.0,0.0
333,47,compassion,0.0,0.0
334,32,honesty,0.0,0.0
334,32,harmlessness,0.024636584148947024,0.07043899975707538
334,32,fairness,0.0,0.0
334,32,compassion,0.0035058108268815683,0.010444201689919394
334,40,honesty,0.0,0.0
334,40,harmlessness,0.011577805603993992,0.03394734528306402
334,40,fairness,0.030048544979248942,0.08503526308262573
334,40,compassion,0.022382002312319824,0.06426906616205975
334,47,honesty,0.01091562061437016,0.032047231012170614
334,47,harmlessness,0.0,0.0
334,47,fairness,0.0013838981934048557,0.004140235252043419
334,47,compassion,0.0,0.0
335,32,honesty,0.026346444326081513,0.07508299317899275
335,32,harmlessness,0.0,0.0
335,32,fairness,0.0,0.0
335,32,compassion,0.09095291416566,0.2308633530322945
335,40,honesty,0.0,0.0
335,40,harmlessness,0.0,0.0
335,40,fairness,0.04050276536397724,0.11240302906693496
335,40,compassion,0.0,0.0
335,47,honesty,0.0,0.0
335,47,harmlessness,0.0,0.0
335,47,fairness,0.022411034256578834,0.06434885402584682
335,47,compassion,0.0,0.0
336,32,honesty,0.0,0.0
336,32,harmlessness,0.022718816496663154,0.06519418025429408
336,32,fairness,0.027084050736973328,0.07707703552907032
336,32,compassion,0.0,0.0
336,40,honesty,0.01417546659794663,0.04135397598335133
336,40,harmlessness,0.05337287730150811,0.14467517154557147
336,40,fairness,0.0,0.0
336,40,compassion,0.0,0.0
336,47,honesty,0.0,0.0
336,47,harmlessness,0.0,0.0
336,47,fairness,0.033043688621664,0.0929858733730846
336,47,compassion,0.0,0.0
337,32,honesty,0.0,0.0
337,32,harmlessness,0.0,0.0
337,32,fairness,0.0,0.0
337,32,compassion,0.0,0.0
337,40,honesty,0.0,0.0
337,40,harmlessness,0.04568806424788078,0.1255884100493908
337,40,fairness,0.033271286858104925,0.09358638186052728
337,40,compassion,0.0,0.0
337,47,honesty,0.0,0.0
337,47,harmlessness,0.0,0.0
337,47,fairness,0.0,0.0
337,47,compassion,0.03610802543473898,0.10102821741604702
338,32,honesty,0.0016349598925712637,0.004888893388495298
338,32,harmlessness,0.0,0.0
338,32,fairness,0.03603399523222295,0.10083500921414178
338,32,compassion,0.006535944504804484,0.019354829333565166
338,40,honesty,0.0,0.0
338,40,harmlessness,0.021296004061498473,0.061278056695940455
338,40,fairness,0.0,0.0
338,40,compassion,0.0,0.0
338,47,honesty,0.0058803136298900644,0.017435883957501237
338,47,harmlessness,0.0,0.0
338,47,fairness,0.0,0.0
338,47,compassion,0.0,0.0
339,32,honesty,0.0,0.0
339,32,harmlessness,0.0,0.0
339,32,fairness,0.0,0.0
339,32,compassion,0.012450759421192382,0.03644474866791703
339,40,honesty,0.0,0.0
339,40,harmlessness,0.0,0.0
339,40,fairness,0.0,0.0
339,40,compassion,0.05609086905294458,0.15129955958943533
339,47,honesty,0.0,0.0
339,47,harmlessness,0.0,0.0
339,47,fairness,0.0,0.0
339,47,compassion,0.022095826672712246,0.06348210101638159
340,32,honesty,0.009364237375303768,0.027576251005243194
340,32,harmlessness,0.0,0.0
340,32,fairness,0.02015894845215959,0.058133043309588454
340,32,compassion,0.0,0.0
340,40,honesty,0.0,0.0
340,40,harmlessness,0.021678401754561604,0.06233266035641099
340,40,fairness,0.00895026259467498,0.02637859704319354
340,40,compassion,0.0,0.0
340,47,honesty,0.0,0.0
340,47,harmlessness,0.0,0.0
340,47,fairness,0.0,0.0
340,47,compassion,0.0,0.0
341,32,honesty,0.0,0.0
341,32,harmlessness,0.0,0.0
341,32,fairness,0.0,0.0
341,32,compassion,0.0,0.0
341,40,honesty,0.018045455968152303,0.05225059623704627
341,40,harmlessness,0.034929298227665835,0.09794555563714871
341,40,fairness,0.06924259900843617,0.18245981360772157
341,40,compassion,0.0,0.0
341,47,honesty,0.010538364157111367,0.03096250418274637
341,47,harmlessness,0.0,0.0
341,47,fairness,0.0,0.0
341,47,compassion,0.0,0.0
342,32,honesty,0.00834762466617222,0.024631642584109752
342,32,harmlessness,0.08182708473968152,0.210957224798908
342,32,fairness,0.006976974619061024,0.02064287423793795
342,32,compassion,0.0,0.0
342,40,honesty,0.03402099421568576,0.09556083351831207
342,40,harmlessness,0.0,0.0
342,40,fairness,0.027902770454831877,0.07928383411624644
342,40,compassion,0.0,0.0
342,47,honesty,0.004344713093249987,0.012921855767862516
342,47,harmlessness,0.0,0.0
342,47,fairness,0.03744980917226901,0.10452085534260151
342,47,compassion,0.0,0.0
343,32,honesty,0.0,0.0
343,32,harmlessness,0.0,0.0
343,32,fairness,0.010647266973232736,0.0312757973904642
343,32,compassion,0.008736579193889985,0.02575963539244628
343,40,honesty,0.02094012520416937,0.060295197637048256
343,40,harmlessness,0.0,0.0
343,40,fairness,0.0,0.0
343,40,compassion,0.0,0.0
343,47,honesty,0.0006208344707098314,0.0018601936674276234
343,47,harmlessness,0.026779404270518364,0.07625413233724186
343,47,fairness,0.00011725671910418016,0.0003516876818251002
343,47,compassion,0.0,0.0
344,32,honesty,0.0,0.0
344,32,harmlessness,0.0,0.0
344,32,fairness,0.03057539813324767,0.0864403011546222
344,32,compassion,0.02622687249917427,0.07475921661302681
344,40,honesty,0.022144242075661263,0.06361530097784489
344,40,harmlessness,0.0,0.0
344,40,fairness,0.0,0.0
344,40,compassion,0.0,0.0
344,47,honesty,0.058975044103384874,0.15825852529243825
344,47,harmlessness,0.0,0.0
344,47,fairness,0.0,0.0
344,47,compassion,0.010640060827658745,0.031255070774548296
345,32,honesty,0.023330964532774,0.06687249402566035
345,32,harmlessness,0.0031317292677148123,0.009336707721473563
345,32,fairness,0.039065861947918896,0.10870432920780984
345,32,compassion,0.0,0.0
345,40,honesty,0.001821738490632785,0.005445375372075846
345,40,harmlessness,0.0,0.0
345,40,fairness,0.0,0.0
345,40,compassion,0.0,0.0
345,47,honesty,0.0,0.0
345,47,harmlessness,0.030331001758988344,0.08578887994022766
345,47,fairness,0.017650099427310217,0.05114487405731298
345,47,compassion,0.03582772284659515,0.10029638627951074
346,32,honesty,0.02759059622413807,0.07844319939058392
346,32,harmlessness,0.0,0.0
346,32,fairness,0.0,0.0
346,32,compassion,0.0,0.0
346,40,honesty,0.0,0.0
346,40,harmlessness,0.026492345943186456,0.07547786633742982
346,40,fairness,0.021377760225058638,0.061503659695315786
346,40,compassion,0.016112891913831782,0.046829556574577665
346,47,honesty,0.0,0.0
346,47,harmlessness,0.0,0.0
346,47,fairness,0.0,0.0
346,47,compassion,0.0,0.0
347,32,honesty,0.0,0.0
347,32,harmlessness,0.015362745732425912,0.044714366316658975
347,32,fairness,0.02251307026717574,0.06462920704260326
347,32,compassion,0.0,0.0
347,40,honesty,0.0,0.0
347,40,harmlessness,0.018995996170254017,0.05490214657847517
347,40,fairness,0.0,0.0
347,40,compassion,0.03864361672374646,0.10761368609209446
347,47,honesty,0.0,0.0
347,47,harmlessness,0.0,0.0
347,47,fairness,0.0,0.0
347,47,compassion,0.0,0.0
348,32,honesty,0.025317389538607984,0.07229169462915892
348,32,harmlessness,0.08340722534035874,0.21444855767349927
348,32,fairness,0.0,0.0
348,32,compassion,0.025226464471344804,0.07204453557972165
348,40,honesty,0.0,0.0
348,40,harmlessness,0.0009375747288083038,0.0028074597797416484
348,40,fairness,0.0,0.0
348,40,compassion,0.0,0.0
348,47,honesty,0.028632812773753014,0.08124584422838532
348,47,harmlessness,0.010718012975247273,0.03147924892880194
348,47,fairness,0.0,0.0
348,47,compassion,0.023890389562716136,0.06840282825952515
349,32,honesty,0.0,0.0
349,32,harmlessness,0.0,0.0
349,32,fairness,0.012046280034152129,0.03528864627240923
349,32,compassion,0.03600888543486382,0.10076946412646637
349,40,honesty,0.028586867309989977,0.08112252425642992
349,40,harmlessness,0.0,0.0
349,40,fairness,0.013147378891161804,0.038431587391827116
349,40,compassion,0.00505884739520982,0.015024528590976033
349,47,honesty,0.0,0.0
349,47,harmlessness,0.041856200194915885,0.11586893398984663
349,47,fairness,0.0,0.0
349,47,compassion,0.0,0.0
350,32,honesty,0.05899704110689621,0.15831132394745795
350,32,harmlessness,0.007081944269109539,0.02094911192110343
350,32,fairness,0.0,0.0
350,32,compassion,0.0,0.0
350,40,honesty,0.0,0.0
350,40,harmlessness,0.0,0.0
350,40,fairness,0.0,0.0
350,40,compassion,0.005303830179062482,0.015744478457197675
350,47,honesty,0.0,0.0
350,47,harmlessness,0.0,0.0
350,47,fairness,0.0,0.0
350,47,compassion,0.04154749214956012,0.11507991289363927
351,32,honesty,0.040346459138234876,0.11200163836341488
351,32,harmlessness,0.0,0.0
351,32,fairness,0.0,0.0
351,32,compassion,0.004024641575917657,0.011977514323507894
351,40,honesty,0.022604482828034986,0.06488027821454723
351,40,harmlessness,0.02675250339442474,0.07618142264734387
351,40,fairness,0.06644827359245417,0.17596030394187964
351,40,compassion,0.01621097835521873,0.04710567685000934
351,47,honesty,0.033672461717092164,0.09464361794709518
351,47,harmlessness,0.0,0.0
351,47,fairness,0.031214868923970632,0.0881419292362792
351,47,compassion,0.04146595952302202,0.1148713749970989
352,32,honesty,0.03602145033589143,0.1008022635474355
352,32,harmlessness,0.031625858409830614,0.0892334089177719
352,32,fairness,0.05193018237138523,0.14113247661578932
352,32,compassion,0.0,0.0
352,40,honesty,0.0,0.0
352,40,harmlessness,0.0,0.0
352,40,fairness,0.0,0.0
352,40,compassion,0.029355567730339087,0.08318293842512263
352,47,honesty,0.0,0.0
352,47,harmlessness,0.0,0.0
352,47,fairness,0.0,0.0
352,47,compassion,0.027982803769657692,0.07949919079712786
353,32,honesty,0.03509938011650466,0.09839120008566252
353,32,harmlessness,0.04159510486937255,0.11520166401634542
353,32,fairness,0.004073522559777706,0.012121810740301173
353,32,compassion,0.0,0.0
353,40,honesty,0.0002555051200279772,0.0007661238629448156
353,40,harmlessness,0.0,0.0
353,40,fairness,0.021484065814848147,0.06179690010646277
353,40,compassion,0.0,0.0
353,47,honesty,0.04038473228233774,0.11209994436307755
353,47,harmlessness,0.004608607087121725,0.013699549578806647
353,47,fairness,0.022413861363365997,0.06435662322838709
353,47,compassion,0.022295137411829244,0.06403028426315661
354,32,honesty,0.0,0.0
354,32,harmlessness,0.0,0.0
354,32,fairness,0.0,0.0
354,32,compassion,0.019033873717119183,0.05500760551755312
354,40,honesty,0.0005468896552560395,0.001638876396672951
354,40,harmlessness,0.0,0.0
354,40,fairness,0.0,0.0
354,40,compassion,0.017574721561718347,0.050933867602793975
354,47,honesty,0.0,0.0
354,47,harmlessness,0.0,0.0
354,47,fairness,0.0,0.0
354,47,compassion,0.0,0.0
355,32,honesty,0.026206043277091907,0.07470280020128603
355,32,harmlessness,0.0,0.0
355,32,fairness,0.04378367498891935,0.12077507197088491
355,32,compassion,0.0044842071358539605,0.013333045135285266
355,40,honesty,0.0,0.0
355,40,harmlessness,0.0,0.0
355,40,fairness,0.0,0.0
355,40,compassion,0.0,0.0
355,47,honesty,0.0,0.0
355,47,harmlessness,0.008707472134867432,0.025675282785778287
355,47,fairness,0.02257494069116502,0.064799148217786
355,47,compassion,0.0,0.0
356,32,honesty,0.0,0.0
356,32,harmlessness,0.0,0.0
356,32,fairness,0.02372694493751753,0.06795605563223858
356,32,compassion,0.0037638610029670084,0.011207218185937442
356,40,honesty,0.021970632239230282,0.06313755281109572
356,40,harmlessness,0.039689350183113446,0.11031165475929924
356,40,fairness,0.0,0.0
356,40,compassion,0.0565335217832455,0.15237228191241933
356,47,honesty,0.014628544135529517,0.04263816388217197
356,47,harmlessness,0.05304093975859165,0.14386169977328783
356,47,fairness,0.0,0.0
356,47,compassion,0.013352489602481888,0.03901555911267173
357,32,honesty,0.027200017111203997,0.07739003099880384
357,32,harmlessness,0.042667006122995524,0.11793698246321532
357,32,fairness,0.042387938807287466,0.11722588881815475
357,32,compassion,0.01759593326577163,0.05099325207623857
357,40,honesty,0.011512660145327558,0.033760631091877547
357,40,harmlessness,0.0,0.0
357,40,fairness,0.0,0.0
357,40,compassion,0.0,0.0
357,47,honesty,0.0025158680347235943,0.007509816688663498
357,47,harmlessness,0.004186117672624918,0.01245408449150227
357,47,fairness,0.0,0.0
357,47,compassion,0.021727138192572434,0.06246695811485512
358,32,honesty,0.0,0.0
358,32,harmlessness,0.05334820896989696,0.14461475099705037
358,32,fairness,0.0,0.0
358,32,compassion,0.02516655019884604,0.0718816255223713
358,40,honesty,0.0,0.0
358,40,harmlessness,0.0010968681913121375,0.0032834016562642964
358,40,fairness,0.0,0.0
358,40,compassion,0.0,0.0
358,47,honesty,0.039012607536703346,0.10856686928435204
358,47,harmlessness,0.016831898331347774,0.04885117884274807
358,47,fairness,0.02956003001073589,0.08372996922597221
358,47,compassion,0.013243751670910223,0.0387060289417865
359,32,honesty,0.0,0.0
359,32,harmlessness,0.012453756843764183,0.03645330923262523
359,32,fairness,0.0019421929164140656,0.00580403364318535
359,32,compassion,0.0,0.0
359,40,honesty,0.026976576931001788,0.07678683867158072
359,40,harmlessness,0.0012727832239675626,0.003808654488824159
359,40,fairness,0.009984076333545075,0.02936584727897029
359,40,compassion,0.0,0.0
359,47,honesty,0.02385920602643483,0.06831761020507156
359,47,harmlessness,0.0,0.0
359,47,fairness,0.0027157051651348083,0.008103104211482925
359,47,compassion,0.014828329035063561,0.043203709466190746
360,32,honesty,0.03214163548186541,0.09060079123322257
360,32,harmlessness,0.028511253101110627,0.08091952517704314
360,32,fairness,0.024656524659915774,0.07049333278347646
360,32,compassion,0.0,0.0
360,40,honesty,0.0,0.0
360,40,harmlessness,0.0034457173916920417,0.010266401935676402
360,40,fairness,0.0,0.0
360,40,compassion,0.017389357397541542,0.050414713258723584
360,47,honesty,0.0,0.0
360,47,harmlessness,0.02194803741354954,0.0630753518749981
360,47,fairness,0.0,0.0
360,47,compassion,0.0,0.0
361,32,honesty,0.018005798313639836,0.052139758972556224
361,32,harmlessness,0.0,0.0
361,32,fairness,0.0011320885938707725,0.0033885934057245447
361,32,compassion,0.0,0.0
361,40,honesty,0.05539921398295759,0.1496199830361774
361,40,harmlessness,0.014873394583522633,0.04333121911131264
361,40,fairness,0.0519102823049642,0.14108348032990786
361,40,compassion,0.052198847177287025,0.14179361504677745
361,47,honesty,0.006938584370728976,0.020530843137562566
361,47,harmlessness,0.0,0.0
361,47,fairness,0.0,0.0
361,47,compassion,0.0,0.0
362,32,honesty,0.0320030559145619,0.09023366189000284
362,32,harmlessness,0.0,0.0
362,32,fairness,0.010385249206979386,0.030521794731868702
362,32,compassion,0.026101625971629256,0.07441991627593875
362,40,honesty,0.026889037224700006,0.07655037965773642
362,40,harmlessness,0.0,0.0
362,40,fairness,0.0,0.0
362,40,compassion,0.05149952963320216,0.140071369600589
362,47,honesty,0.0,0.0
362,47,harmlessness,0.04597663526027602,0.12631484286417732
362,47,fairness,0.0031712270305533728,0.009453721298617133
362,47,compassion,0.00680512889885482,0.020141258969617538
363,32,honesty,0.0,0.0
363,32,harmlessness,0.027281112435774843,0.07760882703464313
363,32,fairness,0.0,0.0
363,32,compassion,0.0,0.0
363,40,honesty,0.0,0.0
363,40,harmlessness,0.0429231251755464,0.11858895813749273
363,40,fairness,0.0,0.0
363,40,compassion,0.005724217706209436,0.01697827839500898
363,47,honesty,0.0,0.0
363,47,harmlessness,0.004225375196823919,0.01256990049888271
363,47,fairness,0.0,0.0
363,47,compassion,0.019371928953154826,0.055948140070452554
364,32,honesty,0.0,0.0
364,32,harmlessness,0.0,0.0
364,32,fairness,0.021565573712326137,0.06202165595064986
364,32,compassion,0.0,0.0
364,40,honesty,0.0,0.0
364,40,harmlessness,0.0,0.0
364,40,fairness,0.022548719488662605,0.06472713064169655
364,40,compassion,0.006573545867852314,0.01946473297354278
364,47,honesty,0.023834955563219063,0.06825133176992387
364,47,harmlessness,0.0,0.0
364,47,fairness,0.04406250051331499,0.12148190825064034
364,47,compassion,0.0,0.0
365,32,honesty,0.015271724652938821,0.044457294827962145
365,32,harmlessness,0.0487360699778077,0.13322270753892318
365,32,fairness,0.016929501815797394,0.049125175936940574
365,32,compassion,0.0016085993597951338,0.004810322316587659
365,40,honesty,0.03397818502611979,0.09544823921353003
365,40,harmlessness,0.0,0.0
365,40,fairness,0.0,0.0
365,40,compassion,0.005647090634664788,0.01675207097773515
365,47,honesty,0.0,0.0
365,47,harmlessness,0.0,0.0
365,47,fairness,0.015435483188166758,0.04491973396755407
365,47,compassion,0.03320825909815865,0.09342013706143285
366,32,honesty,0.05835573734525887,0.1567703171352244
366,32,harmlessness,0.004882385423544773,0.01450551325765391
366,32,fairness,0.0,0.0
366,32,compassion,0.03911616300024363,0.10883414100188815
366,40,honesty,0.0,0.0
366,40,harmlessness,0.010216127940283645,0.03003470700208644
366,40,fairness,0.013021148097697307,0.03807196295702499
366,40,compassion,0.0,0.0
366,47,honesty,0.001052014201982047,0.003149416144921323
366,47,harmlessness,0.09057146905247347,0.23004362841415726
366,47,fairness,0.011591801488175403,0.03398745285144096
366,47,compassion,0.02337155617651952,0.06698364450848254
367,32,honesty,0.0,0.0
367,32,harmlessness,0.0,0.0
367,32,fairness,0.04829058915800646,0.13211221416046426
367,32,compassion,0.01875764576676225,0.05423817630399566
367,40,honesty,0.0,0.0
367,40,harmlessness,0.0,0.0
367,40,fairness,0.0,0.0
367,40,compassion,0.0,0.0
367,47,honesty,0.0,0.0
367,47,harmlessness,0.0,0.0
367,47,fairness,0.00662101632146593,0.01960345931621804
367,47,compassion,0.004605350293874493,0.013689956788584602
368,32,honesty,0.0,0.0
368,32,harmlessness,0.028629588006923227,0.08123718948895162
368,32,fairness,0.0,0.0
368,32,compassion,0.016743535465896457,0.0486030331781523
368,40,honesty,0.024922382090277695,0.07121733500208648
368,40,harmlessness,0.0,0.0
368,40,fairness,0.0,0.0
368,40,compassion,0.0,0.0
368,47,honesty,0.008262596061441422,0.024384824278243556
368,47,harmlessness,0.027666680484807773,0.07864817367108042
368,47,fairness,0.005301286115761143,0.015737005608610268
368,47,compassion,0.06250392303751726,0.16667596565370557
369,32,honesty,0.0,0.0
369,32,harmlessness,0.0,0.0
369,32,fairness,0.013241466906521972,0.0386995237923761
369,32,compassion,0.0,0.0
369,40,honesty,0.013143389583636379,0.03842022478639227
369,40,harmlessness,0.0,0.0
369,40,fairness,0.0,0.0
369,40,compassion,0.0,0.0
369,47,honesty,0.0,0.0
369,47,harmlessness,0.023335788574630877,0.0668857044103235
369,47,fairness,0.0,0.0
369,47,compassion,0.01615985079562394,0.04696176224491698
370,32,honesty,0.027638252995603498,0.07857159570602758
370,32,harmlessness,0.0,0.0
370,32,fairness,0.030880472228157194,0.08725261290516727
370,32,compassion,0.008264241219871514,0.024389600574801586
370,40,honesty,0.0,0.0
370,40,harmlessness,0.0,0.0
370,40,fairness,0.029031231108844736,0.08231432116397608
370,40,compassion,0.0,0.0
370,47,honesty,0.0,0.0
370,47,harmlessness,0.029367395197791368,0.08321459386486756
370,47,fairness,0.015450043611498614,0.04496083704809087
370,47,compassion,0.0,0.0
371,32,honesty,0.032379915641740975,0.09123160366420736
371,32,harmlessness,0.0,0.0
371,32,fairness,0.0,0.0
371,32,compassion,0.0,0.0
371,40,honesty,0.0,0.0
371,40,harmlessness,0.0,0.0
371,40,fairness,0.0,0.0
371,40,compassion,0.03938083000971124,0.10951676761204752
371,47,honesty,0.0,0.0
371,47,harmlessness,0.0,0.0
371,47,fairness,0.0,0.0
371,47,compassion,0.0,0.0
372,32,honesty,0.0,0.0
372,32,harmlessness,0.02955567998911063,0.08371833531193092
372,32,fairness,0.019584163973672335,0.056537993259542486
372,32,compassion,0.0,0.0
372,40,honesty,0.0,0.0
372,40,harmlessness,0.000793294049154375,0.0023761122360691322
372,40,fairness,0.0,0.0
372,40,compassion,0.029908942150173486,0.08466249511325695
372,47,honesty,0.007501598814334929,0.02217214339381616
372,47,harmlessness,0.0,0.0
372,47,fairness,0.0,0.0
372,47,compassion,0.0,0.0
373,32,honesty,0.025838629591503903,0.07370691730534297
373,32,harmlessness,0.018994434681993678,0.05489779874122998
373,32,fairness,0.05484811136125904,0.1482787187290641
373,32,compassion,0.0,0.0
373,40,honesty,0.011781853978501537,0.0345318631959442
373,40,harmlessness,0.03564029914809453,0.09980662173321836
373,40,fairness,0.022331931174580717,0.06413143589851672
373,40,compassion,0.02170417636572704,0.06240368780518991
373,47,honesty,0.0,0.0
373,47,harmlessness,0.0,0.0
373,47,fairness,0.0,0.0
373,47,compassion,0.0,0.0
374,32,honesty,0.0,0.0
374,32,harmlessness,0.0345464597456208,0.09694141392890543
374,32,fairness,0.0,0.0
374,32,compassion,0.007886421838499394,0.023291886234971537
374,40,honesty,0.007726339786753873,0.022826291984375732
374,40,harmlessness,0.0,0.0
374,40,fairness,0.0,0.0
374,40,compassion,0.0,0.0
374,47,honesty,0.01888188903308365,0.05458435560817892
374,47,harmlessness,0.006734146562862531,0.019933963228666488
374,47,fairness,0.006972496786387077,0.020629807821680328
374,47,compassion,0.0004626145231634123,0.0013865606832715793
375,32,honesty,0.0,0.0
375,32,harmlessness,0.0,0.0
375,32,fairness,0.04217356382668422,0.11667914107344537
375,32,compassion,0.0,0.0
375,40,honesty,0.018105163297378667,0.052417437365858036
375,40,harmlessness,0.04935040151159569,0.13475115711885216
375,40,fairness,0.028588429036533775,0.08112671636222442
375,40,compassion,0.0,0.0
375,47,honesty,0.005371748610260377,0.01594395202650031
375,47,harmlessness,0.017035647898315145,0.04942303678932848
375,47,fairness,0.0,0.0
375,47,compassion,0.031197587299599663,0.0880959967971503
376,32,honesty,0.07977134189816314,0.20638656001086453
376,32,harmlessness,0.008438374916297973,0.02489497842591193
376,32,fairness,0.02759901541291522,0.07846588395729487
376,32,compassion,0.02692743369744172,0.0766541044612889
376,40,honesty,0.009758515433068354,0.02871511256102691
376,40,harmlessness,0.0,0.0
376,40,fairness,0.0,0.0
376,40,compassion,0.0012623503870332767,0.0037775140684072747
376,47,honesty,0.028434620370909405,0.0807137324318884
376,47,harmlessness,0.0,0.0
376,47,fairness,0.04741640536152785,0.12992779782571415
376,47,compassion,0.0,0.0
377,32,honesty,0.018623990220790212,0.05386558635533293
377,32,harmlessness,0.03847772672661985,0.10718473063089563
377,32,fairness,0.031047885516861617,0.08769798269691763
377,32,compassion,0.0,0.0
377,40,honesty,0.0,0.0
377,40,harmlessness,0.021973632091921207,0.06314581065289783
377,40,fairness,0.021200824801713453,0.06101532401578355
377,40,compassion,0.0,0.0
377,47,honesty,0.0,0.0
377,47,harmlessness,0.05195795625084577,0.141200853241889
377,47,fairness,0.004604650461960181,0.013687895437778881
377,47,compassion,0.0,0.0
378,32,honesty,0.0,0.0
378,32,harmlessness,0.03587403895650056,0.10041736401251365
378,32,fairness,0.0,0.0
378,32,compassion,0.020906579646081835,0.06020248292972131
378,40,honesty,0.011010049262688955,0.032318491422746405
378,40,harmlessness,0.006881400506807756,0.02036393671160755
378,40,fairness,0.0,0.0
378,40,compassion,0.00937273254371774,0.027600807654873764
378,47,honesty,0.011540755734969533,0.03384116203523623
378,47,harmlessness,0.0,0.0
378,47,fairness,0.03387358518050064,0.09517305066436686
378,47,compassion,0.06090233054702046,0.16286881128027783
379,32,honesty,0.049853730857443074,0.13600088912655298
379,32,harmlessness,0.05940680178693798,0.15929409938484534
379,32,fairness,0.019757399956027683,0.05701910148186209
379,32,compassion,0.011098281491190617,0.03257186110705571
379,40,honesty,0.040103929709487784,0.11137836859766685
379,40,harmlessness,0.0,0.0
379,40,fairness,0.006056277683095942,0.017951395774073935
379,40,compassion,0.03831063337100777,0.1067523962821401
379,47,honesty,0.015688728494268694,0.045634297282618586
379,47,harmlessness,0.0030704165009846534,0.009155029992641131
379,47,fairness,0.0,0.0
379,47,compassion,0.0,0.0
380,32,honesty,0.0,0.0
380,32,harmlessness,0.02510035747490407,0.07170160080143446
380,32,fairness,0.01817876794894792,0.05262305908702997
380,32,compassion,0.0,0.0
380,40,honesty,0.0,0.0
380,40,harmlessness,0.0,0.0
380,40,fairness,0.014668757937237561,0.04275203529750598
380,40,compassion,0.011752708367200748,0.03444840107842017
380,47,honesty,0.0031729584856932387,0.009458850377936564
380,47,harmlessness,0.007336323775623544,0.021690711166784508
380,47,fairness,0.0,0.0
380,47,compassion,0.03092740999830362,0.0873775098513065
381,32,honesty,0.0,0.0
381,32,harmlessness,0.0,0.0
381,32,fairness,0.016645286249144485,0.048327024436793785
381,32,compassion,0.03446694430441752,0.09673267356863731
381,40,honesty,0.09096741418696214,0.23089449266533446
381,40,harmlessness,0.0,0.0
381,40,fairness,0.0,0.0
381,40,compassion,0.003039213689829256,0.009062554987124369
381,47,honesty,0.0,0.0
381,47,harmlessness,0.0,0.0
381,47,fairness,0.0,0.0
381,47,compassion,0.004688345859800584,0.013934379201326888
382,32,honesty,0.056629058986410775,0.1526035824185922
382,32,harmlessness,0.01776581302499661,0.05146867341781868
382,32,fairness,0.019647777551354717,0.05671469714718352
382,32,compassion,0.020094750791892182,0.05795506711410586
382,40,honesty,0.0,0.0
382,40,harmlessness,0.0,0.0
382,40,fairness,0.0,0.0
382,40,compassion,0.0705123449412608,0.1853921625881399
382,47,honesty,0.017735821437275236,0.05138476237178028
382,47,harmlessness,0.05158639743889619,0.14028554097350862
382,47,fairness,0.0009035317641840751,0.002705705910083623
382,47,compassion,0.026028272500166292,0.07422112230714195
383,32,honesty,0.00210723932980094,0.006295187057889144
383,32,harmlessness,0.0,0.0
383,32,fairness,0.0,0.0
383,32,compassion,0.0,0.0
383,40,honesty,0.0,0.0
383,40,harmlessness,0.037399811951095666,0.10439102634399261
383,40,fairness,0.0,0.0
383,40,compassion,0.00999264824246265,0.029390565560795813
383,47,honesty,0.018983207844463147,0.05486653775362321
383,47,harmlessness,0.0,0.0
383,47,fairness,0.0,0.0
383,47,compassion,0.0,0.0
384,32,honesty,0.0,0.0
384,32,harmlessness,0.0,0.0
384,32,fairness,0.0,0.0
384,32,compassion,0.008320041645827038,0.024551584526025957
384,40,honesty,0.0,0.0
384,40,harmlessness,0.0,0.0
384,40,fairness,0.0,0.0
384,40,compassion,0.0,0.0
384,47,honesty,0.0,0.0
384,47,harmlessness,0.0,0.0
384,47,fairness,0.020347111544204884,0.05865443785347988
384,47,compassion,0.022970740390906554,0.0658853506041367
385,32,honesty,0.06856735613896722,0.18089507443215286
385,32,harmlessness,0.0,0.0
385,32,fairness,0.0,0.0
385,32,compassion,0.0,0.0
385,40,honesty,0.0,0.0
385,40,harmlessness,0.0,0.0
385,40,fairness,0.005075015150519302,0.015072063549827975
385,40,compassion,0.05559131901820024,0.1500868996201302
385,47,honesty,0.00567744976024488,0.01684112005470101
385,47,harmlessness,0.0,0.0
385,47,fairness,0.0,0.0
385,47,compassion,0.0,0.0
386,32,honesty,0.04335590475169054,0.11968924338322189
386,32,harmlessness,0.01553555335660908,0.04520217836226343
386,32,fairness,0.0020421114718123,0.0061014148768084656
386,32,compassion,0.0,0.0
386,40,honesty,0.0,0.0
386,40,harmlessness,0.0,0.0
386,40,fairness,0.015036487236796925,0.04379249123921867
386,40,compassion,0.0,0.0
386,47,honesty,0.0,0.0
386,47,harmlessness,0.0,0.0
386,47,fairness,0.0,0.0
386,47,compassion,0.0,0.0
387,32,honesty,0.059169055702203925,0.15872406144122056
387,32,harmlessness,0.0,0.0
387,32,fairness,0.0008951728728144359,0.002680719204220806
387,32,compassion,0.010730261838606746,0.031514468518014586
387,40,honesty,0.030249677270320276,0.08557198212559886
387,40,harmlessness,0.0,0.0
387,40,fairness,0.0,0.0
387,40,compassion,0.03353740862838643,0.09428788334056308
387,47,honesty,0.027852949891676644,0.07914974207511531
387,47,harmlessness,0.0,0.0
387,47,fairness,0.0,0.0
387,47,compassion,0.007773609807408016,0.02296380608581582
388,32,honesty,0.0,0.0
388,32,harmlessness,0.0,0.0
388,32,fairness,0.021635736345228924,0.062215071277948154
388,32,compassion,0.0,0.0
388,40,honesty,0.011678246528293397,0.03423512707701453
388,40,harmlessness,0.0006699681714616067,0.0020072149740929727
388,40,fairness,0.0,0.0
388,40,compassion,0.02181186733843833,0.06270037738800081
388,47,honesty,0.023376195979558416,0.06699634839851819
388,47,harmlessness,0.0,0.0
388,47,fairness,0.02852687010716412,0.08096145641955729
388,47,compassion,0.0,0.0
389,32,honesty,0.03642201327810943,0.10184708786147355
389,32,harmlessness,0.0,0.0
389,32,fairness,0.0,0.0
389,32,compassion,0.02284581741563601,0.06554269917055129
389,40,honesty,0.0,0.0
389,40,harmlessness,0.035630279839849406,0.0997804302171901
389,40,fairness,0.0,0.0
389,40,compassion,0.0,0.0
389,47,honesty,0.03611322919211281,0.10104179646862955
389,47,harmlessness,0.037043205247065426,0.10346431595766246
389,47,fairness,0.02345242251045859,0.06720502619315896
389,47,compassion,0.03563994297433174,0.09980569067467668
390,32,honesty,0.0,0.0
390,32,harmlessness,0.0,0.0
390,32,fairness,0.0008997551791438432,0.002694416906299099
390,32,compassion,0.015719162301477983,0.0457201228416511
390,40,honesty,0.0,0.0
390,40,harmlessness,0.0,0.0
390,40,fairness,0.00924186249357724,0.027222415832988792
390,40,compassion,0.0,0.0
390,47,honesty,0.0,0.0
390,47,harmlessness,0.0,0.0
390,47,fairness,0.057452503881380394,0.1545938985331178
390,47,compassion,0.06889348717295235,0.1816512811088159
391,32,honesty,0.0,0.0
391,32,harmlessness,0.003779478772960686,0.011253372553501702
391,32,fairness,0.0,0.0
391,32,compassion,0.0,0.0
391,40,honesty,0.0,0.0
391,40,harmlessness,0.051976434141449486,0.14124634022363897
391,40,fairness,0.06011010117869738,0.16097754991081623
391,40,compassion,0.06302979446798539,0.16792129409654896
391,47,honesty,0.04994246430166122,0.13622097094760674
391,47,harmlessness,0.050960355820871196,0.1387405335496756
391,47,fairness,0.0,0.0
391,47,compassion,0.0,0.0
392,32,honesty,0.011535247244530828,0.03382537363749813
392,32,harmlessness,0.0,0.0
392,32,fairness,0.0,0.0
392,32,compassion,0.0,0.0
392,40,honesty,0.02294790448859323,0.0658227261978457
392,40,harmlessness,0.0,0.0
392,40,fairness,0.0,0.0
392,40,compassion,0.0,0.0
392,47,honesty,0.011062317180611821,0.03246859573302
392,47,harmlessness,0.013053451242118116,0.03816400964806487
392,47,fairness,0.015816362837613448,0.0459941676256769
392,47,compassion,0.0,0.0
393,32,honesty,0.016622278210594345,0.04826237343509939
393,32,harmlessness,0.04201790724603477,0.11628187930042462
393,32,fairness,0.0,0.0
393,32,compassion,0.0,0.0
393,40,honesty,0.002297562985140026,0.006861161056065079
393,40,harmlessness,0.07110455137601089,0.18675534419580256
393,40,fairness,0.0,0.0
393,40,compassion,0.0,0.0
393,47,honesty,0.0,0.0
393,47,harmlessness,0.0,0.0
393,47,fairness,0.0,0.0
393,47,compassion,0.0,0.0
394,32,honesty,0.0,0.0
394,32,harmlessness,0.0038832350153385135,0.011559925233135525
394,32,fairness,0.009236837853669718,0.027207883936483625
394,32,compassion,0.06940143482175073,0.18282734441161874
394,40,honesty,0.026015597049744044,0.07418676517100636
394,40,harmlessness,0.005940840272543401,0.01761324585699531
394,40,fairness,0.0,0.0
394,40,compassion,0.018122201946009754,0.05246504167726677
394,47,honesty,0.054486544205204275,0.14739729423904624
394,47,harmlessness,0.0013313812765809222,0.00398353661760825
394,47,fairness,0.0,0.0
394,47,compassion,0.0029395809159420707,0.008767198966291061
395,32,honesty,0.0,0.0
395,32,harmlessness,0.0,0.0
395,32,fairness,0.0,0.0
395,32,compassion,0.0,0.0
395,40,honesty,0.0077198586897843655,0.022807435707870884
395,40,harmlessness,0.0,0.0
395,40,fairness,0.0,0.0
395,40,compassion,0.0,0.0
395,47,honesty,0.0,0.0
395,47,harmlessness,0.005641853145200741,0.016736707345645554
395,47,fairness,0.0013666080758895794,0.004088649066002583
395,47,compassion,0.0,0.0
396,32,honesty,0.014806563347868992,0.043142117065037656
396,32,harmlessness,0.0,0.0
396,32,fairness,0.028576439004249797,0.08109453116586997
396,32,compassion,0.0025539094736044604,0.007622792576460692
396,40,honesty,0.011963570213146554,0.035052016127336195
396,40,harmlessness,0.013458184467963475,0.03931630133204113
396,40,fairness,0.017253687657619674,0.05003450357914189
396,40,compassion,0.01323877005785835,0.0386918452878158
396,47,honesty,0.0,0.0
396,47,harmlessness,0.0,0.0
396,47,fairness,0.05498554265814311,0.14861344602271773
396,47,compassion,0.0071937829158044125,0.02127524969188729
397,32,honesty,0.00648186839790016,0.019196743661535884
397,32,harmlessness,0.0,0.0
397,32,fairness,0.0,0.0
397,32,compassion,0.025564133198342824,0.07296198004258168
397,40,honesty,0.0,0.0
397,40,harmlessness,0.03222937371985222,0.0908331312905421
397,40,fairness,0.03271219310531475,0.09211031827888262
397,40,compassion,0.01988946040253507,0.0573856422876949
397,47,honesty,0.0,0.0
397,47,harmlessness,0.033818312624841425,0.09502759223045343
397,47,fairness,0.0066981563157087675,0.019828835665435134
397,47,compassion,0.02976109255792023,0.08426749239233638
398,32,honesty,0.04935467769260506,0.13476178422627846
398,32,harmlessness,0.05325025099527007,0.14437476774608454
398,32,fairness,0.0,0.0
398,32,compassion,0.0,0.0
398,40,honesty,0.0,0.0
398,40,harmlessness,0.0,0.0
398,40,fairness,0.0,0.0
398,40,compassion,0.04240865277538753,0.1172786953850892
398,47,honesty,0.0032636028189230765,0.009727316263214858
398,47,harmlessness,0.0,0.0
398,47,fairness,0.0,0.0
398,47,compassion,0.0,0.0
399,32,honesty,0.0,0.0
399,32,harmlessness,0.0,0.0
399,32,fairness,0.029512870594308384,0.08360383354190451
399,32,compassion,0.011891888986909004,0.03484687658494954
399,40,honesty,0.0,0.0
399,40,harmlessness,0.027646844032182323,0.0785947391087667
399,40,fairness,0.016439582710586504,0.04774880720112986
399,40,compassion,0.0,0.0
399,47,honesty,0.0,0.0
399,47,harmlessness,0.0012176329030593126,0.003644024540817029
399,47,fairness,0.011441259523677227,0.03355593426603731
399,47,compassion,0.0,0.0
400,32,honesty,0.006778787559016983,0.02006433889528444
400,32,harmlessness,0.0,0.0
400,32,fairness,0.0,0.0
400,32,compassion,0.0,0.0
400,40,honesty,0.03288044148176147,0.0925548366637327
400,40,harmlessness,0.0,0.0
400,40,fairness,0.0,0.0
400,40,compassion,0.0,0.0
400,47,honesty,0.0,0.0
400,47,harmlessness,0.03404767115065945,0.09563098855192174
400,47,fairness,0.0,0.0
400,47,compassion,0.0,0.0
401,32,honesty,0.017947735984481555,0.05197745275505739
401,32,harmlessness,0.02973397073398531,0.08419500837218362
401,32,fairness,0.0,0.0
401,32,compassion,0.0,0.0
401,40,honesty,0.0,0.0
401,40,harmlessness,0.0,0.0
401,40,fairness,0.007063296253786731,0.02089471760026049
401,40,compassion,0.0081803801494925,0.024146092024704083
401,47,honesty,0.00015110621001184898,0.0004531816729054678
401,47,harmlessness,0.0,0.0
401,47,fairness,0.00934075648645782,0.02750837146105989
401,47,compassion,0.041417829267819214,0.11474824164129445
402,32,honesty,0.008276527948103404,0.024425270968685558
402,32,harmlessness,0.0,0.0
402,32,fairness,0.01599024962084452,0.046484162150140444
402,32,compassion,0.060882361588586134,0.16282120572346703
402,40,honesty,0.0,0.0
402,40,harmlessness,0.021958715990328927,0.06310474943022827
402,40,fairness,0.0,0.0
402,40,compassion,0.0,0.0
402,47,honesty,0.007611188451961481,0.022491195894951528
402,47,harmlessness,0.04415093425534364,0.12170594078579422
402,47,fairness,0.09226662474659234,0.23367843355871082
402,47,compassion,0.0,0.0
403,32,honesty,0.0,0.0
403,32,harmlessness,0.020330194398782114,0.058607576355258595
403,32,fairness,0.007281815035211519,0.02153186301791463
403,32,compassion,0.0,0.0
403,40,honesty,0.020041104419129405,0.057806308719138826
403,40,harmlessness,0.0,0.0
403,40,fairness,0.0,0.0
403,40,compassion,0.010098799103973185,0.029696597370095217
403,47,honesty,0.05956429394197605,0.15967144773220437
403,47,harmlessness,0.0,0.0
403,47,fairness,0.0,0.0
403,47,compassion,0.0,0.0
404,32,honesty,0.0,0.0
404,32,harmlessness,0.0,0.0
404,32,fairness,0.0,0.0
404,32,compassion,0.04761963894233644,0.13043626147422752
404,40,honesty,0.0053756982524500296,0.015955550309518573
404,40,harmlessness,0.012765942082316099,0.037344354513311466
404,40,fairness,0.0067623543779381365,0.020016347858669598
404,40,compassion,0.024559822993812038,0.07022980578356766
404,47,honesty,0.014730840126203596,0.04292779539669267
404,47,harmlessness,0.027494684226404303,0.07818472407942807
404,47,fairness,0.03892135251626316,0.10833125928635928
404,47,compassion,0.0,0.0
405,32,honesty,0.0,0.0
405,32,harmlessness,0.0,0.0
405,32,fairness,0.04437267793147133,0.12226737232684151
405,32,compassion,0.03486739919144559,0.09778329893770213
405,40,honesty,0.027587268134827297,0.07843423202484459
405,40,harmlessness,0.04767613620830999,0.1305775431582149
405,40,fairness,0.02700111972219136,0.0768531186511283
405,40,compassion,0.0,0.0
405,47,honesty,0.0,0.0
405,47,harmlessness,0.0,0.0
405,47,fairness,0.0,0.0
405,47,compassion,0.0,0.0
406,32,honesty,0.0,0.0
406,32,harmlessness,0.004533329615764072,0.013477790315309318
406,32,fairness,0.0036881387080372847,0.010983399522264053
406,32,compassion,0.0,0.0
406,40,honesty,0.0,0.0
406,40,harmlessness,0.0,0.0
406,40,fairness,0.0,0.0
406,40,compassion,0.0,0.0
406,47,honesty,0.0,0.0
406,47,harmlessness,0.0,0.0
406,47,fairness,0.0033190692930711693,0.009891546423224882
406,47,compassion,0.0,0.0
407,32,honesty,0.0,0.0
407,32,harmlessness,0.0,0.0
407,32,fairness,0.0,0.0
407,32,compassion,0.04792513199168109,0.1311998552178349
407,40,honesty,0.014351762493413538,0.04185393209456724
407,40,harmlessness,0.029451442403313623,0.08343949995572615
407,40,fairness,0.005974675439304579,0.017712374934922864
407,40,compassion,0.0,0.0
407,47,honesty,0.0,0.0
407,47,harmlessness,0.0,0.0
407,47,fairness,0.0,0.0
407,47,compassion,0.0,0.0
408,32,honesty,0.0,0.0
408,32,harmlessness,0.05319872297083724,0.14424849722666938
408,32,fairness,0.005513056464987021,0.01635879546872456
408,32,compassion,0.0,0.0
408,40,honesty,0.0015114129424847835,0.00452057391959528
408,40,harmlessness,0.0,0.0
408,40,fairness,0.0,0.0
408,40,compassion,0.026625912727509877,0.07583916424547502
408,47,honesty,0.0,0.0
408,47,harmlessness,0.0,0.0
408,47,fairness,0.01222955620140213,0.03581272123018695
408,47,compassion,0.0,0.0
409,32,honesty,0.0,0.0
409,32,harmlessness,0.00732071715615251,0.02164523419383405
409,32,fairness,0.03933078074950209,0.10938773240842435
409,32,compassion,0.0,0.0
409,40,honesty,0.0,0.0
409,40,harmlessness,0.011339858748061288,0.0332651324380185
409,40,fairness,0.007080065080364514,0.02094363070428266
409,40,compassion,0.0,0.0
409,47,honesty,0.0,0.0
409,47,harmlessness,0.024627043408224296,0.07041300210594013
409,47,fairness,0.0,0.0
409,47,compassion,0.0,0.0
410,32,honesty,0.024453007636610274,0.06993860445229896
410,32,harmlessness,0.009397066000052924,0.02767114288812555
410,32,fairness,0.018485062074226184,0.05347809443229399
410,32,compassion,0.0,0.0
410,40,honesty,0.02962197051554374,0.08389560525607305
410,40,harmlessness,0.0011639430527819036,0.0034837194562278755
410,40,fairness,0.03710045787066454,0.10361318071971866
410,40,compassion,0.031206291394347888,0.0881191315875667
410,47,honesty,0.04825751589714162,0.1320296972623587
410,47,harmlessness,0.0,0.0
410,47,fairness,0.0,0.0
410,47,compassion,0.0,0.0
411,32,honesty,0.03149780191634071,0.08889350568179365
411,32,harmlessness,0.0,0.0
411,32,fairness,0.025041078937186045,0.07154034210392289
411,32,compassion,0.022755251300985775,0.06529418282558017
411,40,honesty,0.0,0.0
411,40,harmlessness,0.03855735083304272,0.10739065423599378
411,40,fairness,0.0,0.0
411,40,compassion,0.02726336526380493,0.07756095073141756
411,47,honesty,0.07623842918869068,0.19845542745915914
411,47,harmlessness,0.0,0.0
411,47,fairness,0.0,0.0
411,47,compassion,0.0,0.0
412,32,honesty,0.009022552178362541,0.026587875546232247
412,32,harmlessness,0.00583190936744365,0.017294013859475398
412,32,fairness,0.03169423270276868,0.08941482929480994
412,32,compassion,0.0,0.0
412,40,honesty,0.03252323019892231,0.09161073645587263
412,40,harmlessness,0.0,0.0
412,40,fairness,0.012916607361752293,0.03777399827680683
412,40,compassion,0.0,0.0
412,47,honesty,0.024122517004899743,0.06903686510955864
412,47,harmlessness,0.0,0.0
412,47,fairness,0.0,0.0
412,47,compassion,0.01996324816304993,0.0575903630696314
413,32,honesty,0.0,0.0
413,32,harmlessness,0.020542406052871567,0.05919519470653389
413,32,fairness,0.05563242983672435,0.15018677865798502
413,32,compassion,0.0011760580959085986,0.0035198950855016894
413,40,honesty,0.005523715017963412,0.016390076826862013
413,40,harmlessness,0.0,0.0
413,40,fairness,0.0,0.0
413,40,compassion,0.002530712814498596,0.007553904915557179
413,47,honesty,0.0,0.0
413,47,harmlessness,0.011863076409853603,0.03476440367527524
413,47,fairness,0.0,0.0
413,47,compassion,0.00011277695341093456,0.0003382545655940336
414,32,honesty,0.0048876453282472344,0.01452098909571134
414,32,harmlessness,0.03016920939421837,0.08535730345984338
414,32,fairness,0.0,0.0
414,32,compassion,0.03310788518929799,0.09315530526492376
414,40,honesty,0.0,0.0
414,40,harmlessness,0.0,0.0
414,40,fairness,0.03476165234727926,0.09750601654409033
414,40,compassion,0.007944212884242583,0.023459897807871142
414,47,honesty,0.0523710210516418,0.14221696755181218
414,47,harmlessness,0.0,0.0
414,47,fairness,0.021453317499720563,0.06171209419834228
414,47,compassion,0.019724385737731595,0.05692743965554015
415,32,honesty,0.0,0.0
415,32,harmlessness,0.04719380551513249,0.12937044893272467
415,32,fairness,0.030743168426314412,0.08688713370763611
415,32,compassion,0.0,0.0
415,40,honesty,0.0,0.0
415,40,harmlessness,0.0,0.0
415,40,fairness,0.002623912059960531,0.007830642346103237
415,40,compassion,0.0,0.0
415,47,honesty,0.0,0.0
415,47,harmlessness,0.0,0.0
415,47,fairness,0.04944156926737844,0.1349776901663178
415,47,compassion,0.04342918534267911,0.11987537616872727
416,32,honesty,0.0,0.0
416,32,harmlessness,0.0,0.0
416,32,fairness,0.0,0.0
416,32,compassion,0.04079750254323622,0.11315927593427032
416,40,honesty,0.0,0.0
416,40,harmlessness,0.005348618056290197,0.01587602458535195
416,40,fairness,0.038456423329614776,0.10712962552795226
416,40,compassion,0.004193639286192355,0.012476275857415009
416,47,honesty,0.006700568418005408,0.019835881886591068
416,47,harmlessness,0.0020046092447480904,0.005989813264156983
416,47,fairness,0.0,0.0
416,47,compassion,0.0,0.0
417,32,honesty,0.0,0.0
417,32,harmlessness,0.0005560211889764751,0.001666210670053728
417,32,fairness,0.0,0.0
417,32,compassion,0.004431811257554283,0.013178623429316624
417,40,honesty,0.0,0.0
417,40,harmlessness,0.015575857878478767,0.045315905430205375
417,40,fairness,0.007187335090644112,0.02125645080242273
417,40,compassion,0.06554684884086158,0.17384991793837856
417,47,honesty,0.03373445748803057,0.09480685670960384
417,47,harmlessness,0.0,0.0
417,47,fairness,0.07567722176696971,0.1971865975555396
417,47,compassion,0.0,0.0
418,32,honesty,0.0,0.0
418,32,harmlessness,0.0,0.0
418,32,fairness,0.0,0.0
418,32,compassion,0.029440239508401318,0.0834095256975669
418,40,honesty,0.0,0.0
418,40,harmlessness,0.013503115763114882,0.03944411050860311
418,40,fairness,0.0,0.0
418,40,compassion,0.0,0.0
418,47,honesty,0.0038868491735091788,0.011570601157435969
418,47,harmlessness,0.0,0.0
418,47,fairness,0.018136235781888117,0.05250424848549673
418,47,compassion,0.1042580419392493,0.25880840974326125
419,32,honesty,0.007870017717524542,0.023244188797246
419,32,harmlessness,0.0,0.0
419,32,fairness,0.0,0.0
419,32,compassion,0.0034695498277163964,0.010336920561244422
419,40,honesty,0.0,0.0
419,40,harmlessness,0.0,0.0
419,40,fairness,0.024894824758859138,0.07114232295097218
419,40,compassion,0.03950407198734694,0.10983440358984012
419,47,honesty,0.006179880391508073,0.018313293250795167
419,47,harmlessness,0.0,0.0
419,47,fairness,0.0,0.0
419,47,compassion,0.011360293968865254,0.03332374678730024
420,32,honesty,0.024919560531780117,0.07120965497990263
420,32,harmlessness,0.0,0.0
420,32,fairness,0.03904019026408461,0.10863806902308577
420,32,compassion,0.0,0.0
420,40,honesty,0.0,0.0
420,40,harmlessness,0.0,0.0
420,40,fairness,0.037623400701922,0.10497143721646274
420,40,compassion,0.025334951604367502,0.07233942323938705
420,47,honesty,0.0005288079271498384,0.001584747727128239
420,47,harmlessness,0.0022928709602999015,0.006847213327703564
420,47,fairness,0.023418702501616272,0.0671127217742395
420,47,compassion,0.0,0.0
421,32,honesty,0.0,0.0
421,32,harmlessness,0.0,0.0
421,32,fairness,0.0,0.0
421,32,compassion,0.0,0.0
421,40,honesty,0.0,0.0
421,40,harmlessness,0.0,0.0
421,40,fairness,0.02403040643417476,0.06878533995105102
421,40,compassion,0.0,0.0
421,47,honesty,0.02479817521177167,0.07087917712870724
421,47,harmlessness,0.00703513124346141,0.020812555609928854
421,47,fairness,0.0,0.0
421,47,compassion,0.002678399391711906,0.007992384579145497
422,32,honesty,0.006413123979485698,0.018995728020702384
422,32,harmlessness,0.03968584469116894,0.11030262813511124
422,32,fairness,0.0,0.0
422,32,compassion,0.019425372060471336,0.056096716983849534
422,40,honesty,0.0,0.0
422,40,harmlessness,0.0,0.0
422,40,fairness,0.061049670573356744,0.16321996190899077
422,40,compassion,0.0,0.0
422,47,honesty,0.0,0.0
422,47,harmlessness,0.03331926414667141,0.09371290253311029
422,47,fairness,0.0,0.0
422,47,compassion,0.03686590283160058,0.10300310367214088
423,32,honesty,0.0,0.0
423,32,harmlessness,0.0,0.0
423,32,fairness,0.0,0.0
423,32,compassion,0.031514434296191225,0.08893766263729402
423,40,honesty,0.0,0.0
423,40,harmlessness,0.0,0.0
423,40,fairness,0.0,0.0
423,40,compassion,0.040245002894092885,0.11174097681191043
423,47,honesty,0.0,0.0
423,47,harmlessness,0.0,0.0
423,47,fairness,0.04492683837333499,0.12366845017428328
423,47,compassion,0.0,0.0
424,32,honesty,0.01551520034204497,0.04514474160534146
424,32,harmlessness,0.010923970953952655,0.03207122265243213
424,32,fairness,0.023929019299602172,0.06850838114939001
424,32,compassion,0.02820118030303536,0.0800864746842936
424,40,honesty,0.01707304006683292,0.049527935351143595
424,40,harmlessness,0.0,0.0
424,40,fairness,0.007187741992366648,0.021257637154630284
424,40,compassion,0.021440711660504538,0.061677323560604486
424,47,honesty,0.0,0.0
424,47,harmlessness,0.04833962590926978,0.13223454121826014
424,47,fairness,0.015690192698932865,0.0456384266786697
424,47,compassion,0.008551911071207634,0.02522430125135306
425,32,honesty,0.026090430528139443,0.07438957928377654
425,32,harmlessness,0.0,0.0
425,32,fairness,0.04838778680012035,0.13235466206076452
425,32,compassion,0.004923220510303105,0.01462565092172062
425,40,honesty,0.0,0.0
425,40,harmlessness,0.006930541215363383,0.02050736930965171
425,40,fairness,0.025180114699252028,0.07191851136729994
425,40,compassion,0.0,0.0
425,47,honesty,0.0,0.0
425,47,harmlessness,0.0011503314504818884,0.003443073001126663
425,47,fairness,0.032096366359917215,0.09048088388431166
425,47,compassion,0.0,0.0
426,32,honesty,0.04584455618384118,0.12598244957599433
426,32,harmlessness,0.0,0.0
426,32,fairness,0.02761003743920972,0.0784955804855899
426,32,compassion,0.0151202368737849,0.044029245382247534
426,40,honesty,0.0,0.0
426,40,harmlessness,0.0,0.0
426,40,fairness,0.0,0.0
426,40,compassion,0.035495164457739516,0.09942712879681122
426,47,honesty,0.0,0.0
426,47,harmlessness,0.0,0.0
426,47,fairness,0.02017164532848977,0.05816823785853799
426,47,compassion,0.008959282788043345,0.02640471376894343
427,32,honesty,0.0,0.0
427,32,harmlessness,0.0,0.0
427,32,fairness,0.016190273690436945,0.0470474004905787
427,32,compassion,0.0,0.0
427,40,honesty,0.002763001521137607,0.008243451226854378
427,40,harmlessness,0.023193161343962772,0.06649502437412852
427,40,fairness,0.0,0.0
427,40,compassion,0.0,0.0
427,47,honesty,0.0,0.0
427,47,harmlessness,0.029323898197456115,0.0830981700353456
427,47,fairness,0.0,0.0
427,47,compassion,0.0035931254436313183,0.010702465727066924
428,32,honesty,0.04354704757698717,0.12017464110359068
428,32,harmlessness,0.016243628556973245,0.04719756620254513
428,32,fairness,0.01396976915369482,0.04077020670893984
428,32,compassion,0.0,0.0
428,40,honesty,0.00519464823813925,0.015423703288194547
428,40,harmlessness,0.0,0.0
428,40,fairness,0.0,0.0
428,40,compassion,0.03882916178623877,0.10809315235700676
428,47,honesty,0.014649611820454768,0.04269782241349158
428,47,harmlessness,0.0,0.0
428,47,fairness,0.0,0.0
428,47,compassion,0.0,0.0
429,32,honesty,0.01849145410259531,0.05349592733770408
429,32,harmlessness,0.0,0.0
429,32,fairness,0.0,0.0
429,32,compassion,0.0,0.0
429,40,honesty,0.0,0.0
429,40,harmlessness,0.022014353866142335,0.06325789809159359
429,40,fairness,0.029941299842872176,0.08474891422432008
429,40,compassion,0.03963281485535294,0.1101660622676636
429,47,honesty,0.0,0.0
429,47,harmlessness,0.0,0.0
429,47,fairness,0.0,0.0
429,47,compassion,0.009316974917337467,0.027439616318058968
430,32,honesty,0.039372911307844066,0.10949635349421229
430,32,harmlessness,0.0,0.0
430,32,fairness,0.0,0.0
430,32,compassion,0.0,0.0
430,40,honesty,0.013402466841095638,0.039157778857860065
430,40,harmlessness,0.0,0.0
430,40,fairness,0.0,0.0
430,40,compassion,0.0,0.0
430,47,honesty,0.0,0.0
430,47,harmlessness,0.0,0.0
430,47,fairness,0.018610549742854896,0.05382810787039326
430,47,compassion,0.0,0.0
431,32,honesty,0.0009732002781817237,0.0029139291612045987
431,32,harmlessness,0.01698413288145433,0.04927849367482085
431,32,fairness,0.0,0.0
431,32,compassion,7.547477479924942e-06,2.2642090658436136e-05
431,40,honesty,0.0299952310777972,0.08489292729143703
431,40,harmlessness,0.0,0.0
431,40,fairness,0.0,0.0
431,40,compassion,0.0,0.0
431,47,honesty,0.010848886300711498,0.03185546623955629
431,47,harmlessness,0.0,0.0
431,47,fairness,0.0,0.0
431,47,compassion,0.005936566276965328,0.017600723112338165
432,32,honesty,0.0,0.0
432,32,harmlessness,0.0,0.0
432,32,fairness,0.0,0.0
432,32,compassion,0.0,0.0
432,40,honesty,0.02228139964980312,0.06399251341731614
432,40,harmlessness,0.042779079855059014,0.11822235263695827
432,40,fairness,0.0,0.0
432,40,compassion,0.025859634948832567,0.0737638902955979
432,47,honesty,0.0,0.0
432,47,harmlessness,0.0,0.0
432,47,fairness,0.045288938763361944,0.12458240634608553
432,47,compassion,0.0004744142344069344,0.001421893570121848
433,32,honesty,0.0,0.0
433,32,harmlessness,0.011149616023976601,0.03271923427441332
433,32,fairness,0.012340518369136176,0.0361298333628328
433,32,compassion,0.0,0.0
433,40,honesty,0.0,0.0
433,40,harmlessness,0.0,0.0
433,40,fairness,0.025451788788987618,0.07265687166365882
433,40,compassion,0.00471253119018073,0.014005590011014611
433,47,honesty,0.0,0.0
433,47,harmlessness,0.0,0.0
433,47,fairness,0.0,0.0
433,47,compassion,0.0,0.0
434,32,honesty,0.0,0.0
434,32,harmlessness,0.029622579286155453,0.08389723298640848
434,32,fairness,0.04458721135098956,0.12281011311405782
434,32,compassion,0.0,0.0
434,40,honesty,0.011299368878418604,0.03314898149553203
434,40,harmlessness,0.03201312776921043,0.090260351008945
434,40,fairness,0.002604987152048731,0.007774456736321639
434,40,compassion,0.0,0.0
434,47,honesty,0.07129186196878637,0.18718592031864495
434,47,harmlessness,0.0,0.0
434,47,fairness,0.0,0.0
434,47,compassion,0.0,0.0
435,32,honesty,0.0,0.0
435,32,harmlessness,0.0,0.0
435,32,fairness,0.008465592044067214,0.024973937794005713
435,32,compassion,0.0,0.0
435,40,honesty,0.050566600367857206,0.13776698495896272
435,40,harmlessness,0.0,0.0
435,40,fairness,0.08293723608748786,0.21341209040995424
435,40,compassion,0.0157244016968369,0.04573489729718177
435,47,honesty,0.0,0.0
435,47,harmlessness,0.0,0.0
435,47,fairness,0.0,0.0
435,47,compassion,0.020820929889017577,0.059965706140460796
436,32,honesty,0.018016203333844093,0.05216884110350865
436,32,harmlessness,0.0,0.0
436,32,fairness,0.037316722683408673,0.1041752129834492
436,32,compassion,0.0,0.0
436,40,honesty,0.010799471062072082,0.03171343650655348
436,40,harmlessness,0.025604122822644713,0.07307055360927318
436,40,fairness,0.01964208345345401,0.05669888201581758
436,40,compassion,0.0,0.0
436,47,honesty,0.04722181813909337,0.1294406123087653
436,47,harmlessness,0.0,0.0
436,47,fairness,0.0,0.0
436,47,compassion,0.0,0.0
437,32,honesty,0.0,0.0
437,32,harmlessness,0.05999866585203862,0.1607110949829244
437,32,fairness,0.0,0.0
437,32,compassion,0.0,0.0
437,40,honesty,0.0,0.0
437,40,harmlessness,0.022209620683896956,0.06379513074120723
437,40,fairness,0.01434037140789169,0.041821638563889506
437,40,compassion,0.0,0.0
437,47,honesty,0.0,0.0
437,47,harmlessness,0.026455751036086002,0.07537884518505124
437,47,fairness,0.0,0.0
437,47,compassion,0.0,0.0
438,32,honesty,0.0,0.0
438,32,harmlessness,0.004226746697490754,0.012573946320304714
438,32,fairness,0.05110018649093306,0.13908592596286606
438,32,compassion,0.02814851530140798,0.07994488619932207
438,40,honesty,0.00024841453295496,0.0007448735240477063
438,40,harmlessness,0.036522842464513476,0.10210984390733324
438,40,fairness,0.0,0.0
438,40,compassion,0.0,0.0
438,47,honesty,0.0008955376103734802,0.0026818095085628904
438,47,harmlessness,0.0,0.0
438,47,fairness,0.061632548043603616,0.16460730843937474
438,47,compassion,0.0,0.0
439,32,honesty,0.06026555487626438,0.16134908085570457
439,32,harmlessness,0.0,0.0
439,32,fairness,0.0,0.0
439,32,compassion,0.04487023593851266,0.12352547353194797
439,40,honesty,0.0,0.0
439,40,harmlessness,0.002426221281806051,0.007243515104415322
439,40,fairness,0.0,0.0
439,40,compassion,0.0,0.0
439,47,honesty,0.0,0.0
439,47,harmlessness,0.0,0.0
439,47,fairness,0.0,0.0
439,47,compassion,0.0,0.0
440,32,honesty,0.0,0.0
440,32,harmlessness,0.0,0.0
440,32,fairness,0.01550722908951861,0.04512224527939381
440,32,compassion,0.01563208375615592,0.04547452800730409
440,40,honesty,0.0,0.0
440,40,harmlessness,0.0,0.0
440,40,fairness,0.013031596057326013,0.038101735324318695
440,40,compassion,0.018769494858322047,0.054271198608492
440,47,honesty,0.06259531380568241,0.16689255741108744
440,47,harmlessness,0.0,0.0
440,47,fairness,0.0,0.0
440,47,compassion,0.0,0.0
441,32,honesty,0.06486605223784761,0.17225159481845048
441,32,harmlessness,0.06907589417973174,0.18207385399613002
441,32,fairness,0.0,0.0
441,32,compassion,0.0,0.0
441,40,honesty,0.0,0.0
441,40,harmlessness,0.0035719667146750646,0.010639889481871063
441,40,fairness,0.01224328562615822,0.035851965178593466
441,40,compassion,0.01856675960656229,0.05370598653676413
441,47,honesty,0.0,0.0
441,47,harmlessness,0.012204710599675825,0.03574169764678717
441,47,fairness,0.0,0.0
441,47,compassion,0.019975614447398014,0.05762466707778311
442,32,honesty,0.03209897584517964,0.09048779635647863
442,32,harmlessness,0.014726100172977919,0.04291437767007276
442,32,fairness,0.0,0.0
442,32,compassion,0.026924259885984403,0.07664553125285099
442,40,honesty,0.05842485157655579,0.1569365638320258
442,40,harmlessness,0.02999664239369258,0.08489669554758361
442,40,fairness,0.02133685021372339,0.06139077893201764
442,40,compassion,0.00239895353915785,0.0071624956289967805
442,47,honesty,0.031899761730255084,0.08995988725343487
442,47,harmlessness,0.0,0.0
442,47,fairness,0.02774698500326543,0.07886445339832802
442,47,compassion,0.0,0.0
443,32,honesty,0.0,0.0
443,32,harmlessness,0.01088837288035898,0.03196893918030753
443,32,fairness,0.030991576168445084,0.0875482142073014
443,32,compassion,0.0,0.0
443,40,honesty,0.05268436534435357,0.14298676237619343
443,40,harmlessness,0.0,0.0
443,40,fairness,0.004387860396061126,0.013049066226382732
443,40,compassion,0.023639200368245294,0.0677160925450803
443,47,honesty,0.0407147492410054,0.11294702788713326
443,47,harmlessness,0.04498090385729975,0.1238049907958181
443,47,fairness,0.0,0.0
443,47,compassion,0.048736028061421216,0.13322260313468817
444,32,honesty,0.002170284463490739,0.006482714720394387
444,32,harmlessness,0.006988061892072935,0.020675226156194618
444,32,fairness,0.0,0.0
444,32,compassion,0.0,0.0
444,40,honesty,0.0,0.0
444,40,harmlessness,0.0,0.0
444,40,fairness,0.0,0.0
444,40,compassion,0.0,0.0
444,47,honesty,0.05247319309529352,0.14246807017361293
444,47,harmlessness,0.0,0.0
444,47,fairness,0.0,0.0
444,47,compassion,0.004341546257021607,0.012912518181108987
445,32,honesty,0.0,0.0
445,32,harmlessness,0.03332015277041394,0.09371524570371265
445,32,fairness,0.0,0.0
445,32,compassion,0.07149252362650929,0.18764687376706313
445,40,honesty,0.003742398228693793,0.011143785718215792
445,40,harmlessness,0.0,0.0
445,40,fairness,0.0004702568264095988,0.0014094448770790074
445,40,compassion,0.050319535373328395,0.13715541282536625
445,47,honesty,0.04074482500041522,0.11302417457360947
445,47,harmlessness,0.0,0.0
445,47,fairness,0.023119126975580953,0.06629214776348681
445,47,compassion,0.029341919125231136,0.08314640707197456
446,32,honesty,0.0,0.0
446,32,harmlessness,0.0,0.0
446,32,fairness,0.010251486586713553,0.030136570464370578
446,32,compassion,0.0,0.0
446,40,honesty,0.0,0.0
446,40,harmlessness,0.0,0.0
446,40,fairness,0.0,0.0
446,40,compassion,0.0,0.0
446,47,honesty,0.0,0.0
446,47,harmlessness,0.020110605945523493,0.057999026694419725
446,47,fairness,0.0,0.0
446,47,compassion,0.02415106336453321,0.06911479834508162
447,32,honesty,0.0045806745784089395,0.013617271159570926
447,32,harmlessness,0.0446212221447345,0.12289611659553441
447,32,fairness,0.0,0.0
447,32,compassion,0.0432857698444611,0.11951105361231947
447,40,honesty,1.586928969562195e-05,4.760635812868886e-05
447,40,harmlessness,0.04737269814200567,0.12981839878790147
447,40,fairness,0.037954317965775614,0.10582957520249028
447,40,compassion,0.0,0.0
447,47,honesty,0.0,0.0
447,47,harmlessness,0.057045422200613434,0.15361069293574373
447,47,fairness,0.0,0.0
447,47,compassion,0.0,0.0
448,32,honesty,0.02014371567558566,0.05809081721603262
448,32,harmlessness,0.021028716219571232,0.06053999203388246
448,32,fairness,0.0,0.0
448,32,compassion,0.0,0.0
448,40,honesty,0.011986391837392722,0.03511731569967081
448,40,harmlessness,0.0,0.0
448,40,fairness,0.013925933097770616,0.0406457395927556
448,40,compassion,0.0,0.0
448,47,honesty,0.02131778903015165,0.061338178397319226
448,47,harmlessness,0.023373577230476332,0.06698917822952129
448,47,fairness,0.0,0.0
448,47,compassion,0.01078796410177029,0.0316803591508106
449,32,honesty,0.0,0.0
449,32,harmlessness,0.04326256215342473,0.11945208035853977
449,32,fairness,0.0,0.0
449,32,compassion,0.009776010312982251,0.028765605232129798
449,40,honesty,0.015745585461333953,0.04579462986750398
449,40,harmlessness,0.020920249163620838,0.060240264792576145
449,40,fairness,0.0,0.0
449,40,compassion,0.009196543339329845,0.02709133671357598
449,47,honesty,0.04378620283761618,0.1207814834464221
449,47,harmlessness,0.0,0.0
449,47,fairness,0.0,0.0
449,47,compassion,0.013000549329415408,0.038013261427525216
450,32,honesty,0.01735882201264196,0.05032915630522809
450,32,harmlessness,0.0,0.0
450,32,fairness,0.0,0.0
450,32,compassion,0.0,0.0
450,40,honesty,0.0,0.0
450,40,harmlessness,0.0,0.0
450,40,fairness,0.0,0.0
450,40,compassion,0.0001387024289883726,0.00041599188879428735
450,47,honesty,0.0,0.0
450,47,harmlessness,0.0,0.0
450,47,fairness,0.0,0.0
450,47,compassion,0.0,0.0
451,32,honesty,0.0,0.0
451,32,harmlessness,0.0,0.0
451,32,fairness,0.0,0.0
451,32,compassion,0.006349082346198757,0.018808414691243946
451,40,honesty,0.0,0.0
451,40,harmlessness,0.015411924935675236,0.04485322571145017
451,40,fairness,0.038040805030430315,0.10605368033827514
451,40,compassion,0.027398384831588532,0.07792511018118926
451,47,honesty,0.01511592287586248,0.04401705190398062
451,47,harmlessness,0.0,0.0
451,47,fairness,0.0,0.0
451,47,compassion,0.037026811830507336,0.10342168495544356
452,32,honesty,0.0389807936415762,0.10848473851416646
452,32,harmlessness,0.006591529251766299,0.019517290177064238
452,32,fairness,0.040419359159418626,0.11218887279210689
452,32,compassion,0.03859394988442181,0.10748528615862779
452,40,honesty,0.017918806299151185,0.05189656973607145
452,40,harmlessness,0.0,0.0
452,40,fairness,0.029893236683095233,0.08462054602795299
452,40,compassion,0.0352068991322139,0.09867277268650258
452,47,honesty,0.0,0.0
452,47,harmlessness,0.05094224885935609,0.13869579515318828
452,47,fairness,0.009890518709974865,0.029096006928108566
452,47,compassion,0.0,0.0
453,32,honesty,0.0,0.0
453,32,harmlessness,0.0,0.0
453,32,fairness,0.0,0.0
453,32,compassion,0.0,0.0
453,40,honesty,0.0,0.0
453,40,harmlessness,0.0,0.0
453,40,fairness,0.0007265752778989221,0.002176562960021682
453,40,compassion,0.0,0.0
453,47,honesty,0.0,0.0
453,47,harmlessness,0.008251619304395292,0.024352955281348575
453,47,fairness,0.0,0.0
453,47,compassion,0.0,0.0
454,32,honesty,0.0,0.0
454,32,harmlessness,0.05290724417182734,0.1435337791180721
454,32,fairness,0.0,0.0
454,32,compassion,0.0,0.0
454,40,honesty,0.0027730619670693953,0.008273301147698597
454,40,harmlessness,0.03014726521939741,0.08529874771754559
454,40,fairness,0.0,0.0
454,40,compassion,0.0033077215203492273,0.009857949855282001
454,47,honesty,0.03730809066484202,0.10415278863197068
454,47,harmlessness,0.006519987770943951,0.019308185051995583
454,47,fairness,0.0,0.0
454,47,compassion,0.0,0.0
455,32,honesty,0.054250055665011274,0.14682016296756134
455,32,harmlessness,0.0,0.0
455,32,fairness,0.0,0.0
455,32,compassion,0.0,0.0
455,40,honesty,0.035858588195748234,0.10037700893201647
455,40,harmlessness,0.04654119160498276,0.12773380758815922
455,40,fairness,0.04558239384818949,0.12532220897016236
455,40,compassion,0.019660339407109265,0.05674958597823763
455,47,honesty,0.041500384051569944,0.11495943107480136
455,47,harmlessness,0.0,0.0
455,47,fairness,0.005394788999553784,0.016011608499860927
455,47,compassion,0.0,0.0
456,32,honesty,0.0,0.0
456,32,harmlessness,0.0,0.0
456,32,fairness,0.0,0.0
456,32,compassion,0.0,0.0
456,40,honesty,0.0,0.0
456,40,harmlessness,0.0,0.0
456,40,fairness,0.0018613246424937914,0.0055632638472980335
456,40,compassion,0.020669667235595164,0.059547353733905295
456,47,honesty,0.0,0.0
456,47,harmlessness,0.032421106035205836,0.09134059206434435
456,47,fairness,0.05211822913994861,0.14159529532597057
456,47,compassion,0.036249935077998216,0.10139843207456693
457,32,honesty,0.025908589176993423,0.0738966515574647
457,32,harmlessness,0.0028122024471947324,0.00838942183634675
457,32,fairness,0.0,0.0
457,32,compassion,0.0,0.0
457,40,honesty,0.009755242303456667,0.02870566546616126
457,40,harmlessness,0.0,0.0
457,40,fairness,0.0,0.0
457,40,compassion,0.02670561712871183,0.07605467720553777
457,47,honesty,0.030161084498497977,0.08533562358795715
457,47,harmlessness,0.0,0.0
457,47,fairness,0.00943393092788058,0.02777768721852997
457,47,compassion,0.03260919012769233,0.09183804203568377
458,32,honesty,0.0023926579509601577,0.007143788567846799
458,32,harmlessness,0.0497726105512659,0.13579962768977732
458,32,fairness,0.015865664176608427,0.04613312712505934
458,32,compassion,0.034626992479626306,0.09715276155163231
458,40,honesty,0.0,0.0
458,40,harmlessness,0.012077891596760676,0.035379065748472584
458,40,fairness,0.009567234344808773,0.02816282239117119
458,40,compassion,0.0,0.0
458,47,honesty,0.007710698118228279,0.022780782875386818
458,47,harmlessness,0.0,0.0
458,47,fairness,0.0,0.0
458,47,compassion,0.0,0.0
459,32,honesty,0.0011717234612089375,0.0035069520276904543
459,32,harmlessness,0.0,0.0
459,32,fairness,0.0,0.0
459,32,compassion,0.009865119572180253,0.02902273324891665
459,40,honesty,0.015741776275358773,0.04578388934006222
459,40,harmlessness,0.005211575540700086,0.015473444571580999
459,40,fairness,0.02079422979785967,0.059891878427485785
459,40,compassion,0.0,0.0
459,47,honesty,0.0,0.0
459,47,harmlessness,0.011112013800812889,0.032611287254372935
459,47,fairness,0.0,0.0
459,47,compassion,0.0,0.0
460,32,honesty,0.0,0.0
460,32,harmlessness,0.0,0.0
460,32,fairness,0.0,0.0
460,32,compassion,0.0,0.0
460,40,honesty,0.01238900354070417,0.03626835311187544
460,40,harmlessness,0.01833251012102315,0.05305236435027809
460,40,fairness,0.010780095739918847,0.03165774027755352
460,40,compassion,0.0,0.0
460,47,honesty,0.0,0.0
460,47,harmlessness,0.0,0.0
460,47,fairness,0.028070541599406744,0.07973520407251102
460,47,compassion,0.0,0.0
461,32,honesty,0.011158154204258629,0.03274374314236167
461,32,harmlessness,0.0,0.0
461,32,fairness,0.0,0.0
461,32,compassion,0.0,0.0
461,40,honesty,0.0,0.0
461,40,harmlessness,0.024990418635982205,0.07140249921392391
461,40,fairness,0.0,0.0
461,40,compassion,0.05251888789021537,0.14258034170765974
461,47,honesty,0.02912829252914164,0.08257437640476598
461,47,harmlessness,0.0,0.0
461,47,fairness,0.0,0.0
461,47,compassion,0.0,0.0
462,32,honesty,0.0,0.0
462,32,harmlessness,0.018751297493555526,0.054220483642612394
462,32,fairness,0.0029053008038706545,0.008665550350811575
462,32,compassion,0.03593362141267911,0.10057296270560773
462,40,honesty,0.014779159038362286,0.0430645611196769
462,40,harmlessness,0.004720130997032095,0.014027965323201615
462,40,fairness,0.0181857183349265,0.052642472644833474
462,40,compassion,0.0,0.0
462,47,honesty,0.0,0.0
462,47,harmlessness,0.05778118644855395,0.15538670320646422
462,47,fairness,0.0,0.0
462,47,compassion,0.0,0.0
463,32,honesty,0.0,0.0
463,32,harmlessness,0.0,0.0
463,32,fairness,0.014773574248177894,0.04304875479405066
463,32,compassion,0.0,0.0
463,40,honesty,0.0,0.0
463,40,harmlessness,0.0,0.0
463,40,fairness,0.0,0.0
463,40,compassion,0.06806485755521188,0.1797282211263961
463,47,honesty,0.011469698017082398,0.033637470787270356
463,47,harmlessness,0.0,0.0
463,47,fairness,0.0012418886130700338,0.003716435042489138
463,47,compassion,0.024499945317994657,0.07006658114084491
464,32,honesty,0.0,0.0
464,32,harmlessness,0.0,0.0
464,32,fairness,0.020391320600727614,0.05877688518283227
464,32,compassion,0.0011123134497871637,0.003329533379841665
464,40,honesty,0.04688871124025877,0.12860581214207856
464,40,harmlessness,0.03527047366778875,0.09883920952927179
464,40,fairness,0.004459697744022173,0.013260814780545135
464,40,compassion,0.0,0.0
464,47,honesty,0.0,0.0
464,47,harmlessness,0.0,0.0
464,47,fairness,0.04573365079829664,0.12570321822210617
464,47,compassion,0.0,0.0
465,32,honesty,0.011715737844271285,0.03434251766506162
465,32,harmlessness,0.0,0.0
465,32,fairness,0.03678138183931324,0.10278313411303404
465,32,compassion,0.0014954477328949227,0.004472965027864293
465,40,honesty,0.0,0.0
465,40,harmlessness,0.0572818936147022,0.1541820062818321
465,40,fairness,0.014347459260815333,0.041841732672601835
465,40,compassion,0.0,0.0
465,47,honesty,0.02156930883683862,0.062031953773144945
465,47,harmlessness,0.012691776958837492,0.037132769226733114
465,47,fairness,0.0,0.0
465,47,compassion,0.02878839482233208,0.0816632752464378
466,32,honesty,0.0017494129860819243,0.005229940307265844
466,32,harmlessness,0.0,0.0
466,32,fairness,0.0,0.0
466,32,compassion,0.0,0.0
466,40,honesty,0.03207436504702882,0.090422600168476
466,40,harmlessness,0.01074015646238498,0.031542917645567894
466,40,fairness,0.0638246100557943,0.1697991066303715
466,40,compassion,0.0,0.0
466,47,honesty,0.0310175648915245,0.08761734152200988
466,47,harmlessness,0.007375454742397123,0.02180472470670195
466,47,fairness,0.01417409289096565,0.04135007895264971
466,47,compassion,0.0,0.0
467,32,honesty,0.0,0.0
467,32,harmlessness,0.0,0.0
467,32,fairness,0.0,0.0
467,32,compassion,0.021209917734899223,0.06104042828005184
467,40,honesty,0.006289089558933655,0.01863290071413316
467,40,harmlessness,0.04300221453455402,0.11879016341972277
467,40,fairness,0.017492205410975254,0.05070280835558727
467,40,compassion,0.025752540544938397,0.0734733697670184
467,47,honesty,0.01974439349130034,0.05698299127000827
467,47,harmlessness,0.025738371804265057,0.0734349246259152
467,47,fairness,0.0,0.0
467,47,compassion,0.04186138690387674,0.11588218292246405
468,32,honesty,0.044921337461912965,0.12365455628277554
468,32,harmlessness,0.027196109182995306,0.07737948566751064
468,32,fairness,0.0048660197581604035,0.014457359678785609
468,32,compassion,0.0,0.0
468,40,honesty,0.0,0.0
468,40,harmlessness,0.003197409257181437,0.00953127698501502
468,40,fairness,0.010623773628853837,0.03120822269991598
468,40,compassion,0.0277240140340026,0.0788025936760278
468,47,honesty,0.012718922595420038,0.03721021997111772
468,47,harmlessness,0.0,0.0
468,47,fairness,0.005909115078552935,0.017520286457881142
468,47,compassion,0.0,0.0
469,32,honesty,0.054219020478549165,0.1467443875304015
469,32,harmlessness,0.0,0.0
469,32,fairness,0.0,0.0
469,32,compassion,0.0,0.0
469,40,honesty,0.0,0.0
469,40,harmlessness,0.04112807994003168,0.11400650270613252
469,40,fairness,0.015800910985184092,0.045950609960161426
469,40,compassion,0.05155078060038917,0.14019773631071752
469,47,honesty,0.0,0.0
469,47,harmlessness,0.004260500522025199,0.012673510569282953
469,47,fairness,0.0,0.0
469,47,compassion,0.0,0.0
470,32,honesty,0.010146925329075764,0.029835302807706958
470,32,harmlessness,0.0,0.0
470,32,fairness,0.0,0.0
470,32,compassion,0.0,0.0
470,40,honesty,0.037785485710963934,0.10539188965190473
470,40,harmlessness,0.0,0.0
470,40,fairness,0.010412355998936402,0.03059983524073847
470,40,compassion,0.02829538943657515,0.08033968307035218
470,47,honesty,0.01259069672912856,0.03684429938780748
470,47,harmlessness,0.0,0.0
470,47,fairness,0.0,0.0
470,47,compassion,0.0,0.0
471,32,honesty,0.03403987496429646,0.09561048685710656
471,32,harmlessness,0.0033725386005783735,0.010049828929745567
471,32,fairness,0.0,0.0
471,32,compassion,0.029094865111375243,0.08248482558581645
471,40,honesty,0.021312662536538955,0.06132403085944171
471,40,harmlessness,0.009612551191849958,0.02829370421519856
471,40,fairness,0.0,0.0
471,40,compassion,0.02583567574630103,0.07369890520351244
471,47,honesty,0.0005536327324178613,0.0016590611761092286
471,47,harmlessness,0.0,0.0
471,47,fairness,0.0,0.0
471,47,compassion,0.022981508037995802,0.06591487753805861
472,32,honesty,0.006629718812398648,0.019628888415605124
472,32,harmlessness,0.015016416028375074,0.04373573995226126
472,32,fairness,0.0,0.0
472,32,compassion,0.0,0.0
472,40,honesty,0.01634070502057708,0.047470705471281426
472,40,harmlessness,0.009574513367592557,0.028183846865647035
472,40,fairness,0.0,0.0
472,40,compassion,0.0,0.0
472,47,honesty,0.0,0.0
472,47,harmlessness,0.0,0.0
472,47,fairness,0.0,0.0
472,47,compassion,0.018946034909815328,0.054763020531916735
473,32,honesty,0.0,0.0
473,32,harmlessness,0.0,0.0
473,32,fairness,0.0,0.0
473,32,compassion,0.024824041000878757,0.0709496109025535
473,40,honesty,0.0,0.0
473,40,harmlessness,0.02960107247341246,0.08383972581994306
473,40,fairness,0.0025834502603932,0.007710511336141362
473,40,compassion,0.036355282910245854,0.10167313738288349
473,47,honesty,0.023996830465911417,0.06869363249174995
473,47,harmlessness,0.017128457244755757,0.049683372684658396
473,47,fairness,0.04974446899575052,0.13572979393486642
473,47,compassion,0.0,0.0
474,32,honesty,0.0,0.0
474,32,harmlessness,0.07534207145207154,0.19642767804704475
474,32,fairness,0.0020123054334003783,0.006012717452203992
474,32,compassion,0.0,0.0
474,40,honesty,0.057522897004756594,0.1547637701889735
474,40,harmlessness,0.0008412917317275678,0.0025196356978236145
474,40,fairness,0.0,0.0
474,40,compassion,0.03857513268389356,0.10743663328362721
474,47,honesty,0.0,0.0
474,47,harmlessness,0.019849358296628532,0.05727435644530236
474,47,fairness,0.0,0.0
474,47,compassion,0.0,0.0
475,32,honesty,0.0,0.0
475,32,harmlessness,0.0,0.0
475,32,fairness,0.0,0.0
475,32,compassion,0.0,0.0
475,40,honesty,0.0,0.0
475,40,harmlessness,0.0,0.0
475,40,fairness,0.0,0.0
475,40,compassion,0.0,0.0
475,47,honesty,0.00515012111283266,0.01529284334769754
475,47,harmlessness,0.0,0.0
475,47,fairness,0.04914249593008392,0.13423427332877733
475,47,compassion,0.0,0.0
476,32,honesty,0.014240225201261992,0.041537664218183314
476,32,harmlessness,0.0,0.0
476,32,fairness,0.0,0.0
476,32,compassion,0.02709641602671048,0.07711041624309975
476,40,honesty,0.0,0.0
476,40,harmlessness,0.0,0.0
476,40,fairness,0.011078955375534256,0.03251637127396564
476,40,compassion,0.029185324909474977,0.08272713792980056
476,47,honesty,0.0,0.0
476,47,harmlessness,0.0,0.0
476,47,fairness,0.0,0.0
476,47,compassion,0.01382517636138579,0.040359572664250505
477,32,honesty,0.03333298193412254,0.0937490734585017
477,32,harmlessness,0.0,0.0
477,32,fairness,0.0,0.0
477,32,compassion,0.05691713776966379,0.15330055562019057
477,40,honesty,0.05121606853128672,0.13937203064785036
477,40,harmlessness,0.0,0.0
477,40,fairness,0.0,0.0
477,40,compassion,0.0,0.0
477,47,honesty,0.018272837003153106,0.05288576507929723
477,47,harmlessness,0.004413808915784484,0.013125559325799705
477,47,fairness,0.0,0.0
477,47,compassion,0.014717286041186219,0.04288942621603129
478,32,honesty,0.0,0.0
478,32,harmlessness,0.0,0.0
478,32,fairness,0.0,0.0
478,32,compassion,0.025881924974039884,0.07382434272289605
478,40,honesty,0.0,0.0
478,40,harmlessness,0.0,0.0
478,40,fairness,0.0,0.0
478,40,compassion,0.031453404948911724,0.08877562357118209
478,47,honesty,0.011763767465265274,0.03448007131355888
478,47,harmlessness,0.0,0.0
478,47,fairness,0.02435963275434841,0.06968394752202557
478,47,compassion,0.0,0.0
479,32,honesty,0.0,0.0
479,32,harmlessness,0.006236138253428167,0.018477952625854253
479,32,fairness,0.0,0.0
479,32,compassion,0.006215946929897123,0.018418859483573122
479,40,honesty,0.0009208350618173954,0.0027574269146853044
479,40,harmlessness,0.0,0.0
479,40,fairness,0.044425635596769576,0.12240138788120979
479,40,compassion,0.0,0.0
479,47,honesty,0.0,0.0
479,47,harmlessness,0.0,0.0
479,47,fairness,0.0,0.0
479,47,compassion,0.031578888105354024,0.08910875359791012
480,32,honesty,0.0013924638373310843,0.004165790087890653
480,32,harmlessness,0.010957634826259536,0.03216793549817134
480,32,fairness,0.0,0.0
480,32,compassion,0.0,0.0
480,40,honesty,0.0,0.0
480,40,harmlessness,0.0015805559487010845,0.004726726135879364
480,40,fairness,0.0,0.0
480,40,compassion,0.03816285756278679,0.1063698201013465
480,47,honesty,0.011661036995862059,0.034185826609921345
480,47,harmlessness,0.0037624233895894124,0.011202969539511604
480,47,fairness,0.0,0.0
480,47,compassion,0.05983739879886772,0.16032529872222445
481,32,honesty,0.10920000721679167,0.26887723060531277
481,32,harmlessness,0.01101797245987636,0.03234124743256889
481,32,fairness,0.02398197194872536,0.06865304504523717
481,32,compassion,0.02542882539843157,0.07259449092600397
481,40,honesty,0.0,0.0
481,40,harmlessness,0.02471744912940325,0.07065931151254955
481,40,fairness,0.04245524725846934,0.1173974649697883
481,40,compassion,0.0,0.0
481,47,honesty,0.02776131672280774,0.0789030453061472
481,47,harmlessness,0.0,0.0
481,47,fairness,0.054562174297202,0.14758175951961233
481,47,compassion,0.0,0.0
482,32,honesty,0.027450754578363677,0.07806630573589968
482,32,harmlessness,0.0,0.0
482,32,fairness,0.012330014889423119,0.03609982198315373
482,32,compassion,0.0,0.0
482,40,honesty,0.0,0.0
482,40,harmlessness,0.03409112727431806,0.0957452545082488
482,40,fairness,0.0,0.0
482,40,compassion,0.035952728381280566,0.10062285294227537
482,47,honesty,0.018636053756172482,0.05389922361124711
482,47,harmlessness,0.021049687794805254,0.060597928435267116
482,47,fairness,0.0,0.0
482,47,compassion,0.02417208822473189,0.06917219201788677
483,32,honesty,0.0,0.0
483,32,harmlessness,0.0,0.0
483,32,fairness,0.0,0.0
483,32,compassion,0.0,0.0
483,40,honesty,0.0,0.0
483,40,harmlessness,0.05824215864485557,0.15649702662973256
483,40,fairness,0.010253444391636907,0.030142210222201964
483,40,compassion,0.0,0.0
483,47,honesty,0.008891645603172715,0.026208857072020912
483,47,harmlessness,0.024675294645084448,0.07054447263933782
483,47,fairness,0.0,0.0
483,47,compassion,0.016954325880344255,0.04919484671534179
484,32,honesty,0.013850388013016746,0.040431188735423965
484,32,harmlessness,0.003227794317683047,0.009621271979003717
484,32,fairness,0.0,0.0
484,32,compassion,0.0,0.0
484,40,honesty,0.01299350265900975,0.037993179031489466
484,40,harmlessness,0.021472766677080837,0.06176573749165044
484,40,fairness,0.0,0.0
484,40,compassion,0.0,0.0
484,47,honesty,0.0,0.0
484,47,harmlessness,0.008222103236303667,0.02426725397403871
484,47,fairness,0.0,0.0
484,47,compassion,0.0,0.0
485,32,honesty,0.0873544953211666,0.22308800566870862
485,32,harmlessness,0.043462955750049805,0.11996113614606516
485,32,fairness,0.0,0.0
485,32,compassion,0.0075840322837802225,0.022412147944224945
485,40,honesty,0.0,0.0
485,40,harmlessness,0.0,0.0
485,40,fairness,0.0,0.0
485,40,compassion,0.0,0.0
485,47,honesty,0.008657191611613437,0.025529546483509646
485,47,harmlessness,0.0,0.0
485,47,fairness,0.0,0.0
485,47,compassion,0.010790729973171764,0.03168830992803606
486,32,honesty,0.0,0.0
486,32,harmlessness,0.0,0.0
486,32,fairness,0.0010085575825180759,0.003019581903105405
486,32,compassion,0.0,0.0
486,40,honesty,0.0,0.0
486,40,harmlessness,0.0,0.0
486,40,fairness,0.015305582838992445,0.0445529313538643
486,40,compassion,0.0,0.0
486,47,honesty,0.0,0.0
486,47,harmlessness,0.01610627096753906,0.04681091436075211
486,47,fairness,0.0,0.0
486,47,compassion,0.0,0.0
487,32,honesty,0.0,0.0
487,32,harmlessness,0.0,0.0
487,32,fairness,0.028429095227098505,0.08069889267229155
487,32,compassion,0.0,0.0
487,40,honesty,0.00834018215987155,0.024610042012915043
487,40,harmlessness,0.01919986952305768,0.05546959075903141
487,40,fairness,0.06636564673504247,0.17576714032080856
487,40,compassion,0.0,0.0
487,47,honesty,0.0,0.0
487,47,harmlessness,0.0,0.0
487,47,fairness,0.0,0.0
487,47,compassion,0.002506310377943495,0.007481429564710708
488,32,honesty,0.0,0.0
488,32,harmlessness,0.0,0.0
488,32,fairness,0.004516767750800446,0.01342899197662974
488,32,compassion,0.0,0.0
488,40,honesty,0.0,0.0
488,40,harmlessness,0.0,0.0
488,40,fairness,0.0,0.0
488,40,compassion,0.0018451929356443067,0.005515225496682989
488,47,honesty,0.0482406408885983,0.13198759073317423
488,47,harmlessness,0.010636318441687814,0.031244306537420025
488,47,fairness,0.0,0.0
488,47,compassion,0.0,0.0
489,32,honesty,0.010374431772183966,0.0304906490010499
489,32,harmlessness,0.0,0.0
489,32,fairness,0.0054659247312781,0.016220454625652445
489,32,compassion,0.030090779309952756,0.08514799865729654
489,40,honesty,0.01818877179321357,0.05265100128550811
489,40,harmlessness,0.0,0.0
489,40,fairness,0.0,0.0
489,40,compassion,0.012104271534286544,0.035454512509791085
489,47,honesty,0.0,0.0
489,47,harmlessness,0.0002714329198152843,0.0008138569443124395
489,47,fairness,0.020780397703970742,0.059853628695284614
489,47,compassion,0.03003014639801436,0.0849861463600522
490,32,honesty,0.0412047618448423,0.11420288054483693
490,32,harmlessness,0.010618247062412767,0.031192325548977787
490,32,fairness,0.0,0.0
490,32,compassion,0.0,0.0
490,40,honesty,0.012006131140356665,0.035173791123212395
490,40,harmlessness,0.028798820638242444,0.08169123922255508
490,40,fairness,0.0,0.0
490,40,compassion,0.01834090816967731,0.05307580748674038
490,47,honesty,0.0,0.0
490,47,harmlessness,0.032081526943927276,0.0904415732910085
490,47,fairness,0.0,0.0
490,47,compassion,0.0,0.0
491,32,honesty,0.03930344305105296,0.10931724122332084
491,32,harmlessness,0.04939789646942075,0.1348691816628667
491,32,fairness,0.031960838836893136,0.09012178106975122
491,32,compassion,0.0,0.0
491,40,honesty,0.0,0.0
491,40,harmlessness,0.02115415604857871,0.060886464598989554
491,40,fairness,0.0,0.0
491,40,compassion,0.011060523470394667,0.03246344502003605
491,47,honesty,0.0044328549511866416,0.013181699727753468
491,47,harmlessness,0.02412689754798994,0.06904882480043158
491,47,fairness,0.07022167451631678,0.1847220414127929
491,47,compassion,0.05355609573461846,0.14512376292291948
492,32,honesty,0.0,0.0
492,32,harmlessness,0.0,0.0
492,32,fairness,0.0,0.0
492,32,compassion,0.0,0.0
492,40,honesty,0.0,0.0
492,40,harmlessness,0.0,0.0
492,40,fairness,0.0,0.0
492,40,compassion,0.0017709024016603545,0.005293957042499366
492,47,honesty,0.018155151198098598,0.05255708977162405
492,47,harmlessness,0.0,0.0
492,47,fairness,0.0019192447827485225,0.0057357178551081
492,47,compassion,0.0,0.0
493,32,honesty,0.0,0.0
493,32,harmlessness,0.02901173330477756,0.08226206947303133
493,32,fairness,0.0,0.0
493,32,compassion,0.0,0.0
493,40,honesty,0.03895037490332957,0.10840620041404374
493,40,harmlessness,0.0,0.0
493,40,fairness,0.0,0.0
493,40,compassion,0.015509664876807354,0.0451291195884186
493,47,honesty,0.06241224643348439,0.16645862575700276
493,47,harmlessness,0.0040838374104446235,0.012152256551481349
493,47,fairness,0.0,0.0
493,47,compassion,0.030086825264191843,0.08513744493422401
494,32,honesty,0.0,0.0
494,32,harmlessness,0.0,0.0
494,32,fairness,0.015093141049403503,0.04395265587885947
494,32,compassion,0.0,0.0
494,40,honesty,0.0,0.0
494,40,harmlessness,0.0,0.0
494,40,fairness,0.041637592495100205,0.11531029161941951
494,40,compassion,0.0,0.0
494,47,honesty,0.04769633198965719,0.13062803930890093
494,47,harmlessness,0.04372355502898022,0.12062256993809044
494,47,fairness,0.012020686137621656,0.035215431123394265
494,47,compassion,0.01676387816288302,0.04866016822561003
495,32,honesty,0.004565713986103001,0.013573199266851351
495,32,harmlessness,0.020227576026939646,0.05832325205082604
495,32,fairness,0.0,0.0
495,32,compassion,0.0,0.0
495,40,honesty,0.0,0.0
495,40,harmlessness,0.0,0.0
495,40,fairness,0.0021513125647760188,0.006426287787005951
495,40,compassion,0.0,0.0
495,47,honesty,0.0,0.0
495,47,harmlessness,0.011664412193503271,0.03419549586270222
495,47,fairness,0.022074681218953753,0.06342391810903339
495,47,compassion,0.017573207559753178,0.05092962880345107
496,32,honesty,0.0,0.0
496,32,harmlessness,0.0,0.0
496,32,fairness,0.0,0.0
496,32,compassion,0.0,0.0
496,40,honesty,0.024351505001279902,0.0696617767919455
496,40,harmlessness,0.0,0.0
496,40,fairness,0.00037169247673192,0.0011142491141698757
496,40,compassion,0.029023991358114138,0.08229491998161616
496,47,honesty,0.008597937440958622,0.02535776339622905
496,47,harmlessness,0.0,0.0
496,47,fairness,0.03024258968578858,0.08555307591486498
496,47,compassion,0.009821713198607583,0.028897493803234923
497,32,honesty,0.0,0.0
497,32,harmlessness,0.0,0.0
497,32,fairness,0.06908619463898852,0.18209770845736672
497,32,compassion,0.05536115508075781,0.14952744148816313
497,40,honesty,0.04685945205213458,0.1285324370172921
497,40,harmlessness,0.0,0.0
497,40,fairness,0.02185947502093767,0.06283149794317897
497,40,compassion,0.0,0.0
497,47,honesty,0.033334046558869984,0.09375188057263058
497,47,harmlessness,0.0,0.0
497,47,fairness,0.03426133262992335,0.09619262298453418
497,47,compassion,0.0,0.0
498,32,honesty,0.04904491113367303,0.1339915282132512
498,32,harmlessness,0.017039586458577775,0.04943408659080368
498,32,fairness,0.003682132707320099,0.010965644207573216
498,32,compassion,0.0,0.0
498,40,honesty,0.0,0.0
498,40,harmlessness,0.0,0.0
498,40,fairness,0.014754864515002804,0.04299579916230039
498,40,compassion,0.0,0.0
498,47,honesty,0.014273815180287332,0.04163292420969383
498,47,harmlessness,0.01765552848560745,0.051160069333920956
498,47,fairness,0.0,0.0
498,47,compassion,0.0,0.0
499,32,honesty,0.020231158734918122,0.05833318053492496
499,32,harmlessness,0.003977834402718054,0.011839313550661387
499,32,fairness,0.029834707176796683,0.08446419262274193
499,32,compassion,0.03303711950001969,0.09296853340441277
499,40,honesty,0.0,0.0
499,40,harmlessness,0.0,0.0
499,40,fairness,0.0,0.0
499,40,compassion,0.004166548576343309,0.012396345775345676
499,47,honesty,0.014483376734168147,0.04222695248028876
499,47,harmlessness,0.0005071310737151408,0.0015198516931034
499,47,fairness,0.04094023484435355,0.11352520724253413
499,47,compassion,0.046709419576876646,0.12815606765938073
500,32,honesty,0.0,0.0
500,32,harmlessness,0.04465518187013577,0.12298198022317655
500,32,fairness,0.0011577915454192992,0.0034653503296307726
500,32,compassion,0.07482275504097599,0.19524998197655455
500,40,honesty,0.007134164285089849,0.021101410989970256
500,40,harmlessness,0.0,0.0
500,40,fairness,0.036055829722494145,0.10089199964813243
500,40,compassion,0.0,0.0
500,47,honesty,0.0,0.0
500,47,harmlessness,0.0,0.0
500,47,fairness,0.020185534640950378,0.05820673576077943
500,47,compassion,0.05983225639438708,0.1603129929840185
501,32,honesty,0.0,0.0
501,32,harmlessness,0.011824771710363101,0.03465474620595727
501,32,fairness,0.0,0.0
501,32,compassion,0.0,0.0
501,40,honesty,0.04900081026210645,0.1338817976572173
501,40,harmlessness,0.006288171856188814,0.018630215574071237
501,40,fairness,0.04454965625684216,0.12271513463915368
501,40,compassion,0.012434158076323384,0.0363973338243137
501,47,honesty,0.0,0.0
501,47,harmlessness,0.024065633483979117,0.0688815444469938
501,47,fairness,0.0,0.0
501,47,compassion,0.005106544089052462,0.015164753304459731
502,32,honesty,0.007166571342534472,0.02119591002487697
502,32,harmlessness,0.06939378944304,0.18280965843757738
502,32,fairness,0.0,0.0
502,32,compassion,0.0,0.0
502,40,honesty,0.015406173125988734,0.044836986621295566
502,40,harmlessness,0.0,0.0
502,40,fairness,0.0,0.0
502,40,compassion,0.0,0.0
502,47,honesty,0.0,0.0
502,47,harmlessness,0.06002093544084314,0.1607643526583392
502,47,fairness,0.0,0.0
502,47,compassion,0.0,0.0
503,32,honesty,0.0,0.0
503,32,harmlessness,0.0,0.0
503,32,fairness,0.0,0.0
503,32,compassion,0.003503984845372975,0.010438799743905866
503,40,honesty,0.0,0.0
503,40,harmlessness,0.024420761039976892,0.06985067007515541
503,40,fairness,0.0,0.0
503,40,compassion,0.0,0.0
503,47,honesty,0.0,0.0
503,47,harmlessness,0.0,0.0
503,47,fairness,0.0012641048870154297,0.0037827510728112813
503,47,compassion,0.0,0.0
504,32,honesty,0.012710994903633524,0.03718760187507569
504,32,harmlessness,0.0,0.0
504,32,fairness,0.018650891877129833,0.05394059521317172
504,32,compassion,0.0,0.0
504,40,honesty,0.0,0.0
504,40,harmlessness,0.0,0.0
504,40,fairness,0.0,0.0
504,40,compassion,0.0,0.0
504,47,honesty,0.0,0.0
504,47,harmlessness,0.0,0.0
504,47,fairness,0.01749157139201992,0.05070103270948555
504,47,compassion,0.007692559859719354,0.02272800647850213
505,32,honesty,0.0,0.0
505,32,harmlessness,0.004670311719371225,0.013881275391829116
505,32,fairness,0.0,0.0
505,32,compassion,0.0,0.0
505,40,honesty,0.0,0.0
505,40,harmlessness,0.0,0.0
505,40,fairness,0.04695548036000577,0.1287732239078207
505,40,compassion,0.0,0.0
505,47,honesty,0.0,0.0
505,47,harmlessness,0.0,0.0
505,47,fairness,0.0,0.0
505,47,compassion,0.003961393445948807,0.011790764622450224
506,32,honesty,0.010615074608268346,0.03118319983917037
506,32,harmlessness,0.02561730472976707,0.07310633943912168
506,32,fairness,0.0,0.0
506,32,compassion,0.0,0.0
506,40,honesty,0.0,0.0
506,40,harmlessness,0.0,0.0
506,40,fairness,0.01724582886422287,0.05001247347540207
506,40,compassion,0.000641549597376088,0.0019221824413855554
506,47,honesty,0.0,0.0
506,47,harmlessness,0.012647229304522143,0.037005650030567466
506,47,fairness,0.06568542946490064,0.17417479585880757
506,47,compassion,0.033669166804044484,0.0946349411724792
507,32,honesty,0.0,0.0
507,32,harmlessness,0.011572471352215997,0.03393205850666773
507,32,fairness,0.0,0.0
507,32,compassion,0.019529069136055406,0.05638491750383968
507,40,honesty,0.0,0.0
507,40,harmlessness,0.05235612047945791,0.1421803394719649
507,40,fairness,0.01695148825953216,0.04918688303791605
507,40,compassion,0.028188469108369977,0.080052303553563
507,47,honesty,0.07579813110652747,0.19746016966275334
507,47,harmlessness,0.057113058445338746,0.15377415116973714
507,47,fairness,0.0,0.0
507,47,compassion,0.02863396463801643,0.08124893561546963
508,32,honesty,0.007127456799473089,0.021081850441864582
508,32,harmlessness,0.0333438169822567,0.0937776418903324
508,32,fairness,0.0,0.0
508,32,compassion,0.0,0.0
508,40,honesty,0.018279708958658297,0.05290495260383545
508,40,harmlessness,0.0,0.0
508,40,fairness,0.0,0.0
508,40,compassion,0.029733755450384317,0.08419443298956213
508,47,honesty,0.020531344088936657,0.05916457574194242
508,47,harmlessness,0.0,0.0
508,47,fairness,0.018904323007643463,0.05464684577516518
508,47,compassion,0.051982584365897734,0.14126147954182436
509,32,honesty,0.0,0.0
509,32,harmlessness,0.006185253256938712,0.01832902050328723
509,32,fairness,0.0,0.0
509,32,compassion,0.03543489862025355,0.09926948741545806
509,40,honesty,0.0,0.0
509,40,harmlessness,0.007431963800022522,0.02196934071032852
509,40,fairness,0.03558663998554711,0.09966633966030432
509,40,compassion,0.02757440053575431,0.07839955987559018
509,47,honesty,0.02476762324641187,0.07079597372982906
509,47,harmlessness,0.0846709130872339,0.21722710466340794
509,47,fairness,0.04031451104562369,0.11191956782987333
509,47,compassion,0.045583329609235314,0.1253245667583454
510,32,honesty,0.054378928194523515,0.14713472706733924
510,32,harmlessness,0.026411933250215566,0.0752602617321216
510,32,fairness,0.002711459167550852,0.008090503363621769
510,32,compassion,0.0031350091373310318,0.009346425155465563
510,40,honesty,0.0635370846746881,0.1691204174558433
510,40,harmlessness,0.0,0.0
510,40,fairness,0.0,0.0
510,40,compassion,0.0,0.0
510,47,honesty,0.0,0.0
510,47,harmlessness,0.0,0.0
510,47,fairness,0.0,0.0
510,47,compassion,0.0,0.0
511,32,honesty,0.0,0.0
511,32,harmlessness,0.0,0.0
511,32,fairness,0.0,0.0
511,32,compassion,0.0,0.0
511,40,honesty,0.018680734486621022,0.05402379511486236
511,40,harmlessness,0.0,0.0
511,40,fairness,0.01014429349134978,0.029827718218478294
511,40,compassion,0.029283137987521166,0.08298905411628163
511,47,honesty,0.0,0.0
511,47,harmlessness,0.0,0.0
511,47,fairness,0.0,0.0
511,47,compassion,0.0005915405735309592,0.0017725246800611952
512,32,honesty,0.012189004735534428,0.03569679734289145
512,32,harmlessness,0.0,0.0
512,32,fairness,0.0036408790013110173,0.010843675979590826
512,32,compassion,0.0,0.0
512,40,honesty,0.04525064856000423,0.12448581770469305
512,40,harmlessness,0.0,0.0
512,40,fairness,0.0,0.0
512,40,compassion,0.01578311951111274,0.04590045383631255
512,47,honesty,0.0,0.0
512,47,harmlessness,0.02831211160771446,0.08038461825593242
512,47,fairness,0.0,0.0
512,47,compassion,0.019968993852316236,0.05760630178456731
513,32,honesty,0.0,0.0
513,32,harmlessness,0.0,0.0
513,32,fairness,0.0,0.0
513,32,compassion,0.020751832855353855,0.05977463221272416
513,40,honesty,0.0,0.0
513,40,harmlessness,0.02260677761693464,0.06488657988713985
513,40,fairness,0.006762280410689443,0.02001613183959499
513,40,compassion,0.006057244551733079,0.01795422736344365
513,47,honesty,0.016354911560118927,0.0475106690978422
513,47,harmlessness,0.019631685971366695,0.056670002526891125
513,47,fairness,0.0,0.0
513,47,compassion,0.0,0.0
514,32,honesty,0.0,0.0
514,32,harmlessness,0.0,0.0
514,32,fairness,0.03139981137014141,0.08863329652634232
514,32,compassion,0.01681341109274529,0.04879926893884731
514,40,honesty,0.0028754768040083313,0.008577103885488411
514,40,harmlessness,0.0,0.0
514,40,fairness,0.015012176817043347,0.04372375302800768
514,40,compassion,0.0,0.0
514,47,honesty,0.015699068127604923,0.045663456939930916
514,47,harmlessness,0.0,0.0
514,47,fairness,0.0025984894044166094,0.007755164786196953
514,47,compassion,0.0,0.0
515,32,honesty,0.0,0.0
515,32,harmlessness,0.01976847120060059,0.057049837463990095
515,32,fairness,0.0,0.0
515,32,compassion,0.004920643766498701,0.01461807066292459
515,40,honesty,0.0453179384644941,0.12465555027980645
515,40,harmlessness,0.021744132971317748,0.0625137828981963
515,40,fairness,0.010497430154193308,0.030844710083131884
515,40,compassion,0.006591585297386012,0.019517453966936306
515,47,honesty,0.05069123937734085,0.1380753017825109
515,47,harmlessness,0.0,0.0
515,47,fairness,0.015003054671188442,0.04369795829881253
515,47,compassion,0.0,0.0
516,32,honesty,0.0,0.0
516,32,harmlessness,0.0,0.0
516,32,fairness,0.0,0.0
516,32,compassion,0.0,0.0
516,40,honesty,0.0,0.0
516,40,harmlessness,0.00781658032431374,0.02308879020646116
516,40,fairness,0.04769522185504488,0.13062526370095323
516,40,compassion,0.0,0.0
516,47,honesty,0.0,0.0
516,47,harmlessness,0.0,0.0
516,47,fairness,0.0,0.0
516,47,compassion,0.0,0.0
517,32,honesty,0.0,0.0
517,32,harmlessness,0.0,0.0
517,32,fairness,0.0,0.0
517,32,compassion,0.011758882551022368,0.0344660824226632
517,40,honesty,0.03774704139572933,0.10529218709717976
517,40,harmlessness,0.0050017908210823825,0.01485675173433535
517,40,fairness,0.0,0.0
517,40,compassion,0.005636213700018405,0.01672016426229184
517,47,honesty,0.0,0.0
517,47,harmlessness,0.013776900445291264,0.040222420762837344
517,47,fairness,0.020229745495863694,0.058329264150153846
517,47,compassion,0.0,0.0
518,32,honesty,0.0,0.0
518,32,harmlessness,0.0,0.0
518,32,fairness,0.0,0.0
518,32,compassion,0.03529548834321594,0.09890468660344519
518,40,honesty,0.061978059490648225,0.16542832529838186
518,40,harmlessness,0.01360819074709705,0.03974291393397321
518,40,fairness,0.0,0.0
518,40,compassion,0.0,0.0
518,47,honesty,0.007494151779724485,0.022150457557323595
518,47,harmlessness,0.0,0.0
518,47,fairness,0.0003523222939941225,0.0010562226204291713
518,47,compassion,0.0,0.0
519,32,honesty,0.013683653618158528,0.03995743349562608
519,32,harmlessness,0.0,0.0
519,32,fairness,0.0,0.0
519,32,compassion,0.02086764695214753,0.06009486404345053
519,40,honesty,0.021375556923862095,0.06149758069781441
519,40,harmlessness,0.0,0.0
519,40,fairness,0.0,0.0
519,40,compassion,0.0,0.0
519,47,honesty,0.04093344948690343,0.11350781558913693
519,47,harmlessness,0.01642286762413596,0.047701802109455245
519,47,fairness,0.013692569492207454,0.03998277463622675
519,47,compassion,0.001445943517578977,0.004325322209516349
520,32,honesty,0.00044013097866898066,0.0013192316665579555
520,32,harmlessness,0.0041224107610527755,0.01226610047397816
520,32,fairness,0.03526955015663746,0.09883679207882207
520,32,compassion,0.0,0.0
520,40,honesty,0.02229245724905299,0.06402291553223483
520,40,harmlessness,0.005078494227991107,0.015082292018056173
520,40,fairness,0.012863370898008715,0.03762221566579807
520,40,compassion,0.0,0.0
520,47,honesty,0.021850571219145454,0.0628069770090456
520,47,harmlessness,0.0,0.0
520,47,fairness,0.0,0.0
520,47,compassion,0.011754834404997347,0.03445448957604188
521,32,honesty,0.014029712096880366,0.04094037299803835
521,32,harmlessness,0.0,0.0
521,32,fairness,0.0,0.0
521,32,compassion,0.0,0.0
521,40,honesty,0.0,0.0
521,40,harmlessness,0.0,0.0
521,40,fairness,0.024212218478097985,0.06928172682160477
521,40,compassion,0.0,0.0
521,47,honesty,0.0,0.0
521,47,harmlessness,0.017019744286638886,0.0493784168053059
521,47,fairness,0.049892404087324864,0.1360968174404945
521,47,compassion,0.0,0.0
522,32,honesty,0.016642525671589803,0.04831926770823594
522,32,harmlessness,0.049446106523141714,0.13498896234618907
522,32,fairness,0.017103085726553585,0.04961221330517578
522,32,compassion,0.061487945268209845,0.16426339813628185
522,40,honesty,0.04203961468187078,0.11633729401829138
522,40,harmlessness,0.0,0.0
522,40,fairness,0.0,0.0
522,40,compassion,0.0,0.0
522,47,honesty,0.029128745817006037,0.08257559066847578
522,47,harmlessness,0.013122237217981468,0.03835997428934353
522,47,fairness,0.00041106434360662465,0.001232180020277393
522,47,compassion,0.0,0.0
523,32,honesty,0.011323232161307518,0.033217438938121735
523,32,harmlessness,0.005571810287947522,0.016531213295221427
523,32,fairness,0.0,0.0
523,32,compassion,0.033640945996818335,0.0945606205329086
523,40,honesty,0.009725494229716424,0.02861979930319161
523,40,harmlessness,0.0416313553599839,0.1152943462781466
523,40,fairness,0.004954333177473772,0.014717171985528337
523,40,compassion,0.010937240683278287,0.03210934674281681
523,47,honesty,0.09495778552799278,0.23940636084892028
523,47,harmlessness,0.0,0.0
523,47,fairness,0.038964738005499204,0.10844328559330065
523,47,compassion,0.0,0.0
524,32,honesty,0.0015876077658764337,0.004747748173886724
524,32,harmlessness,0.007738200599392954,0.02286079890263689
524,32,fairness,0.0,0.0
524,32,compassion,0.0,0.0
524,40,honesty,0.0019791615915848546,0.005914074954754156
524,40,harmlessness,0.002872272395161004,0.008567600222260663
524,40,fairness,0.0,0.0
524,40,compassion,0.0,0.0
524,47,honesty,0.0,0.0
524,47,harmlessness,0.0,0.0
524,47,fairness,0.0,0.0
524,47,compassion,0.016787713528126143,0.048727107152516914
525,32,honesty,0.0,0.0
525,32,harmlessness,0.0,0.0
525,32,fairness,0.0,0.0
525,32,compassion,0.004070654011669733,0.012113343573782496
525,40,honesty,0.0771273681765798,0.20046017334161922
525,40,harmlessness,0.0,0.0
525,40,fairness,0.0,0.0
525,40,compassion,0.0,0.0
525,47,honesty,0.02676396806100691,0.07621241110944948
525,47,harmlessness,0.0,0.0
525,47,fairness,0.057441452705119606,0.15456722609981113
525,47,compassion,0.0,0.0
526,32,honesty,0.0,0.0
526,32,harmlessness,0.029170747059350754,0.08268809421568145
526,32,fairness,0.04287814650590978,0.11847450514047263
526,32,compassion,0.01022983317229404,0.030074191591340088
526,40,honesty,0.0,0.0
526,40,harmlessness,0.0,0.0
526,40,fairness,0.0,0.0
526,40,compassion,0.025679711202107887,0.07327573422051327
526,47,honesty,0.0,0.0
526,47,harmlessness,0.0,0.0
526,47,fairness,0.0,0.0
526,47,compassion,0.035668424725491595,0.09988013968838153
527,32,honesty,0.05595894914073094,0.15097953516321386
527,32,harmlessness,0.0,0.0
527,32,fairness,0.02796260173985648,0.07944483656903369
527,32,compassion,0.0,0.0
527,40,honesty,0.0014845607795721993,0.004440497960488774
527,40,harmlessness,0.0,0.0
527,40,fairness,0.03568951886046362,0.09993527296291947
527,40,compassion,0.0,0.0
527,47,honesty,0.004224451447508911,0.012567175497087198
527,47,harmlessness,0.004146806826428573,0.0123380931018857
527,47,fairness,0.04791724707912733,0.13118015722602552
527,47,compassion,0.00898024383611343,0.02646540001758392
528,32,honesty,0.0,0.0
528,32,harmlessness,0.023155952471025535,0.06639306796086203
528,32,fairness,0.0,0.0
528,32,compassion,0.020537796386296527,0.05918243553746253
528,40,honesty,0.027901827016296253,0.07928129508661919
528,40,harmlessness,0.02918436003346578,0.08272455377825269
528,40,fairness,0.0,0.0
528,40,compassion,0.020248887474856248,0.0583823088208955
528,47,honesty,0.002800965470585332,0.008356086193958967
528,47,harmlessness,0.0,0.0
528,47,fairness,0.0,0.0
528,47,compassion,0.0,0.0
529,32,honesty,0.0,0.0
529,32,harmlessness,0.0,0.0
529,32,fairness,0.0,0.0
529,32,compassion,0.0381751610223518,0.10640168049515282
529,40,honesty,0.0,0.0
529,40,harmlessness,0.018577358515855694,0.05373554652199789
529,40,fairness,0.0659400844274199,0.17477137485534439
529,40,compassion,0.04053925708938482,0.11249670553349234
529,47,honesty,0.061785100026029396,0.16496993251467515
529,47,harmlessness,0.0,0.0
529,47,fairness,0.0,0.0
529,47,compassion,0.016732209558298173,0.04857122097904687
530,32,honesty,0.0,0.0
530,32,harmlessness,0.0,0.0
530,32,fairness,0.019151543039499813,0.05533512313390927
530,32,compassion,0.0,0.0
530,40,honesty,0.0,0.0
530,40,harmlessness,0.0,0.0
530,40,fairness,0.023812463356143645,0.06818985330238332
530,40,compassion,0.0,0.0
530,47,honesty,0.0,0.0
530,47,harmlessness,0.01101864104718776,0.03234316763261761
530,47,fairness,0.0,0.0
530,47,compassion,0.0,0.0
531,32,honesty,0.0,0.0
531,32,harmlessness,0.0,0.0
531,32,fairness,0.0,0.0
531,32,compassion,0.0,0.0
531,40,honesty,0.02218664098788275,0.06373192814520197
531,40,harmlessness,0.0,0.0
531,40,fairness,0.0,0.0
531,40,compassion,0.005263701504433131,0.015626597028720896
531,47,honesty,0.0,0.0
531,47,harmlessness,0.006628362646913099,0.019624925691929633
531,47,fairness,0.0,0.0
531,47,compassion,0.0,0.0
532,32,honesty,0.0,0.0
532,32,harmlessness,0.0,0.0
532,32,fairness,0.021640802837265313,0.06222903591769984
532,32,compassion,0.0,0.0
532,40,honesty,0.0,0.0
532,40,harmlessness,0.03142558111875004,0.0887017361469314
532,40,fairness,0.0,0.0
532,40,compassion,0.0,0.0
532,47,honesty,0.025702962587309856,0.07333883699497239
532,47,harmlessness,0.0,0.0
532,47,fairness,0.0,0.0
532,47,compassion,0.0,0.0
533,32,honesty,0.05150549862269016,0.1400860882202937
533,32,harmlessness,0.01624273806161064,0.047195060184087756
533,32,fairness,0.0,0.0
533,32,compassion,0.0,0.0
533,40,honesty,0.0,0.0
533,40,harmlessness,0.03075524493087477,0.08691928687830579
533,40,fairness,0.0,0.0
533,40,compassion,0.0034007208981331424,0.010133242038467315
533,47,honesty,0.0,0.0
533,47,harmlessness,0.0,0.0
533,47,fairness,0.0,0.0
533,47,compassion,0.041372343966149555,0.11463185484241263
534,32,honesty,0.0,0.0
534,32,harmlessness,0.0019092555160681991,0.005705978207470242
534,32,fairness,0.0303142195447195,0.08574412610719147
534,32,compassion,0.0,0.0
534,40,honesty,0.018300349868082783,0.052962582041688466
534,40,harmlessness,0.0,0.0
534,40,fairness,0.0,0.0
534,40,compassion,0.0,0.0
534,47,honesty,0.0,0.0
534,47,harmlessness,0.0,0.0
534,47,fairness,0.0,0.0
534,47,compassion,0.01711235068484465,0.04963819950011351
535,32,honesty,0.03985605137568112,0.11074077415855152
535,32,harmlessness,0.011183080742031885,0.032815290147510036
535,32,fairness,0.0,0.0
535,32,compassion,0.03541320609591618,0.0992127361430046
535,40,honesty,0.0,0.0
535,40,harmlessness,0.018290336708525888,0.052934625864379
535,40,fairness,0.0,0.0
535,40,compassion,0.0,0.0
535,47,honesty,0.08997918968519364,0.2287687208082853
535,47,harmlessness,0.0,0.0
535,47,fairness,0.0,0.0
535,47,compassion,0.034347679352268574,0.09641946810896004
536,32,honesty,0.0,0.0
536,32,harmlessness,0.04803396912832986,0.13147169290818733
536,32,fairness,0.048495245169337745,0.13262260410579965
536,32,compassion,0.018129311680938887,0.05248490465282579
536,40,honesty,0.0,0.0
536,40,harmlessness,0.0,0.0
536,40,fairness,0.0,0.0
536,40,compassion,0.010535015168623272,0.030952867645553234
536,47,honesty,0.0,0.0
536,47,harmlessness,0.0038420540860531565,0.011438269359102438
536,47,fairness,0.0,0.0
536,47,compassion,0.0,0.0
537,32,honesty,0.0,0.0
537,32,harmlessness,0.0019772266644505904,0.005908315834133283
537,32,fairness,0.0,0.0
537,32,compassion,0.0,0.0
537,40,honesty,0.0,0.0
537,40,harmlessness,0.07488312459298632,0.1953869962159781
537,40,fairness,0.022247788838596655,0.06390009488045659
537,40,compassion,0.014250506722306072,0.04156682356951368
537,47,honesty,0.0,0.0
537,47,harmlessness,0.022199280350393452,0.06376669171823972
537,47,fairness,0.0,0.0
537,47,compassion,0.0,0.0
538,32,honesty,0.013850307593260171,0.040430960306703054
538,32,harmlessness,0.03574931862901306,0.1000915466971452
538,32,fairness,0.0,0.0
538,32,compassion,0.04896846265381509,0.1338013000339559
538,40,honesty,0.0012869753600429355,0.0038510137604869403
538,40,harmlessness,0.0,0.0
538,40,fairness,0.0,0.0
538,40,compassion,0.0,0.0
538,47,honesty,0.0,0.0
538,47,harmlessness,0.0,0.0
538,47,fairness,0.05646732660910264,0.15221197339615455
538,47,compassion,0.03380377848835555,0.09498933835973106
539,32,honesty,0.04049217378928878,0.11237583748550634
539,32,harmlessness,0.0,0.0
539,32,fairness,0.07515784241536369,0.1960101302793852
539,32,compassion,0.0,0.0
539,40,honesty,0.0,0.0
539,40,harmlessness,0.0,0.0
539,40,fairness,0.07148293656922584,0.18762485805357076
539,40,compassion,0.0020404238138415944,0.006096392990651459
539,47,honesty,0.0,0.0
539,47,harmlessness,0.012174329933721674,0.03565484217638485
539,47,fairness,0.052189497752992926,0.14177061850696
539,47,compassion,0.01624233224514295,0.047193918138710815
540,32,honesty,0.0292425948386023,0.08288050260066496
540,32,harmlessness,0.0,0.0
540,32,fairness,0.0013451311391932297,0.004024566278733147
540,32,compassion,0.00031727216242834026,0.0009512129005372542
540,40,honesty,0.0,0.0
540,40,harmlessness,0.0,0.0
540,40,fairness,0.033114310522912034,0.09317226119037612
540,40,compassion,0.04273194349803343,0.11810234502492001
540,47,honesty,0.0,0.0
540,47,harmlessness,0.0,0.0
540,47,fairness,0.015494485801068783,0.045086279954063835
540,47,compassion,0.012624669253710242,0.036941265249942526
541,32,honesty,0.0,0.0
541,32,harmlessness,0.053368011380911996,0.14466325379307843
541,32,fairness,0.0,0.0
541,32,compassion,0.009917577233775746,0.02917405972032894
541,40,honesty,0.0,0.0
541,40,harmlessness,5.8828019203991214e-05,0.00017646329563968425
541,40,fairness,0.0,0.0
541,40,compassion,0.0,0.0
541,47,honesty,0.0,0.0
541,47,harmlessness,0.036009781624420326,0.10077180359085001
541,47,fairness,0.0,0.0
541,47,compassion,0.040673965518060094,0.11284240072227447
542,32,honesty,0.04437148952341994,0.12226436462239908
542,32,harmlessness,0.0,0.0
542,32,fairness,0.038776590725105926,0.10795733721351623
542,32,compassion,0.0,0.0
542,40,honesty,0.0,0.0
542,40,harmlessness,0.04102154059943109,0.1137335693343581
542,40,fairness,0.03131194716023204,0.08839989575123099
542,40,compassion,0.0,0.0
542,47,honesty,0.0,0.0
542,47,harmlessness,0.0,0.0
542,47,fairness,0.0,0.0
542,47,compassion,0.0,0.0
543,32,honesty,0.0,0.0
543,32,harmlessness,0.0,0.0
543,32,fairness,0.06489570271916481,0.17232128623067453
543,32,compassion,0.024293764564865164,0.0695042537412999
543,40,honesty,0.054040455313825064,0.14630823831234924
543,40,harmlessness,0.0,0.0
543,40,fairness,0.01012061560442592,0.02975947833171079
543,40,compassion,0.0,0.0
543,47,honesty,0.08286937802225008,0.21326230493554946
543,47,harmlessness,0.05370158608315257,0.14547976951727903
543,47,fairness,0.021683481197201083,0.06234665840129754
543,47,compassion,0.030311927884066694,0.08573801462002931
544,32,honesty,0.021356297946997983,0.061444442210907474
544,32,harmlessness,0.0,0.0
544,32,fairness,0.0,0.0
544,32,compassion,0.0,0.0
544,40,honesty,0.0,0.0
544,40,harmlessness,0.0,0.0
544,40,fairness,0.019643779277729666,0.05670359213680922
544,40,compassion,0.0,0.0
544,47,honesty,0.0,0.0
544,47,harmlessness,0.0,0.0
544,47,fairness,0.03465740558756265,0.09723256021155031
544,47,compassion,0.026696223656858125,0.07602928156055286
545,32,honesty,0.0,0.0
545,32,harmlessness,0.014364252463992479,0.041889339301426375
545,32,fairness,0.0,0.0
545,32,compassion,0.0,0.0
545,40,honesty,0.0,0.0
545,40,harmlessness,0.0,0.0
545,40,fairness,0.0007307060067153195,0.0021889191074658796
545,40,compassion,0.0,0.0
545,47,honesty,0.0,0.0
545,47,harmlessness,0.0,0.0
545,47,fairness,0.03555937448709124,0.09959504822732314
545,47,compassion,0.0,0.0
546,32,honesty,0.021486910739680398,0.06180474609382782
546,32,harmlessness,0.042793370961695214,0.11825873320599689
546,32,fairness,0.0,0.0
546,32,compassion,0.004616854721409487,0.013723842192979391
546,40,honesty,0.0,0.0
546,40,harmlessness,0.04668507815521564,0.1280949856343822
546,40,fairness,0.08441206638656984,0.21665894128904062
546,40,compassion,0.0,0.0
546,47,honesty,0.025627275455979415,0.07313340646301468
546,47,harmlessness,0.0,0.0
546,47,fairness,0.0,0.0
546,47,compassion,0.03574660342370002,0.10008445185259393
547,32,honesty,0.0,0.0
547,32,harmlessness,0.0,0.0
547,32,fairness,0.014670832903861675,0.042757910394162914
547,32,compassion,0.0,0.0
547,40,honesty,0.06529748715562939,0.17326493210906307
547,40,harmlessness,0.025383486444198175,0.07247131028801625
547,40,fairness,0.0,0.0
547,40,compassion,0.020993349824768796,0.060442277713803005
547,47,honesty,0.040631682686029305,0.1127339110542641
547,47,harmlessness,0.002909232304719937,0.008677208881374816
547,47,fairness,0.0,0.0
547,47,compassion,0.007280523788330204,0.02152809968129617
548,32,honesty,0.025195983269256164,0.07196166023323931
548,32,harmlessness,0.0,0.0
548,32,fairness,0.0,0.0
548,32,compassion,0.013970486577309324,0.04077224356891534
548,40,honesty,0.0,0.0
548,40,harmlessness,0.012833473402672187,0.037536961026124735
548,40,fairness,0.0,0.0
548,40,compassion,0.007737812274417892,0.02285966916593113
548,47,honesty,0.0,0.0
548,47,harmlessness,0.0018381135680394806,0.005494142986581672
548,47,fairness,0.0,0.0
548,47,compassion,0.01808152402175333,0.05235138636499837
549,32,honesty,0.017080473411874582,0.04954878676573808
549,32,harmlessness,0.03448115299060935,0.09676997813021626
549,32,fairness,0.04542136852419929,0.12491636140082044
549,32,compassion,0.0,0.0
549,40,honesty,0.0019412256672729732,0.005801154302555058
549,40,harmlessness,0.0019803028223446474,0.005917471695235505
549,40,fairness,0.0,0.0
549,40,compassion,0.002192290090928418,0.0065481593431018495
549,47,honesty,0.020670502226282608,0.059549663764030286
549,47,harmlessness,0.0202626614262113,0.05842047564204782
549,47,fairness,0.0,0.0
549,47,compassion,0.0,0.0
550,32,honesty,0.007643496171322687,0.022585228301860622
550,32,harmlessness,0.0,0.0
550,32,fairness,0.0,0.0
550,32,compassion,0.0,0.0
550,40,honesty,0.0,0.0
550,40,harmlessness,0.08042703139760553,0.20784791295112304
550,40,fairness,0.0,0.0
550,40,compassion,0.007760735954226427,0.022926357055676444
550,47,honesty,0.0,0.0
550,47,harmlessness,0.013843542422851024,0.04041174388679656
550,47,fairness,0.0,0.0
550,47,compassion,0.0005241221564962684,0.0015707199712116787
551,32,honesty,0.02285918654199541,0.065579377192867
551,32,harmlessness,0.00987810109983377,0.02906018442013745
551,32,fairness,0.0,0.0
551,32,compassion,0.0,0.0
551,40,honesty,0.05295989795895498,0.1436629441513842
551,40,harmlessness,0.0,0.0
551,40,fairness,0.02130510973962055,0.06130318696740363
551,40,compassion,0.0,0.0
551,47,honesty,0.03783468995536916,0.10551947651008374
551,47,harmlessness,0.0,0.0
551,47,fairness,0.047506725007509076,0.13015381228474643
551,47,compassion,0.0,0.0
552,32,honesty,0.0,0.0
552,32,harmlessness,0.0,0.0
552,32,fairness,0.0,0.0
552,32,compassion,0.0,0.0
552,40,honesty,0.003698083277667748,0.0110127973495657
552,40,harmlessness,0.01641582421686096,0.04768199418101309
552,40,fairness,0.006748533186907764,0.019975982400383147
552,40,compassion,0.004241366845510321,0.012617073264071748
552,47,honesty,0.009134733295650599,0.02691252245703535
552,47,harmlessness,0.0,0.0
552,47,fairness,0.0,0.0
552,47,compassion,0.0,0.0
553,32,honesty,0.0,0.0
553,32,harmlessness,0.011757909982330315,0.034463297253391596
553,32,fairness,0.0,0.0
553,32,compassion,0.020315363130333428,0.058566490353403174
553,40,honesty,0.0,0.0
553,40,harmlessness,0.0,0.0
553,40,fairness,0.02926631437703333,0.08294401206549738
553,40,compassion,0.0,0.0
553,47,honesty,0.0,0.0
553,47,harmlessness,0.002061490059794888,0.0061590764297099355
553,47,fairness,0.0,0.0
553,47,compassion,0.0,0.0
554,32,honesty,0.0,0.0
554,32,harmlessness,0.0,0.0
554,32,fairness,0.02155063550530761,0.06198046950252915
554,32,compassion,0.0,0.0
554,40,honesty,0.0,0.0
554,40,harmlessness,0.0,0.0
554,40,fairness,0.0,0.0
554,40,compassion,0.0,0.0
554,47,honesty,0.0,0.0
554,47,harmlessness,0.0,0.0
554,47,fairness,0.036406907552144374,0.10180771455279565
554,47,compassion,0.015456638671474236,0.044979453687836325
555,32,honesty,0.0,0.0
555,32,harmlessness,0.0,0.0
555,32,fairness,0.043250461504779354,0.11942132930263194
555,32,compassion,0.0,0.0
555,40,honesty,0.0,0.0
555,40,harmlessness,0.024885342526544972,0.07111651015084247
555,40,fairness,0.0159847614248227,0.04646870204272
555,40,compassion,0.0,0.0
555,47,honesty,0.005011101728517749,0.014884133372611286
555,47,harmlessness,0.014102533471586012,0.04114704524899637
555,47,fairness,0.0,0.0
555,47,compassion,0.0,0.0
556,32,honesty,0.0,0.0
556,32,harmlessness,0.044322837973267804,0.12214122267485458
556,32,fairness,0.023715193110847427,0.06792392150200986
556,32,compassion,0.0,0.0
556,40,honesty,0.0,0.0
556,40,harmlessness,0.0,0.0
556,40,fairness,0.0,0.0
556,40,compassion,0.04679833084950584,0.12837913415938912
556,47,honesty,0.03420246778034899,0.09603793461249661
556,47,harmlessness,0.05585682826699881,0.1507316958967949
556,47,fairness,0.0,0.0
556,47,compassion,0.0,0.0
557,32,honesty,0.0,0.0
557,32,harmlessness,0.0,0.0
557,32,fairness,0.03868157164208156,0.10771179211913783
557,32,compassion,0.0,0.0
557,40,honesty,0.0,0.0
557,40,harmlessness,0.0006871372746413661,0.002058582766021163
557,40,fairness,0.047606943006192025,0.13040450896635283
557,40,compassion,0.06160234729517782,0.16453549631301578
557,47,honesty,0.011598583305753496,0.034006886505063914
557,47,harmlessness,0.0,0.0
557,47,fairness,0.0,0.0
557,47,compassion,0.0,0.0
558,32,honesty,0.022890937147787963,0.06566647704581889
558,32,harmlessness,0.04231196480588885,0.1170321721217243
558,32,fairness,0.0,0.0
558,32,compassion,0.04279542295690598,0.11826395676968603
558,40,honesty,0.0,0.0
558,40,harmlessness,0.07450257105200213,0.1945228136635921
558,40,fairness,0.0,0.0
558,40,compassion,0.0,0.0
558,47,honesty,0.006582218271880073,0.019490078908614882
558,47,harmlessness,0.028744725467071543,0.08154613393546278
558,47,fairness,0.019243997504523637,0.05559235426026081
558,47,compassion,0.010803807282638387,0.03172590081144525
559,32,honesty,0.0,0.0
559,32,harmlessness,0.0,0.0
559,32,fairness,0.0,0.0
559,32,compassion,0.0,0.0
559,40,honesty,0.0,0.0
559,40,harmlessness,0.0,0.0
559,40,fairness,0.0,0.0
559,40,compassion,0.042425814132049454,0.11732244214797234
559,47,honesty,0.004510166808176954,0.013409541883102801
559,47,harmlessness,0.0034196039826385107,0.010189126393525715
559,47,fairness,0.0,0.0
559,47,compassion,0.0,0.0
560,32,honesty,0.0,0.0
560,32,harmlessness,0.06471034288060275,0.17188549057871033
560,32,fairness,0.03998751063307571,0.11107898751082623
560,32,compassion,0.0,0.0
560,40,honesty,0.0,0.0
560,40,harmlessness,0.04995421507048392,0.1362501105589716
560,40,fairness,0.013648302218418722,0.03985694732993117
560,40,compassion,0.0,0.0
560,47,honesty,0.03348066617833203,0.09413836798859765
560,47,harmlessness,0.0,0.0
560,47,fairness,0.0,0.0
560,47,compassion,0.017790414325681295,0.05153749615715587
561,32,honesty,0.012966308999964263,0.037915674302009074
561,32,harmlessness,0.0,0.0
561,32,fairness,0.04849537348243685,0.1326229239853097
561,32,compassion,0.034298091686338586,0.09628920321824785
561,40,honesty,0.0,0.0
561,40,harmlessness,0.0,0.0
561,40,fairness,0.08728832500884087,0.22294413482728484
561,40,compassion,0.031061948519270882,0.08773538173619605
561,47,honesty,0.0,0.0
561,47,harmlessness,0.02684015981331026,0.07641831961753241
561,47,fairness,0.03060974194122755,0.08653179405237345
561,47,compassion,0.0,0.0
562,32,honesty,0.042626162664352235,0.1178329546120295
562,32,harmlessness,0.02064243980207352,0.059472024053362556
562,32,fairness,0.017244765545855543,0.05000949268473575
562,32,compassion,0.0,0.0
562,40,honesty,0.024300941420586242,0.06952383497941995
562,40,harmlessness,0.0,0.0
562,40,fairness,0.012053709961480908,0.03530989931423691
562,40,compassion,0.0,0.0
562,47,honesty,0.0,0.0
562,47,harmlessness,0.0,0.0
562,47,fairness,0.01065217225829524,0.03128990584095827
562,47,compassion,0.0,0.0
563,32,honesty,0.0029940733167628905,0.008928753266474451
563,32,harmlessness,0.0,0.0
563,32,fairness,0.0,0.0
563,32,compassion,0.0,0.0
563,40,honesty,0.0,0.0
563,40,harmlessness,0.005817762144520736,0.01725254403835616
563,40,fairness,0.0,0.0
563,40,compassion,0.009763133472701904,0.028728441206188338
563,47,honesty,0.007759472867141103,0.022922682732020912
563,47,harmlessness,0.0,0.0
563,47,fairness,0.0,0.0
563,47,compassion,0.0,0.0
564,32,honesty,0.0,0.0
564,32,harmlessness,0.011216164438631795,0.03291023998903175
564,32,fairness,0.0,0.0
564,32,compassion,0.0,0.0
564,40,honesty,0.0,0.0
564,40,harmlessness,0.019142262195389045,0.05530929647618775
564,40,fairness,0.002465276125104817,0.007359541770079474
564,40,compassion,0.02361940109772115,0.06766193455075917
564,47,honesty,0.04241873566670174,0.11730439845859227
564,47,harmlessness,0.06218754046120702,0.16592561018923416
564,47,fairness,0.0,0.0
564,47,compassion,0.02084466384562561,0.06003132591890337
565,32,honesty,0.013331348014668334,0.03895538836531583
565,32,harmlessness,0.01091073849090227,0.032033203656463824
565,32,fairness,0.0,0.0
565,32,compassion,0.02824902209272259,0.08021507161757913
565,40,honesty,0.02529179953253905,0.07222214268825367
565,40,harmlessness,0.009923814079399585,0.02919204929852823
565,40,fairness,0.0,0.0
565,40,compassion,0.0,0.0
565,47,honesty,0.0,0.0
565,47,harmlessness,0.010206806409707121,0.030007850585721606
565,47,fairness,0.02249583011237383,0.06458184587100617
565,47,compassion,0.0,0.0
566,32,honesty,0.0,0.0
566,32,harmlessness,0.0,0.0
566,32,fairness,0.016387609487745723,0.04760264146539697
566,32,compassion,0.0025673105115521615,0.0076625870540772524
566,40,honesty,0.009526726501528351,0.028045809982157364
566,40,harmlessness,0.06503808091506695,0.17265583447864044
566,40,fairness,0.0,0.0
566,40,compassion,0.043307888421506575,0.11956725462057248
566,47,honesty,0.06585292830753349,0.17456725505821713
566,47,harmlessness,0.0069350098685843015,0.020520411098797764
566,47,fairness,0.01762408812745207,0.05107206715748681
566,47,compassion,0.011270369962038241,0.03306578267837543
567,32,honesty,0.0008497938169163698,0.00254505590520521
567,32,harmlessness,0.0,0.0
567,32,fairness,0.0,0.0
567,32,compassion,0.014985551261266406,0.043648461275947
567,40,honesty,0.0,0.0
567,40,harmlessness,0.0,0.0
567,40,fairness,0.0,0.0
567,40,compassion,0.024432919316505507,0.06988382617651744
567,47,honesty,0.018103360121717635,0.052412399286885424
567,47,harmlessness,0.012523131024471414,0.03665141219901392
567,47,fairness,0.04359519301759375,0.12029685024141513
567,47,compassion,0.0,0.0
568,32,honesty,0.0,0.0
568,32,harmlessness,0.04537123562762013,0.12478995773055303
568,32,fairness,0.006062125272175251,0.017968520966417493
568,32,compassion,0.0,0.0
568,40,honesty,0.009257731200015272,0.02726830826367725
568,40,harmlessness,0.025488087725179034,0.07275546768961827
568,40,fairness,0.0,0.0
568,40,compassion,0.0,0.0
568,47,honesty,0.0,0.0
568,47,harmlessness,0.0,0.0
568,47,fairness,0.0,0.0
568,47,compassion,0.0,0.0
569,32,honesty,0.0,0.0
569,32,harmlessness,0.0,0.0
569,32,fairness,0.007053023727456327,0.020864752000514734
569,32,compassion,0.05545358744784416,0.14975217201126942
569,40,honesty,0.0,0.0
569,40,harmlessness,0.003371837521749879,0.010047753778847989
569,40,fairness,0.0119005592737794,0.0348716925333968
569,40,compassion,0.005912885624389088,0.017531335312080964
569,47,honesty,0.0,0.0
569,47,harmlessness,0.0,0.0
569,47,fairness,0.0,0.0
569,47,compassion,0.043353449150658155,0.11968300528438533
570,32,honesty,0.0041195622497460765,0.012257694081623048
570,32,harmlessness,0.0,0.0
570,32,fairness,0.013968719202610958,0.040767225749504324
570,32,compassion,0.0,0.0
570,40,honesty,0.0,0.0
570,40,harmlessness,0.0,0.0
570,40,fairness,0.048517840913635916,0.13267893210042836
570,40,compassion,0.0,0.0
570,47,honesty,0.00027433789441139866,0.0008225623631807218
570,47,harmlessness,0.0510552758318863,0.13897501232016707
570,47,fairness,0.0,0.0
570,47,compassion,0.0022092673494767505,0.006598645703423574
571,32,honesty,0.0,0.0
571,32,harmlessness,0.0,0.0
571,32,fairness,0.012675107889113817,0.03708520570065002
571,32,compassion,0.03398706677692394,0.09547160097546582
571,40,honesty,0.0,0.0
571,40,harmlessness,0.0,0.0
571,40,fairness,0.0,0.0
571,40,compassion,0.00015463592773598856,0.0004637643539457191
571,47,honesty,0.0,0.0
571,47,harmlessness,0.0,0.0
571,47,fairness,0.01958739154810638,0.05654695976093426
571,47,compassion,0.020698275987763796,0.05962649659776346
572,32,honesty,0.0,0.0
572,32,harmlessness,0.0,0.0
572,32,fairness,0.0,0.0
572,32,compassion,0.00286272104422598,0.008539272025220005
572,40,honesty,0.024932196720671186,0.07124404887838742
572,40,harmlessness,0.0,0.0
572,40,fairness,0.0,0.0
572,40,compassion,0.05769529376552207,0.1551796144162359
572,47,honesty,0.0,0.0
572,47,harmlessness,0.04840434895695403,0.13239596581158797
572,47,fairness,0.0,0.0
572,47,compassion,0.013309805799285989,0.0388940722997518
573,32,honesty,0.0,0.0
573,32,harmlessness,0.0,0.0
573,32,fairness,0.011410230393606243,0.03346695973844043
573,32,compassion,0.0,0.0
573,40,honesty,0.0,0.0
573,40,harmlessness,0.0,0.0
573,40,fairness,0.0,0.0
573,40,compassion,0.027914742656804565,0.07931605352500594
573,47,honesty,0.0,0.0
573,47,harmlessness,0.035539396927910465,0.09954280805048166
573,47,fairness,0.013032123108470711,0.03810323717014691
573,47,compassion,0.087018754812695,0.2223576864434105
574,32,honesty,0.0774403336139751,0.20116450767122399
574,32,harmlessness,0.020064256123758506,0.05787051086717213
574,32,fairness,0.0,0.0
574,32,compassion,0.0,0.0
574,40,honesty,0.024571292248479842,0.07026106635523109
574,40,harmlessness,0.0,0.0
574,40,fairness,0.017863964179540674,0.05174321467176078
574,40,compassion,0.004887095998593696,0.014519372857790293
574,47,honesty,0.0,0.0
574,47,harmlessness,0.0,0.0
574,47,fairness,0.023868674639494238,0.06834348700822696
574,47,compassion,0.05274531232078468,0.14313638979404147
575,32,honesty,0.034965971030279056,0.0980416687895275
575,32,harmlessness,0.0,0.0
575,32,fairness,0.006215755217581822,0.018418298384184517
575,32,compassion,0.01827735413197118,0.05289837763387152
575,40,honesty,0.006789628289168324,0.020095996179190473
575,40,harmlessness,0.0,0.0
575,40,fairness,0.008403702460322786,0.02479437822636225
575,40,compassion,0.0,0.0
575,47,honesty,0.009004411351742063,0.02653536340037629
575,47,harmlessness,0.0,0.0
575,47,fairness,0.006794085437435345,0.02010901162620441
575,47,compassion,0.0,0.0
576,32,honesty,0.0,0.0
576,32,harmlessness,0.02749074918093181,0.07817411743320173
576,32,fairness,0.0,0.0
576,32,compassion,0.0,0.0
576,40,honesty,0.04400926929244468,0.12134702047361574
576,40,harmlessness,0.0,0.0
576,40,fairness,0.0,0.0
576,40,compassion,0.023432200694388585,0.06714967286107908
576,47,honesty,0.018794134133010697,0.05433986112165305
576,47,harmlessness,0.06505566781529135,0.17269714699125127
576,47,fairness,0.0,0.0
576,47,compassion,0.0,0.0
577,32,honesty,0.0,0.0
577,32,harmlessness,0.0,0.0
577,32,fairness,0.0,0.0
577,32,compassion,0.03449074811716057,0.09679516878073308
577,40,honesty,0.02745767891689257,0.07808497254208768
577,40,harmlessness,0.0,0.0
577,40,fairness,0.0,0.0
577,40,compassion,0.0,0.0
577,47,honesty,0.0,0.0
577,47,harmlessness,0.024322850726704256,0.06958360872407084
577,47,fairness,0.0,0.0
577,47,compassion,0.022532640138445352,0.06468296449139133
578,32,honesty,0.049114849149931875,0.1341655098909593
578,32,harmlessness,0.05101404172234759,0.1388731625501476
578,32,fairness,0.03964037762751772,0.11018554004926359
578,32,compassion,0.01735359441061558,0.05031450809881384
578,40,honesty,0.0,0.0
578,40,harmlessness,0.02300429683406364,0.06597736473672511
578,40,fairness,0.0,0.0
578,40,compassion,0.024918248498396234,0.07120608371783163
578,47,honesty,0.0,0.0
578,47,harmlessness,0.0,0.0
578,47,fairness,0.008457031496309319,0.02494910377605046
578,47,compassion,0.030796313361759666,0.08702861885017663
579,32,honesty,0.0,0.0
579,32,harmlessness,0.0,0.0
579,32,fairness,0.0,0.0
579,32,compassion,0.03148968226255664,0.08887194797979361
579,40,honesty,0.0,0.0
579,40,harmlessness,0.0,0.0
579,40,fairness,0.0,0.0
579,40,compassion,0.0,0.0
579,47,honesty,0.0,0.0
579,47,harmlessness,0.04280180803140727,0.11828021037725808
579,47,fairness,0.0,0.0
579,47,compassion,0.028068279013597368,0.07972911874017705
580,32,honesty,0.0,0.0
580,32,harmlessness,0.053856593640501264,0.1458588583910368
580,32,fairness,0.053222789813160296,0.1443074764629686
580,32,compassion,0.037802608429711324,0.10543629159801289
580,40,honesty,0.02100407880343239,0.060471922364806294
580,40,harmlessness,0.0,0.0
580,40,fairness,0.0,0.0
580,40,compassion,0.0,0.0
580,47,honesty,0.09412871718541264,0.23764728365091997
580,47,harmlessness,0.039721944617776665,0.11039557965140877
580,47,fairness,0.014592183481596296,0.042535187911919084
580,47,compassion,0.0,0.0
581,32,honesty,0.0,0.0
581,32,harmlessness,0.0,0.0
581,32,fairness,0.0,0.0
581,32,compassion,0.025317072943125626,0.07229083418501407
581,40,honesty,0.015716379700650363,0.04571227612483338
581,40,harmlessness,0.0,0.0
581,40,fairness,0.005218586305463508,0.01549404489537603
581,40,compassion,0.009958756193987495,0.02929282831119543
581,47,honesty,0.0,0.0
581,47,harmlessness,0.022307460463653592,0.06406416378923022
581,47,fairness,0.0,0.0
581,47,compassion,0.0,0.0
582,32,honesty,0.03317153758554829,0.09332326065949985
582,32,harmlessness,0.012160834324820848,0.0356162561928005
582,32,fairness,0.0,0.0
582,32,compassion,0.0,0.0
582,40,honesty,0.04349335294835681,0.12003832074232264
582,40,harmlessness,0.0,0.0
582,40,fairness,0.0,0.0
582,40,compassion,0.0,0.0
582,47,honesty,0.0,0.0
582,47,harmlessness,0.004740865558081499,0.014089008484104876
582,47,fairness,0.026036600674889405,0.07424369513875617
582,47,compassion,0.0,0.0
583,32,honesty,0.006498316137397145,0.01924483042792887
583,32,harmlessness,0.0,0.0
583,32,fairness,0.0,0.0
583,32,compassion,0.0,0.0
583,40,honesty,0.013375430679679615,0.039080845752507025
583,40,harmlessness,0.010077768331565939,0.029635975994002996
583,40,fairness,0.008742428621313915,0.025776585938602943
583,40,compassion,0.0,0.0
583,47,honesty,0.03048514263459553,0.08619980142100055
583,47,harmlessness,0.03528366522454111,0.0988737398041288
583,47,fairness,0.015895402026363657,0.04621693262993462
583,47,compassion,0.0,0.0
584,32,honesty,0.0,0.0
584,32,harmlessness,0.0,0.0
584,32,fairness,0.052326139918203986,0.1421066362872663
584,32,compassion,0.0,0.0
584,40,honesty,0.0,0.0
584,40,harmlessness,0.026555789148404466,0.07564950294636297
584,40,fairness,0.0783909200043036,0.2032991458537774
584,40,compassion,0.0,0.0
584,47,honesty,0.0,0.0
584,47,harmlessness,0.0,0.0
584,47,fairness,0.031910200060778215,0.089987558211326
584,47,compassion,0.052229270926467425,0.14186844217486816
585,32,honesty,0.0,0.0
585,32,harmlessness,0.0,0.0
585,32,fairness,0.014418315516972062,0.04204258017859114
585,32,compassion,0.0511773314765399,0.1392764049442358
585,40,honesty,0.02615091766156174,0.07455346969018184
585,40,harmlessness,0.014471790943865956,0.042194123755499476
585,40,fairness,0.009380127724344886,0.02762218394615411
585,40,compassion,0.013892599314925565,0.04055107818281263
585,47,honesty,0.012412218553351223,0.03633466797999145
585,47,harmlessness,0.0,0.0
585,47,fairness,0.0,0.0
585,47,compassion,0.034058104824592206,0.0956584251327251
586,32,honesty,0.0,0.0
586,32,harmlessness,0.0,0.0
586,32,fairness,0.0,0.0
586,32,compassion,0.0,0.0
586,40,honesty,0.0,0.0
586,40,harmlessness,0.0,0.0
586,40,fairness,0.020609380320955727,0.059380548353498874
586,40,compassion,0.0,0.0
586,47,honesty,0.0,0.0
586,47,harmlessness,0.02390379031597517,0.06843944658682005
586,47,fairness,0.021334857291152316,0.061385279516915185
586,47,compassion,0.0,0.0
587,32,honesty,0.0,0.0
587,32,harmlessness,0.0,0.0
587,32,fairness,0.0,0.0
587,32,compassion,0.0,0.0
587,40,honesty,0.046164252707287336,0.12678672893306894
587,40,harmlessness,0.03638329095798718,0.1017461530904687
587,40,fairness,0.0,0.0
587,40,compassion,0.0,0.0
587,47,honesty,0.0,0.0
587,47,harmlessness,0.0038486496150872945,0.01145775507593635
587,47,fairness,0.04680786086566367,0.1284030393918289
587,47,compassion,0.0,0.0
588,32,honesty,0.0,0.0
588,32,harmlessness,0.0,0.0
588,32,fairness,0.021664903204835623,0.06229545941773489
588,32,compassion,0.06320014141216158,0.1683241980027587
588,40,honesty,0.0,0.0
588,40,harmlessness,0.0,0.0
588,40,fairness,0.013587779236470861,0.03968487896072381
588,40,compassion,0.0,0.0
588,47,honesty,0.0010594937013617028,0.003171760184210307
588,47,harmlessness,0.0,0.0
588,47,fairness,0.007781740706191748,0.0229874572548711
588,47,compassion,0.0035157513740129826,0.010473608912191127
589,32,honesty,0.03770160784537925,0.10517434008553497
589,32,harmlessness,0.0,0.0
589,32,fairness,0.05174591882493014,0.14067866311127858
589,32,compassion,0.03182586155817056,0.08976395430900688
589,40,honesty,0.021533020922606325,0.061931900930780416
589,40,harmlessness,0.04202108590464338,0.11628999405394735
589,40,fairness,0.0,0.0
589,40,compassion,0.008087886787734817,0.02387742455011641
589,47,honesty,0.0,0.0
589,47,harmlessness,0.0,0.0
589,47,fairness,0.0,0.0
589,47,compassion,0.018159169642426885,0.05256831502651462
590,32,honesty,0.0,0.0
590,32,harmlessness,0.028994476670794654,0.08221582062615347
590,32,fairness,0.0,0.0
590,32,compassion,0.0,0.0
590,40,honesty,0.0,0.0
590,40,harmlessness,0.0,0.0
590,40,fairness,0.0,0.0
590,40,compassion,0.0,0.0
590,47,honesty,0.0,0.0
590,47,harmlessness,0.02067281748951623,0.05955606897972683
590,47,fairness,0.0,0.0
590,47,compassion,0.007027001477877978,0.02078883804234016
591,32,honesty,0.026034290096154492,0.07423743257705401
591,32,harmlessness,0.0,0.0
591,32,fairness,0.0,0.0
591,32,compassion,0.0,0.0
591,40,honesty,0.0324710416266229,0.09147269735297296
591,40,harmlessness,0.0,0.0
591,40,fairness,0.026755427554001534,0.07618932664322278
591,40,compassion,0.006524512293620243,0.019321411309621297
591,47,honesty,0.009556037919408107,0.028130481855617322
591,47,harmlessness,0.0,0.0
591,47,fairness,0.012707599438890172,0.037177914232588226
591,47,compassion,0.025092488079110284,0.07168019534302457
592,32,honesty,0.0484944455950014,0.13262061079505125
592,32,harmlessness,0.012012240298731441,0.035191268938384014
592,32,fairness,0.0,0.0
592,32,compassion,0.0,0.0
592,40,honesty,0.0,0.0
592,40,harmlessness,0.0,0.0
592,40,fairness,0.0,0.0
592,40,compassion,0.05510817491611234,0.14891198888695953
592,47,honesty,0.06136771105555458,0.16397730893756762
592,47,harmlessness,0.0,0.0
592,47,fairness,0.0,0.0
592,47,compassion,0.028783840692414117,0.08165105987748193
593,32,honesty,0.0,0.0
593,32,harmlessness,0.008233979754120456,0.02430173920515111
593,32,fairness,0.02356787268342605,0.0675209669454154
593,32,compassion,0.020184724357079582,0.05820448990123697
593,40,honesty,0.006725347788065048,0.019908263374100694
593,40,harmlessness,0.0,0.0
593,40,fairness,0.0,0.0
593,40,compassion,0.03916329636323102,0.10895575596687207
593,47,honesty,0.0,0.0
593,47,harmlessness,0.006528543045349417,0.01933319395812879
593,47,fairness,0.02262621058935915,0.06493994215438557
593,47,compassion,0.0,0.0
594,32,honesty,0.0031859163791337613,0.00949723434846678
594,32,harmlessness,0.0,0.0
594,32,fairness,0.0,0.0
594,32,compassion,0.0,0.0
594,40,honesty,0.0,0.0
594,40,harmlessness,0.05515909890026799,0.14903592234064353
594,40,fairness,0.015604406034533015,0.04539644886244794
594,40,compassion,0.03490076182836796,0.09787075749080666
594,47,honesty,0.0,0.0
594,47,harmlessness,0.00785849296429407,0.0232106770089397
594,47,fairness,0.0,0.0
594,47,compassion,0.020252048505343408,0.0583910680319082
595,32,honesty,0.00445909504344518,0.013259038504582278
595,32,harmlessness,0.0,0.0
595,32,fairness,0.0180769189472914,0.05233851852739224
595,32,compassion,0.060303756832978186,0.1614403511423025
595,40,honesty,0.0,0.0
595,40,harmlessness,0.08697595415196128,0.2222645243048003
595,40,fairness,0.01960786102581369,0.056603823276760196
595,40,compassion,0.0,0.0
595,47,honesty,0.0,0.0
595,47,harmlessness,0.008466843979117757,0.024977569568328088
595,47,fairness,0.018438205729465303,0.053347358062245644
595,47,compassion,0.0017877923554057867,0.005344268182613131
596,32,honesty,0.0,0.0
596,32,harmlessness,0.03873369762381265,0.10784650503947028
596,32,fairness,0.0,0.0
596,32,compassion,0.021303538000925187,0.0612988492729759
596,40,honesty,0.0,0.0
596,40,harmlessness,0.0,0.0
596,40,fairness,0.0,0.0
596,40,compassion,0.0,0.0
596,47,honesty,0.029640093155841363,0.08394405995370914
596,47,harmlessness,0.01575943626747381,0.04583368279654976
596,47,fairness,0.009643692269331426,0.02838363080603485
596,47,compassion,0.0,0.0
597,32,honesty,0.0,0.0
597,32,harmlessness,0.044870606876434994,0.12352641061057647
597,32,fairness,0.0,0.0
597,32,compassion,0.0,0.0
597,40,honesty,0.0,0.0
597,40,harmlessness,0.017596960041858116,0.05099612652410588
597,40,fairness,0.0,0.0
597,40,compassion,0.019950670008287527,0.057555469660139684
597,47,honesty,0.0,0.0
597,47,harmlessness,0.0,0.0
597,47,fairness,0.0,0.0
597,47,compassion,0.03350424258779299,0.09420049527238641
598,32,honesty,0.0,0.0
598,32,harmlessness,0.007281352867719925,0.021530516033826982
598,32,fairness,0.0,0.0
598,32,compassion,0.0008834067356130801,0.0026455460204914878
598,40,honesty,0.05323007497049844,0.14432532877032303
598,40,harmlessness,0.0030518531532211105,0.009100015636832076
598,40,fairness,0.0,0.0
598,40,compassion,0.0,0.0
598,47,honesty,0.015639832610436645,0.0454963861051803
598,47,harmlessness,0.017479178871569395,0.05066632509645609
598,47,fairness,0.0,0.0
598,47,compassion,0.04917984571203911,0.13432715920667568
599,32,honesty,0.03978256201267129,0.11055163174687015
599,32,harmlessness,0.021366133382387204,0.061471580184274954
599,32,fairness,0.021409890032521747,0.061592301302109034
599,32,compassion,0.01923674046129167,0.055572166688941396
599,40,honesty,0.037815659483490804,0.10547013316739884
599,40,harmlessness,0.0,0.0
599,40,fairness,0.0,0.0
599,40,compassion,0.007974549451428913,0.023548077733542287
599,47,honesty,0.0,0.0
599,47,harmlessness,0.02081121817556593,0.059938853415453255
599,47,fairness,0.026773169224979868,0.07623728045328358
599,47,compassion,0.008411694643219085,0.02481756831672226
600,32,honesty,0.0,0.0
600,32,harmlessness,0.025357646166087378,0.07240109576154556
600,32,fairness,0.0,0.0
600,32,compassion,0.0063239060926360054,0.018734764495236957
600,40,honesty,0.056286534355169865,0.15177394439472316
600,40,harmlessness,0.02047975337031868,0.05902175801566899
600,40,fairness,0.0,0.0
600,40,compassion,0.019057533524599952,0.05507347151439644
600,47,honesty,0.01972751247648983,0.05693612134122556
600,47,harmlessness,0.04164910439028725,0.11533972100951774
600,47,fairness,0.021739262049903653,0.06250036262698681
600,47,compassion,0.0,0.0
601,32,honesty,0.006075868966388999,0.018008769057093275
601,32,harmlessness,0.0189845806511992,0.05487036038925716
601,32,fairness,0.0,0.0
601,32,compassion,0.0,0.0
601,40,honesty,0.011884868761535796,0.03482678279870905
601,40,harmlessness,0.0,0.0
601,40,fairness,0.0,0.0
601,40,compassion,0.0218685922404678,0.06285660575945662
601,47,honesty,0.043481482236467695,0.12000817964635543
601,47,harmlessness,0.0,0.0
601,47,fairness,0.00962388444034306,0.028326432691371355
601,47,compassion,0.013283292182424087,0.03881859896299661
602,32,honesty,0.0,0.0
602,32,harmlessness,0.030595377686647898,0.08649352870366461
602,32,fairness,0.0,0.0
602,32,compassion,0.0,0.0
602,40,honesty,0.0,0.0
602,40,harmlessness,0.004643241951558435,0.013801557909312537
602,40,fairness,0.0,0.0
602,40,compassion,0.017861266963593615,0.05173567160656936
602,47,honesty,0.02320730317743731,0.06653377075348352
602,47,harmlessness,0.0,0.0
602,47,fairness,0.0,0.0
602,47,compassion,0.0,0.0
603,32,honesty,0.010340328541954737,0.03039244979373994
603,32,harmlessness,0.005971554455981117,0.01770323174314131
603,32,fairness,0.04440993788275776,0.12236166570214704
603,32,compassion,0.016444112369363353,0.04776154469237839
603,40,honesty,0.062128319375644815,0.1657850633943794
603,40,harmlessness,0.012236665206544355,0.03583304174919892
603,40,fairness,0.020221973138510305,0.0583077249212794
603,40,compassion,0.0,0.0
603,47,honesty,0.0327959935332702,0.09233175717721195
603,47,harmlessness,0.023824275184795858,0.06822213950391402
603,47,fairness,0.03802593362362921,0.10601515070339494
603,47,compassion,0.0,0.0
604,32,honesty,0.026048386976729926,0.07427563971757466
604,32,harmlessness,0.0,0.0
604,32,fairness,0.039562590609618295,0.10998517493100934
604,32,compassion,0.0,0.0
604,40,honesty,0.0,0.0
604,40,harmlessness,0.0,0.0
604,40,fairness,0.0,0.0
604,40,compassion,0.0,0.0
604,47,honesty,0.0,0.0
604,47,harmlessness,0.02067162055105699,0.05955275763593283
604,47,fairness,0.0,0.0
604,47,compassion,0.0,0.0
605,32,honesty,0.0,0.0
605,32,harmlessness,0.0,0.0
605,32,fairness,0.0006387408566676799,0.0019137777539190196
605,32,compassion,0.0,0.0
605,40,honesty,0.012704579359544648,0.03716929749900469
605,40,harmlessness,0.0,0.0
605,40,fairness,0.03844104225859123,0.10708983688541773
605,40,compassion,0.0172252567520248,0.04995480168599877
605,47,honesty,0.0033944093513040862,0.01011456212538674
605,47,harmlessness,0.028922955057109116,0.08202410610252177
605,47,fairness,0.0,0.0
605,47,compassion,0.0,0.0
606,32,honesty,0.0,0.0
606,32,harmlessness,0.0,0.0
606,32,fairness,0.0,0.0
606,32,compassion,0.030618723972655776,0.08655572049008671
606,40,honesty,0.03859173473459489,0.10747955894721993
606,40,harmlessness,0.0,0.0
606,40,fairness,0.0,0.0
606,40,compassion,0.027140731701511718,0.07723003574559638
606,47,honesty,0.048782468047582885,0.1333382648532965
606,47,harmlessness,0.0,0.0
606,47,fairness,0.0,0.0
606,47,compassion,0.0,0.0
607,32,honesty,0.0,0.0
607,32,harmlessness,0.0,0.0
607,32,fairness,0.006468826154562894,0.01915861101564251
607,32,compassion,0.06576126721626614,0.1743525167598521
607,40,honesty,0.0,0.0
607,40,harmlessness,0.0,0.0
607,40,fairness,0.0003100980477241645,0.0009297175359868045
607,40,compassion,0.0,0.0
607,47,honesty,0.0,0.0
607,47,harmlessness,0.0,0.0
607,47,fairness,0.0,0.0
607,47,compassion,0.0,0.0
608,32,honesty,0.012217742918418439,0.03577895266417305
608,32,harmlessness,0.0,0.0
608,32,fairness,0.0,0.0
608,32,compassion,0.0,0.0
608,40,honesty,0.031425702434182565,0.08870205832227696
608,40,harmlessness,0.0,0.0
608,40,fairness,0.07501118011130842,0.19567753473103264
608,40,compassion,0.03493029383300809,0.09794816512274154
608,47,honesty,0.026910260726542685,0.07660771501043699
608,47,harmlessness,0.03143872365564205,0.08873663770504656
608,47,fairness,0.0,0.0
608,47,compassion,0.02586543031906507,0.07377960832119562
609,32,honesty,0.0,0.0
609,32,harmlessness,0.05063879718612877,0.13794559367657036
609,32,fairness,0.0,0.0
609,32,compassion,0.0,0.0
609,40,honesty,0.011981933918288829,0.03510456070174866
609,40,harmlessness,0.0,0.0
609,40,fairness,0.0,0.0
609,40,compassion,0.0,0.0
609,47,honesty,0.006476845488404322,0.01918205801340806
609,47,harmlessness,0.0,0.0
609,47,fairness,0.0,0.0
609,47,compassion,0.009442626041180898,0.02780281495452719
610,32,honesty,0.0020734043353483806,0.006194525494015705
610,32,harmlessness,0.0,0.0
610,32,fairness,0.008787164888617745,0.025906210381333245
610,32,compassion,0.0013572070856364728,0.004060599109143701
610,40,honesty,0.0,0.0
610,40,harmlessness,0.006202858925818157,0.01838055282514858
610,40,fairness,0.0,0.0
610,40,compassion,0.06823436849822055,0.18012207360465446
610,47,honesty,0.013921488278450155,0.04063311788660008
610,47,harmlessness,0.0,0.0
610,47,fairness,0.0,0.0
610,47,compassion,0.007188047727685076,0.02125852854741685
611,32,honesty,0.011167577075204861,0.03277079056667706
611,32,harmlessness,0.010721604802308535,0.031489576811006496
611,32,fairness,0.0,0.0
611,32,compassion,0.008079324516153443,0.023852548587311912
611,40,honesty,0.0,0.0
611,40,harmlessness,0.06625726218822423,0.1755136753536247
611,40,fairness,0.0,0.0
611,40,compassion,0.0,0.0
611,47,honesty,0.01157377693216792,0.03393580003721304
611,47,harmlessness,0.06008917018940559,0.16092750954928803
611,47,fairness,0.0,0.0
611,47,compassion,0.0,0.0
612,32,honesty,0.0,0.0
612,32,harmlessness,0.0,0.0
612,32,fairness,0.0,0.0
612,32,compassion,0.0,0.0
612,40,honesty,0.00820732659436407,0.02422434555213009
612,40,harmlessness,0.0,0.0
612,40,fairness,0.0428114811573663,0.11830483319757243
612,40,compassion,0.0,0.0
612,47,honesty,0.03893382289901512,0.10836346109133654
612,47,harmlessness,0.005730000349847417,0.016995235637247915
612,47,fairness,0.0,0.0
612,47,compassion,0.0,0.0
613,32,honesty,0.0,0.0
613,32,harmlessness,0.0,0.0
613,32,fairness,0.024867788156575497,0.07106872068844816
613,32,compassion,0.0,0.0
613,40,honesty,0.0,0.0
613,40,harmlessness,0.0,0.0
613,40,fairness,0.0,0.0
613,40,compassion,0.020457377736255437,0.058959807117833746
613,47,honesty,0.03046369022467903,0.08614262611954478
613,47,harmlessness,0.0,0.0
613,47,fairness,0.02862210167091188,0.08121709699738472
613,47,compassion,0.011613738672163159,0.034050313139475104
614,32,honesty,0.0,0.0
614,32,harmlessness,0.0,0.0
614,32,fairness,0.054397671546266416,0.1471804654081959
614,32,compassion,0.03199729873313444,0.09021840564603664
614,40,honesty,0.0,0.0
614,40,harmlessness,0.005914455136414017,0.017535934414502703
614,40,fairness,0.023314480411427113,0.06682735128912558
614,40,compassion,0.008738959044358013,0.025766531800828857
614,47,honesty,0.0,0.0
614,47,harmlessness,0.0,0.0
614,47,fairness,0.003773341023345275,0.011235234328836037
614,47,compassion,0.061253633247819884,0.1637057551681991
615,32,honesty,0.04022822265353578,0.11169785555428671
615,32,harmlessness,0.00426405603431839,0.01268399755036732
615,32,fairness,0.0,0.0
615,32,compassion,0.0,0.0
615,40,honesty,0.014907654523510368,0.04342814015060353
615,40,harmlessness,0.02762077831188134,0.07852451831101254
615,40,fairness,0.0,0.0
615,40,compassion,0.012418447503011767,0.03635246027009628
615,47,honesty,0.0,0.0
615,47,harmlessness,0.03510953950171396,0.0984178104946721
615,47,fairness,0.0,0.0
615,47,compassion,0.0016777758196365013,0.00501649435305969
616,32,honesty,0.0,0.0
616,32,harmlessness,0.01854565348794693,0.053647118715202974
616,32,fairness,0.02124411684506485,0.06113483920062969
616,32,compassion,0.0,0.0
616,40,honesty,0.0,0.0
616,40,harmlessness,0.0,0.0
616,40,fairness,0.0,0.0
616,40,compassion,0.0,0.0
616,47,honesty,0.0,0.0
616,47,harmlessness,0.008152030133758632,0.024063753513725434
616,47,fairness,0.0,0.0
616,47,compassion,0.023399681160237402,0.06706064792120207
617,32,honesty,0.0,0.0
617,32,harmlessness,0.0,0.0
617,32,fairness,0.006641407763927496,0.019663042722582097
617,32,compassion,0.030958878328594397,0.08746123172301928
617,40,honesty,0.0,0.0
617,40,harmlessness,0.0,0.0
617,40,fairness,0.0,0.0
617,40,compassion,0.01915482951017337,0.05534426847645654
617,47,honesty,0.0,0.0
617,47,harmlessness,0.0,0.0
617,47,fairness,0.02767599395783965,0.07867326050856194
617,47,compassion,0.0035956165599119096,0.01070983277557226
618,32,honesty,0.05054867042829243,0.1377226205695004
618,32,harmlessness,0.0,0.0
618,32,fairness,0.0,0.0
618,32,compassion,0.011495475610741728,0.03371137036065402
618,40,honesty,0.01105885069917458,0.032458641555796586
618,40,harmlessness,0.022105780659252238,0.06350948833971841
618,40,fairness,0.0,0.0
618,40,compassion,0.01773115170778542,0.051371696437323304
618,47,honesty,0.0,0.0
618,47,harmlessness,0.006617767194571927,0.01959396498631967
618,47,fairness,0.016134456447181575,0.04689027126257949
618,47,compassion,0.0,0.0
619,32,honesty,0.0,0.0
619,32,harmlessness,0.02092339779941205,0.060248967183469254
619,32,fairness,0.007164942596172019,0.021191160885928213
619,32,compassion,0.03205191874200248,0.09036313265570081
619,40,honesty,0.03336408104485187,0.09383106839372878
619,40,harmlessness,0.003913361009815745,0.011648910247111455
619,40,fairness,0.012095303278337292,0.03542886412227992
619,40,compassion,0.0,0.0
619,47,honesty,0.0581656978950752,0.15631298586000517
619,47,harmlessness,0.09511489282476983,0.23973915114096175
619,47,fairness,0.0,0.0
619,47,compassion,0.0,0.0
620,32,honesty,0.03199227766346705,0.09020509979198903
620,32,harmlessness,0.03364366399977143,0.0945677788459206
620,32,fairness,0.0,0.0
620,32,compassion,0.0,0.0
620,40,honesty,0.014946717491325317,0.043538633173956794
620,40,harmlessness,0.0,0.0
620,40,fairness,0.09237957297368769,0.2339198814113844
620,40,compassion,0.02636104286456007,0.07512251302195001
620,47,honesty,0.029149219464376465,0.08263043313344297
620,47,harmlessness,0.03483090792952868,0.09768762635007845
620,47,fairness,0.09903630841479003,0.2479890793519675
620,47,compassion,0.0,0.0
621,32,honesty,0.057430560655912705,0.15454093669084756
621,32,harmlessness,0.054492073918443726,0.14741078316962175
621,32,fairness,0.00042866480273306756,0.0012848928315348767
621,32,compassion,0.005968968106638243,0.017695654722584355
621,40,honesty,0.018603817433990172,0.05380933424104076
621,40,harmlessness,0.0,0.0
621,40,fairness,0.0,0.0
621,40,compassion,0.025797214932189384,0.07359457467509517
621,47,honesty,0.03190813570375556,0.08998208589591876
621,47,harmlessness,0.016405798443563185,0.047653798116742495
621,47,fairness,0.03180032808277803,0.08969624425794293
621,47,compassion,0.0008217501934238196,0.002461205587935575
622,32,honesty,0.03981518793481045,0.11063560869915347
622,32,harmlessness,0.0,0.0
622,32,fairness,0.0,0.0
622,32,compassion,0.00018151757893623534,0.0005443551167629534
622,40,honesty,0.0,0.0
622,40,harmlessness,0.0,0.0
622,40,fairness,0.008554801467305,0.025232683211196625
622,40,compassion,0.039902971040377974,0.11086150617995136
622,47,honesty,0.0,0.0
622,47,harmlessness,0.0,0.0
622,47,fairness,0.020421452274912297,0.05886032998537312
622,47,compassion,0.0241909512240779,0.06922368032370965
623,32,honesty,0.02685465317750814,0.07645748124898953
623,32,harmlessness,0.01607781666678764,0.046730791794045934
623,32,fairness,0.0,0.0
623,32,compassion,0.0,0.0
623,40,honesty,0.06724569986484223,0.1778216208977826
623,40,harmlessness,0.030804144465654708,0.0870494648171908
623,40,fairness,0.007338629945310616,0.021697431002154408
623,40,compassion,0.0,0.0
623,47,honesty,0.014202563882184577,0.041430843250633925
623,47,harmlessness,0.0,0.0
623,47,fairness,0.0085942926042965,0.025347195385211928
623,47,compassion,0.008994541893396546,0.026506792764234656
624,32,honesty,0.0,0.0
624,32,harmlessness,0.034930491603672335,0.09794868347928888
624,32,fairness,0.0,0.0
624,32,compassion,0.0,0.0
624,40,honesty,0.0,0.0
624,40,harmlessness,0.05334982602231715,0.1446187118350124
624,40,fairness,0.025073656260568095,0.07162896851215844
624,40,compassion,0.05878166246798542,0.15779417905831844
624,47,honesty,0.0,0.0
624,47,harmlessness,0.007259834544947782,0.02146779830733226
624,47,fairness,0.03717261344441482,0.10380075002165391
624,47,compassion,0.0,0.0
625,32,honesty,0.0,0.0
625,32,harmlessness,0.054751621898738036,0.14804361016018486
625,32,fairness,0.0,0.0
625,32,compassion,0.0028410934213443984,0.008475123031453702
625,40,honesty,0.0,0.0
625,40,harmlessness,0.0,0.0
625,40,fairness,0.038496905951856356,0.1072343374484443
625,40,compassion,0.002665385947977313,0.007953758173393992
625,47,honesty,0.00869105006562978,0.02562768717232735
625,47,harmlessness,0.0,0.0
625,47,fairness,0.016891596408764205,0.04901877838445101
625,47,compassion,0.028668394821467175,0.08134133353427124
626,32,honesty,0.000304635486894782,0.000913349983050762
626,32,harmlessness,0.0010476220999474399,0.0031362949959429106
626,32,fairness,0.03032102008546078,0.0857622617350937
626,32,compassion,0.004306964508507981,0.012810544405346952
626,40,honesty,0.011617297376074384,0.03406050998174578
626,40,harmlessness,0.0,0.0
626,40,fairness,0.012961864807973488,0.03790300711581867
626,40,compassion,0.012663371042581716,0.03705171392534469
626,47,honesty,0.0,0.0
626,47,harmlessness,0.0004974886873781625,0.0014909825682129594
626,47,fairness,0.0,0.0
626,47,compassion,0.023517377965313672,0.06738280032856478
627,32,honesty,0.012484738065056879,0.03654178496766869
627,32,harmlessness,0.0,0.0
627,32,fairness,0.0,0.0
627,32,compassion,0.01707920282439019,0.04954522265960465
627,40,honesty,0.011011382910319861,0.03232232180702413
627,40,harmlessness,0.050230647520440964,0.1369352500087018
627,40,fairness,0.029706000313423735,0.08412024867335903
627,40,compassion,0.0,0.0
627,47,honesty,0.0,0.0
627,47,harmlessness,0.0,0.0
627,47,fairness,0.004132585985384851,0.012296128340842833
627,47,compassion,0.0,0.0
628,32,honesty,0.019214620365449322,0.05551062974283671
628,32,harmlessness,0.0,0.0
628,32,fairness,0.0,0.0
628,32,compassion,0.05275028982393012,0.14314860831841325
628,40,honesty,0.0,0.0
628,40,harmlessness,0.0,0.0
628,40,fairness,0.06685919578071195,0.17692011423214946
628,40,compassion,0.0,0.0
628,47,honesty,0.015185497266645106,0.04421367841451153
628,47,harmlessness,0.0,0.0
628,47,fairness,0.02254431778143018,0.06471504046914164
628,47,compassion,0.0,0.0
629,32,honesty,0.007443992948218905,0.022004377975694687
629,32,harmlessness,0.0,0.0
629,32,fairness,0.012140869110646126,0.03555916890131005
629,32,compassion,0.0,0.0
629,40,honesty,0.04556210803144802,0.12527109387009058
629,40,harmlessness,0.0,0.0
629,40,fairness,0.0,0.0
629,40,compassion,0.0,0.0
629,47,honesty,0.0,0.0
629,47,harmlessness,0.0,0.0
629,47,fairness,0.0,0.0
629,47,compassion,0.0,0.0
630,32,honesty,0.0,0.0
630,32,harmlessness,0.0,0.0
630,32,fairness,0.0,0.0
630,32,compassion,0.0,0.0
630,40,honesty,0.034620301979459485,0.09713520563456723
630,40,harmlessness,0.04398689274830432,0.1212903104872873
630,40,fairness,0.0,0.0
630,40,compassion,0.035050644784414206,0.09826353390865555
630,47,honesty,0.0,0.0
630,47,harmlessness,0.0,0.0
630,47,fairness,0.0,0.0
630,47,compassion,0.0,0.0
631,32,honesty,0.023479813951843558,0.06727999817583281
631,32,harmlessness,0.03366709175849987,0.09462947672367034
631,32,fairness,0.014051993240913848,0.041003614689793515
631,32,compassion,0.009115976427843599,0.026858250918989565
631,40,honesty,0.0110688243476774,0.03248728102855479
631,40,harmlessness,0.0,0.0
631,40,fairness,0.0,0.0
631,40,compassion,0.0,0.0
631,47,honesty,0.0,0.0
631,47,harmlessness,0.006638152999671851,0.0196535326851198
631,47,fairness,0.044533899450446134,0.12267528108550428
631,47,compassion,0.0,0.0
632,32,honesty,0.0044707299246379804,0.013293328015202747
632,32,harmlessness,0.03850841874548231,0.10726411344280967
632,32,fairness,0.0,0.0
632,32,compassion,0.0,0.0
632,40,honesty,0.04877511231898407,0.13331994625140575
632,40,harmlessness,0.0,0.0
632,40,fairness,0.0,0.0
632,40,compassion,0.007551256063724645,0.02231672951305797
632,47,honesty,0.005638670251229021,0.016727370500838338
632,47,harmlessness,0.029540724753658272,0.08367833682876963
632,47,fairness,0.0,0.0
632,47,compassion,0.0,0.0
633,32,honesty,0.023737385508340685,0.06798460306199391
633,32,harmlessness,0.004592080155660606,0.013650868700448106
633,32,fairness,0.00795702637722394,0.02349714433711214
633,32,compassion,0.0,0.0
633,40,honesty,0.0,0.0
633,40,harmlessness,0.036000915924120885,0.1007486597165182
633,40,fairness,0.012730330428681295,0.03724276585521412
633,40,compassion,0.01199698212080567,0.0351476157274741
633,47,honesty,0.01717411112128141,0.049811400315591045
633,47,harmlessness,0.0,0.0
633,47,fairness,0.0,0.0
633,47,compassion,0.03172258194983479,0.08949003585715957
634,32,honesty,0.0,0.0
634,32,harmlessness,0.0,0.0
634,32,fairness,0.007598084718286466,0.022453053745770196
634,32,compassion,0.0,0.0
634,40,honesty,0.0022250465333138263,0.00664556621181845
634,40,harmlessness,0.0,0.0
634,40,fairness,0.037996559578858904,0.10593904060074964
634,40,compassion,0.0,0.0
634,47,honesty,0.0,0.0
634,47,harmlessness,0.0,0.0
634,47,fairness,0.0,0.0
634,47,compassion,0.0,0.0
635,32,honesty,0.0,0.0
635,32,harmlessness,0.0,0.0
635,32,fairness,0.0,0.0
635,32,compassion,0.006172464384534698,0.018291584841660404
635,40,honesty,0.005767284415779167,0.017104559528126836
635,40,harmlessness,0.0,0.0
635,40,fairness,0.020091580649450238,0.05794627733935268
635,40,compassion,0.050655138881508924,0.13798601512481934
635,47,honesty,0.018934601652749582,0.05473117882035122
635,47,harmlessness,0.0,0.0
635,47,fairness,0.004566231730820936,0.013574724516811177
635,47,compassion,0.02060692948764843,0.059373766426606904
636,32,honesty,0.00216573634721106,0.006469187930756026
636,32,harmlessness,0.021824673126001923,0.06273564929939232
636,32,fairness,0.0,0.0
636,32,compassion,0.0,0.0
636,40,honesty,0.0,0.0
636,40,harmlessness,0.0,0.0
636,40,fairness,0.0,0.0
636,40,compassion,0.013481302736419348,0.03938206512459787
636,47,honesty,0.0,0.0
636,47,harmlessness,0.006995562364993443,0.020697111230208072
636,47,fairness,0.0,0.0
636,47,compassion,0.0,0.0
637,32,honesty,0.0,0.0
637,32,harmlessness,0.03079619458152176,0.08702830265899343
637,32,fairness,0.0,0.0
637,32,compassion,0.0,0.0
637,40,honesty,0.07044693271553502,0.18524141863691507
637,40,harmlessness,0.03317923443248527,0.09334356710591281
637,40,fairness,0.03443580821753547,0.09665091959047435
637,40,compassion,0.0,0.0
637,47,honesty,0.0025294202056594783,0.0075500660377982925
637,47,harmlessness,0.0,0.0
637,47,fairness,0.0,0.0
637,47,compassion,0.0,0.0
638,32,honesty,0.0,0.0
638,32,harmlessness,0.027487301252919236,0.07816482364872984
638,32,fairness,0.0,0.0
638,32,compassion,0.0,0.0
638,40,honesty,0.006937901595688651,0.02052885049781309
638,40,harmlessness,0.0,0.0
638,40,fairness,0.0,0.0
638,40,compassion,0.0,0.0
638,47,honesty,0.05508457521291816,0.14885454669260698
638,47,harmlessness,0.046686927885545064,0.128099627512914
638,47,fairness,0.0,0.0
638,47,compassion,0.01074899420655392,0.031568327089666906
639,32,honesty,0.0,0.0
639,32,harmlessness,0.004915013702626969,0.01460150788521125
639,32,fairness,0.023358704190216458,0.0669484542910936
639,32,compassion,0.02554720530092162,0.07291601508838853
639,40,honesty,0.029714553063878924,0.08414310941244504
639,40,harmlessness,0.0,0.0
639,40,fairness,0.01783910058202395,0.051673677872066066
639,40,compassion,0.0,0.0
639,47,honesty,0.03302508031533934,0.09293675345201842
639,47,harmlessness,0.0,0.0
639,47,fairness,0.0,0.0
639,47,compassion,0.04757845349428416,0.13033325140170296
640,32,honesty,0.01379380875879172,0.04027046022249977
640,32,harmlessness,0.028290419668625135,0.0803263279496074
640,32,fairness,0.04197206304012654,0.11616483367617514
640,32,compassion,0.0,0.0
640,40,honesty,0.026619828447213004,0.07582271026246015
640,40,harmlessness,0.0,0.0
640,40,fairness,0.08218606482457363,0.21175205777899772
640,40,compassion,0.0,0.0
640,47,honesty,0.013749634862396713,0.0401449478384917
640,47,harmlessness,0.01911585975154449,0.05523581891919153
640,47,fairness,0.0,0.0
640,47,compassion,0.0,0.0
641,32,honesty,0.0,0.0
641,32,harmlessness,0.015878288745507924,0.04616870614225724
641,32,fairness,0.009832358155120879,0.028928209433489803
641,32,compassion,0.0,0.0
641,40,honesty,0.04159191268941947,0.11519350191978597
641,40,harmlessness,0.0,0.0
641,40,fairness,0.0,0.0
641,40,compassion,0.0,0.0
641,47,honesty,0.04918091456000779,0.1343298171589152
641,47,harmlessness,0.022876581921174255,0.06562709837889526
641,47,fairness,0.019860262690615856,0.05730461851755905
641,47,compassion,0.05785293814860773,0.1555596489478276
642,32,honesty,0.0,0.0
642,32,harmlessness,0.004848912510262091,0.01440702076434658
642,32,fairness,0.002835307022415751,0.008457959244763285
642,32,compassion,0.004087306518773973,0.012162495859102973
642,40,honesty,0.0,0.0
642,40,harmlessness,0.0076762035570782225,0.02268041175643321
642,40,fairness,0.0,0.0
642,40,compassion,0.0,0.0
642,47,honesty,0.06815739063125306,0.17994324747459478
642,47,harmlessness,0.0137176657332134,0.04005409969784064
642,47,fairness,0.0,0.0
642,47,compassion,0.0026519300341303737,0.00791381632798159
643,32,honesty,0.0,0.0
643,32,harmlessness,0.03650746381999638,0.10206977427692879
643,32,fairness,0.03387868795615571,0.09518647790339767
643,32,compassion,0.0,0.0
643,40,honesty,0.008266507978598668,0.024396181478123505
643,40,harmlessness,0.0,0.0
643,40,fairness,0.0,0.0
643,40,compassion,0.007906901201424042,0.02335142872459715
643,47,honesty,0.010228112206366482,0.03006923362808445
643,47,harmlessness,0.0,0.0
643,47,fairness,0.013460685407148244,0.03932341595873481
643,47,compassion,0.0,0.0
644,32,honesty,0.012851148309268626,0.03758736336547763
644,32,harmlessness,0.0,0.0
644,32,fairness,0.0,0.0
644,32,compassion,0.0,0.0
644,40,honesty,0.0,0.0
644,40,harmlessness,0.0,0.0
644,40,fairness,0.0,0.0
644,40,compassion,0.0,0.0
644,47,honesty,0.0,0.0
644,47,harmlessness,0.0019662798933226303,0.005875733008621123
644,47,fairness,0.006418021961913686,0.019010052022979843
644,47,compassion,0.0135975174210689,0.039712567603557215
645,32,honesty,0.0059483769274560954,0.0176353276303987
645,32,harmlessness,0.0,0.0
645,32,fairness,0.0,0.0
645,32,compassion,0.0,0.0
645,40,honesty,0.023539104826751627,0.06744225391112227
645,40,harmlessness,0.0,0.0
645,40,fairness,0.01654514661312029,0.04804559694811788
645,40,compassion,0.050330642071863614,0.13718291757037393
645,47,honesty,0.0,0.0
645,47,harmlessness,0.0,0.0
645,47,fairness,0.0,0.0
645,47,compassion,0.022870863367796566,0.0656114108763471
646,32,honesty,0.0,0.0
646,32,harmlessness,0.005755246060725445,0.017069262569847133
646,32,fairness,0.0,0.0
646,32,compassion,0.01760901518106134,0.051029873894975486
646,40,honesty,0.0,0.0
646,40,harmlessness,0.0,0.0
646,40,fairness,0.008458881001664718,0.02495446923358102
646,40,compassion,0.0028087056402778237,0.008379048360055374
646,47,honesty,0.0,0.0
646,47,harmlessness,0.019172542298119932,0.05539355629224701
646,47,fairness,0.0,0.0
646,47,compassion,0.010582984503655659,0.03109088480673768
647,32,honesty,0.0,0.0
647,32,harmlessness,0.0,0.0
647,32,fairness,0.0,0.0
647,32,compassion,0.005420867093374007,0.01608817753573042
647,40,honesty,0.0,0.0
647,40,harmlessness,0.008870729012285144,0.026148278452279534
647,40,fairness,0.031076152657523743,0.08777315410045503
647,40,compassion,0.0,0.0
647,47,honesty,0.0216228425593847,0.062179531248930185
647,47,harmlessness,0.0,0.0
647,47,fairness,0.002058112950006938,0.006149028061454343
647,47,compassion,0.0,0.0
648,32,honesty,0.0,0.0
648,32,harmlessness,0.0,0.0
648,32,fairness,0.0,0.0
648,32,compassion,0.0,0.0
648,40,honesty,0.01595682849020153,0.04639001058546287
648,40,harmlessness,0.0,0.0
648,40,fairness,0.017009336177195612,0.049349213796496996
648,40,compassion,0.020685725429165424,0.05959177797350485
648,47,honesty,0.051444085590224564,0.1399346378023875
648,47,harmlessness,0.0,0.0
648,47,fairness,0.0002771601768614219,0.0008310198793507933
648,47,compassion,0.0,0.0
649,32,honesty,0.0019018398719181132,0.005683899880911325
649,32,harmlessness,0.018121980042061645,0.05246442171954514
649,32,fairness,0.0,0.0
649,32,compassion,0.017550700056026897,0.05086661090631401
649,40,honesty,0.013048439014349758,0.03814972823838413
649,40,harmlessness,0.0,0.0
649,40,fairness,0.025816785783541598,0.07364766535097654
649,40,compassion,0.06294647236210878,0.16772413218432744
649,47,honesty,0.047009093886593516,0.12890762076527604
649,47,harmlessness,0.029868069148989655,0.08455331870712691
649,47,fairness,0.0,0.0
649,47,compassion,0.01133342205345269,0.03324666909490988
650,32,honesty,0.0,0.0
650,32,harmlessness,0.01946222759156307,0.05619916104910407
650,32,fairness,0.043433202273784076,0.11988557772709174
650,32,compassion,0.0,0.0
650,40,honesty,0.04277373451379973,0.11820874462205275
650,40,harmlessness,0.0034187760607418045,0.010186676252404915
650,40,fairness,0.028776525543092134,0.08163143829107165
650,40,compassion,0.10311378593237876,0.25645356233974365
650,47,honesty,0.0,0.0
650,47,harmlessness,0.0,0.0
650,47,fairness,0.01695533328125538,0.049197673927557604
650,47,compassion,0.019586195006494233,0.05654363567025514
651,32,honesty,0.0,0.0
651,32,harmlessness,0.0,0.0
651,32,fairness,0.0023945124363968723,0.007149299137796665
651,32,compassion,0.03685909074392636,0.10298537748383102
651,40,honesty,0.015046654014445646,0.0438212360875476
651,40,harmlessness,0.0,0.0
651,40,fairness,0.030701648721307193,0.08677657812618705
651,40,compassion,0.0,0.0
651,47,honesty,0.019099184857684266,0.055189409119146896
651,47,harmlessness,0.0,0.0
651,47,fairness,0.0,0.0
651,47,compassion,0.03791014034681379,0.1057150744240613
652,32,honesty,0.047259453923782384,0.12953486756127638
652,32,harmlessness,0.0,0.0
652,32,fairness,0.0,0.0
652,32,compassion,0.03204181838293228,0.09033637190489735
652,40,honesty,0.0,0.0
652,40,harmlessness,0.01179634244635286,0.03457334920556618
652,40,fairness,0.01912536606314254,0.05526227568549292
652,40,compassion,0.0,0.0
652,47,honesty,0.013996035949017282,0.04084477788775846
652,47,harmlessness,0.0,0.0
652,47,fairness,0.02757249415508941,0.07839442292925144
652,47,compassion,0.0,0.0
653,32,honesty,0.0,0.0
653,32,harmlessness,0.01129920615243976,0.033148514655832434
653,32,fairness,0.031504994531722334,0.08891260154426073
653,32,compassion,0.0,0.0
653,40,honesty,0.008701057279693857,0.02565669116029528
653,40,harmlessness,0.009820334296233413,0.028893514937344367
653,40,fairness,0.0,0.0
653,40,compassion,0.0,0.0
653,47,honesty,0.02062473312483697,0.05942303106033433
653,47,harmlessness,0.0,0.0
653,47,fairness,0.0,0.0
653,47,compassion,0.0,0.0
654,32,honesty,0.0307452839049643,0.08689276618368287
654,32,harmlessness,0.03832921570842077,0.10680048915229592
654,32,fairness,0.01963406927281059,0.056676622359327834
654,32,compassion,0.0,0.0
654,40,honesty,0.04949019480405454,0.13509848384565576
654,40,harmlessness,0.0,0.0
654,40,fairness,0.0,0.0
654,40,compassion,0.0,0.0
654,47,honesty,0.015748385918060537,0.045802526041921234
654,47,harmlessness,0.0,0.0
654,47,fairness,0.0165744915315886,0.0481280777602287
654,47,compassion,0.003430980311385263,0.010222792534330461
655,32,honesty,0.01369199539814224,0.03998114294402267
655,32,harmlessness,0.016124017868472416,0.04686088220151794
655,32,fairness,0.0,0.0
655,32,compassion,0.0055535680234512445,0.01647768419031402
655,40,honesty,0.025524248299209674,0.07285367435037172
655,40,harmlessness,0.0,0.0
655,40,fairness,0.0,0.0
655,40,compassion,0.00046417859359131693,0.0013912442092132015
655,47,honesty,0.006797625200367745,0.020119348026779622
655,47,harmlessness,0.0,0.0
655,47,fairness,0.02718116627374744,0.07733916159942966
655,47,compassion,0.01940997601406761,0.05605391764811401
656,32,honesty,0.0,0.0
656,32,harmlessness,0.012849321246127818,0.037582153413715284
656,32,fairness,0.0,0.0
656,32,compassion,0.008477109121971175,0.0250073473413856
656,40,honesty,0.0,0.0
656,40,harmlessness,0.0,0.0
656,40,fairness,0.002802680656940043,0.008361174566367216
656,40,compassion,0.0,0.0
656,47,honesty,0.0,0.0
656,47,harmlessness,0.04296643051537382,0.11869913525203815
656,47,fairness,0.049871504418274024,0.13604497782905106
656,47,compassion,0.0,0.0
657,32,honesty,0.027580447923903406,0.07841585496326484
657,32,harmlessness,0.0017772557409977726,0.005312882521069682
657,32,fairness,0.0,0.0
657,32,compassion,0.07101396449726956,0.18654700824994216
657,40,honesty,0.0,0.0
657,40,harmlessness,0.0,0.0
657,40,fairness,0.032592845484427244,0.09179482721397232
657,40,compassion,0.0,0.0
657,47,honesty,0.013994252795529613,0.04083971577332973
657,47,harmlessness,0.01906712921667737,0.0551001830306174
657,47,fairness,0.0,0.0
657,47,compassion,0.0,0.0
658,32,honesty,0.024691738131543645,0.07058927081491398
658,32,harmlessness,0.011316776875379643,0.033198921061819035
658,32,fairness,0.0,0.0
658,32,compassion,0.004830308951589151,0.014352275009855902
658,40,honesty,0.015414064856192174,0.04485926725872212
658,40,harmlessness,0.0,0.0
658,40,fairness,0.0,0.0
658,40,compassion,0.0,0.0
658,47,honesty,0.0,0.0
658,47,harmlessness,0.0394172409783643,0.10961062601615648
658,47,fairness,0.007370158542432869,0.021789294517061596
658,47,compassion,0.0,0.0
659,32,honesty,0.0,0.0
659,32,harmlessness,0.0,0.0
659,32,fairness,0.0,0.0
659,32,compassion,0.0,0.0
659,40,honesty,0.01741222662326402,0.050478783822619645
659,40,harmlessness,0.0,0.0
659,40,fairness,0.0,0.0
659,40,compassion,0.03021529255577671,0.08548025579420129
659,47,honesty,0.0,0.0
659,47,harmlessness,0.01622136205974837,0.04713490157117194
659,47,fairness,0.048111381724604455,0.13166497721655895
659,47,compassion,0.0,0.0
660,32,honesty,0.002858200615222156,0.008525864582874325
660,32,harmlessness,0.004398890297713956,0.013081582004822343
660,32,fairness,0.07460975451743672,0.19476632774906888
660,32,compassion,0.02988237664522392,0.08459153756277299
660,40,honesty,0.0,0.0
660,40,harmlessness,0.0,0.0
660,40,fairness,0.012174436567764046,0.035655147051115915
660,40,compassion,0.0,0.0
660,47,honesty,0.028048519055854756,0.07967597117592115
660,47,harmlessness,0.005775370682690663,0.01712826785603001
660,47,fairness,0.014165248820168654,0.04132498895833489
660,47,compassion,0.013194460000289156,0.038565673527384894
661,32,honesty,0.0,0.0
661,32,harmlessness,0.0,0.0
661,32,fairness,0.006285598980105661,0.018622687449833978
661,32,compassion,0.0,0.0
661,40,honesty,0.0,0.0
661,40,harmlessness,0.0,0.0
661,40,fairness,0.0,0.0
661,40,compassion,0.017579460185716034,0.05094713431849161
661,47,honesty,0.012671045775405548,0.037073614396071916
661,47,harmlessness,0.0,0.0
661,47,fairness,0.0,0.0
661,47,compassion,0.0325926842454126,0.09179440088890028
662,32,honesty,0.004324953946404821,0.01286359294506902
662,32,harmlessness,0.0,0.0
662,32,fairness,0.05113794990522413,0.1391791744172707
662,32,compassion,0.023240528975419106,0.06662479592586444
662,40,honesty,0.0,0.0
662,40,harmlessness,0.0,0.0
662,40,fairness,0.0,0.0
662,40,compassion,0.0,0.0
662,47,honesty,0.0,0.0
662,47,harmlessness,0.0,0.0
662,47,fairness,0.06417265971397179,0.17061973478076684
662,47,compassion,0.0,0.0
663,32,honesty,0.0,0.0
663,32,harmlessness,0.0,0.0
663,32,fairness,0.0,0.0
663,32,compassion,0.0,0.0
663,40,honesty,0.0,0.0
663,40,harmlessness,0.03102693963504952,0.08764227570932535
663,40,fairness,0.024419668921475166,0.06984769174952042
663,40,compassion,0.0,0.0
663,47,honesty,0.0,0.0
663,47,harmlessness,0.0,0.0
663,47,fairness,0.0,0.0
663,47,compassion,0.0,0.0
664,32,honesty,0.0,0.0
664,32,harmlessness,0.012168794035053289,0.0356390144521977
664,32,fairness,0.0,0.0
664,32,compassion,0.0,0.0
664,40,honesty,0.03814270186007048,0.10631762280218139
664,40,harmlessness,0.0,0.0
664,40,fairness,0.0,0.0
664,40,compassion,0.04721489456323329,0.12942327145787527
664,47,honesty,0.0,0.0
664,47,harmlessness,0.0,0.0
664,47,fairness,0.0,0.0
664,47,compassion,0.0275479178298475,0.07832819607127894
665,32,honesty,0.0,0.0
665,32,harmlessness,0.01730811006917262,0.050187044429454944
665,32,fairness,0.003844003614485984,0.011444029065275549
665,32,compassion,0.008848859406768845,0.02608493438626877
665,40,honesty,0.01788608489369758,0.0518050747512426
665,40,harmlessness,0.028456651193359394,0.08077290103861497
665,40,fairness,0.022728359043427706,0.06522037302037631
665,40,compassion,0.025302153704580433,0.07225028545802384
665,47,honesty,0.022176117382374863,0.06370298251155726
665,47,harmlessness,0.0,0.0
665,47,fairness,0.0,0.0
665,47,compassion,0.0,0.0
666,32,honesty,0.0,0.0
666,32,harmlessness,0.0,0.0
666,32,fairness,0.0,0.0
666,32,compassion,0.0,0.0
666,40,honesty,0.0,0.0
666,40,harmlessness,0.0,0.0
666,40,fairness,0.0,0.0
666,40,compassion,0.0,0.0
666,47,honesty,0.028019501136732457,0.07959791563496642
666,47,harmlessness,0.0,0.0
666,47,fairness,0.0,0.0
666,47,compassion,0.037986096916342284,0.10591192913926506
667,32,honesty,0.0,0.0
667,32,harmlessness,0.0,0.0
667,32,fairness,0.0,0.0
667,32,compassion,0.0,0.0
667,40,honesty,0.013783738096041456,0.040241848098737015
667,40,harmlessness,0.0,0.0
667,40,fairness,0.0,0.0
667,40,compassion,0.015586698492260806,0.04534649130158302
667,47,honesty,0.05179017284817829,0.14078768179447454
667,47,harmlessness,0.04221708628314021,0.11679017689907752
667,47,fairness,0.0,0.0
667,47,compassion,0.018571587322664198,0.0537194510170164
668,32,honesty,0.0148376651057601,0.043230127022792955
668,32,harmlessness,0.0,0.0
668,32,fairness,0.0002579269232709527,0.0007733818178272862
668,32,compassion,0.0019390965086122983,0.005794816110461203
668,40,honesty,0.012757516950562176,0.03732032158133783
668,40,harmlessness,0.0,0.0
668,40,fairness,0.048519119717706435,0.13268211983935027
668,40,compassion,0.0,0.0
668,47,honesty,0.022375646095981097,0.06425159632691742
668,47,harmlessness,0.0,0.0
668,47,fairness,0.0,0.0
668,47,compassion,0.008939479478831521,0.026347374803736393
669,32,honesty,0.0,0.0
669,32,harmlessness,0.0,0.0
669,32,fairness,0.0,0.0
669,32,compassion,0.0,0.0
669,40,honesty,0.0,0.0
669,40,harmlessness,0.0,0.0
669,40,fairness,0.03671830852609484,0.10261893793113344
669,40,compassion,0.0,0.0
669,47,honesty,0.03937054091527512,0.10949024259407825
669,47,harmlessness,0.0,0.0
669,47,fairness,0.005184394546401695,0.015393570948653394
669,47,compassion,0.0,0.0
670,32,honesty,0.0,0.0
670,32,harmlessness,0.0,0.0
670,32,fairness,0.0,0.0
670,32,compassion,0.012064223962936845,0.03533997318608823
670,40,honesty,0.007945497660619291,0.02346363250746253
670,40,harmlessness,0.0216527778650298,0.06226204129588326
670,40,fairness,0.014460174369236264,0.042161206317764356
670,40,compassion,0.0031283633987186353,0.00932673536108957
670,47,honesty,0.0,0.0
670,47,harmlessness,0.004370028310927326,0.012996494832064097
670,47,fairness,0.0,0.0
670,47,compassion,0.02612154619714898,0.07447389216225145
671,32,honesty,0.005431430974281145,0.01611919236149816
671,32,harmlessness,0.00010897619079703049,0.0003268573330569102
671,32,fairness,0.009976641896559403,0.029344408381500948
671,32,compassion,0.03728193571647258,0.10408483862412933
671,40,honesty,0.0,0.0
671,40,harmlessness,0.011796859928729567,0.034574830911542745
671,40,fairness,0.0,0.0
671,40,compassion,0.028433415953713726,0.08071049756305793
671,47,honesty,0.01840899220132546,0.05326583588902027
671,47,harmlessness,0.028006868694956236,0.0795639328447919
671,47,fairness,0.0615012033717372,0.16429493739932605
671,47,compassion,0.013619800507754761,0.03977592129710679
672,32,honesty,0.0,0.0
672,32,harmlessness,0.0,0.0
672,32,fairness,0.0,0.0
672,32,compassion,0.0,0.0
672,40,honesty,0.028358262484172427,0.08050861838757163
672,40,harmlessness,0.06404042179179086,0.17030806477048197
672,40,fairness,0.05003112677903615,0.1364408058286176
672,40,compassion,0.0,0.0
672,47,honesty,0.0,0.0
672,47,harmlessness,0.0067363936728680315,0.019940526544902616
672,47,fairness,0.05736887321932088,0.15439202647242187
672,47,compassion,0.0,0.0
673,32,honesty,0.0,0.0
673,32,harmlessness,0.04374279411752155,0.12067137603684884
673,32,fairness,0.0,0.0
673,32,compassion,0.0,0.0
673,40,honesty,0.0,0.0
673,40,harmlessness,0.06585980459578902,0.17458336162302968
673,40,fairness,0.0,0.0
673,40,compassion,0.0,0.0
673,47,honesty,0.0,0.0
673,47,harmlessness,0.0,0.0
673,47,fairness,0.0,0.0
673,47,compassion,0.011246470271320285,0.03299720660766149
674,32,honesty,0.0,0.0
674,32,harmlessness,0.0,0.0
674,32,fairness,0.023887394838689353,0.06839464474816542
674,32,compassion,0.0,0.0
674,40,honesty,0.008410971435825672,0.02481546989064343
674,40,harmlessness,0.0,0.0
674,40,fairness,0.0,0.0
674,40,compassion,0.009257980883618774,0.027269030327875737
674,47,honesty,0.0,0.0
674,47,harmlessness,0.0,0.0
674,47,fairness,0.019196682035543818,0.055460722399887065
674,47,compassion,0.0,0.0
675,32,honesty,0.0,0.0
675,32,harmlessness,0.0,0.0
675,32,fairness,0.005220106960716225,0.015498513090024693
675,32,compassion,0.0,0.0
675,40,honesty,0.022648402188244376,0.06500087466091692
675,40,harmlessness,0.0,0.0
675,40,fairness,0.00362190892237135,0.010787583477418674
675,40,compassion,0.008194186554393182,0.024186187399989494
675,47,honesty,0.0,0.0
675,47,harmlessness,0.048274564052942344,0.13207223319668956
675,47,fairness,0.07593187999440865,0.1977626590018228
675,47,compassion,0.03061983864965701,0.0865586897228898
676,32,honesty,0.0,0.0
676,32,harmlessness,0.0,0.0
676,32,fairness,0.0,0.0
676,32,compassion,0.01309256554740323,0.03827544899262522
676,40,honesty,0.044025056415986634,0.12138702775756816
676,40,harmlessness,0.01052448902478545,0.030922578400370805
676,40,fairness,0.022176183516207426,0.06370316441917669
676,40,compassion,0.0,0.0
676,47,honesty,0.004221997144797412,0.01255993541149985
676,47,harmlessness,0.023753301845121512,0.06802812057157849
676,47,fairness,0.026848066746850925,0.07643968472532524
676,47,compassion,0.0032644682267107925,0.00972987891897093
677,32,honesty,0.0,0.0
677,32,harmlessness,0.0,0.0
677,32,fairness,0.0,0.0
677,32,compassion,0.0,0.0
677,40,honesty,0.0055822364651445175,0.016561805565520588
677,40,harmlessness,0.0,0.0
677,40,fairness,0.0,0.0
677,40,compassion,0.0,0.0
677,47,honesty,0.025949251103701648,0.07400690574969149
677,47,harmlessness,0.0,0.0
677,47,fairness,0.016647846929034545,0.04833421941460616
677,47,compassion,0.0,0.0
678,32,honesty,0.004889482769807589,0.014526395191430931
678,32,harmlessness,0.0180206022841539,0.05218113586031348
678,32,fairness,0.0,0.0
678,32,compassion,0.057250718170258855,0.1541067143661361
678,40,honesty,0.0003899221644755703,0.0011688549685081532
678,40,harmlessness,0.0,0.0
678,40,fairness,0.0,0.0
678,40,compassion,0.010043416355649702,0.029536945386174233
678,47,honesty,0.013306389899777863,0.038884349079628386
678,47,harmlessness,0.0027475533984155356,0.008197613433947926
678,47,fairness,0.04865165242359761,0.133012410175068
678,47,compassion,0.0,0.0
679,32,honesty,0.0,0.0
679,32,harmlessness,0.0,0.0
679,32,fairness,0.10104150796487256,0.2521660483325001
679,32,compassion,0.0,0.0
679,40,honesty,0.0,0.0
679,40,harmlessness,0.004295841682370349,0.012777742727480416
679,40,fairness,0.009692615900496339,0.02852488617096787
679,40,compassion,0.022763379250057145,0.06531648969763214
679,47,honesty,0.018647984634609153,0.05393248943523836
679,47,harmlessness,0.007751294654963736,0.02289889184890518
679,47,fairness,0.0011559534819181824,0.003459861567702267
679,47,compassion,0.0,0.0
680,32,honesty,0.0,0.0
680,32,harmlessness,0.07577390983158692,0.1974053752811169
680,32,fairness,0.0,0.0
680,32,compassion,0.0,0.0
680,40,honesty,0.0278347909259168,0.07910086092588628
680,40,harmlessness,0.0,0.0
680,40,fairness,0.03767307911453874,0.10510033116195883
680,40,compassion,0.0,0.0
680,47,honesty,0.0,0.0
680,47,harmlessness,0.0,0.0
680,47,fairness,0.0,0.0
680,47,compassion,0.02915853173563659,0.08265537637651837
681,32,honesty,0.02098734190532502,0.06042567702865288
681,32,harmlessness,0.01829205964960612,0.05293943629574188
681,32,fairness,0.0,0.0
681,32,compassion,0.0,0.0
681,40,honesty,0.042551488092263876,0.11764271878200368
681,40,harmlessness,0.0015938663314398033,0.004766404969513581
681,40,fairness,0.043295517728368656,0.11953582253741812
681,40,compassion,0.0,0.0
681,47,honesty,0.036000120758335113,0.10074658390207637
681,47,harmlessness,0.0,0.0
681,47,fairness,0.014515977228708682,0.042319319140179446
681,47,compassion,0.0,0.0
682,32,honesty,0.0,0.0
682,32,harmlessness,0.03953871416506081,0.10992366199220899
682,32,fairness,0.001537985895712196,0.004599808805006442
682,32,compassion,0.04326572755775968,0.11946012429016985
682,40,honesty,0.009649287386505308,0.028399786751357296
682,40,harmlessness,0.009570860083592836,0.02817329492317156
682,40,fairness,0.047690013678110516,0.13061224183504738
682,40,compassion,0.0,0.0
682,47,honesty,0.0,0.0
682,47,harmlessness,0.0,0.0
682,47,fairness,0.0,0.0
682,47,compassion,0.01333963401212314,0.03897897160559429
683,32,honesty,0.0,0.0
683,32,harmlessness,0.006140481202346578,0.018197955203345162
683,32,fairness,0.0,0.0
683,32,compassion,0.029358584460539645,0.08319101263973591
683,40,honesty,0.0,0.0
683,40,harmlessness,0.0458040471237944,0.12588047129322275
683,40,fairness,0.04194697758741869,0.11610077919657492
683,40,compassion,0.021505525052057953,0.06185608019180012
683,47,honesty,0.0,0.0
683,47,harmlessness,0.0,0.0
683,47,fairness,0.002671058180329857,0.007970594696656376
683,47,compassion,0.0,0.0
684,32,honesty,0.019321500171654238,0.055807915227660876
684,32,harmlessness,0.00891368025617351,0.0262726684366785
684,32,fairness,0.02025810227223586,0.05840784271429392
684,32,compassion,0.009749202247699738,0.02868823199147164
684,40,honesty,0.0,0.0
684,40,harmlessness,0.01850942687885718,0.05354606662681274
684,40,fairness,0.009212675920471645,0.02713800055296681
684,40,compassion,0.0400977476536051,0.11136247418491929
684,47,honesty,0.006011238549819381,0.01781948134308348
684,47,harmlessness,0.0,0.0
684,47,fairness,0.03285350537405732,0.09248368935190128
684,47,compassion,0.004036937556051557,0.012013814629218404
685,32,honesty,0.011534091611612408,0.03382206132715526
685,32,harmlessness,0.0026064888153899154,0.0077789151355762524
685,32,fairness,0.012481017465025926,0.03653116029574019
685,32,compassion,0.0,0.0
685,40,honesty,0.029127385381149208,0.08257194633812344
685,40,harmlessness,0.0,0.0
685,40,fairness,0.0,0.0
685,40,compassion,0.025119593988475308,0.07175392313306043
685,47,honesty,0.0,0.0
685,47,harmlessness,0.009987729756871127,0.02937638253071096
685,47,fairness,0.013376971498180594,0.03908523046663771
685,47,compassion,0.0005556610058613353,0.0016651325191630248
686,32,honesty,0.0,0.0
686,32,harmlessness,0.068800220993807,0.18143511145336588
686,32,fairness,0.043599163464999056,0.12030692759097568
686,32,compassion,0.02590095168132073,0.07387594070284899
686,40,honesty,0.0,0.0
686,40,harmlessness,0.034992350039081035,0.09811079551845418
686,40,fairness,0.030159240301944962,0.0853307025774978
686,40,compassion,0.01524876110136193,0.044392424356636526
686,47,honesty,0.0,0.0
686,47,harmlessness,0.0038584073550857255,0.011486582238469756
686,47,fairness,0.004943916101825379,0.014686530357645914
686,47,compassion,0.019389860015517832,0.055997993534967705
687,32,honesty,0.0,0.0
687,32,harmlessness,0.0,0.0
687,32,fairness,0.0,0.0
687,32,compassion,0.022771218383630498,0.06533800326853513
687,40,honesty,0.03767637317468586,0.10510887697806233
687,40,harmlessness,0.0,0.0
687,40,fairness,0.030736965226539615,0.08687061738789909
687,40,compassion,0.010414879742887849,0.030607100682882183
687,47,honesty,0.0,0.0
687,47,harmlessness,0.0,0.0
687,47,fairness,0.007576748921391456,0.022390945618053326
687,47,compassion,0.0,0.0
688,32,honesty,0.0,0.0
688,32,harmlessness,0.0,0.0
688,32,fairness,0.035849640174414395,0.10035363697196563
688,32,compassion,0.017496702694780136,0.05071540341320696
688,40,honesty,0.0,0.0
688,40,harmlessness,0.0,0.0
688,40,fairness,0.010231515385488962,0.03007903787879176
688,40,compassion,0.0,0.0
688,47,honesty,0.004522536320381898,0.01344598901378906
688,47,harmlessness,0.029045776385472438,0.0823532981888201
688,47,fairness,0.00798927346284078,0.023590872524865997
688,47,compassion,0.0016011362442692907,0.004788076008732077
689,32,honesty,0.011602540693770006,0.03401822636974043
689,32,harmlessness,0.0028102866585899885,0.008383738558529679
689,32,fairness,0.051413498035646155,0.1398591933788385
689,32,compassion,0.0,0.0
689,40,honesty,0.0,0.0
689,40,harmlessness,0.0,0.0
689,40,fairness,0.0,0.0
689,40,compassion,0.0,0.0
689,47,honesty,0.0,0.0
689,47,harmlessness,0.0,0.0
689,47,fairness,0.0,0.0
689,47,compassion,0.014709639608667618,0.04286777964713654
690,32,honesty,0.0,0.0
690,32,harmlessness,0.0,0.0
690,32,fairness,0.0,0.0
690,32,compassion,0.0,0.0
690,40,honesty,0.00432252116301915,0.01285641920090434
690,40,harmlessness,0.0,0.0
690,40,fairness,0.014776663178704158,0.0430574972672405
690,40,compassion,0.0,0.0
690,47,honesty,0.0,0.0
690,47,harmlessness,0.01105414528372805,0.03244512950068428
690,47,fairness,0.0,0.0
690,47,compassion,0.0,0.0
691,32,honesty,0.020773633110019493,0.05983492190059906
691,32,harmlessness,0.005406534635961553,0.016046096356438534
691,32,fairness,0.0,0.0
691,32,compassion,0.0,0.0
691,40,honesty,0.0,0.0
691,40,harmlessness,0.0,0.0
691,40,fairness,0.002911977621311416,0.008685349775574776
691,40,compassion,0.0,0.0
691,47,honesty,0.052441098175626755,0.14238920225741925
691,47,harmlessness,0.0,0.0
691,47,fairness,0.0,0.0
691,47,compassion,0.0,0.0
692,32,honesty,0.0,0.0
692,32,harmlessness,0.003907686812450875,0.011632150832535151
692,32,fairness,0.0,0.0
692,32,compassion,0.0,0.0
692,40,honesty,0.004409462021179336,0.013112745754740196
692,40,harmlessness,0.044551020470411075,0.1227185850242066
692,40,fairness,0.0076859627979419575,0.02270881025225713
692,40,compassion,0.0,0.0
692,47,honesty,0.050534492258264264,0.13768753720854354
692,47,harmlessness,0.017412914317598758,0.05048071038359419
692,47,fairness,0.02381307480020458,0.06819152464632774
692,47,compassion,0.05007551707960812,0.1365508430882257
693,32,honesty,0.011914995539829028,0.034913009904889554
693,32,harmlessness,0.005648137080558469,0.016755140580074823
693,32,fairness,0.0031946205273801994,0.009523016732667073
693,32,compassion,0.0,0.0
693,40,honesty,0.0,0.0
693,40,harmlessness,0.0,0.0
693,40,fairness,0.0,0.0
693,40,compassion,0.0152217278148675,0.04431604975034281
693,47,honesty,0.0,0.0
693,47,harmlessness,0.0,0.0
693,47,fairness,0.0,0.0
693,47,compassion,0.04749639075465941,0.13012795579124609
694,32,honesty,0.020122995450804947,0.058033375644246765
694,32,harmlessness,0.02814912741471228,0.07994653201218604
694,32,fairness,0.04892848504699203,0.13370180190996123
694,32,compassion,0.0,0.0
694,40,honesty,0.016719259870965585,0.04853484620006431
694,40,harmlessness,0.00489604263832352,0.014545695226900631
694,40,fairness,0.0,0.0
694,40,compassion,0.02352755312247104,0.06741064433613624
694,47,honesty,0.025527229351630466,0.07286176983576483
694,47,harmlessness,0.0,0.0
694,47,fairness,0.0,0.0
694,47,compassion,0.0,0.0
695,32,honesty,0.05340291073887249,0.14474872566419622
695,32,harmlessness,0.0,0.0
695,32,fairness,0.0,0.0
695,32,compassion,0.0123342570891949,0.036111943282706054
695,40,honesty,0.042360868556977724,0.11715687196336004
695,40,harmlessness,0.03538032302366949,0.09912669975575095
695,40,fairness,0.0,0.0
695,40,compassion,0.012812677108900312,0.0374776531884939
695,47,honesty,0.0020247261980335923,0.006049680700094338
695,47,harmlessness,0.0,0.0
695,47,fairness,0.02134323178965802,0.061408388432678054
695,47,compassion,0.0,0.0
696,32,honesty,0.0,0.0
696,32,harmlessness,0.0,0.0
696,32,fairness,0.0,0.0
696,32,compassion,0.0,0.0
696,40,honesty,0.0,0.0
696,40,harmlessness,0.007529616557264291,0.022253725629865963
696,40,fairness,0.06199685925961821,0.16547296903392036
696,40,compassion,0.0,0.0
696,47,honesty,0.0,0.0
696,47,harmlessness,0.00728833896594435,0.021550876708897604
696,47,fairness,0.00245181180240469,0.007319543122780782
696,47,compassion,0.0,0.0
697,32,honesty,0.0,0.0
697,32,harmlessness,0.0,0.0
697,32,fairness,0.021490851629485143,0.06181561448968873
697,32,compassion,0.0,0.0
697,40,honesty,0.00100946986413376,0.003022307735243547
697,40,harmlessness,0.012121695459854297,0.035504340767001916
697,40,fairness,0.02028139701304866,0.0584723876237497
697,40,compassion,0.022998205850029336,0.06596066370624638
697,47,honesty,0.04064437149540698,0.11276646989679871
697,47,harmlessness,0.0,0.0
697,47,fairness,0.07257403728549887,0.19012572844613215
697,47,compassion,0.028156240811906853,0.07996565780030473
698,32,honesty,0.0,0.0
698,32,harmlessness,0.0,0.0
698,32,fairness,0.0112312474240875,0.032953523911178444
698,32,compassion,0.0,0.0
698,40,honesty,0.07094867110864511,0.18639680245917686
698,40,harmlessness,0.0,0.0
698,40,fairness,0.009181053853755118,0.027046530259525515
698,40,compassion,0.008625962240490843,0.025439014759963064
698,47,honesty,0.08409024465444219,0.21595184671554843
698,47,harmlessness,0.0,0.0
698,47,fairness,0.010138358205199469,0.02981061326441577
698,47,compassion,0.013435174400124514,0.039250839453553975
699,32,honesty,0.017392488988395877,0.050423487077677576
699,32,harmlessness,0.0,0.0
699,32,fairness,0.0,0.0
699,32,compassion,0.0,0.0
699,40,honesty,0.04846323331936012,0.1325427951461448
699,40,harmlessness,0.018193280985359463,0.052663595765168214
699,40,fairness,0.03277056681626714,0.0922645755717071
699,40,compassion,0.0,0.0
699,47,honesty,0.06702329656634044,0.17730302345302018
699,47,harmlessness,0.0,0.0
699,47,fairness,0.05272368857826122,0.1430833063638342
699,47,compassion,0.02561575319059605,0.07310212746222829
700,32,honesty,0.012082770992454939,0.03539302143197755
700,32,harmlessness,0.0,0.0
700,32,fairness,0.00912968469806671,0.02689791512592993
700,32,compassion,0.028524083015591072,0.08095397333507025
700,40,honesty,0.002992533651734689,0.00892418908291394
700,40,harmlessness,0.026146029366775746,0.07454022621317564
700,40,fairness,0.013786022770412992,0.04024833926799909
700,40,compassion,0.011375820404523949,0.0333682781350273
700,47,honesty,0.0,0.0
700,47,harmlessness,0.0,0.0
700,47,fairness,0.0,0.0
700,47,compassion,0.015929825901220017,0.04631393195788009
701,32,honesty,0.0,0.0
701,32,harmlessness,0.012654927825449526,0.03702761976500006
701,32,fairness,0.024202589608153927,0.06925544652377312
701,32,compassion,0.0,0.0
701,40,honesty,0.0,0.0
701,40,harmlessness,0.061357387583278966,0.16395273921867579
701,40,fairness,0.0,0.0
701,40,compassion,0.03727090880531751,0.10405618895743003
701,47,honesty,0.01604354236802508,0.046634269351780853
701,47,harmlessness,0.027225607916713298,0.07745908252908926
701,47,fairness,0.00012888986210036514,0.00038656993640950356
701,47,compassion,0.012077317603406006,0.035377424038022874
702,32,honesty,0.016122425774659815,0.04685639967240709
702,32,harmlessness,0.021981845730124964,0.06316842025236837
702,32,fairness,0.0,0.0
702,32,compassion,0.0,0.0
702,40,honesty,0.03390625026048481,0.09525899980738882
702,40,harmlessness,0.006681587329039995,0.0197804326113225
702,40,fairness,0.002900277198542145,0.008650653012258529
702,40,compassion,0.0038264321097404934,0.011392114027396967
702,47,honesty,0.0,0.0
702,47,harmlessness,0.0,0.0
702,47,fairness,0.0,0.0
702,47,compassion,0.0,0.0
703,32,honesty,0.021214695184349885,0.061053617771213445
703,32,harmlessness,0.0029488122689272393,0.008794569736503841
703,32,fairness,0.0,0.0
703,32,compassion,0.0,0.0
703,40,honesty,0.0,0.0
703,40,harmlessness,0.013140692903258724,0.038412543825683626
703,40,fairness,0.0,0.0
703,40,compassion,0.0,0.0
703,47,honesty,0.0,0.0
703,47,harmlessness,0.018556776741169734,0.0536781435712451
703,47,fairness,0.0,0.0
703,47,compassion,0.0,0.0
704,32,honesty,0.005080231475816638,0.015087399464157844
704,32,harmlessness,0.0,0.0
704,32,fairness,0.011918556141726752,0.03492320018116432
704,32,compassion,0.023342731003005344,0.06690471545750187
704,40,honesty,0.0,0.0
704,40,harmlessness,0.006466618715398435,0.01915215675556376
704,40,fairness,0.023990881420610247,0.06867738238755526
704,40,compassion,0.0087901703357644,0.025914917921754058
704,47,honesty,0.05241701434787602,0.14233001424590597
704,47,harmlessness,0.0,0.0
704,47,fairness,0.0,0.0
704,47,compassion,0.0019207044493872217,0.005740063417470266
705,32,honesty,0.0,0.0
705,32,harmlessness,0.0023385149640170744,0.006982885726524227
705,32,fairness,0.04434420415959867,0.12219530534377802
705,32,compassion,0.012690638642801405,0.03712952125397539
705,40,honesty,0.001341405872564304,0.004013450286126801
705,40,harmlessness,0.0,0.0
705,40,fairness,0.0,0.0
705,40,compassion,0.0,0.0
705,47,honesty,0.07441859211524039,0.19433195531119873
705,47,harmlessness,0.027221058905178754,0.07744680844607867
705,47,fairness,0.0,0.0
705,47,compassion,0.0,0.0
706,32,honesty,0.06214976042689354,0.1658359519170586
706,32,harmlessness,0.0035441912109378834,0.010557736359984736
706,32,fairness,0.007237125216558748,0.021401603481218803
706,32,compassion,0.01416314443448446,0.04131901884000892
706,40,honesty,0.0013620139266786392,0.0040749415258187855
706,40,harmlessness,0.0,0.0
706,40,fairness,0.05270103765661835,0.14302769689034056
706,40,compassion,0.0,0.0
706,47,honesty,0.006285916599371766,0.018623616794221032
706,47,harmlessness,0.0,0.0
706,47,fairness,0.0,0.0
706,47,compassion,0.0,0.0
707,32,honesty,0.0,0.0
707,32,harmlessness,0.01959401164435447,0.05656535065428915
707,32,fairness,0.004164699260726225,0.012390889128591506
707,32,compassion,0.016920843493394195,0.049100874069156475
707,40,honesty,0.0,0.0
707,40,harmlessness,0.0,0.0
707,40,fairness,0.0,0.0
707,40,compassion,0.012410057877711154,0.03632849615338601
707,47,honesty,0.02813343782488269,0.07990434559706229
707,47,harmlessness,0.009925091857959084,0.029195734872928387
707,47,fairness,0.0,0.0
707,47,compassion,0.0,0.0
708,32,honesty,0.0,0.0
708,32,harmlessness,0.037913766431601346,0.105724473319709
708,32,fairness,0.0,0.0
708,32,compassion,0.008121604330142562,0.023975375956064544
708,40,honesty,0.0,0.0
708,40,harmlessness,0.07722067256766829,0.20067023645609888
708,40,fairness,0.0,0.0
708,40,compassion,0.0,0.0
708,47,honesty,0.006515417361241659,0.019294824415763818
708,47,harmlessness,0.0,0.0
708,47,fairness,0.0,0.0
708,47,compassion,0.03636885106772352,0.1017085099050564
709,32,honesty,0.0,0.0
709,32,harmlessness,0.0,0.0
709,32,fairness,0.06494789788333745,0.17244394959254086
709,32,compassion,0.0,0.0
709,40,honesty,0.0,0.0
709,40,harmlessness,0.0,0.0
709,40,fairness,0.0,0.0
709,40,compassion,0.0,0.0
709,47,honesty,0.0,0.0
709,47,harmlessness,0.0,0.0
709,47,fairness,0.0,0.0
709,47,compassion,0.005304422348260044,0.015746217864893903
710,32,honesty,0.011214720399753488,0.03290609587000137
710,32,harmlessness,0.0,0.0
710,32,fairness,0.0610645870715549,0.16325550162667926
710,32,compassion,0.012365244080655794,0.0362004767795372
710,40,honesty,0.0,0.0
710,40,harmlessness,0.0,0.0
710,40,fairness,0.0,0.0
710,40,compassion,0.0,0.0
710,47,honesty,0.02467448048860129,0.07054225450118119
710,47,harmlessness,0.009900270344708391,0.0291241373671429
710,47,fairness,0.0,0.0
710,47,compassion,0.0,0.0
711,32,honesty,0.0,0.0
711,32,harmlessness,0.008956520313701881,0.02639671550385507
711,32,fairness,0.0,0.0
711,32,compassion,0.0,0.0
711,40,honesty,0.0,0.0
711,40,harmlessness,0.04603705353621011,0.1264668393053216
711,40,fairness,0.0026361522882608025,0.00786697975143551
711,40,compassion,0.0,0.0
711,47,honesty,0.11927201992305973,0.2889005544071209
711,47,harmlessness,0.0,0.0
711,47,fairness,0.0,0.0
711,47,compassion,0.06084796542614896,0.1627391980817338
712,32,honesty,0.0,0.0
712,32,harmlessness,0.0,0.0
712,32,fairness,0.0,0.0
712,32,compassion,0.0,0.0
712,40,honesty,0.0,0.0
712,40,harmlessness,0.0,0.0
712,40,fairness,0.012946292052068459,0.037858618687765945
712,40,compassion,0.0,0.0
712,47,honesty,0.042501883869094835,0.11751632150834289
712,47,harmlessness,0.0033805617401060904,0.010073576525541717
712,47,fairness,0.0,0.0
712,47,compassion,0.003034636222354859,0.009048987894185883
713,32,honesty,0.017933760494466367,0.051938380529621714
713,32,harmlessness,0.04962212411189701,0.13542610987161016
713,32,fairness,0.005845727715719112,0.017334517409439382
713,32,compassion,0.0,0.0
713,40,honesty,0.0,0.0
713,40,harmlessness,0.03793512179164082,0.10577982433632847
713,40,fairness,0.0,0.0
713,40,compassion,0.03522796105356515,0.09872791674846626
713,47,honesty,0.0,0.0
713,47,harmlessness,0.0,0.0
713,47,fairness,0.0,0.0
713,47,compassion,0.009768930181639218,0.028745171399986218
714,32,honesty,0.0,0.0
714,32,harmlessness,0.010346080213617435,0.030409012476259753
714,32,fairness,0.01433516414423434,0.04180687558496686
714,32,compassion,0.022992190148636134,0.06594416871340376
714,40,honesty,0.0,0.0
714,40,harmlessness,0.015230066308146295,0.044339608567323704
714,40,fairness,0.0024387241912243343,0.007280661522904954
714,40,compassion,0.0,0.0
714,47,honesty,0.0,0.0
714,47,harmlessness,0.00028426783005446184,0.0008523189164655894
714,47,fairness,0.0,0.0
714,47,compassion,0.0,0.0
715,32,honesty,0.0,0.0
715,32,harmlessness,0.0,0.0
715,32,fairness,0.0,0.0
715,32,compassion,0.0,0.0
715,40,honesty,0.03611937254424615,0.10105782702694222
715,40,harmlessness,0.0,0.0
715,40,fairness,0.0025618110930602537,0.00764625674846356
715,40,compassion,0.008154935324370742,0.02407219164121234
715,47,honesty,0.0,0.0
715,47,harmlessness,0.0009999782229868522,0.0029939469055479035
715,47,fairness,0.0072604039964278754,0.021469458110352536
715,47,compassion,0.0,0.0
716,32,honesty,0.0,0.0
716,32,harmlessness,0.0,0.0
716,32,fairness,0.009382095718929133,0.0276278724687628
716,32,compassion,0.0,0.0
716,40,honesty,0.0,0.0
716,40,harmlessness,0.015963903459391093,0.046409942688890635
716,40,fairness,0.0,0.0
716,40,compassion,0.07773019687034588,0.2018161694457614
716,47,honesty,0.01886599666064788,0.054540083900468266
716,47,harmlessness,0.026768415775780194,0.07622443271306782
716,47,fairness,0.0,0.0
716,47,compassion,0.013065930127871267,0.0381995646971185
717,32,honesty,0.0,0.0
717,32,harmlessness,0.04096152286864919,0.11357976807140231
717,32,fairness,0.01318616892802159,0.03854206249039923
717,32,compassion,0.0,0.0
717,40,honesty,0.0,0.0
717,40,harmlessness,0.0,0.0
717,40,fairness,0.0,0.0
717,40,compassion,0.0,0.0
717,47,honesty,0.0,0.0
717,47,harmlessness,0.012688106653726322,0.03712229664310109
717,47,fairness,0.013390183751849976,0.03912282755582116
717,47,compassion,0.0,0.0
718,32,honesty,0.0,0.0
718,32,harmlessness,0.0,0.0
718,32,fairness,0.013243334960474458,0.038704842493943965
718,32,compassion,0.0,0.0
718,40,honesty,0.0,0.0
718,40,harmlessness,0.0,0.0
718,40,fairness,0.007463184224044894,0.02206027291060557
718,40,compassion,0.09625449255044931,0.24214784228809444
718,47,honesty,0.020085382683558844,0.057929092084615295
718,47,harmlessness,0.0,0.0
718,47,fairness,0.053816390833823766,0.14576055816837966
718,47,compassion,0.0,0.0
719,32,honesty,0.05426472659451877,0.14685598052016305
719,32,harmlessness,0.014188239594956239,0.041390210342420915
719,32,fairness,0.0,0.0
719,32,compassion,0.021324796432185277,0.06135751621098817
719,40,honesty,0.0,0.0
719,40,harmlessness,0.041958318166528105,0.11612973754644595
719,40,fairness,0.0,0.0
719,40,compassion,0.04571334722192883,0.12565208672641723
719,47,honesty,0.0,0.0
719,47,harmlessness,0.024318670369114892,0.06957220411013058
719,47,fairness,0.0010989820587547787,0.0032897154996393138
719,47,compassion,0.024038547975388846,0.06880757551594602
720,32,honesty,0.013702470474145072,0.04001091466865369
720,32,harmlessness,0.057602257872279274,0.15495523123977362
720,32,fairness,0.0,0.0
720,32,compassion,0.0,0.0
720,40,honesty,0.04191307458486958,0.11601420011035052
720,40,harmlessness,0.0017621339238134903,0.00526783650462068
720,40,fairness,0.009806066406817818,0.028852343232983576
720,40,compassion,0.0027279567345796347,0.008139462003363046
720,47,honesty,0.0,0.0
720,47,harmlessness,0.031025058626381493,0.08763727282466184
720,47,fairness,0.0,0.0
720,47,compassion,0.0,0.0
721,32,honesty,0.015439478310414189,0.04493101215594911
721,32,harmlessness,0.0,0.0
721,32,fairness,0.0,0.0
721,32,compassion,0.0,0.0
721,40,honesty,0.0,0.0
721,40,harmlessness,0.0,0.0
721,40,fairness,0.0,0.0
721,40,compassion,0.00902409036511525,0.02659232795438741
721,47,honesty,0.01596826654102208,0.046422234398457496
721,47,harmlessness,0.0,0.0
721,47,fairness,0.0,0.0
721,47,compassion,0.05410152180812079,0.14645742615426946
722,32,honesty,0.00856027683834739,0.025248561168300963
722,32,harmlessness,0.038545738132190435,0.1073606252995611
722,32,fairness,0.05155053148799385,0.14019712214468968
722,32,compassion,0.01550326134481635,0.045111047322103165
722,40,honesty,0.0,0.0
722,40,harmlessness,0.0,0.0
722,40,fairness,0.0,0.0
722,40,compassion,0.0,0.0
722,47,honesty,0.0,0.0
722,47,harmlessness,0.029340462487807317,0.08314250817870306
722,47,fairness,0.0,0.0
722,47,compassion,0.019827127479016635,0.057212657143841474
723,32,honesty,0.0,0.0
723,32,harmlessness,0.0020175523799505733,0.006028332187945876
723,32,fairness,0.0,0.0
723,32,compassion,0.0,0.0
723,40,honesty,0.012445619895906297,0.03643007007778032
723,40,harmlessness,0.0,0.0
723,40,fairness,0.0,0.0
723,40,compassion,0.00930965174381459,0.027418442921529573
723,47,honesty,0.0016468063914323846,0.0049242007637163845
723,47,harmlessness,0.003853712783573014,0.011472713267159203
723,47,fairness,0.0,0.0
723,47,compassion,0.027683589436723704,0.07869371908914556
724,32,honesty,0.06495189364118564,0.17245333905130195
724,32,harmlessness,0.029889550181620185,0.08461069907316207
724,32,fairness,0.0,0.0
724,32,compassion,0.014661893232086451,0.042732598114102106
724,40,honesty,0.0,0.0
724,40,harmlessness,0.0,0.0
724,40,fairness,0.04395612617982786,0.12121232962811496
724,40,compassion,0.0,0.0
724,47,honesty,0.0,0.0
724,47,harmlessness,0.0,0.0
724,47,fairness,0.0,0.0
724,47,compassion,0.0,0.0
725,32,honesty,0.0,0.0
725,32,harmlessness,0.0,0.0
725,32,fairness,0.02257156639043615,0.0647898809717441
725,32,compassion,0.0,0.0
725,40,honesty,0.0,0.0
725,40,harmlessness,0.0,0.0
725,40,fairness,0.04499119831735898,0.12383098604968588
725,40,compassion,0.0039806295692942405,0.011847567155595196
725,47,honesty,0.0,0.0
725,47,harmlessness,0.021254178723930057,0.061162613916962455
725,47,fairness,0.0,0.0
725,47,compassion,0.0,0.0
726,32,honesty,0.04807378510041114,0.1315711125234817
726,32,harmlessness,0.0,0.0
726,32,fairness,0.010872845997542877,0.031924321529496126
726,32,compassion,0.0010128140959285194,0.0030322999754690805
726,40,honesty,0.0,0.0
726,40,harmlessness,0.031336850613006124,0.0884660566367248
726,40,fairness,0.0,0.0
726,40,compassion,0.0,0.0
726,47,honesty,0.023890696401260382,0.06840366673441152
726,47,harmlessness,0.0,0.0
726,47,fairness,0.0013855578948262716,0.004145186891632351
726,47,compassion,0.022949900720383436,0.06582820081455912
727,32,honesty,0.05480025748265456,0.14816212702740458
727,32,harmlessness,0.0,0.0
727,32,fairness,0.003912463959089931,0.01164626072656807
727,32,compassion,0.06521413108610309,0.1730692692363929
727,40,honesty,0.028928929054938223,0.08204012145817077
727,40,harmlessness,0.0,0.0
727,40,fairness,0.0010496494541725266,0.0031423516271770107
727,40,compassion,0.0,0.0
727,47,honesty,0.0196302706581304,0.05666607133934275
727,47,harmlessness,0.0,0.0
727,47,fairness,0.03793515935881769,0.10577992170292559
727,47,compassion,0.05790870458157484,0.15569403409381927
728,32,honesty,0.0,0.0
728,32,harmlessness,0.013409345931274179,0.039177352450463124
728,32,fairness,0.0,0.0
728,32,compassion,0.0,0.0
728,40,honesty,0.0,0.0
728,40,harmlessness,0.02970567681518864,0.0841193839769423
728,40,fairness,0.0,0.0
728,40,compassion,0.0,0.0
728,47,honesty,0.004494242907429383,0.013362619010859675
728,47,harmlessness,0.000336494958334754,0.0010088059587661361
728,47,fairness,0.0,0.0
728,47,compassion,0.03391047748918126,0.09527012182450116
729,32,honesty,0.03557561517738891,0.09963751383342717
729,32,harmlessness,0.007459466201784018,0.022049444434300493
729,32,fairness,0.0,0.0
729,32,compassion,0.0043824647893734225,0.013033159641672442
729,40,honesty,0.046711628969305787,0.1281616116087637
729,40,harmlessness,0.009762429232474865,0.028726408634627186
729,40,fairness,0.0,0.0
729,40,compassion,0.0,0.0
729,47,honesty,0.022917568682791715,0.06573952585066174
729,47,harmlessness,0.008884603723341142,0.026188462939344462
729,47,fairness,0.013836812547324991,0.04039262721970879
729,47,compassion,0.0,0.0
730,32,honesty,0.030272172931675344,0.08563198620524971
730,32,harmlessness,0.015499280670130906,0.04509981269997812
730,32,fairness,0.0,0.0
730,32,compassion,0.0,0.0
730,40,honesty,0.0,0.0
730,40,harmlessness,0.0,0.0
730,40,fairness,0.0,0.0
730,40,compassion,0.018415448909376953,0.053283854526669734
730,47,honesty,0.043805447985508526,0.1208302936678446
730,47,harmlessness,0.06396916642114059,0.17014006322476502
730,47,fairness,0.0,0.0
730,47,compassion,0.0,0.0
731,32,honesty,0.0,0.0
731,32,harmlessness,0.004855791367685926,0.014427262549166615
731,32,fairness,0.0,0.0
731,32,compassion,0.0,0.0
731,40,honesty,0.025239029518039396,0.07207869588784784
731,40,harmlessness,0.0,0.0
731,40,fairness,0.03524461174150641,0.098771508302061
731,40,compassion,0.0,0.0
731,47,honesty,0.0,0.0
731,47,harmlessness,0.0,0.0
731,47,fairness,0.0,0.0
731,47,compassion,0.0,0.0
732,32,honesty,0.0,0.0
732,32,harmlessness,0.0,0.0
732,32,fairness,0.08645585750307828,0.22113136836379318
732,32,compassion,0.018476649060202188,0.05345462257661906
732,40,honesty,0.0,0.0
732,40,harmlessness,0.008986880683170656,0.02648461391905126
732,40,fairness,0.0,0.0
732,40,compassion,0.0,0.0
732,47,honesty,0.002738084911226054,0.00816951707083087
732,47,harmlessness,0.00473803412398749,0.014080672954072265
732,47,fairness,0.015016567989282387,0.04373616963792964
732,47,compassion,0.009338852799178725,0.027502867927279934
733,32,honesty,0.02643434671312907,0.075320921435434
733,32,harmlessness,0.0017317912561666772,0.0051774412734466885
733,32,fairness,0.0,0.0
733,32,compassion,0.0,0.0
733,40,honesty,0.0,0.0
733,40,harmlessness,0.0,0.0
733,40,fairness,0.0,0.0
733,40,compassion,0.0,0.0
733,47,honesty,0.0,0.0
733,47,harmlessness,0.0,0.0
733,47,fairness,0.028177790110377295,0.08002359424604576
733,47,compassion,0.0,0.0
734,32,honesty,0.013577732041177735,0.03965631060525351
734,32,harmlessness,0.0,0.0
734,32,fairness,0.0235519835272477,0.06747749297569597
734,32,compassion,0.0,0.0
734,40,honesty,0.020119869198002373,0.058024708503328734
734,40,harmlessness,0.0,0.0
734,40,fairness,0.0,0.0
734,40,compassion,0.053397879329557536,0.1447364039258223
734,47,honesty,0.03251199655926085,0.09158102569331339
734,47,harmlessness,0.0,0.0
734,47,fairness,0.021097524167117406,0.06073006449465889
734,47,compassion,0.011362174483633506,0.033329140432923704
735,32,honesty,0.0,0.0
735,32,harmlessness,0.0,0.0
735,32,fairness,0.0,0.0
735,32,compassion,0.0,0.0
735,40,honesty,0.013425933009198688,0.039224546753537703
735,40,harmlessness,0.02962298292796492,0.08389831224146668
735,40,fairness,0.03997277702411325,0.11104108963902878
735,40,compassion,0.0,0.0
735,47,honesty,0.0,0.0
735,47,harmlessness,0.0,0.0
735,47,fairness,0.0,0.0
735,47,compassion,0.0,0.0
736,32,honesty,0.03659752254101556,0.10230439296768701
736,32,harmlessness,0.0,0.0
736,32,fairness,0.04081360812734023,0.11320057644813433
736,32,compassion,0.05181238182860858,0.14084238647448843
736,40,honesty,0.0,0.0
736,40,harmlessness,0.0,0.0
736,40,fairness,0.005454258731519347,0.01618620865478691
736,40,compassion,0.02169014998996781,0.06236503599996545
736,47,honesty,0.08880054629030391,0.22622400789992161
736,47,harmlessness,0.041886149174296894,0.11594543218567563
736,47,fairness,0.03113447319680842,0.08792822185711831
736,47,compassion,0.0,0.0
737,32,honesty,0.0,0.0
737,32,harmlessness,0.006885024655249631,0.020374515877439006
737,32,fairness,0.0,0.0
737,32,compassion,0.0,0.0
737,40,honesty,0.0,0.0
737,40,harmlessness,0.0,0.0
737,40,fairness,0.0,0.0
737,40,compassion,0.0,0.0
737,47,honesty,0.0,0.0
737,47,harmlessness,0.022064063040816834,0.0633946998160601
737,47,fairness,0.0,0.0
737,47,compassion,0.0,0.0
738,32,honesty,0.022870759138700205,0.06561112494521812
738,32,harmlessness,0.035147355672097945,0.09851685325424796
738,32,fairness,0.007950591381862021,0.023478439192971642
738,32,compassion,0.06062348153612731,0.16220373441195393
738,40,honesty,0.0,0.0
738,40,harmlessness,0.0,0.0
738,40,fairness,0.0459088278816817,0.12614421732239825
738,40,compassion,0.0,0.0
738,47,honesty,0.024987582681455157,0.07139478200749212
738,47,harmlessness,0.0,0.0
738,47,fairness,0.05210757874780035,0.1415690911162156
738,47,compassion,0.0,0.0
739,32,honesty,0.022452808004765946,0.06446364435434651
739,32,harmlessness,0.0,0.0
739,32,fairness,0.0,0.0
739,32,compassion,0.0,0.0
739,40,honesty,0.04145163225480208,0.11483472332195867
739,40,harmlessness,0.02536779650918262,0.07242867761710789
739,40,fairness,0.06598032139070993,0.1748655886884505
739,40,compassion,0.0,0.0
739,47,honesty,0.0494198690844269,0.1349237765102542
739,47,harmlessness,0.011019527834745736,0.03234571450166552
739,47,fairness,0.040824937350058814,0.11322962717869495
739,47,compassion,0.0,0.0
740,32,honesty,0.04354977849748544,0.12018157366709399
740,32,harmlessness,0.0,0.0
740,32,fairness,0.0,0.0
740,32,compassion,0.01972433686633218,0.056927303958651504
740,40,honesty,0.0,0.0
740,40,harmlessness,0.0,0.0
740,40,fairness,0.012691117834240212,0.037130888539237634
740,40,compassion,0.0629447888094744,0.16772014785657174
740,47,honesty,0.0,0.0
740,47,harmlessness,0.012024274366417162,0.035225696226891076
740,47,fairness,0.035263384365875866,0.09882065183942736
740,47,compassion,0.0031987135372999525,0.009535140247520262
741,32,honesty,0.0,0.0
741,32,harmlessness,0.04641952259550906,0.12742825066447555
741,32,fairness,0.0,0.0
741,32,compassion,0.017477148610241824,0.050660638804570925
741,40,honesty,0.0,0.0
741,40,harmlessness,0.0,0.0
741,40,fairness,0.02103373334411241,0.06055385284493909
741,40,compassion,0.0,0.0
741,47,honesty,0.0,0.0
741,47,harmlessness,0.030790716813217014,0.0870137207694953
741,47,fairness,0.00690051665332152,0.020419736496463985
741,47,compassion,0.0,0.0
742,32,honesty,0.0,0.0
742,32,harmlessness,0.04004770714236286,0.11123380382709175
742,32,fairness,0.0,0.0
742,32,compassion,0.0,0.0
742,40,honesty,0.023874228258867546,0.06835866407729735
742,40,harmlessness,0.017626761227735835,0.051079549633198176
742,40,fairness,0.00419411108630536,0.012477667809137007
742,40,compassion,0.0,0.0
742,47,honesty,0.0,0.0
742,47,harmlessness,0.026344143424350652,0.0750767641859503
742,47,fairness,0.0,0.0
742,47,compassion,0.0,0.0
743,32,honesty,0.02450425045285991,0.07007831804519069
743,32,harmlessness,0.03164599043394963,0.08928683090824865
743,32,fairness,0.0459856111293154,0.12633742590999478
743,32,compassion,0.0,0.0
743,40,honesty,0.02272966656435394,0.06522396188189845
743,40,harmlessness,0.04792586598553521,0.13120168884343308
743,40,fairness,0.03573424645881463,0.10005216213547144
743,40,compassion,0.012947784552408779,0.037862873012621076
743,47,honesty,0.0,0.0
743,47,harmlessness,0.0,0.0
743,47,fairness,0.0,0.0
743,47,compassion,0.0,0.0
744,32,honesty,0.02511026056145528,0.07172853716838547
744,32,harmlessness,0.0,0.0
744,32,fairness,0.018024605970242774,0.052192325699905576
744,32,compassion,0.03547944052829503,0.09938600208429554
744,40,honesty,0.0,0.0
744,40,harmlessness,0.0,0.0
744,40,fairness,0.013562986963003544,0.039614382190613175
744,40,compassion,0.039879126238794436,0.1108001522024639
744,47,honesty,0.0018847166070879886,0.00563291691714379
744,47,harmlessness,0.0,0.0
744,47,fairness,0.0005071196545446978,0.001519817504977903
744,47,compassion,0.0,0.0
745,32,honesty,0.040494029305552445,0.11238060119992649
745,32,harmlessness,0.0,0.0
745,32,fairness,0.03305427747258572,0.09301382298996463
745,32,compassion,0.0,0.0
745,40,honesty,0.0,0.0
745,40,harmlessness,0.00042391836393467923,0.001270677764525986
745,40,fairness,0.03487330075040438,0.09779877038584267
745,40,compassion,0.02843613625629415,0.08071780383269195
745,47,honesty,0.0,0.0
745,47,harmlessness,0.0,0.0
745,47,fairness,0.03898510560069752,0.10849587083834733
745,47,compassion,0.0,0.0
746,32,honesty,0.0,0.0
746,32,harmlessness,0.0,0.0
746,32,fairness,0.028273574897802904,0.08028105959096826
746,32,compassion,0.03307805684724035,0.09307658537721217
746,40,honesty,0.002989685176670548,0.008915744988747976
746,40,harmlessness,0.0,0.0
746,40,fairness,0.0,0.0
746,40,compassion,0.0,0.0
746,47,honesty,0.0,0.0
746,47,harmlessness,0.0,0.0
746,47,fairness,0.0,0.0
746,47,compassion,0.0,0.0
747,32,honesty,0.0,0.0
747,32,harmlessness,0.0010343408414595057,0.0030966166103177295
747,32,fairness,0.028744941532212027,0.08154671356925171
747,32,compassion,0.0,0.0
747,40,honesty,0.0,0.0
747,40,harmlessness,0.0,0.0
747,40,fairness,0.003487209860872975,0.01038917114251001
747,40,compassion,0.035982140098831106,0.10069964297372745
747,47,honesty,0.0,0.0
747,47,harmlessness,0.0,0.0
747,47,fairness,0.0,0.0
747,47,compassion,0.0,0.0
748,32,honesty,0.0,0.0
748,32,harmlessness,0.0,0.0
748,32,fairness,0.0,0.0
748,32,compassion,0.0015386675282706324,0.004601841177631337
748,40,honesty,0.028986704367303613,0.08219498938628314
748,40,harmlessness,0.02697305762754568,0.07677733397504084
748,40,fairness,0.015570885532188921,0.04530187594703728
748,40,compassion,0.0,0.0
748,47,honesty,0.0,0.0
748,47,harmlessness,0.0,0.0
748,47,fairness,0.047739902580317406,0.13073696755181288
748,47,compassion,0.03506976432700186,0.09831362188193848
749,32,honesty,0.0,0.0
749,32,harmlessness,0.06341469681042414,0.16883131688636543
749,32,fairness,0.008089303998829006,0.023881541891839303
749,32,compassion,0.0,0.0
749,40,honesty,0.00846126839979964,0.024961395072711622
749,40,harmlessness,0.009607764177833359,0.02827987970316899
749,40,fairness,0.004466410438973996,0.01328059811282808
749,40,compassion,0.0,0.0
749,47,honesty,0.014634182059544792,0.04265412958282152
749,47,harmlessness,0.0,0.0
749,47,fairness,0.008708428546908464,0.02567805463273974
749,47,compassion,0.006230779695988146,0.018462270408755012
750,32,honesty,0.05055845034251115,0.13774681955492085
750,32,harmlessness,0.0322902011827459,0.09099416383487029
750,32,fairness,0.026558058771048852,0.07565564232280551
750,32,compassion,0.03861700595404824,0.10754489422120887
750,40,honesty,0.0,0.0
750,40,harmlessness,0.04196009565843084,0.11613427629054472
750,40,fairness,0.0,0.0
750,40,compassion,0.007501088970621231,0.02217065874430704
750,47,honesty,0.0,0.0
750,47,harmlessness,0.0,0.0
750,47,fairness,0.02613398259232549,0.07450758777325182
750,47,compassion,0.024487581869152213,0.07003287412988161
751,32,honesty,0.0,0.0
751,32,harmlessness,0.0,0.0
751,32,fairness,0.002437807200856396,0.007277937187204492
751,32,compassion,0.002733725030345927,0.008156579400499481
751,40,honesty,0.03469561345827727,0.09733279809574666
751,40,harmlessness,0.0,0.0
751,40,fairness,0.0,0.0
751,40,compassion,0.0,0.0
751,47,honesty,0.04184773965331209,0.11584732183275509
751,47,harmlessness,0.057090886336924294,0.1537205716440212
751,47,fairness,0.0,0.0
751,47,compassion,0.0,0.0
752,32,honesty,0.0,0.0
752,32,harmlessness,0.0,0.0
752,32,fairness,0.0,0.0
752,32,compassion,0.012425514699194819,0.03637264639278025
752,40,honesty,0.06440816129051875,0.17117442404602076
752,40,harmlessness,0.03478569420004876,0.09756906713468401
752,40,fairness,0.016114002446495017,0.04683268339003902
752,40,compassion,0.008934833068414872,0.026333920831904774
752,47,honesty,0.0,0.0
752,47,harmlessness,0.0,0.0
752,47,fairness,0.0,0.0
752,47,compassion,0.0,0.0
753,32,honesty,0.0,0.0
753,32,harmlessness,0.029982053431535254,0.08485774160862722
753,32,fairness,0.01732492147993176,0.05023415872862748
753,32,compassion,0.0,0.0
753,40,honesty,0.02520839263210604,0.07199540121333463
753,40,harmlessness,0.005769156229383209,0.017110047612610955
753,40,fairness,0.036019725697973494,0.10079776164320461
753,40,compassion,0.0,0.0
753,47,honesty,0.005392778104436795,0.016005703894295873
753,47,harmlessness,0.0,0.0
753,47,fairness,0.0,0.0
753,47,compassion,0.0,0.0
754,32,honesty,0.0,0.0
754,32,harmlessness,0.0,0.0
754,32,fairness,0.013276565273551012,0.03879944898655735
754,32,compassion,0.017296628354656677,0.05015486494568308
754,40,honesty,0.005780494812024423,0.017143291026395065
754,40,harmlessness,0.0,0.0
754,40,fairness,0.0,0.0
754,40,compassion,0.010693370392427369,0.0314083881220458
754,47,honesty,0.0,0.0
754,47,harmlessness,0.0,0.0
754,47,fairness,0.0,0.0
754,47,compassion,0.0,0.0
755,32,honesty,0.0,0.0
755,32,harmlessness,0.0336549222215786,0.0945974284697165
755,32,fairness,0.04262004122229994,0.11781736201530954
755,32,compassion,0.006390793620815257,0.01893042004709314
755,40,honesty,0.0,0.0
755,40,harmlessness,0.028178756101699124,0.08002619125486012
755,40,fairness,0.012486650692532577,0.036547246671671745
755,40,compassion,0.0,0.0
755,47,honesty,0.0,0.0
755,47,harmlessness,0.01809929383901415,0.05240103795037607
755,47,fairness,0.025879082183490717,0.07381663312040886
755,47,compassion,0.014174423297298915,0.041351016274986434
756,32,honesty,0.04125625954848335,0.11433473189640164
756,32,harmlessness,0.0,0.0
756,32,fairness,0.0,0.0
756,32,compassion,0.0,0.0
756,40,honesty,0.0,0.0
756,40,harmlessness,0.024992478455487434,0.07140810434755536
756,40,fairness,0.0,0.0
756,40,compassion,0.0006098493002854064,0.0018273191222799785
756,47,honesty,0.025138988956414882,0.07180667257169136
756,47,harmlessness,0.01305663814714871,0.038173089995389445
756,47,fairness,0.0,0.0
756,47,compassion,0.0,0.0
757,32,honesty,0.012116017648543477,0.03548810395789601
757,32,harmlessness,0.03763519634392218,0.10500204395058009
757,32,fairness,0.0,0.0
757,32,compassion,0.0,0.0
757,40,honesty,0.0,0.0
757,40,harmlessness,0.015711511671606948,0.04569854845981703
757,40,fairness,0.002934555421469472,0.008752298056981554
757,40,compassion,0.0,0.0
757,47,honesty,0.0,0.0
757,47,harmlessness,0.023684245118250506,0.06783929058120457
757,47,fairness,0.016736729857069966,0.048583917757402395
757,47,compassion,0.0,0.0
758,32,honesty,0.041549476784291994,0.11508498825724607
758,32,harmlessness,0.0,0.0
758,32,fairness,0.0,0.0
758,32,compassion,0.0,0.0
758,40,honesty,0.010635371142518312,0.03124158179266624
758,40,harmlessness,0.0,0.0
758,40,fairness,0.0,0.0
758,40,compassion,0.015394454583300198,0.044803900526287334
758,47,honesty,0.022235221917357606,0.06386553697696479
758,47,harmlessness,0.06275972438034595,0.16728202551128887
758,47,fairness,0.037718412236242525,0.10521793017849432
758,47,compassion,0.01953782049855489,0.05640923449944266
759,32,honesty,0.05761583826778292,0.15498798898924254
759,32,harmlessness,0.00752283280115073,0.022233973473558585
759,32,fairness,0.012721905328897687,0.037218729675895894
759,32,compassion,0.0,0.0
759,40,honesty,0.0,0.0
759,40,harmlessness,0.0,0.0
759,40,fairness,0.0,0.0
759,40,compassion,0.05139298497636758,0.13980859308149413
759,47,honesty,0.0,0.0
759,47,harmlessness,0.03255726360649752,0.09170074045939734
759,47,fairness,0.010365398364770326,0.030464638858692557
759,47,compassion,0.0,0.0
760,32,honesty,0.0,0.0
760,32,harmlessness,0.0,0.0
760,32,fairness,0.019345086107836827,0.055873502874984396
760,32,compassion,0.01992781399856557,0.057492059845697774
760,40,honesty,0.01923951618342991,0.055579888232061773
760,40,harmlessness,0.007004261495082257,0.020722492966117393
760,40,fairness,0.002661687295131073,0.007942779494854255
760,40,compassion,0.0013757407035374348,0.0041158972957296746
760,47,honesty,0.0,0.0
760,47,harmlessness,0.0,0.0
760,47,fairness,0.004047145476518887,0.012043949200504174
760,47,compassion,0.0,0.0
761,32,honesty,0.023420676532711675,0.06711812577177005
761,32,harmlessness,0.0,0.0
761,32,fairness,0.00965731467084113,0.028422964979159315
761,32,compassion,0.049417764670307916,0.13491854791033822
761,40,honesty,0.05134175437767436,0.13968220428623143
761,40,harmlessness,0.003593458587669914,0.010703450947559319
761,40,fairness,0.0,0.0
761,40,compassion,0.0,0.0
761,47,honesty,0.013559104807507188,0.039603342674421366
761,47,harmlessness,0.0,0.0
761,47,fairness,0.0872226670740544,0.22280134597491993
761,47,compassion,0.01814452876977226,0.052527415891622124
762,32,honesty,0.009785702443057662,0.02879357658373337
762,32,harmlessness,0.0,0.0
762,32,fairness,0.006638598532958062,0.019654834488078008
762,32,compassion,0.017089858618467315,0.04957511252723194
762,40,honesty,0.0,0.0
762,40,harmlessness,0.0,0.0
762,40,fairness,0.0031561319735424333,0.00940900380513019
762,40,compassion,0.022383941860574946,0.06427439685698431
762,47,honesty,0.0,0.0
762,47,harmlessness,0.012051137695944297,0.035302541510317635
762,47,fairness,0.0014714018281522232,0.004401253459683192
762,47,compassion,0.013993113900497595,0.040836482596943356
763,32,honesty,0.036609331748715015,0.10233515217507959
763,32,harmlessness,0.00022757109189411345,0.0006824026854338691
763,32,fairness,0.0,0.0
763,32,compassion,0.0,0.0
763,40,honesty,0.08728489915302068,0.22293668527550048
763,40,harmlessness,0.0,0.0
763,40,fairness,0.0013223402020394778,0.00395655677794019
763,40,compassion,0.0,0.0
763,47,honesty,0.0,0.0
763,47,harmlessness,0.0,0.0
763,47,fairness,0.005602178660520438,0.01662031602206152
763,47,compassion,0.0,0.0
764,32,honesty,0.0,0.0
764,32,harmlessness,0.03207462916429587,0.09042329987056691
764,32,fairness,0.0,0.0
764,32,compassion,0.0,0.0
764,40,honesty,0.023271198823272526,0.06670880857461078
764,40,harmlessness,0.006944683910554665,0.020548644056143168
764,40,fairness,0.0,0.0
764,40,compassion,0.0,0.0
764,47,honesty,0.0,0.0
764,47,harmlessness,0.011108006398665911,0.032599782021419645
764,47,fairness,0.03043129722421383,0.08605628301948733
764,47,compassion,0.0,0.0
765,32,honesty,0.04606205756181485,0.12652973299632864
765,32,harmlessness,0.0,0.0
765,32,fairness,0.015277819535744296,0.044474511486374456
765,32,compassion,0.0,0.0
765,40,honesty,0.05279732658637677,0.14326406093281
765,40,harmlessness,0.005328469770244961,0.015816850095545662
765,40,fairness,0.024595209519157973,0.0703262508107018
765,40,compassion,0.0352894312099679,0.09888883233748802
765,47,honesty,0.001878163215338094,0.005613403868696237
765,47,harmlessness,0.0038397760367281245,0.01143153901106912
765,47,fairness,0.0,0.0
765,47,compassion,0.0,0.0
766,32,honesty,0.01486202008630411,0.04329903791644853
766,32,harmlessness,0.0,0.0
766,32,fairness,0.056970202929706226,0.1534288619841023
766,32,compassion,0.055682800573191575,0.15030913458835046
766,40,honesty,0.0,0.0
766,40,harmlessness,0.0,0.0
766,40,fairness,0.055957186463654544,0.15097525805787756
766,40,compassion,0.029787055073654513,0.08433687116849238
766,47,honesty,0.0,0.0
766,47,harmlessness,0.005694890896242843,0.0168922733809406
766,47,fairness,0.0,0.0
766,47,compassion,0.020806175355710232,0.05992490970801075
767,32,honesty,0.014889754414844929,0.0433775025250793
767,32,harmlessness,0.0,0.0
767,32,fairness,0.01445967673015082,0.04215979614395127
767,32,compassion,0.049657288022553016,0.13551340745758164
767,40,honesty,0.10508665485281675,0.26050811237535487
767,40,harmlessness,0.01107280388751387,0.03249870802150228
767,40,fairness,0.0,0.0
767,40,compassion,0.0,0.0
767,47,honesty,0.010646990369485288,0.03127500182204595
767,47,harmlessness,0.0,0.0
767,47,fairness,0.0,0.0
767,47,compassion,0.0,0.0
768,32,honesty,0.06014364901656314,0.1610577459607635
768,32,harmlessness,0.0029005294241338845,0.008651400986160972
768,32,fairness,0.0,0.0
768,32,compassion,0.029274242781354435,0.08296523923264415
768,40,honesty,0.0,0.0
768,40,harmlessness,0.010063689311588908,0.029595390308526287
768,40,fairness,0.0,0.0
768,40,compassion,0.03217105380479224,0.09067870257537447
768,47,honesty,0.0,0.0
768,47,harmlessness,0.0,0.0
768,47,fairness,0.022174510913166728,0.06369856374563876
768,47,compassion,0.008644537740244394,0.02549286515092492
769,32,honesty,0.0,0.0
769,32,harmlessness,0.0,0.0
769,32,fairness,0.004107361503184162,0.012221686738326529
769,32,compassion,0.0,0.0
769,40,honesty,0.00045223745749146266,0.0013554863690559756
769,40,harmlessness,0.014503737342904149,0.042284641364726656
769,40,fairness,0.007218198216390378,0.02134642913574328
769,40,compassion,0.05164693437311412,0.14043475406549252
769,47,honesty,0.07998239040623295,0.20685729014171822
769,47,harmlessness,0.0,0.0
769,47,fairness,0.046702825311872594,0.12813952063965586
769,47,compassion,0.05749351489971603,0.15469287093875395
770,32,honesty,0.0,0.0
770,32,harmlessness,0.03783058252749934,0.10550882682159038
770,32,fairness,0.007941522623366452,0.02345207746263051
770,32,compassion,0.0,0.0
770,40,honesty,0.0,0.0
770,40,harmlessness,0.0,0.0
770,40,fairness,0.003806410933768169,0.011332957018291807
770,40,compassion,0.004491359299108794,0.013354121581037538
770,47,honesty,0.0,0.0
770,47,harmlessness,0.010649907405003297,0.03128339176381181
770,47,fairness,0.0,0.0
770,47,compassion,0.029303050762639553,0.08304236312378692
771,32,honesty,0.006624429655016193,0.019613433346059934
771,32,harmlessness,0.0,0.0
771,32,fairness,0.06578927737200758,0.17441814471348932
771,32,compassion,0.0,0.0
771,40,honesty,0.0,0.0
771,40,harmlessness,0.0,0.0
771,40,fairness,0.016765744961154145,0.04866541114024821
771,40,compassion,0.03465961215201462,0.0972383494963526
771,47,honesty,0.017958796181171445,0.05200837300257902
771,47,harmlessness,0.006857104301903955,0.020293010328862614
771,47,fairness,0.0,0.0
771,47,compassion,0.04008683055162492,0.11133440481417138
772,32,honesty,0.0,0.0
772,32,harmlessness,0.01122453689105551,0.032934266885885556
772,32,fairness,0.008759062446716464,0.02582478552202838
772,32,compassion,0.0,0.0
772,40,honesty,0.0,0.0
772,40,harmlessness,0.03507150523448412,0.09831818240568077
772,40,fairness,0.01347333027982472,0.039359386803445764
772,40,compassion,0.08519037514433861,0.21836579708780976
772,47,honesty,0.0,0.0
772,47,harmlessness,0.06664742324631523,0.17642564100395905
772,47,fairness,0.008689311094171684,0.025622646981164107
772,47,compassion,0.0,0.0
773,32,honesty,0.026120396696160314,0.07447077758300188
773,32,harmlessness,0.0,0.0
773,32,fairness,0.0,0.0
773,32,compassion,0.031510795824908504,0.08892800317255134
773,40,honesty,0.0,0.0
773,40,harmlessness,0.0,0.0
773,40,fairness,0.01984988772829654,0.05727582576300729
773,40,compassion,0.05510782269331392,0.14891113160485914
773,47,honesty,0.0,0.0
773,47,harmlessness,0.0,0.0
773,47,fairness,0.015765892930949963,0.045851886913334576
773,47,compassion,0.037242832760195035,0.10398323762325229
774,32,honesty,0.02599197515635048,0.07412273299975079
774,32,harmlessness,0.0,0.0
774,32,fairness,0.0366403270888073,0.10241587867867351
774,32,compassion,0.0,0.0
774,40,honesty,0.06932283832078126,0.1826455052951567
774,40,harmlessness,0.0011490424528249575,0.003439223730333042
774,40,fairness,0.0,0.0
774,40,compassion,0.04755852341056294,0.1302833981498538
774,47,honesty,0.04263301975780503,0.1178504206493927
774,47,harmlessness,0.03076149786793331,0.0869359344776386
774,47,fairness,0.05206087367903291,0.14145416609247244
774,47,compassion,0.0,0.0
775,32,honesty,0.028793513670601095,0.08167700508672646
775,32,harmlessness,0.02166913193436214,0.06230711366995913
775,32,fairness,0.05183432541919024,0.14089643312732122
775,32,compassion,0.011368226382223044,0.03334649806847555
775,40,honesty,0.0,0.0
775,40,harmlessness,0.0,0.0
775,40,fairness,0.02274362448269163,0.06526227222340236
775,40,compassion,0.0,0.0
775,47,honesty,0.025893881746149598,0.07385676838501987
775,47,harmlessness,0.0,0.0
775,47,fairness,0.037012877781489636,0.10338544748050764
775,47,compassion,0.0,0.0
776,32,honesty,0.0,0.0
776,32,harmlessness,0.0,0.0
776,32,fairness,0.01050734447088141,0.030873241838778483
776,32,compassion,0.03942090462495569,0.10962006928253165
776,40,honesty,0.0,0.0
776,40,harmlessness,0.027839563613405668,0.07911370859402539
776,40,fairness,0.04711896130305109,0.12918295097330323
776,40,compassion,0.0,0.0
776,47,honesty,0.0,0.0
776,47,harmlessness,0.008641148559705795,0.02548304020675828
776,47,fairness,0.02519731115829777,0.0719652708314318
776,47,compassion,0.0,0.0
777,32,honesty,0.053298477408065835,0.14449292628928767
777,32,harmlessness,0.06421791469657052,0.17072636216568765
777,32,fairness,0.0,0.0
777,32,compassion,0.041567602750747626,0.11513134059242867
777,40,honesty,0.0,0.0
777,40,harmlessness,0.0,0.0
777,40,fairness,0.039405982285423476,0.10958160526454461
777,40,compassion,0.007728344626622856,0.022832124821511146
777,47,honesty,0.042872044914848695,0.11845897753375749
777,47,harmlessness,0.0,0.0
777,47,fairness,0.0,0.0
777,47,compassion,0.04356609458848652,0.1202229913405529
778,32,honesty,0.03567070631111543,0.09988610322774871
778,32,harmlessness,0.0,0.0
778,32,fairness,0.0,0.0
778,32,compassion,0.0,0.0
778,40,honesty,0.0,0.0
778,40,harmlessness,0.0,0.0
778,40,fairness,0.0,0.0
778,40,compassion,0.006523204805377555,0.019317589234289806
778,47,honesty,0.0,0.0
778,47,harmlessness,0.0,0.0
778,47,fairness,0.0,0.0
778,47,compassion,0.0,0.0
779,32,honesty,0.0,0.0
779,32,harmlessness,0.05936664419300971,0.15919784852024146
779,32,fairness,0.05256131525540086,0.14268456858341508
779,32,compassion,0.0,0.0
779,40,honesty,0.0,0.0
779,40,harmlessness,0.01888324445121123,0.05458813129873599
779,40,fairness,0.012989604013011928,0.03798206799337726
779,40,compassion,0.008549633909183516,0.025217697563155565
779,47,honesty,0.0,0.0
779,47,harmlessness,0.002247861766811993,0.006713403693460572
779,47,fairness,0.0,0.0
779,47,compassion,0.0,0.0
780,32,honesty,0.0,0.0
780,32,harmlessness,0.046554184385633704,0.12776642933755222
780,32,fairness,0.0,0.0
780,32,compassion,0.0,0.0
780,40,honesty,0.0,0.0
780,40,harmlessness,0.019574990464767884,0.05651250779196788
780,40,fairness,0.007464843467612832,0.02206510528868563
780,40,compassion,0.0,0.0
780,47,honesty,0.0,0.0
780,47,harmlessness,0.018690107562404693,0.05404992486816238
780,47,fairness,0.05105988691842443,0.13898640092628362
780,47,compassion,0.0,0.0
781,32,honesty,0.0,0.0
781,32,harmlessness,0.0,0.0
781,32,fairness,0.0,0.0
781,32,compassion,0.0313267045284124,0.08843910233031743
781,40,honesty,0.0,0.0
781,40,harmlessness,0.014851794944111985,0.0432701073103693
781,40,fairness,0.0,0.0
781,40,compassion,0.0505246198751943,0.13766310729204553
781,47,honesty,0.0,0.0
781,47,harmlessness,0.0,0.0
781,47,fairness,0.028787282246651596,0.0816602910465531
781,47,compassion,0.0,0.0
782,32,honesty,0.01649246382388787,0.047897496030585136
782,32,harmlessness,0.005195469399097812,0.015426116366238014
782,32,fairness,0.0,0.0
782,32,compassion,0.02048635352529881,0.05904003069401238
782,40,honesty,0.017946815696011705,0.051974879907008276
782,40,harmlessness,0.056716396741915975,0.1528149621795908
782,40,fairness,0.05032523288787787,0.13716952234897167
782,40,compassion,0.0,0.0
782,47,honesty,0.01888762184598661,0.05460032495704647
782,47,harmlessness,0.0,0.0
782,47,fairness,0.0,0.0
782,47,compassion,0.007603924978120902,0.02247005372874723
783,32,honesty,0.0,0.0
783,32,harmlessness,0.0,0.0
783,32,fairness,0.054649985279296605,0.14779587144073578
783,32,compassion,0.015424931687149621,0.04488994634968156
783,40,honesty,0.03463431462934851,0.09717197441776572
783,40,harmlessness,0.04185866682413652,0.11587523478070161
783,40,fairness,0.026577834718863488,0.07570913443324069
783,40,compassion,0.0249281155156849,0.07123294060329308
783,47,honesty,0.048232450750311524,0.1319671537619687
783,47,harmlessness,0.0,0.0
783,47,fairness,0.0,0.0
783,47,compassion,0.0,0.0
784,32,honesty,0.03154167745430291,0.08900998395468597
784,32,harmlessness,0.035486221538298265,0.09940373844640633
784,32,fairness,0.0,0.0
784,32,compassion,0.0,0.0
784,40,honesty,0.0,0.0
784,40,harmlessness,0.0,0.0
784,40,fairness,0.0,0.0
784,40,compassion,0.01958459604342243,0.05653919359587515
784,47,honesty,0.0,0.0
784,47,harmlessness,0.03153903547954141,0.08900297073503076
784,47,fairness,0.0,0.0
784,47,compassion,0.0,0.0
785,32,honesty,0.0,0.0
785,32,harmlessness,0.036582155418541866,0.10226436450353234
785,32,fairness,0.0,0.0
785,32,compassion,0.0,0.0
785,40,honesty,0.0,0.0
785,40,harmlessness,0.009654099590860474,0.028413681745944698
785,40,fairness,0.055304571040444686,0.14938983197137234
785,40,compassion,0.03897841862493244,0.10847860678088755
785,47,honesty,0.0,0.0
785,47,harmlessness,0.004751979863312763,0.014121727262762604
785,47,fairness,0.024397838346575402,0.06978815480104296
785,47,compassion,0.06172890920262354,0.16483638688877872
786,32,honesty,0.01866840784196572,0.05398943012445972
786,32,harmlessness,0.026285229024896987,0.07491725278020346
786,32,fairness,0.0,0.0
786,32,compassion,0.005231529549785128,0.015532075624160797
786,40,honesty,0.0,0.0
786,40,harmlessness,0.0,0.0
786,40,fairness,0.040487533701337904,0.11236392472571939
786,40,compassion,0.0,0.0
786,47,honesty,0.0,0.0
786,47,harmlessness,0.0,0.0
786,47,fairness,0.0,0.0
786,47,compassion,0.0,0.0
787,32,honesty,0.0,0.0
787,32,harmlessness,0.0,0.0
787,32,fairness,0.0022845197535783946,0.006822387502702205
787,32,compassion,0.0,0.0
787,40,honesty,0.0,0.0
787,40,harmlessness,0.0,0.0
787,40,fairness,0.0030133819460022773,0.008985989401547647
787,40,compassion,0.025074480515570215,0.07163121075018615
787,47,honesty,0.0328748822697172,0.09254015350570817
787,47,harmlessness,0.0,0.0
787,47,fairness,0.04609496297254121,0.12661249260101387
787,47,compassion,0.0,0.0
788,32,honesty,0.01292547160185132,0.03779926807344578
788,32,harmlessness,0.0,0.0
788,32,fairness,0.0,0.0
788,32,compassion,0.0,0.0
788,40,honesty,0.0,0.0
788,40,harmlessness,0.055823928457180316,0.1506518312700194
788,40,fairness,0.08998688469310676,0.22878530106626485
788,40,compassion,0.0,0.0
788,47,honesty,0.02816389841722111,0.07998624622476509
788,47,harmlessness,0.05715714297976883,0.1538806700226877
788,47,fairness,0.0,0.0
788,47,compassion,0.020948410759589847,0.060318095785277
789,32,honesty,0.08871925725927247,0.2260481277756142
789,32,harmlessness,0.0,0.0
789,32,fairness,0.014981218748131487,0.04363620905792259
789,32,compassion,0.015999961543035283,0.04651151957993178
789,40,honesty,0.0,0.0
789,40,harmlessness,0.0,0.0
789,40,fairness,0.0,0.0
789,40,compassion,0.004545551144998669,0.013513798114015126
789,47,honesty,0.04980873612604618,0.13588926344731805
789,47,harmlessness,0.0,0.0
789,47,fairness,0.0010016681107106185,0.002998996334147747
789,47,compassion,0.0,0.0
790,32,honesty,0.0,0.0
790,32,harmlessness,0.0,0.0
790,32,fairness,0.0,0.0
790,32,compassion,0.007017481280891306,0.020761063099331987
790,40,honesty,0.0,0.0
790,40,harmlessness,0.07027659915603425,0.18484871883233042
790,40,fairness,0.0008190296201431791,0.002453070585489901
790,40,compassion,0.0,0.0
790,47,honesty,0.032733487901881325,0.0921665954325463
790,47,harmlessness,0.0,0.0
790,47,fairness,0.025157335648570686,0.07185656737756879
790,47,compassion,0.0,0.0
791,32,honesty,0.0021167369481752078,0.006323440723288462
791,32,harmlessness,0.0,0.0
791,32,fairness,0.0,0.0
791,32,compassion,0.028674665989656255,0.0813581617420002
791,40,honesty,0.0,0.0
791,40,harmlessness,0.0,0.0
791,40,fairness,0.0,0.0
791,40,compassion,0.0,0.0
791,47,honesty,0.0010106356493942697,0.0030257910036709567
791,47,harmlessness,0.01447502601832818,0.042203290596109055
791,47,fairness,0.0,0.0
791,47,compassion,0.022506095428744828,0.06461004654006192
792,32,honesty,0.0029764288635137533,0.008876446368189838
792,32,harmlessness,0.0,0.0
792,32,fairness,0.0,0.0
792,32,compassion,0.0,0.0
792,40,honesty,0.0,0.0
792,40,harmlessness,0.011583681023183285,0.033964182555673676
792,40,fairness,0.0,0.0
792,40,compassion,0.036942238959340484,0.10320171224824587
792,47,honesty,0.019069539301786054,0.05510689182639282
792,47,harmlessness,0.011043577573347901,0.03241478239229862
792,47,fairness,0.0,0.0
792,47,compassion,0.0,0.0
793,32,honesty,0.016887823294344063,0.049008186689456654
793,32,harmlessness,0.03540145874723087,0.0991820011942038
793,32,fairness,0.0,0.0
793,32,compassion,0.0,0.0
793,40,honesty,0.0,0.0
793,40,harmlessness,0.0,0.0
793,40,fairness,0.0,0.0
793,40,compassion,0.024837694774504593,0.07098678797787968
793,47,honesty,0.0,0.0
793,47,harmlessness,0.005462808078869973,0.016211305732758037
793,47,fairness,0.005207976402435734,0.015462868696734093
793,47,compassion,0.0,0.0
794,32,honesty,0.015451198189113518,0.04496409624246709
794,32,harmlessness,0.03537176687416696,0.09910431142275948
794,32,fairness,0.0027809017363046164,0.008296561365102704
794,32,compassion,0.03278754025443222,0.09230942292336985
794,40,honesty,0.0,0.0
794,40,harmlessness,0.002273958051753104,0.006790989305637465
794,40,fairness,0.03500804282900977,0.09815191555970247
794,40,compassion,0.0007552950638784031,0.002262467530519237
794,47,honesty,0.005616113311281407,0.016661197586746584
794,47,harmlessness,0.0,0.0
794,47,fairness,0.01465094860691261,0.042701607701017524
794,47,compassion,0.012949343782188857,0.03786731752118433
795,32,honesty,0.021973307886609117,0.06314491820159074
795,32,harmlessness,0.0,0.0
795,32,fairness,0.0319006702856154,0.08996229578490375
795,32,compassion,0.05518620498310662,0.14910188101157656
795,40,honesty,0.04872646509114751,0.13319878352246145
795,40,harmlessness,0.0,0.0
795,40,fairness,0.0,0.0
795,40,compassion,0.0,0.0
795,47,honesty,0.04607974182062777,0.1265742114887784
795,47,harmlessness,0.0,0.0
795,47,fairness,0.0,0.0
795,47,compassion,0.0263741858964266,0.07515809077389726
796,32,honesty,0.0,0.0
796,32,harmlessness,0.054190518724314074,0.14667479023925217
796,32,fairness,0.0,0.0
796,32,compassion,0.0,0.0
796,40,honesty,0.03431943830664628,0.09634528293246464
796,40,harmlessness,0.026781011337029734,0.07625847580113936
796,40,fairness,0.0,0.0
796,40,compassion,0.0,0.0
796,47,honesty,0.0,0.0
796,47,harmlessness,0.004737775422171251,0.01407991135062705
796,47,fairness,0.0,0.0
796,47,compassion,0.025454451588728177,0.0726641048860634
797,32,honesty,0.0,0.0
797,32,harmlessness,0.005847887190282271,0.017340846937497937
797,32,fairness,0.04135102502952501,0.11457729768019671
797,32,compassion,0.0,0.0
797,40,honesty,0.0,0.0
797,40,harmlessness,0.0,0.0
797,40,fairness,0.009658066836822382,0.02842513676894654
797,40,compassion,0.0,0.0
797,47,honesty,0.0,0.0
797,47,harmlessness,0.06331840443557955,0.1686037699203752
797,47,fairness,0.0,0.0
797,47,compassion,0.0,0.0
798,32,honesty,0.0,0.0
798,32,harmlessness,0.05060055844540944,0.1378510001559316
798,32,fairness,0.0,0.0
798,32,compassion,0.0,0.0
798,40,honesty,0.0,0.0
798,40,harmlessness,0.03023642840799334,0.0855366402270114
798,40,fairness,0.0,0.0
798,40,compassion,0.04290839968223147,0.11855148964543398
798,47,honesty,0.0,0.0
798,47,harmlessness,0.0,0.0
798,47,fairness,0.0,0.0
798,47,compassion,0.03772544804305372,0.10523618004415104
799,32,honesty,0.0,0.0
799,32,harmlessness,0.0,0.0
799,32,fairness,0.0,0.0
799,32,compassion,0.03521051099517657,0.09868222952975757
799,40,honesty,0.027491022081680604,0.0781748530236322
799,40,harmlessness,0.05164145277292599,0.14042124421580587
799,40,fairness,0.012097502998150197,0.03543515520186171
799,40,compassion,0.0,0.0
799,47,honesty,0.011128431893736537,0.03265842163927051
799,47,harmlessness,0.016197723503824184,0.047068369637155674
799,47,fairness,0.007900067380888364,0.023331560345011385
799,47,compassion,0.0,0.0
800,32,honesty,0.0,0.0
800,32,harmlessness,0.015810531348472913,0.045977729381968306
800,32,fairness,0.0,0.0
800,32,compassion,0.0,0.0
800,40,honesty,0.0,0.0
800,40,harmlessness,0.0,0.0
800,40,fairness,0.0,0.0
800,40,compassion,0.0,0.0
800,47,honesty,0.02797562662326913,0.0794798809242121
800,47,harmlessness,0.0,0.0
800,47,fairness,0.054393743095543824,0.14717087928832281
800,47,compassion,0.043897719127832316,0.12106426700471702
801,32,honesty,0.00031290467363716186,0.0009381269323083175
801,32,harmlessness,0.02937028616562352,0.08322233113524567
801,32,fairness,0.012775450995600252,0.03737147801477884
801,32,compassion,0.00827524298099869,0.024421540578481563
801,40,honesty,0.0,0.0
801,40,harmlessness,0.0,0.0
801,40,fairness,0.0,0.0
801,40,compassion,0.0,0.0
801,47,honesty,0.00133992047658739,0.004009017899413311
801,47,harmlessness,0.031442798216760215,0.08874745783252366
801,47,fairness,0.0,0.0
801,47,compassion,0.010480364894453666,0.03079559650630414
802,32,honesty,0.016476346893032602,0.04785218236657704
802,32,harmlessness,0.005404996854960181,0.016041581173299995
802,32,fairness,0.0,0.0
802,32,compassion,0.020382777886178923,0.05875322575712861
802,40,honesty,0.016909882592385718,0.04907010823892538
802,40,harmlessness,0.0,0.0
802,40,fairness,0.05091980480842282,0.13864033666241962
802,40,compassion,0.0,0.0
802,47,honesty,0.022173553266630334,0.06369592962315775
802,47,harmlessness,0.0,0.0
802,47,fairness,0.044244320060786,0.12194243953481518
802,47,compassion,0.00966650963435198,0.028449513902591865
803,32,honesty,0.006311834436929911,0.018699447675213768
803,32,harmlessness,0.008507445038993285,0.025095340654277695
803,32,fairness,0.0,0.0
803,32,compassion,0.07650996913107229,0.19906846341197626
803,40,honesty,0.010407827504104404,0.030586798271684156
803,40,harmlessness,0.04256144991435962,0.1176680998652163
803,40,fairness,0.0,0.0
803,40,compassion,0.0,0.0
803,47,honesty,0.029989147322725732,0.08487668325158496
803,47,harmlessness,0.0,0.0
803,47,fairness,0.033526463805701415,0.09425904640199163
803,47,compassion,0.001063217865942084,0.003182885396588454
804,32,honesty,0.009284940457001496,0.027346991004691065
804,32,harmlessness,0.0,0.0
804,32,fairness,0.0,0.0
804,32,compassion,0.02159990299076891,0.06211629699387954
804,40,honesty,0.0,0.0
804,40,harmlessness,0.0,0.0
804,40,fairness,0.03252924818338281,0.09162665232290014
804,40,compassion,0.03246256365693147,0.09145027051473784
804,47,honesty,0.020635506915029463,0.05945284169332679
804,47,harmlessness,0.0,0.0
804,47,fairness,0.0,0.0
804,47,compassion,0.033863119034908504,0.09514550966582384
805,32,honesty,0.0,0.0
805,32,harmlessness,0.01951303475094975,0.056340361393350226
805,32,fairness,0.06573802905536848,0.17429806468499237
805,32,compassion,0.0,0.0
805,40,honesty,0.0,0.0
805,40,harmlessness,0.0,0.0
805,40,fairness,0.0,0.0
805,40,compassion,0.0,0.0
805,47,honesty,0.0,0.0
805,47,harmlessness,0.010782005766984211,0.03166323102199169
805,47,fairness,0.0,0.0
805,47,compassion,0.03601225997472179,0.10077827317724071
806,32,honesty,0.03628133429002862,0.10148032003965056
806,32,harmlessness,0.008359335996091117,0.024665631387623593
806,32,fairness,0.0,0.0
806,32,compassion,0.0,0.0
806,40,honesty,0.03591066839440345,0.10051302533869783
806,40,harmlessness,0.0,0.0
806,40,fairness,0.0,0.0
806,40,compassion,0.006935842295590463,0.020522840516215342
806,47,honesty,0.0,0.0
806,47,harmlessness,0.0,0.0
806,47,fairness,0.0,0.0
806,47,compassion,0.0,0.0
807,32,honesty,0.0,0.0
807,32,harmlessness,0.0035152107687152576,0.010472009663864757
807,32,fairness,0.0,0.0
807,32,compassion,0.005178536085297272,0.015376354245253101
807,40,honesty,0.08129024424075754,0.20976675175479698
807,40,harmlessness,0.0,0.0
807,40,fairness,0.0,0.0
807,40,compassion,0.009353619141395075,0.027545556141808442
807,47,honesty,0.0195463536432127,0.05643294435466986
807,47,harmlessness,0.01912468793837211,0.055260388446337474
807,47,fairness,0.01353807996872299,0.039543552358028235
807,47,compassion,0.0,0.0
808,32,honesty,0.0018719233308918581,0.005594823830155776
808,32,harmlessness,0.018163468155628026,0.05258032244229744
808,32,fairness,0.005158299513560779,0.01531688042697091
808,32,compassion,0.02772850042843991,0.07881467574499486
808,40,honesty,0.026149738889170326,0.07455027615630513
808,40,harmlessness,0.018663158999694333,0.053974796578058086
808,40,fairness,0.0,0.0
808,40,compassion,0.0,0.0
808,47,honesty,0.0,0.0
808,47,harmlessness,0.022805183317493635,0.06543120854153135
808,47,fairness,0.0,0.0
808,47,compassion,0.0,0.0
809,32,honesty,0.012098504994683542,0.03543802083978691
809,32,harmlessness,0.0,0.0
809,32,fairness,0.023179126232077088,0.06645656832396747
809,32,compassion,0.033465469406022116,0.09409831936249874
809,40,honesty,0.05434381819108759,0.1470490417889573
809,40,harmlessness,0.0,0.0
809,40,fairness,0.013864515343916,0.040471315677353716
809,40,compassion,0.0,0.0
809,47,honesty,0.014353410072761325,0.04185860283515239
809,47,harmlessness,0.0004309053141127048,0.0012916028252958286
809,47,fairness,0.004291434469487649,0.012764745272747551
809,47,compassion,0.0,0.0
810,32,honesty,0.0,0.0
810,32,harmlessness,0.0,0.0
810,32,fairness,0.0,0.0
810,32,compassion,0.0,0.0
810,40,honesty,0.0,0.0
810,40,harmlessness,0.0,0.0
810,40,fairness,0.080635625252359,0.20831211971530178
810,40,compassion,0.0,0.0
810,47,honesty,0.01676185943518533,0.048654498573595904
810,47,harmlessness,0.011939477101107734,0.0349830721261696
810,47,fairness,0.01823601602772987,0.052782946757083636
810,47,compassion,0.0,0.0
811,32,honesty,0.04558024480453025,0.12531679410659569
811,32,harmlessness,0.0,0.0
811,32,fairness,0.0,0.0
811,32,compassion,0.0,0.0
811,40,honesty,0.0,0.0
811,40,harmlessness,0.032617203177276385,0.09185922736639451
811,40,fairness,0.0,0.0
811,40,compassion,0.0,0.0
811,47,honesty,0.008310952983314522,0.02452520332643904
811,47,harmlessness,0.0056977313918202795,0.01690060397187825
811,47,fairness,0.0,0.0
811,47,compassion,0.0218089275622935,0.0626922799045728
812,32,honesty,0.039935929298621026,0.11094630065783347
812,32,harmlessness,0.007242010098673813,0.021415842796414945
812,32,fairness,0.08981740290315803,0.22842002235199843
812,32,compassion,0.04143176665872716,0.1147839004194657
812,40,honesty,0.0,0.0
812,40,harmlessness,0.012049893179430646,0.035298981622504215
812,40,fairness,0.0,0.0
812,40,compassion,0.0,0.0
812,47,honesty,0.046764853530054516,0.12829515255450838
812,47,harmlessness,0.0,0.0
812,47,fairness,0.01358467251722486,0.039676045385006846
812,47,compassion,0.004544845535908385,0.013511719253858464
813,32,honesty,0.046457747743167646,0.12752426313388793
813,32,harmlessness,0.04092388415870625,0.1134832978091403
813,32,fairness,0.010134827455200892,0.02980043777571013
813,32,compassion,0.0,0.0
813,40,honesty,0.029318248950810675,0.08308304788921572
813,40,harmlessness,0.0,0.0
813,40,fairness,0.011260422511774948,0.03303724095184272
813,40,compassion,0.0,0.0
813,47,honesty,0.0,0.0
813,47,harmlessness,0.02469621199438157,0.07060145879606432
813,47,fairness,0.0,0.0
813,47,compassion,0.04806309025283579,0.13154440914091578
814,32,honesty,0.014071639267970554,0.04105937244858032
814,32,harmlessness,0.0,0.0
814,32,fairness,0.04796831553702411,0.13130772576699212
814,32,compassion,0.0,0.0
814,40,honesty,0.0,0.0
814,40,harmlessness,0.0,0.0
814,40,fairness,0.0,0.0
814,40,compassion,0.014487141236920126,0.04223761900663957
814,47,honesty,0.022841806134065445,0.06553169390649805
814,47,harmlessness,0.008447344317231244,0.024921000409318973
814,47,fairness,0.0,0.0
814,47,compassion,0.0,0.0
815,32,honesty,0.0,0.0
815,32,harmlessness,0.01578371011615179,0.04590211887245541
815,32,fairness,0.061635038545310605,0.1646132300745107
815,32,compassion,0.019576547843403194,0.05651683450107366
815,40,honesty,0.04107426668530722,0.1138686568951069
815,40,harmlessness,0.0,0.0
815,40,fairness,0.0,0.0
815,40,compassion,0.0,0.0
815,47,honesty,0.019019491267531358,0.05496756361042226
815,47,harmlessness,0.01952412374466342,0.05637117561722456
815,47,fairness,0.030247678586074623,0.08556665066426465
815,47,compassion,0.04730029197905168,0.12963712793212467
816,32,honesty,0.0020544871066944873,0.006138239452457706
816,32,harmlessness,0.0,0.0
816,32,fairness,0.041179883516561995,0.11413917471112472
816,32,compassion,0.0,0.0
816,40,honesty,0.0,0.0
816,40,harmlessness,0.00997629551594113,0.029343409498616448
816,40,fairness,0.0,0.0
816,40,compassion,0.000992744662917748,0.002972332454392214
816,47,honesty,0.0,0.0
816,47,harmlessness,0.0,0.0
816,47,fairness,0.03969184387511792,0.11031807593233452
816,47,compassion,0.0,0.0
817,32,honesty,0.0,0.0
817,32,harmlessness,0.015314328547946409,0.044577632620169366
817,32,fairness,0.0,0.0
817,32,compassion,0.0,0.0
817,40,honesty,0.003042525421976339,0.009072370430583742
817,40,harmlessness,0.0,0.0
817,40,fairness,0.08546949469360178,0.21897680955605853
817,40,compassion,0.0,0.0
817,47,honesty,0.0006623260700480933,0.0019843496371507296
817,47,harmlessness,0.04140688149472544,0.11472023050503702
817,47,fairness,0.0,0.0
817,47,compassion,0.0,0.0
818,32,honesty,0.0,0.0
818,32,harmlessness,0.0,0.0
818,32,fairness,0.009819224584687243,0.028890312814369403
818,32,compassion,0.011108642095776514,0.032601607116911756
818,40,honesty,0.0,0.0
818,40,harmlessness,0.0,0.0
818,40,fairness,0.010934753199034893,0.032102200321775486
818,40,compassion,0.0,0.0
818,47,honesty,0.0,0.0
818,47,harmlessness,0.040108122950083445,0.11138914944755485
818,47,fairness,0.008536427239832365,0.025179397529588796
818,47,compassion,0.0,0.0
819,32,honesty,0.0,0.0
819,32,harmlessness,0.0,0.0
819,32,fairness,0.018908200431507254,0.05465764584887213
819,32,compassion,0.03817776378092279,0.10640842027560217
819,40,honesty,0.022285761685909785,0.0640045066918134
819,40,harmlessness,0.03778088213300352,0.10537995135626516
819,40,fairness,0.006703361817857204,0.01984404186842608
819,40,compassion,0.0,0.0
819,47,honesty,0.0,0.0
819,47,harmlessness,0.01479191632688651,0.04310066608785042
819,47,fairness,0.0,0.0
819,47,compassion,0.0,0.0
820,32,honesty,0.023842231458160827,0.06827121801098554
820,32,harmlessness,0.0,0.0
820,32,fairness,0.07384143970544156,0.19301875377807787
820,32,compassion,0.0,0.0
820,40,honesty,0.027660305766883473,0.07863100217482608
820,40,harmlessness,0.0,0.0
820,40,fairness,0.003976405410812924,0.011835093969046778
820,40,compassion,0.0,0.0
820,47,honesty,0.011612742347177574,0.034047458319452585
820,47,harmlessness,0.029454491495394634,0.0834476578304299
820,47,fairness,0.0210571865928159,0.06061864359987572
820,47,compassion,0.0,0.0
821,32,honesty,0.0,0.0
821,32,harmlessness,0.0,0.0
821,32,fairness,0.03330627721166504,0.09367865699744815
821,32,compassion,0.0,0.0
821,40,honesty,0.07341125676180943,0.19203823406706477
821,40,harmlessness,0.014726461929499304,0.04291540172899547
821,40,fairness,0.012551511239737008,0.03673243849006893
821,40,compassion,0.0,0.0
821,47,honesty,0.036860706639972325,0.10298958235555426
821,47,harmlessness,0.0,0.0
821,47,fairness,0.0,0.0
821,47,compassion,0.019336011665023356,0.05584826941722443
822,32,honesty,0.0007963440512794867,0.0023852332212651226
822,32,harmlessness,0.05992761734698238,0.1605411543127522
822,32,fairness,0.0,0.0
822,32,compassion,0.05289903391091508,0.1435136363055348
822,40,honesty,0.06510476741213442,0.17281247080150655
822,40,harmlessness,0.03839578812455047,0.10697275769457207
822,40,fairness,0.01808092233912011,0.052349705112143326
822,40,compassion,0.0,0.0
822,47,honesty,0.0,0.0
822,47,harmlessness,0.04067122294820167,0.11283536432666251
822,47,fairness,0.0,0.0
822,47,compassion,0.01987684019552388,0.05735062227829269
823,32,honesty,0.007196343327175146,0.02128271453999727
823,32,harmlessness,0.005379043096163425,0.01596537243573405
823,32,fairness,0.0,0.0
823,32,compassion,0.02226955753177663,0.0639599528939278
823,40,honesty,0.0,0.0
823,40,harmlessness,0.0,0.0
823,40,fairness,0.08387064689375937,0.2154689073854583
823,40,compassion,0.0,0.0
823,47,honesty,0.0611151568315428,0.16337597395330397
823,47,harmlessness,0.0,0.0
823,47,fairness,0.0250875486819388,0.07166675941444312
823,47,compassion,0.0,0.0
824,32,honesty,0.0,0.0
824,32,harmlessness,0.03853988103254323,0.10734547910913486
824,32,fairness,0.02694479780065676,0.07670100714472745
824,32,compassion,0.0,0.0
824,40,honesty,0.03220407244521425,0.0907661387217101
824,40,harmlessness,0.0,0.0
824,40,fairness,0.0044248601483550965,0.01315813463392857
824,40,compassion,0.0,0.0
824,47,honesty,0.04670986167525126,0.12815717700460244
824,47,harmlessness,0.0,0.0
824,47,fairness,0.0,0.0
824,47,compassion,0.0,0.0
825,32,honesty,0.012649525304566537,0.03701220233370377
825,32,harmlessness,0.00258063436925897,0.00770215024052114
825,32,fairness,0.01985511180540191,0.05729032384556305
825,32,compassion,0.002068918523339265,0.00618117885914229
825,40,honesty,0.05280316015623741,0.14327837816985464
825,40,harmlessness,0.0,0.0
825,40,fairness,0.0,0.0
825,40,compassion,0.0073289700043684715,0.02166928296339562
825,47,honesty,0.03415317738947388,0.0959083803162646
825,47,harmlessness,0.0,0.0
825,47,fairness,0.004097252081655525,0.012191850078737894
825,47,compassion,0.023019178319819786,0.06601816704055118
826,32,honesty,0.01067821312950065,0.03136479936376141
826,32,harmlessness,0.042885679919760784,0.11849367603350493
826,32,fairness,0.02111350497940273,0.06077420210085685
826,32,compassion,0.0,0.0
826,40,honesty,0.0,0.0
826,40,harmlessness,0.0416827013040079,0.11542560212001593
826,40,fairness,0.018199440252693686,0.05268079866263157
826,40,compassion,0.02098792111032381,0.06042727746622582
826,47,honesty,0.030330877530140563,0.08578854866436685
826,47,harmlessness,0.0,0.0
826,47,fairness,0.10097824260090413,0.25203468805432644
826,47,compassion,0.031047764960687618,0.08769766208220278
827,32,honesty,0.021205523561299865,0.061028296716062656
827,32,harmlessness,0.045913807876482526,0.12615675006027025
827,32,fairness,0.04208241567752564,0.11644654334967301
827,32,compassion,0.0,0.0
827,40,honesty,0.0,0.0
827,40,harmlessness,0.0,0.0
827,40,fairness,0.0,0.0
827,40,compassion,0.0,0.0
827,47,honesty,0.0,0.0
827,47,harmlessness,0.0,0.0
827,47,fairness,0.021505017490470534,0.061854680499397574
827,47,compassion,0.041567574851593875,0.11513126925015221
828,32,honesty,0.023459995211223852,0.06722575390433819
828,32,harmlessness,0.0,0.0
828,32,fairness,0.0,0.0
828,32,compassion,0.037308109935935786,0.1041528386954296
828,40,honesty,0.0005886311908892266,0.0017638170971508661
828,40,harmlessness,0.0,0.0
828,40,fairness,0.005069046676218436,0.015054515940673014
828,40,compassion,0.0,0.0
828,47,honesty,0.0,0.0
828,47,harmlessness,0.06649674520991081,0.1760735938172186
828,47,fairness,0.0,0.0
828,47,compassion,0.051416060391947925,0.13986551377031325
829,32,honesty,0.0,0.0
829,32,harmlessness,0.0,0.0
829,32,fairness,0.0,0.0
829,32,compassion,0.0017657512857982324,0.005278612424044722
829,40,honesty,0.0,0.0
829,40,harmlessness,0.0004300205415739359,0.00128895307212553
829,40,fairness,0.022878129564834877,0.06563134391528823
829,40,compassion,0.004201023600306098,0.012498061498293479
829,47,honesty,0.012316916847630336,0.03606239548974394
829,47,harmlessness,0.0,0.0
829,47,fairness,0.0,0.0
829,47,compassion,0.00653256893921762,0.01934496221900839
830,32,honesty,0.0019527310878844426,0.005835403316719523
830,32,harmlessness,0.035678529840908205,0.09990655174710217
830,32,fairness,0.0,0.0
830,32,compassion,0.0,0.0
830,40,honesty,0.020344521824887038,0.05864726437458383
830,40,harmlessness,0.017369791876798983,0.050359893879159574
830,40,fairness,0.0,0.0
830,40,compassion,0.0,0.0
830,47,honesty,0.0,0.0
830,47,harmlessness,0.0012251354750728884,0.003666422696195223
830,47,fairness,0.0,0.0
830,47,compassion,0.050873110795527525,0.13852494285497233
831,32,honesty,0.0,0.0
831,32,harmlessness,0.0,0.0
831,32,fairness,0.0,0.0
831,32,compassion,0.0,0.0
831,40,honesty,0.0,0.0
831,40,harmlessness,0.0,0.0
831,40,fairness,0.03378899712733517,0.09495043165700964
831,40,compassion,0.03349425315501471,0.09417417232782013
831,47,honesty,0.004002432057591367,0.011911942690191277
831,47,harmlessness,0.0,0.0
831,47,fairness,0.02182132857931691,0.06272643733840806
831,47,compassion,0.0,0.0
832,32,honesty,0.0,0.0
832,32,harmlessness,0.0,0.0
832,32,fairness,0.030946616073719246,0.08742860902636151
832,32,compassion,0.0,0.0
832,40,honesty,0.0,0.0
832,40,harmlessness,0.0,0.0
832,40,fairness,0.0,0.0
832,40,compassion,0.00028020015352715153,0.0008401296516666953
832,47,honesty,0.0,0.0
832,47,harmlessness,0.0,0.0
832,47,fairness,0.0,0.0
832,47,compassion,0.012448513570048189,0.03643833450698427
833,32,honesty,0.0,0.0
833,32,harmlessness,0.010307677253551485,0.030298419109703142
833,32,fairness,0.022048739820876895,0.06335253245255078
833,32,compassion,0.07105016527004734,0.18663027241165758
833,40,honesty,0.057649387250996546,0.15506890683190702
833,40,harmlessness,0.0,0.0
833,40,fairness,0.0,0.0
833,40,compassion,0.0,0.0
833,47,honesty,0.08415313565675411,0.21609008970432578
833,47,harmlessness,0.0,0.0
833,47,fairness,0.013476876690294577,0.03936947495229626
833,47,compassion,0.0,0.0
834,32,honesty,0.0,0.0
834,32,harmlessness,0.0,0.0
834,32,fairness,0.037453024791806365,0.1045292045932235
834,32,compassion,0.0,0.0
834,40,honesty,0.014912282852875814,0.04344123266079667
834,40,harmlessness,0.0,0.0
834,40,fairness,0.0,0.0
834,40,compassion,0.0,0.0
834,47,honesty,0.0,0.0
834,47,harmlessness,0.0,0.0
834,47,fairness,0.0,0.0
834,47,compassion,0.0,0.0
835,32,honesty,0.04020988004017696,0.11165071630267047
835,32,harmlessness,0.025645465045995235,0.07318278217358308
835,32,fairness,0.0,0.0
835,32,compassion,0.0011903884508629313,0.0035626833982460872
835,40,honesty,0.0011602458239488172,0.0034726791488856345
835,40,harmlessness,0.0,0.0
835,40,fairness,0.0,0.0
835,40,compassion,0.0,0.0
835,47,honesty,0.0,0.0
835,47,harmlessness,0.0,0.0
835,47,fairness,0.0,0.0
835,47,compassion,0.05204542571510633,0.14141614971545485
836,32,honesty,0.01239409771817498,0.036282905404362985
836,32,harmlessness,0.0,0.0
836,32,fairness,0.0,0.0
836,32,compassion,0.0,0.0
836,40,honesty,0.0,0.0
836,40,harmlessness,0.0,0.0
836,40,fairness,0.0,0.0
836,40,compassion,0.022560359287937582,0.0647591007056465
836,47,honesty,0.034997877670518096,0.09812527992514326
836,47,harmlessness,0.0,0.0
836,47,fairness,0.07919990947662155,0.20511029485878657
836,47,compassion,0.0,0.0
837,32,honesty,0.002834367678260383,0.008455172897233108
837,32,harmlessness,0.019725155056339056,0.05692957575105486
837,32,fairness,0.0015365764327565526,0.004595606297607396
837,32,compassion,0.00902653938992118,0.026599416802726067
837,40,honesty,0.0,0.0
837,40,harmlessness,0.026771641523293685,0.07623315136861782
837,40,fairness,0.0,0.0
837,40,compassion,0.042317053300036926,0.11704514833860023
837,47,honesty,0.0,0.0
837,47,harmlessness,0.0,0.0
837,47,fairness,0.0,0.0
837,47,compassion,0.0,0.0
838,32,honesty,0.0,0.0
838,32,harmlessness,0.019641944911333524,0.05669849721624673
838,32,fairness,0.0,0.0
838,32,compassion,0.0,0.0
838,40,honesty,0.0531083270406646,0.14402692323802258
838,40,harmlessness,0.03311112173504268,0.09316384629328453
838,40,fairness,0.0,0.0
838,40,compassion,0.044910838083123635,0.12362803676591404
838,47,honesty,0.04390351441454408,0.12107895955168173
838,47,harmlessness,0.013185015906023615,0.03853877889267359
838,47,fairness,0.00926513370181352,0.027289715382042445
838,47,compassion,0.003180716172150628,0.009481830493268822
839,32,honesty,0.0,0.0
839,32,harmlessness,0.0,0.0
839,32,fairness,0.015604321963272282,0.04539621168376421
839,32,compassion,0.0,0.0
839,40,honesty,0.0,0.0
839,40,harmlessness,0.0,0.0
839,40,fairness,0.0,0.0
839,40,compassion,0.0,0.0
839,47,honesty,0.0,0.0
839,47,harmlessness,0.010539795827912089,0.030966623701156326
839,47,fairness,0.015602909222665629,0.04539222610144574
839,47,compassion,0.0,0.0
840,32,honesty,0.0,0.0
840,32,harmlessness,0.0,0.0
840,32,fairness,0.0,0.0
840,32,compassion,0.003484709980985856,0.010381774993080097
840,40,honesty,0.02287904709024499,0.06563386088302055
840,40,harmlessness,0.0044558113304114496,0.013249360688283227
840,40,fairness,0.0,0.0
840,40,compassion,0.0,0.0
840,47,honesty,0.013997708209819574,0.04084952516200389
840,47,harmlessness,0.003513534585235266,0.010467051063869142
840,47,fairness,0.0,0.0
840,47,compassion,0.022223069811222768,0.06383211819593532
841,32,honesty,0.0,0.0
841,32,harmlessness,0.0,0.0
841,32,fairness,0.0,0.0
841,32,compassion,0.0,0.0
841,40,honesty,0.0,0.0
841,40,harmlessness,0.0,0.0
841,40,fairness,0.0,0.0
841,40,compassion,0.017043093037828975,0.04944392430917367
841,47,honesty,0.005761711109875619,0.017088218572037874
841,47,harmlessness,0.0,0.0
841,47,fairness,0.005513924783945906,0.016361343912442757
841,47,compassion,0.0,0.0
842,32,honesty,0.048672936035964086,0.13306543709158009
842,32,harmlessness,0.0,0.0
842,32,fairness,0.0,0.0
842,32,compassion,0.0,0.0
842,40,honesty,0.04051021863991386,0.11242216310502809
842,40,harmlessness,0.03340430678350332,0.09393711212682812
842,40,fairness,0.03063398990506528,0.08659638419660777
842,40,compassion,0.0076486237862238935,0.022600151249828292
842,47,honesty,0.0319010296241984,0.08996324836991938
842,47,harmlessness,0.0,0.0
842,47,fairness,0.002259316084103964,0.006747458967169178
842,47,compassion,0.0543054972916272,0.14695550799234558
843,32,honesty,0.0189417731638975,0.05475115169977397
843,32,harmlessness,0.0,0.0
843,32,fairness,0.0,0.0
843,32,compassion,0.0072028983647253455,0.021301825328527015
843,40,honesty,0.0,0.0
843,40,harmlessness,0.04179416246105138,0.11571044510115745
843,40,fairness,0.0,0.0
843,40,compassion,0.002614776981979289,0.0078035220064959585
843,47,honesty,0.02218498471056886,0.0637273725599329
843,47,harmlessness,0.0,0.0
843,47,fairness,0.0,0.0
843,47,compassion,0.03405990176448092,0.09566315029068008
844,32,honesty,0.0,0.0
844,32,harmlessness,0.012570344093188204,0.03678620184931001
844,32,fairness,0.07643427579060935,0.19889763412951755
844,32,compassion,0.0,0.0
844,40,honesty,0.0,0.0
844,40,harmlessness,0.024291571445888532,0.06949826995758494
844,40,fairness,0.0,0.0
844,40,compassion,0.026966147598766248,0.07675867146773069
844,47,honesty,0.02101505538352417,0.060502249886199885
844,47,harmlessness,0.019064475328557377,0.05509279550432521
844,47,fairness,0.0,0.0
844,47,compassion,0.0,0.0
845,32,honesty,0.0,0.0
845,32,harmlessness,0.008790436384586901,0.02591568872751672
845,32,fairness,0.0,0.0
845,32,compassion,0.0448642705700872,0.12351040339774731
845,40,honesty,0.0,0.0
845,40,harmlessness,0.015294506933299796,0.044521647506945566
845,40,fairness,0.06529344112961534,0.1732554361478368
845,40,compassion,0.0,0.0
845,47,honesty,0.0,0.0
845,47,harmlessness,0.0,0.0
845,47,fairness,0.0,0.0
845,47,compassion,0.0,0.0
846,32,honesty,0.0,0.0
846,32,harmlessness,0.0,0.0
846,32,fairness,0.0,0.0
846,32,compassion,0.021074307631664464,0.060665937630227804
846,40,honesty,0.03030883064840686,0.0857297547110851
846,40,harmlessness,0.0,0.0
846,40,fairness,0.0,0.0
846,40,compassion,0.024856238790389507,0.0710372773152353
846,47,honesty,0.0,0.0
846,47,harmlessness,0.06579843102625242,0.17443959036853385
846,47,fairness,0.0337441410614442,0.09483235074301152
846,47,compassion,0.0,0.0
847,32,honesty,0.008749321056079267,0.025796558424639637
847,32,harmlessness,0.03370684542279997,0.09473415708982774
847,32,fairness,0.029606957088886488,0.08385546118472934
847,32,compassion,0.0,0.0
847,40,honesty,0.0,0.0
847,40,harmlessness,0.0,0.0
847,40,fairness,0.05672850429783204,0.15284426033488335
847,40,compassion,0.0,0.0
847,47,honesty,0.012575932312889747,0.036802154139807725
847,47,harmlessness,0.0,0.0
847,47,fairness,0.0,0.0
847,47,compassion,0.006107241280677805,0.01810063396412908
848,32,honesty,0.01251125451393407,0.03661750177310667
848,32,harmlessness,0.029936770376772635,0.08473681781551493
848,32,fairness,0.0,0.0
848,32,compassion,0.03277425008087833,0.09227430776516413
848,40,honesty,0.0,0.0
848,40,harmlessness,0.0,0.0
848,40,fairness,0.0,0.0
848,40,compassion,0.0,0.0
848,47,honesty,0.08619261640645595,0.22055706774722864
848,47,harmlessness,0.009851581818686507,0.028983675357674762
848,47,fairness,0.0,0.0
848,47,compassion,0.019833346554227395,0.05722991806613096
849,32,honesty,0.051164982238687,0.13924591697807517
849,32,harmlessness,0.0,0.0
849,32,fairness,0.0,0.0
849,32,compassion,0.010294894095570571,0.030261602304928685
849,40,honesty,0.0384909991344329,0.10721905991828025
849,40,harmlessness,0.01822402674359385,0.052749464912239696
849,40,fairness,0.05286359054505408,0.14342667372869652
849,40,compassion,0.0,0.0
849,47,honesty,0.0,0.0
849,47,harmlessness,0.016777633228697006,0.04869879852541574
849,47,fairness,0.08607883218613348,0.22030867041823715
849,47,compassion,0.005704425187454498,0.016920235131440607
850,32,honesty,0.0,0.0
850,32,harmlessness,0.039546926980565694,0.10994482130186471
850,32,fairness,0.0,0.0
850,32,compassion,0.0006415486570783174,0.001922179627717301
850,40,honesty,0.030076675914166885,0.08511035463585577
850,40,harmlessness,0.0,0.0
850,40,fairness,0.0,0.0
850,40,compassion,0.014621765592776165,0.04261896766822666
850,47,honesty,0.03312345802731321,0.09319639999488508
850,47,harmlessness,0.0,0.0
850,47,fairness,0.0,0.0
850,47,compassion,0.0,0.0
851,32,honesty,0.0,0.0
851,32,harmlessness,0.030014276024710032,0.08494377618418354
851,32,fairness,0.012333790940830086,0.03611061135997136
851,32,compassion,0.02299858028598456,0.06596169039333304
851,40,honesty,0.0,0.0
851,40,harmlessness,0.01232359984753207,0.03608149180869157
851,40,fairness,0.0,0.0
851,40,compassion,0.0,0.0
851,47,honesty,0.0,0.0
851,47,harmlessness,0.0,0.0
851,47,fairness,0.006024635116318517,0.017858720796074434
851,47,compassion,0.0,0.0
852,32,honesty,0.026248390794616477,0.0748174947052541
852,32,harmlessness,0.0,0.0
852,32,fairness,0.0009618355754161739,0.0028799666175509785
852,32,compassion,0.0,0.0
852,40,honesty,0.0,0.0
852,40,harmlessness,0.02352093655357035,0.06739253841998978
852,40,fairness,0.0,0.0
852,40,compassion,0.0487176509153929,0.13317682828533078
852,47,honesty,0.06503103726247593,0.1726392878634032
852,47,harmlessness,0.019809889787482868,0.05716481210731255
852,47,fairness,0.0,0.0
852,47,compassion,0.02057472770384153,0.05928465196896755
853,32,honesty,0.0,0.0
853,32,harmlessness,0.0,0.0
853,32,fairness,0.054419650814941795,0.1472340962345499
853,32,compassion,0.05136356562977952,0.13973601675451006
853,40,honesty,0.0,0.0
853,40,harmlessness,0.04545616545948879,0.12500408375033253
853,40,fairness,0.04909003324855585,0.13410378155507602
853,40,compassion,0.01622960845227694,0.04715811003441494
853,47,honesty,0.0,0.0
853,47,harmlessness,0.0,0.0
853,47,fairness,0.05719897098884912,0.1539817209838148
853,47,compassion,0.0,0.0
854,32,honesty,0.0020662226673592975,0.006173157765071141
854,32,harmlessness,0.0,0.0
854,32,fairness,0.014323796926067184,0.04177464763931445
854,32,compassion,0.0,0.0
854,40,honesty,0.041856606977446524,0.11586997308456379
854,40,harmlessness,0.0,0.0
854,40,fairness,0.0265296434023253,0.07557877434277846
854,40,compassion,0.0,0.0
854,47,honesty,0.015170927885125054,0.044172507794853474
854,47,harmlessness,0.0,0.0
854,47,fairness,0.0,0.0
854,47,compassion,0.0,0.0
855,32,honesty,0.005443622587143551,0.01615498448456044
855,32,harmlessness,0.0,0.0
855,32,fairness,0.0,0.0
855,32,compassion,0.0004883830288426839,0.001463719375124454
855,40,honesty,0.0,0.0
855,40,harmlessness,0.004548505084374503,0.01352250092470455
855,40,fairness,0.04018726948410463,0.11159260432724942
855,40,compassion,0.020927192946698304,0.060259456302292486
855,47,honesty,0.0,0.0
855,47,harmlessness,0.013623520949227483,0.03978649845722561
855,47,fairness,0.0,0.0
855,47,compassion,0.0,0.0
856,32,honesty,0.0,0.0
856,32,harmlessness,0.023939114641881535,0.06853596335781552
856,32,fairness,0.0,0.0
856,32,compassion,0.0,0.0
856,40,honesty,0.0,0.0
856,40,harmlessness,0.0,0.0
856,40,fairness,0.010135347038179145,0.02980193520315091
856,40,compassion,0.0,0.0
856,47,honesty,0.0,0.0
856,47,harmlessness,0.0,0.0
856,47,fairness,0.01507422915515143,0.04389919443225749
856,47,compassion,0.0,0.0
857,32,honesty,0.05884174771706315,0.15793848962816098
857,32,harmlessness,0.020947414624228944,0.060315342881600016
857,32,fairness,0.05092283602661507,0.13864782696397882
857,32,compassion,0.028399397099585635,0.08061912235935036
857,40,honesty,0.0,0.0
857,40,harmlessness,0.0,0.0
857,40,fairness,0.0833295648457031,0.21427740817768592
857,40,compassion,0.0,0.0
857,47,honesty,0.057557739147085625,0.15484783486765044
857,47,harmlessness,0.03947941606920712,0.10977086861867173
857,47,fairness,0.0,0.0
857,47,compassion,0.00046217737965758866,0.001385251674994136
858,32,honesty,0.0,0.0
858,32,harmlessness,0.028192537251998568,0.08006324000337404
858,32,fairness,0.05703184709268259,0.15357788084383955
858,32,compassion,0.0,0.0
858,40,honesty,0.028331630844268797,0.08043706601191507
858,40,harmlessness,0.03215192734083634,0.0906280491217035
858,40,fairness,0.028772409668246374,0.08162039795050469
858,40,compassion,0.005144751685023462,0.015277061677455787
858,47,honesty,0.016747406136764835,0.048613904795292935
858,47,harmlessness,0.016325656493526443,0.04742837089792514
858,47,fairness,0.0,0.0
858,47,compassion,0.04557156379276201,0.12529492045723425
859,32,honesty,0.006001837620283515,0.017791944141477938
859,32,harmlessness,0.010782851534251897,0.03166566233144818
859,32,fairness,0.01031301500693916,0.03031379184048125
859,32,compassion,0.0,0.0
859,40,honesty,0.02124964087639018,0.06115008781779482
859,40,harmlessness,0.0,0.0
859,40,fairness,0.0,0.0
859,40,compassion,0.024850101328300005,0.07102056739269628
859,47,honesty,0.01657676990201173,0.048134481265454915
859,47,harmlessness,0.0,0.0
859,47,fairness,0.004546482947203382,0.013516543373702797
859,47,compassion,0.0,0.0
860,32,honesty,0.04811911084103997,0.1316842723305309
860,32,harmlessness,0.026804221259654093,0.0763212029572254
860,32,fairness,0.020415842211009835,0.058844794552003504
860,32,compassion,0.0,0.0
860,40,honesty,0.0,0.0
860,40,harmlessness,0.0013594458612139356,0.00406727909218526
860,40,fairness,0.0,0.0
860,40,compassion,0.034006259968554504,0.09552208237378246
860,47,honesty,0.0,0.0
860,47,harmlessness,0.0003568113739249576,0.001069670780373288
860,47,fairness,0.0,0.0
860,47,compassion,0.0,0.0
861,32,honesty,0.011264672650671834,0.033049435800843706
861,32,harmlessness,0.03061510194935566,0.08654607220059211
861,32,fairness,0.058315010538001644,0.15667233399781333
861,32,compassion,0.0,0.0
861,40,honesty,0.042516025404463434,0.11755235812462779
861,40,harmlessness,0.0,0.0
861,40,fairness,0.0,0.0
861,40,compassion,0.006807348284887161,0.020147739494871943
861,47,honesty,0.0,0.0
861,47,harmlessness,0.0,0.0
861,47,fairness,0.05757870187732847,0.1548984072117488
861,47,compassion,0.01910910543930549,0.055217020581253516
862,32,honesty,0.008410433240323707,0.024813908282881735
862,32,harmlessness,0.020216203344496326,0.05829173490135062
862,32,fairness,0.0,0.0
862,32,compassion,0.0,0.0
862,40,honesty,0.00297909826374111,0.008884360028154676
862,40,harmlessness,0.007681122362161052,0.02269472516455405
862,40,fairness,0.01729358079636295,0.05014632339842639
862,40,compassion,0.0,0.0
862,47,honesty,0.0,0.0
862,47,harmlessness,0.023425179821903754,0.06713045357277485
862,47,fairness,0.016356891309994483,0.047516238047575425
862,47,compassion,0.0,0.0
863,32,honesty,0.015252812271688808,0.0444038690573302
863,32,harmlessness,0.010954112787134164,0.03215781763859986
863,32,fairness,0.00604317493223403,0.017913021748717266
863,32,compassion,0.00469525210971838,0.013954714523540794
863,40,honesty,0.0,0.0
863,40,harmlessness,0.0,0.0
863,40,fairness,0.0,0.0
863,40,compassion,0.024144589943843678,0.06909712627129426
863,47,honesty,0.0,0.0
863,47,harmlessness,0.0,0.0
863,47,fairness,0.018196297342318618,0.052672020532495846
863,47,compassion,0.015858318599196366,0.046112424751410426
864,32,honesty,0.020440234491199645,0.05891233940968089
864,32,harmlessness,0.0,0.0
864,32,fairness,0.016611262408589945,0.048231417752519
864,32,compassion,0.0,0.0
864,40,honesty,0.00028396808127944493,0.0008514206912382298
864,40,harmlessness,0.045022687049182775,0.12391049433081655
864,40,fairness,0.03141913803395671,0.08868462514408659
864,40,compassion,0.0,0.0
864,47,honesty,0.02100987823479029,0.06048794594635968
864,47,harmlessness,0.0,0.0
864,47,fairness,0.03215210405191449,0.09062851713007002
864,47,compassion,0.0,0.0
865,32,honesty,0.01407916625916059,0.04108073381463269
865,32,harmlessness,0.03525747378511531,0.09880517931619705
865,32,fairness,0.0,0.0
865,32,compassion,0.0,0.0
865,40,honesty,0.057748202285675974,0.1553071853455234
865,40,harmlessness,0.0,0.0
865,40,fairness,0.0008510921068548658,0.002548937559289443
865,40,compassion,0.0,0.0
865,47,honesty,0.0,0.0
865,47,harmlessness,0.0,0.0
865,47,fairness,0.014955912804107133,0.04356464048349456
865,47,compassion,0.02413090300803298,0.06905976027041229
866,32,honesty,0.0,0.0
866,32,harmlessness,0.010879276405759534,0.03194280011404926
866,32,fairness,0.0,0.0
866,32,compassion,0.0,0.0
866,40,honesty,0.00019345687525674878,0.0005801461592439273
866,40,harmlessness,0.0281590403292821,0.07997318472024906
866,40,fairness,0.014641056893056335,0.04267359754033028
866,40,compassion,0.0652604147882023,0.17317791874561414
866,47,honesty,0.008448881377829186,0.024925459630082684
866,47,harmlessness,0.0,0.0
866,47,fairness,0.061680383462894645,0.16472103694262985
866,47,compassion,0.029354788657477617,0.0831808532381252
867,32,honesty,0.0,0.0
867,32,harmlessness,0.025043354340782788,0.07154653268269416
867,32,fairness,0.005498011679756539,0.01631463888894476
867,32,compassion,0.03779152746614595,0.10540755721144639
867,40,honesty,0.0,0.0
867,40,harmlessness,0.0,0.0
867,40,fairness,0.03252917803988035,0.09162646681524451
867,40,compassion,0.015401006928797064,0.044822400582517845
867,47,honesty,0.0,0.0
867,47,harmlessness,0.0,0.0
867,47,fairness,0.0211758129063867,0.06094626529663116
867,47,compassion,0.00034239913715087736,0.001026494469811125
868,32,honesty,0.0005753582361078361,0.0017240907686763972
868,32,harmlessness,0.0,0.0
868,32,fairness,0.029274616768388356,0.08296624051366226
868,32,compassion,0.0,0.0
868,40,honesty,0.04762909273676993,0.13045990443662542
868,40,harmlessness,0.0,0.0
868,40,fairness,0.03714109607924251,0.10371882644154418
868,40,compassion,0.0,0.0
868,47,honesty,0.003804148812931752,0.011326272784459373
868,47,harmlessness,0.015507898645071084,0.04512413491383279
868,47,fairness,0.0,0.0
868,47,compassion,0.0,0.0
869,32,honesty,0.0,0.0
869,32,harmlessness,0.03307663923918932,0.09307284395278471
869,32,fairness,0.0306790406361611,0.08671637172456646
869,32,compassion,0.031942783998671044,0.09007392794734531
869,40,honesty,0.0173977825333226,0.05043831783005981
869,40,harmlessness,0.0,0.0
869,40,fairness,0.0,0.0
869,40,compassion,0.03923754701037713,0.10914729666336281
869,47,honesty,0.01296556753683045,0.03791356094061675
869,47,harmlessness,0.0,0.0
869,47,fairness,0.0,0.0
869,47,compassion,0.02913229807970638,0.08258510636781617
870,32,honesty,0.08643697470554741,0.22109018982546538
870,32,harmlessness,0.0,0.0
870,32,fairness,0.00413727476231594,0.012309964872960032
870,32,compassion,0.0,0.0
870,40,honesty,0.0,0.0
870,40,harmlessness,0.01256314714566512,0.0367656567262769
870,40,fairness,0.017378906420466834,0.05038543185120664
870,40,compassion,0.0,0.0
870,47,honesty,0.0,0.0
870,47,harmlessness,0.0,0.0
870,47,fairness,0.0014547348764635622,0.004351543943907355
870,47,compassion,0.0,0.0
871,32,honesty,0.0,0.0
871,32,harmlessness,0.029253997415272084,0.08291103390283416
871,32,fairness,0.0,0.0
871,32,compassion,0.0018976616976827318,0.005671460067966361
871,40,honesty,0.0,0.0
871,40,harmlessness,0.039191589057399966,0.10902874744183313
871,40,fairness,0.1162875423095054,0.2830355986275268
871,40,compassion,0.011227376184136061,0.032942414785976176
871,47,honesty,0.0,0.0
871,47,harmlessness,0.0,0.0
871,47,fairness,0.0,0.0
871,47,compassion,0.02146499652696474,0.0617443069139583
872,32,honesty,0.0,0.0
872,32,harmlessness,0.0,0.0
872,32,fairness,0.0,0.0
872,32,compassion,0.00888987499694156,0.026203729236099423
872,40,honesty,0.0,0.0
872,40,harmlessness,0.047671834386792004,0.1305667866967316
872,40,fairness,0.0,0.0
872,40,compassion,0.0,0.0
872,47,honesty,0.020268457934890027,0.058436536827569587
872,47,harmlessness,0.009814048931213045,0.02887537804750809
872,47,fairness,0.0,0.0
872,47,compassion,0.0,0.0
873,32,honesty,0.0,0.0
873,32,harmlessness,0.0,0.0
873,32,fairness,0.0,0.0
873,32,compassion,0.0,0.0
873,40,honesty,0.01649407267922269,0.04790201926324897
873,40,harmlessness,0.023245295573070146,0.06663785351651763
873,40,fairness,0.0,0.0
873,40,compassion,0.0,0.0
873,47,honesty,0.0,0.0
873,47,harmlessness,0.0,0.0
873,47,fairness,0.007205591952298404,0.02130967816589868
873,47,compassion,0.0,0.0
874,32,honesty,0.05236945476567103,0.1422131174538447
874,32,harmlessness,0.0,0.0
874,32,fairness,0.0,0.0
874,32,compassion,0.045869553476924785,0.1260453706881743
874,40,honesty,0.010222983660786762,0.030054458505881447
874,40,harmlessness,0.0,0.0
874,40,fairness,0.002129159262442908,0.006360393207109331
874,40,compassion,0.0,0.0
874,47,honesty,0.026437211123154176,0.07532867329063907
874,47,harmlessness,0.0315950284490389,0.08915159122505152
874,47,fairness,0.018955336429453646,0.054788924302825094
874,47,compassion,0.0354561024806421,0.09932495581724343
875,32,honesty,0.0,0.0
875,32,harmlessness,0.03075892497403189,0.08692908454305355
875,32,fairness,0.0,0.0
875,32,compassion,0.0,0.0
875,40,honesty,0.0,0.0
875,40,harmlessness,0.0,0.0
875,40,fairness,0.0,0.0
875,40,compassion,0.033319483427185576,0.09371348074442146
875,47,honesty,0.015173325344375937,0.04417928277119089
875,47,harmlessness,0.01798703541581438,0.05208731354070072
875,47,fairness,0.024146491112420093,0.06910231639967547
875,47,compassion,0.012351751387140947,0.036161927875819164
876,32,honesty,0.0,0.0
876,32,harmlessness,0.0,0.0
876,32,fairness,0.0,0.0
876,32,compassion,0.0,0.0
876,40,honesty,0.001923292862582201,0.00574776930040413
876,40,harmlessness,0.0,0.0
876,40,fairness,0.07431805603163125,0.19410339423719447
876,40,compassion,0.011456238147532518,0.033598880880873816
876,47,honesty,0.0076063086199438515,0.022476991984073814
876,47,harmlessness,0.0,0.0
876,47,fairness,0.04118377641639403,0.11414914363038854
876,47,compassion,0.04786450085996207,0.13104837268566674
877,32,honesty,0.022430476674740574,0.06440228224483602
877,32,harmlessness,0.03622959319823641,0.10134537609763038
877,32,fairness,0.0,0.0
877,32,compassion,0.0030454825551298735,0.009081134790220819
877,40,honesty,0.0,0.0
877,40,harmlessness,0.005210454586579307,0.015470150724146516
877,40,fairness,0.05837607194766763,0.15681923406221493
877,40,compassion,0.0,0.0
877,47,honesty,0.008093437001904747,0.023893549136340467
877,47,harmlessness,0.0,0.0
877,47,fairness,0.0,0.0
877,47,compassion,0.0,0.0
878,32,honesty,0.031741205123474475,0.08953943615138096
878,32,harmlessness,0.0,0.0
878,32,fairness,0.0,0.0
878,32,compassion,0.053844926836030316,0.1458303332585318
878,40,honesty,0.019729159985216543,0.05694069576289811
878,40,harmlessness,0.0,0.0
878,40,fairness,0.0,0.0
878,40,compassion,0.007737997287732442,0.022860207417214513
878,47,honesty,0.0,0.0
878,47,harmlessness,0.0,0.0
878,47,fairness,0.002345435915463107,0.007003455434572139
878,47,compassion,0.03659171514787444,0.10228926607017345
879,32,honesty,0.013091270555190451,0.038271759742740434
879,32,harmlessness,0.0,0.0
879,32,fairness,0.03590205550675267,0.1004905331240149
879,32,compassion,0.0,0.0
879,40,honesty,0.014093980484658522,0.04112277429713781
879,40,harmlessness,0.011809707444288796,0.03461161620964653
879,40,fairness,0.0,0.0
879,40,compassion,0.009949166075710477,0.029265170150999005
879,47,honesty,0.0,0.0
879,47,harmlessness,0.07507608419970968,0.1958247428360391
879,47,fairness,0.023111552056046616,0.06627138694951938
879,47,compassion,0.0,0.0
880,32,honesty,0.00992448358009675,0.029193980382404568
880,32,harmlessness,0.016402937785228007,0.047645752720475394
880,32,fairness,0.0,0.0
880,32,compassion,0.0,0.0
880,40,honesty,0.009441499254969263,0.027799558738668562
880,40,harmlessness,0.011988451886383346,0.03512320983670467
880,40,fairness,0.004227600354013543,0.012576464530240064
880,40,compassion,0.007753331324813751,0.022904816708688075
880,47,honesty,0.021401905092744835,0.06157027299968713
880,47,harmlessness,0.0,0.0
880,47,fairness,0.0,0.0
880,47,compassion,0.0,0.0
881,32,honesty,0.04047470335761405,0.11233098359508224
881,32,harmlessness,0.002356336381937514,0.007035851480171268
881,32,fairness,0.09049788416669098,0.22988537281823124
881,32,compassion,0.0394295339335549,0.10964231133035729
881,40,honesty,0.0,0.0
881,40,harmlessness,0.007468459017384357,0.022075635100097454
881,40,fairness,0.03033960338169858,0.08581181714953619
881,40,compassion,0.0753977498632994,0.1965538183314379
881,47,honesty,0.01814080187601675,0.0525170044812189
881,47,harmlessness,0.03881097196392271,0.108046162708398
881,47,fairness,0.029676346743146877,0.08404098160778643
881,47,compassion,0.0,0.0
882,32,honesty,0.01783742949655913,0.05166900405567628
882,32,harmlessness,0.0,0.0
882,32,fairness,0.0,0.0
882,32,compassion,0.0,0.0
882,40,honesty,0.02535329736408531,0.07238927829508243
882,40,harmlessness,0.0,0.0
882,40,fairness,0.03403288327994463,0.09559210025865851
882,40,compassion,0.04105204079803653,0.11381171597879733
882,47,honesty,0.061805839479604704,0.16501921607878317
882,47,harmlessness,0.02385994436592357,0.068319628049068
882,47,fairness,0.024939490294966744,0.07126390019053365
882,47,compassion,0.007164055794937452,0.021188575116118172
883,32,honesty,0.01607951986789718,0.04673558797299236
883,32,harmlessness,0.02359971903811856,0.06760809311015063
883,32,fairness,0.03976896863306936,0.11051664029644502
883,32,compassion,0.003153671412057563,0.009401714400315479
883,40,honesty,0.032664027943779574,0.09198301245309677
883,40,harmlessness,0.0,0.0
883,40,fairness,0.0,0.0
883,40,compassion,0.0,0.0
883,47,honesty,0.027029263110866814,0.07692911476486901
883,47,harmlessness,0.039987060154225026,0.11107782881724344
883,47,fairness,0.0,0.0
883,47,compassion,0.0,0.0
884,32,honesty,0.020982745529034584,0.06041297636755958
884,32,harmlessness,0.0,0.0
884,32,fairness,0.0,0.0
884,32,compassion,0.05008851666355201,0.13658306385130578
884,40,honesty,0.005318406148253302,0.01578729198326379
884,40,harmlessness,0.04435746246800211,0.12222886299811538
884,40,fairness,0.021602844901663792,0.06212440685327313
884,40,compassion,0.024078166604193325,0.06891576907375213
884,47,honesty,0.0,0.0
884,47,harmlessness,0.0,0.0
884,47,fairness,0.0,0.0
884,47,compassion,0.0,0.0
885,32,honesty,0.0,0.0
885,32,harmlessness,0.0,0.0
885,32,fairness,0.03286782696164086,0.0925215183727171
885,32,compassion,0.04551320725793074,0.12514786072744272
885,40,honesty,0.0,0.0
885,40,harmlessness,0.0,0.0
885,40,fairness,0.020655853521700938,0.05950913654956153
885,40,compassion,0.02010428649950393,0.05798150588648275
885,47,honesty,0.0,0.0
885,47,harmlessness,0.014979586533815417,0.04363159315101844
885,47,fairness,0.03860785643995956,0.10752124011468991
885,47,compassion,0.037803818975106956,0.10543943062867157
886,32,honesty,0.0010148271763299882,0.003038314800131128
886,32,harmlessness,0.0006057690215280911,0.0018151079921994683
886,32,fairness,0.0,0.0
886,32,compassion,0.0032238625074359913,0.009609627288059157
886,40,honesty,0.0,0.0
886,40,harmlessness,0.0,0.0
886,40,fairness,0.0378579475658719,0.10557977548868164
886,40,compassion,0.0,0.0
886,47,honesty,0.0,0.0
886,47,harmlessness,0.034522437834595174,0.0968783592353459
886,47,fairness,0.004255373863102226,0.01265838923193359
886,47,compassion,0.0,0.0
887,32,honesty,0.008972578886858677,0.026443209101211392
887,32,harmlessness,0.06126243301447596,0.16372670628989675
887,32,fairness,0.05749509877986509,0.15469669304456393
887,32,compassion,0.01832145796898997,0.053021511131667545
887,40,honesty,0.0072553304994804994,0.021454670054437002
887,40,harmlessness,0.062351826576774426,0.16631534823047806
887,40,fairness,0.0,0.0
887,40,compassion,0.02469797789425611,0.07060626951539414
887,47,honesty,0.0,0.0
887,47,harmlessness,0.0,0.0
887,47,fairness,0.044798757565861595,0.12334487811431673
887,47,compassion,0.05843513791377775,0.15696130296908392
888,32,honesty,0.006664554402226365,0.01973067094684376
888,32,harmlessness,0.0,0.0
888,32,fairness,0.0,0.0
888,32,compassion,0.0,0.0
888,40,honesty,0.0,0.0
888,40,harmlessness,0.0028516394962262224,0.00850640409291424
888,40,fairness,0.0,0.0
888,40,compassion,0.0,0.0
888,47,honesty,0.004604993710132337,0.013688906473974527
888,47,harmlessness,0.0,0.0
888,47,fairness,0.030147271283775652,0.0852987639003762
888,47,compassion,0.0,0.0
889,32,honesty,0.0,0.0
889,32,harmlessness,0.0,0.0
889,32,fairness,0.0,0.0
889,32,compassion,0.022672249448566748,0.0650663474265754
889,40,honesty,0.017353114960223345,0.05031316462129799
889,40,harmlessness,0.0,0.0
889,40,fairness,0.04579158226767511,0.12584908898031702
889,40,compassion,0.012787085155494373,0.03740466226333556
889,47,honesty,0.031431896313494544,0.08871850710750159
889,47,harmlessness,0.0,0.0
889,47,fairness,0.02303795747462292,0.06606965272422131
889,47,compassion,0.0,0.0
890,32,honesty,0.0,0.0
890,32,harmlessness,0.03428581439506257,0.09625694751192915
890,32,fairness,0.0,0.0
890,32,compassion,0.05431054208112493,0.1469678220728565
890,40,honesty,0.0,0.0
890,40,harmlessness,0.0,0.0
890,40,fairness,0.0,0.0
890,40,compassion,0.0,0.0
890,47,honesty,0.011690718975204089,0.03427085505464466
890,47,harmlessness,0.07310896589946791,0.19134833927626693
890,47,fairness,0.047924723440878225,0.13119883459515774
890,47,compassion,0.0,0.0
891,32,honesty,0.013244315989487039,0.03870763565287587
891,32,harmlessness,0.002105787040392935,0.006290866670165058
891,32,fairness,0.001999390275609321,0.005974280988204815
891,32,compassion,0.0,0.0
891,40,honesty,0.0,0.0
891,40,harmlessness,0.07005922322714737,0.1843472231635959
891,40,fairness,0.0,0.0
891,40,compassion,0.010078107360652826,0.029636953287804187
891,47,honesty,0.0,0.0
891,47,harmlessness,0.015916416121229442,0.046276147522768755
891,47,fairness,0.05884551785142725,0.15794754356535357
891,47,compassion,0.0,0.0
892,32,honesty,0.0,0.0
892,32,harmlessness,0.0005842871881140026,0.0017508156060872342
892,32,fairness,0.0,0.0
892,32,compassion,0.03060915094323502,0.0865302197167806
892,40,honesty,0.05527333563066275,0.14931385702471636
892,40,harmlessness,0.005539166526735243,0.01643542249592141
892,40,fairness,0.0015425129301166636,0.0046133066201257174
892,40,compassion,0.026107619923748118,0.07443615793152374
892,47,honesty,0.02744723645054407,0.07805682129055287
892,47,harmlessness,0.0,0.0
892,47,fairness,0.048310568672837506,0.13216205769051065
892,47,compassion,0.008856141049719154,0.026106025854723373
893,32,honesty,0.0,0.0
893,32,harmlessness,0.0,0.0
893,32,fairness,0.013177577868521154,0.03851759635501062
893,32,compassion,0.027919990702377776,0.07933017652513387
893,40,honesty,0.006468162450355723,0.01915667043826196
893,40,harmlessness,0.024046894618792322,0.06883037052328524
893,40,fairness,0.006380825192979787,0.018901264252693846
893,40,compassion,0.039394501348922355,0.10955201040352909
893,47,honesty,0.027561379570740837,0.0783644727552838
893,47,harmlessness,0.0,0.0
893,47,fairness,0.039342462721894886,0.10941785259224433
893,47,compassion,0.04662041365697011,0.12793269101973187
894,32,honesty,0.0,0.0
894,32,harmlessness,0.0,0.0
894,32,fairness,0.0029576597904191018,0.008820801511358478
894,32,compassion,0.0,0.0
894,40,honesty,0.0,0.0
894,40,harmlessness,0.05181881484973759,0.1408582313304632
894,40,fairness,0.016404972328586714,0.04765147473681262
894,40,compassion,0.034391559520167744,0.09653471946033745
894,47,honesty,0.07404765315296695,0.19348825680130968
894,47,harmlessness,0.03052317718735333,0.08630116034470853
894,47,fairness,0.0,0.0
894,47,compassion,0.004766958838255141,0.014165820745953302
895,32,honesty,0.04069470917503623,0.11289561877845845
895,32,harmlessness,0.009121855330305255,0.026875261496249934
895,32,fairness,0.0,0.0
895,32,compassion,0.0034756012891372936,0.010354825378542968
895,40,honesty,0.07405841204146006,0.19351274318434175
895,40,harmlessness,0.0,0.0
895,40,fairness,0.05187893145264537,0.1410062837045363
895,40,compassion,0.0,0.0
895,47,honesty,0.0,0.0
895,47,harmlessness,0.04008147651990696,0.11132063844749243
895,47,fairness,0.0,0.0
895,47,compassion,0.011383852293557718,0.03339131332315572
896,32,honesty,0.0,0.0
896,32,harmlessness,0.0,0.0
896,32,fairness,0.0,0.0
896,32,compassion,0.03716054089942855,0.10376937080264623
896,40,honesty,0.018026421892206587,0.052197400934766255
896,40,harmlessness,0.020584189855284023,0.059310838447685595
896,40,fairness,0.00022702896049633123,0.000680777768950566
896,40,compassion,0.012559919494358257,0.03675644256406739
896,47,honesty,0.0,0.0
896,47,harmlessness,0.0358404723131223,0.10032968998703773
896,47,fairness,0.0,0.0
896,47,compassion,0.0,0.0
897,32,honesty,0.003824293717362717,0.01138579589665862
897,32,harmlessness,0.031161006314421764,0.0879987591633636
897,32,fairness,0.016307536775767188,0.047377393164559495
897,32,compassion,0.0,0.0
897,40,honesty,0.0,0.0
897,40,harmlessness,0.0,0.0
897,40,fairness,0.0,0.0
897,40,compassion,0.0,0.0
897,47,honesty,0.019267571061180024,0.055657927054267906
897,47,harmlessness,0.001159999604249303,0.003471943905634885
897,47,fairness,0.029924119604797114,0.08470303152208009
897,47,compassion,0.016059174447631913,0.04667829362249294
898,32,honesty,0.036472361907434026,0.1019783063318195
898,32,harmlessness,0.0,0.0
898,32,fairness,0.026477220093435012,0.07543693938572321
898,32,compassion,0.018319197503312224,0.05301520064726667
898,40,honesty,0.0,0.0
898,40,harmlessness,0.0,0.0
898,40,fairness,0.0,0.0
898,40,compassion,0.0,0.0
898,47,honesty,0.0,0.0
898,47,harmlessness,0.003774447771140459,0.011238505013026638
898,47,fairness,0.01766800166149333,0.05119497903517288
898,47,compassion,0.07031408625105268,0.1849351645334437
899,32,honesty,0.04321078132690716,0.11932048151186089
899,32,harmlessness,0.0,0.0
899,32,fairness,0.0,0.0
899,32,compassion,0.0252833711160535,0.07219923332715072
899,40,honesty,0.0,0.0
899,40,harmlessness,0.0,0.0
899,40,fairness,0.0,0.0
899,40,compassion,0.0437199243009239,0.12061335904823384
899,47,honesty,0.04024262280147709,0.11173486069868568
899,47,harmlessness,0.03397171556443637,0.09543122203165705
899,47,fairness,0.009934954837531472,0.029224182643147533
899,47,compassion,0.0,0.0
900,32,honesty,0.05137252666911102,0.13975812409295277
900,32,harmlessness,0.004713437827398043,0.01400825936303863
900,32,fairness,0.0,0.0
900,32,compassion,0.0,0.0
900,40,honesty,0.0,0.0
900,40,harmlessness,0.0,0.0
900,40,fairness,0.055283538715438375,0.14933867527388314
900,40,compassion,0.0,0.0
900,47,honesty,0.01196149285292851,0.03504607188210353
900,47,harmlessness,0.01885678722528855,0.054514427746420416
900,47,fairness,0.033823842202250355,0.095042145540126
900,47,compassion,0.005996988765413375,0.017777740476417107
901,32,honesty,0.0,0.0
901,32,harmlessness,0.0,0.0
901,32,fairness,0.0,0.0
901,32,compassion,0.0,0.0
901,40,honesty,0.0,0.0
901,40,harmlessness,0.0,0.0
901,40,fairness,0.02354727177540222,0.06746460074813594
901,40,compassion,0.0,0.0
901,47,honesty,0.03700481290978459,0.10336447277615363
901,47,harmlessness,0.046917946686906985,0.12867911988751943
901,47,fairness,0.0,0.0
901,47,compassion,0.046060466151652636,0.12652573022616692
902,32,honesty,0.0,0.0
902,32,harmlessness,0.0,0.0
902,32,fairness,0.0,0.0
902,32,compassion,0.0,0.0
902,40,honesty,0.006307112408517418,0.018685632456892528
902,40,harmlessness,0.008959674308866029,0.02640584734252084
902,40,fairness,0.013244225818510385,0.03870737892098675
902,40,compassion,0.0,0.0
902,47,honesty,0.008379621572931003,0.024724500798255
902,47,harmlessness,0.012706317413489363,0.03717425643667832
902,47,fairness,0.06704551686216421,0.17735485477384025
902,47,compassion,0.0,0.0
903,32,honesty,0.016294507946710717,0.04734073584720144
903,32,harmlessness,0.1050580250187586,0.26044946271599695
903,32,fairness,0.02358584374771484,0.06757013399815905
903,32,compassion,0.023656698353564667,0.06776395230294192
903,40,honesty,0.03161714203043287,0.08921027802924832
903,40,harmlessness,0.0,0.0
903,40,fairness,0.0,0.0
903,40,compassion,0.0,0.0
903,47,honesty,0.0,0.0
903,47,harmlessness,0.03782359050764726,0.10549069762432477
903,47,fairness,0.014962893217925198,0.04358438272442605
903,47,compassion,0.006398005097700863,0.018951511557988295
904,32,honesty,0.008932077818951627,0.02632594271881151
904,32,harmlessness,0.0,0.0
904,32,fairness,0.03952110218511285,0.10987828471874932
904,32,compassion,0.03211754082882045,0.09053697265493595
904,40,honesty,0.035138921730067454,0.09849476548014595
904,40,harmlessness,0.0,0.0
904,40,fairness,0.01902522729989109,0.0549835334561639
904,40,compassion,0.0,0.0
904,47,honesty,0.028143935401250108,0.07993257192246694
904,47,harmlessness,0.04398099138238107,0.12127535358528403
904,47,fairness,0.0,0.0
904,47,compassion,0.0,0.0
905,32,honesty,0.03359427931731687,0.09443770469287328
905,32,harmlessness,0.0,0.0
905,32,fairness,0.010692773243967712,0.03140667091110247
905,32,compassion,0.0,0.0
905,40,honesty,0.0,0.0
905,40,harmlessness,0.026642592657492525,0.07588427055353976
905,40,fairness,0.00946599094957551,0.027870332223547015
905,40,compassion,0.0,0.0
905,47,honesty,0.04912724216677332,0.13419633482284898
905,47,harmlessness,0.0014868026797259374,0.004447183869389327
905,47,fairness,0.005202587826690866,0.015447034374086404
905,47,compassion,0.060447183624065724,0.16178290851563693
906,32,honesty,0.0,0.0
906,32,harmlessness,0.0,0.0
906,32,fairness,0.0,0.0
906,32,compassion,0.0,0.0
906,40,honesty,0.03358528401833935,0.0944140094121815
906,40,harmlessness,0.0,0.0
906,40,fairness,0.017797708359226,0.0515579001371672
906,40,compassion,0.03752190117211722,0.10470801586957806
906,47,honesty,0.0,0.0
906,47,harmlessness,0.0,0.0
906,47,fairness,0.0064621428895787,0.019139069860314144
906,47,compassion,0.0,0.0
907,32,honesty,0.0,0.0
907,32,harmlessness,0.0,0.0
907,32,fairness,0.0,0.0
907,32,compassion,0.026963527933809132,0.07675159618597731
907,40,honesty,0.0,0.0
907,40,harmlessness,0.0,0.0
907,40,fairness,0.0,0.0
907,40,compassion,0.018209644086739054,0.052709297176909795
907,47,honesty,0.030579808575159267,0.08645205136229986
907,47,harmlessness,0.0,0.0
907,47,fairness,0.0,0.0
907,47,compassion,0.023632843882170216,0.0676987057580984
908,32,honesty,0.007993087231551899,0.023601956697223266
908,32,harmlessness,0.04790741380069987,0.13115559105609972
908,32,fairness,0.0,0.0
908,32,compassion,0.0,0.0
908,40,honesty,0.03207757181790596,0.09043109553079585
908,40,harmlessness,0.0,0.0
908,40,fairness,0.034439681750035867,0.0966610908379659
908,40,compassion,0.0010745642991984638,0.003216779624509617
908,47,honesty,0.004137717717088026,0.012311272014594721
908,47,harmlessness,0.013549343733925525,0.03957558479797871
908,47,fairness,0.0365204971591481,0.10210373327539907
908,47,compassion,0.0,0.0
909,32,honesty,0.0,0.0
909,32,harmlessness,0.06504396035175074,0.172669645857093
909,32,fairness,0.03501151801723337,0.09816102131871936
909,32,compassion,0.0,0.0
909,40,honesty,0.0,0.0
909,40,harmlessness,0.0,0.0
909,40,fairness,0.03292160016466691,0.09266353668483646
909,40,compassion,0.0,0.0
909,47,honesty,0.0,0.0
909,47,harmlessness,0.0,0.0
909,47,fairness,0.0,0.0
909,47,compassion,0.046834905705432785,0.12847087452751688
910,32,honesty,0.0,0.0
910,32,harmlessness,0.004338843762234729,0.012904549637307625
910,32,fairness,0.0,0.0
910,32,compassion,0.0,0.0
910,40,honesty,0.0,0.0
910,40,harmlessness,0.0,0.0
910,40,fairness,0.0249367193197896,0.07125635834382804
910,40,compassion,0.008914344831896803,0.026274592932258665
910,47,honesty,0.0,0.0
910,47,harmlessness,0.010066201215501018,0.029602631555020704
910,47,fairness,0.0,0.0
910,47,compassion,0.0,0.0
911,32,honesty,0.01666625868455393,0.048385950517612665
911,32,harmlessness,0.0,0.0
911,32,fairness,0.01613206033639966,0.04688352529162379
911,32,compassion,0.0,0.0
911,40,honesty,0.0,0.0
911,40,harmlessness,0.009287631757812167,0.02735477315369646
911,40,fairness,0.0,0.0
911,40,compassion,0.0,0.0
911,47,honesty,0.0032513762737013687,0.009691109931311113
911,47,harmlessness,0.0,0.0
911,47,fairness,0.02232263194597608,0.0641058722541193
911,47,compassion,0.0,0.0
912,32,honesty,0.044689444691042565,0.12306859934579198
912,32,harmlessness,0.009897040023530888,0.029114819012503457
912,32,fairness,0.0,0.0
912,32,compassion,0.02337481930576161,0.06699257905672885
912,40,honesty,0.022294808398093655,0.06402937969019748
912,40,harmlessness,0.0,0.0
912,40,fairness,0.041389165567662686,0.11467489986874299
912,40,compassion,0.0,0.0
912,47,honesty,0.023756487336477186,0.06803682983657812
912,47,harmlessness,0.05530260417573493,0.14938504815178255
912,47,fairness,0.013020411243981516,0.03806986318266376
912,47,compassion,0.0019986219895809978,0.005971994449884603
913,32,honesty,0.0,0.0
913,32,harmlessness,0.01744521296374847,0.05057118858196103
913,32,fairness,0.01264081973481699,0.03698735815074949
913,32,compassion,0.0,0.0
913,40,honesty,0.0,0.0
913,40,harmlessness,0.06009022992518122,0.1609300431821716
913,40,fairness,0.015586292898643314,0.045345346976788284
913,40,compassion,0.0,0.0
913,47,honesty,0.0,0.0
913,47,harmlessness,0.0,0.0
913,47,fairness,0.013180519056504449,0.038525972539070176
913,47,compassion,0.02444261154400444,0.06991025616332913
914,32,honesty,0.032478780874759305,0.09149316942189595
914,32,harmlessness,0.03261884111100892,0.09186355774506992
914,32,fairness,0.0,0.0
914,32,compassion,0.0,0.0
914,40,honesty,0.005019912915936398,0.014910044497904762
914,40,harmlessness,0.0,0.0
914,40,fairness,9.771334232092079e-05,0.00029308275077245317
914,40,compassion,0.0,0.0
914,47,honesty,0.03092064727276226,0.08735951624295185
914,47,harmlessness,0.011696143968716936,0.034286394689243514
914,47,fairness,0.0,0.0
914,47,compassion,0.0,0.0
915,32,honesty,0.010370973880733844,0.03048069270635301
915,32,harmlessness,0.003798764329126543,0.011310362186532228
915,32,fairness,0.0,0.0
915,32,compassion,0.0,0.0
915,40,honesty,0.0137426491551411,0.04012509719917491
915,40,harmlessness,0.0,0.0
915,40,fairness,0.03238654671047878,0.09124915038872448
915,40,compassion,0.030844005028154885,0.08715556190519375
915,47,honesty,0.001020917883899145,0.0030565127546302996
915,47,harmlessness,0.0,0.0
915,47,fairness,0.030496844041839898,0.08623098624720932
915,47,compassion,0.08686432844590398,0.2220214900672165
916,32,honesty,0.02221800815683643,0.06381819798379229
916,32,harmlessness,0.0,0.0
916,32,fairness,0.0,0.0
916,32,compassion,0.0012508679954106804,0.003743239389528996
916,40,honesty,0.026691421943367336,0.076016299576939
916,40,harmlessness,0.006668496595898241,0.019742188355999588
916,40,fairness,0.0,0.0
916,40,compassion,0.0,0.0
916,47,honesty,0.008983656425102538,0.02647527964316225
916,47,harmlessness,0.03647204626543846,0.10197748378316984
916,47,fairness,0.0,0.0
916,47,compassion,0.008251295529925397,0.02435201524077444
917,32,honesty,0.07272133623483817,0.19046261672278503
917,32,harmlessness,0.014115657090839472,0.04118428478928438
917,32,fairness,0.036235921453875594,0.10136188197434783
917,32,compassion,0.03617491388851289,0.10120274079822417
917,40,honesty,0.0,0.0
917,40,harmlessness,0.011938158539942716,0.034979298790670056
917,40,fairness,0.0,0.0
917,40,compassion,0.0,0.0
917,47,honesty,0.028381744404549717,0.08057170229225277
917,47,harmlessness,0.0029543575719873784,0.008811010962056902
917,47,fairness,0.001397127600633191,0.004179703643254656
917,47,compassion,0.029082284346117038,0.0824511192490388
918,32,honesty,0.0005473447036725737,0.0016402385592414006
918,32,harmlessness,0.0,0.0
918,32,fairness,0.02361506887047252,0.06765008383376248
918,32,compassion,0.03294305600346242,0.09272019486613332
918,40,honesty,0.0,0.0
918,40,harmlessness,0.03576083665045408,0.10012164254304803
918,40,fairness,0.03263654473817128,0.09191036099733205
918,40,compassion,0.0,0.0
918,47,honesty,0.01121643834900502,0.032911026057462996
918,47,harmlessness,0.0,0.0
918,47,fairness,0.0,0.0
918,47,compassion,0.014451750541772003,0.04213733511418549
919,32,honesty,0.0018646403560024613,0.005573137274663626
919,32,harmlessness,0.0,0.0
919,32,fairness,0.0,0.0
919,32,compassion,0.0,0.0
919,40,honesty,0.019895650666488015,0.05740281912624915
919,40,harmlessness,0.0,0.0
919,40,fairness,0.02374475231839747,0.06800474528849058
919,40,compassion,0.018096953852887804,0.05239449986621534
919,47,honesty,0.009027794880664379,0.026603050869100885
919,47,harmlessness,0.0009683829500325134,0.0028995331331990518
919,47,fairness,0.03426432616699337,0.09620048865928811
919,47,compassion,0.07406450395085326,0.19352660748345288
920,32,honesty,0.0,0.0
920,32,harmlessness,0.051505190852245086,0.14008532931300355
920,32,fairness,0.019675525537556048,0.05679176112018228
920,32,compassion,0.06120983158561762,0.16360145922429242
920,40,honesty,0.0,0.0
920,40,harmlessness,0.0,0.0
920,40,fairness,0.0,0.0
920,40,compassion,0.013081236205952444,0.03824317266798739
920,47,honesty,0.014746769598492327,0.04297288628929606
920,47,harmlessness,0.002144925668730204,0.006407290681690264
920,47,fairness,0.0015133004041454204,0.0045262022051835655
920,47,compassion,0.019619985826697762,0.05663750345018879
921,32,honesty,0.0,0.0
921,32,harmlessness,0.0,0.0
921,32,fairness,0.0,0.0
921,32,compassion,0.02651345751080285,0.07553498528646493
921,40,honesty,0.0407361065627728,0.11300181197917798
921,40,harmlessness,0.0,0.0
921,40,fairness,0.0,0.0
921,40,compassion,0.0,0.0
921,47,honesty,0.0,0.0
921,47,harmlessness,0.04236354537891762,0.11716369695161027
921,47,fairness,0.0049646578287163776,0.014747540501340547
921,47,compassion,0.10857379884603621,0.2676104337351807
922,32,honesty,0.02039403108928469,0.05878439183841924
922,32,harmlessness,0.0,0.0
922,32,fairness,0.0,0.0
922,32,compassion,0.018899149303663376,0.05463243482579925
922,40,honesty,0.0,0.0
922,40,harmlessness,0.020912624188178745,0.06021918998633473
922,40,fairness,0.0,0.0
922,40,compassion,0.0,0.0
922,47,honesty,0.0,0.0
922,47,harmlessness,0.0004370091612586119,0.0013098826223635431
922,47,fairness,0.06311240130070342,0.1681167058874661
922,47,compassion,0.0,0.0
923,32,honesty,0.0,0.0
923,32,harmlessness,0.008800203470973565,0.02594398570678522
923,32,fairness,0.0007214510248710508,0.0021612346247431367
923,32,compassion,0.02027681706432057,0.05845969798942761
923,40,honesty,0.011151574650351638,0.032724856588712756
923,40,harmlessness,0.0,0.0
923,40,fairness,0.0,0.0
923,40,compassion,0.02153348889365608,0.06193319130666667
923,47,honesty,0.0,0.0
923,47,harmlessness,0.0,0.0
923,47,fairness,0.014111617150326838,0.041172821269473234
923,47,compassion,0.0,0.0
924,32,honesty,0.036560293811439465,0.10220741517714964
924,32,harmlessness,0.009205530148732242,0.027117331618659254
924,32,fairness,0.0,0.0
924,32,compassion,0.0,0.0
924,40,honesty,0.0,0.0
924,40,harmlessness,0.0,0.0
924,40,fairness,0.0,0.0
924,40,compassion,0.0,0.0
924,47,honesty,0.0,0.0
924,47,harmlessness,0.0,0.0
924,47,fairness,0.031623609279849106,0.08922744041415107
924,47,compassion,0.0,0.0
925,32,honesty,0.0,0.0
925,32,harmlessness,0.0,0.0
925,32,fairness,0.014206617911583104,0.041442342679142374
925,32,compassion,0.0,0.0
925,40,honesty,0.0,0.0
925,40,harmlessness,0.0,0.0
925,40,fairness,0.037306384306049115,0.10414835574929475
925,40,compassion,0.0,0.0
925,47,honesty,0.028388494833459864,0.08058983620302188
925,47,harmlessness,0.0,0.0
925,47,fairness,0.037191762332403906,0.10385051933109417
925,47,compassion,0.0030213754679623145,0.009009683132704411
926,32,honesty,0.010480254971212893,0.03079528013812375
926,32,harmlessness,0.0,0.0
926,32,fairness,0.0,0.0
926,32,compassion,0.0,0.0
926,40,honesty,0.007170610648143689,0.021207687800501498
926,40,harmlessness,0.0,0.0
926,40,fairness,0.0,0.0
926,40,compassion,0.0,0.0
926,47,honesty,0.04432327568163578,0.12214233065671697
926,47,harmlessness,0.0,0.0
926,47,fairness,0.03532491128605957,0.09898169469041336
926,47,compassion,0.013662747734901365,0.03989801030486439
927,32,honesty,0.0,0.0
927,32,harmlessness,0.03278172667285935,0.09229406255421774
927,32,fairness,0.0,0.0
927,32,compassion,0.0003737530209155365,0.0011204215408754073
927,40,honesty,0.0,0.0
927,40,harmlessness,0.001784232997022539,0.005333665985375211
927,40,fairness,0.0055581755435564414,0.016491204610371027
927,40,compassion,0.0,0.0
927,47,honesty,0.05137548114512071,0.13976541277757362
927,47,harmlessness,0.0006590576345967745,0.0019745701926692717
927,47,fairness,0.0,0.0
927,47,compassion,0.024922097131201804,0.07121655937349303
928,32,honesty,0.0,0.0
928,32,harmlessness,0.0136379127209858,0.039827412608833476
928,32,fairness,0.040539838680929606,0.11249819841177192
928,32,compassion,0.016524545235806272,0.047987686320683204
928,40,honesty,0.0,0.0
928,40,harmlessness,0.0,0.0
928,40,fairness,0.0,0.0
928,40,compassion,0.025201019442611668,0.071975353749381
928,47,honesty,0.01329184381309505,0.038842942781889434
928,47,harmlessness,0.03942913127698264,0.10964127349864096
928,47,fairness,0.0,0.0
928,47,compassion,0.004905573196159266,0.014573734545370375
929,32,honesty,0.024296602689828417,0.0695119973079499
929,32,harmlessness,0.0,0.0
929,32,fairness,0.020530561168496372,0.05916240860788942
929,32,compassion,0.02045613897861031,0.058956377242725774
929,40,honesty,0.009490442976032312,0.027940984291864625
929,40,harmlessness,0.0,0.0
929,40,fairness,0.0,0.0
929,40,compassion,0.04112604569892451,0.11400129237672983
929,47,honesty,0.0,0.0
929,47,harmlessness,0.006528789003694707,0.01933391293475054
929,47,fairness,0.026526647426537917,0.07557066928005472
929,47,compassion,0.013509768560246395,0.0394630328010831
930,32,honesty,0.024398586148358804,0.06979019430876997
930,32,harmlessness,0.0,0.0
930,32,fairness,0.019231635134507624,0.055557964403090465
930,32,compassion,0.0,0.0
930,40,honesty,0.03575942036741567,0.10011794195674356
930,40,harmlessness,0.03874318680693478,0.10787102581257944
930,40,fairness,0.0,0.0
930,40,compassion,0.0,0.0
930,47,honesty,0.03702754134997003,0.1034235821226902
930,47,harmlessness,0.0,0.0
930,47,fairness,0.0,0.0
930,47,compassion,0.0,0.0
931,32,honesty,0.043651962516001216,0.12044092229700104
931,32,harmlessness,0.0,0.0
931,32,fairness,0.0,0.0
931,32,compassion,0.06413099916753472,0.17052156129206752
931,40,honesty,0.0,0.0
931,40,harmlessness,3.0909945420992393e-05,9.272410406898523e-05
931,40,fairness,0.0,0.0
931,40,compassion,0.0,0.0
931,47,honesty,0.010093411799945051,0.029681068897740286
931,47,harmlessness,0.009694581371750595,0.028530560435798782
931,47,fairness,0.0,0.0
931,47,compassion,0.0,0.0
932,32,honesty,0.0,0.0
932,32,harmlessness,0.0,0.0
932,32,fairness,0.0,0.0
932,32,compassion,0.0,0.0
932,40,honesty,0.0,0.0
932,40,harmlessness,0.010654648902941417,0.03129702899747765
932,40,fairness,0.0,0.0
932,40,compassion,0.0,0.0
932,47,honesty,0.040196579773902896,0.11161653353320104
932,47,harmlessness,0.03192840202089968,0.09003580716764922
932,47,fairness,0.0,0.0
932,47,compassion,0.05406772401586072,0.1463748608851821
933,32,honesty,0.0,0.0
933,32,harmlessness,0.0,0.0
933,32,fairness,0.009331244039934225,0.027480870697977267
933,32,compassion,0.0,0.0
933,40,honesty,0.0,0.0
933,40,harmlessness,0.08881165035456531,0.22624802931740273
933,40,fairness,0.01103134512802795,0.03237965312655415
933,40,compassion,0.0,0.0
933,47,honesty,0.028794048563209867,0.08167843976718266
933,47,harmlessness,0.01812180414923411,0.052463930307827304
933,47,fairness,0.0029630479360711207,0.008836776225102738
933,47,compassion,0.0,0.0
934,32,honesty,0.0,0.0
934,32,harmlessness,0.012391038499868237,0.03627416631683955
934,32,fairness,0.0,0.0
934,32,compassion,0.0,0.0
934,40,honesty,0.0,0.0
934,40,harmlessness,0.023376988642829,0.06699851870670116
934,40,fairness,0.006386092528521479,0.018916670370923913
934,40,compassion,0.0,0.0
934,47,honesty,0.0750897837036794,0.19585581025302162
934,47,harmlessness,0.0,0.0
934,47,fairness,0.02605081109457241,0.07428220966060552
934,47,compassion,0.0,0.0
935,32,honesty,0.0,0.0
935,32,harmlessness,0.011743794758130506,0.03442287394128853
935,32,fairness,0.024291764498393494,0.06949879669090604
935,32,compassion,0.0,0.0
935,40,honesty,0.0,0.0
935,40,harmlessness,0.02886332061939864,0.08186421565101429
935,40,fairness,0.0,0.0
935,40,compassion,0.002726928369936043,0.008136410293689526
935,47,honesty,0.0,0.0
935,47,harmlessness,0.02428406597797285,0.06947779139351085
935,47,fairness,0.0,0.0
935,47,compassion,0.03819571762197818,0.10645490953759233
936,32,honesty,0.008545087745805594,0.02520451367552141
936,32,harmlessness,0.04644840704122274,0.12750080275479359
936,32,fairness,0.0,0.0
936,32,compassion,0.0,0.0
936,40,honesty,0.007895369969773854,0.0233179029676242
936,40,harmlessness,0.0,0.0
936,40,fairness,0.0,0.0
936,40,compassion,0.029557832479322255,0.08372409206262586
936,47,honesty,0.0,0.0
936,47,harmlessness,0.0,0.0
936,47,fairness,0.0,0.0
936,47,compassion,0.0,0.0
937,32,honesty,0.048846692544400216,0.1334981877670202
937,32,harmlessness,0.0,0.0
937,32,fairness,0.04368086060347627,0.12051424954059797
937,32,compassion,0.0,0.0
937,40,honesty,0.0,0.0
937,40,harmlessness,0.0,0.0
937,40,fairness,0.0,0.0
937,40,compassion,0.014783657144585948,0.04307729161388382
937,47,honesty,0.018004471487760923,0.052136050397548504
937,47,harmlessness,0.0010798977053004476,0.0032327111212578515
937,47,fairness,0.0,0.0
937,47,compassion,0.0,0.0
938,32,honesty,0.0,0.0
938,32,harmlessness,0.0,0.0
938,32,fairness,0.037854627019668186,0.10557116677444868
938,32,compassion,0.0,0.0
938,40,honesty,0.004061923044262764,0.012087571561835897
938,40,harmlessness,0.010036102480649685,0.029515859069105147
938,40,fairness,0.0,0.0
938,40,compassion,0.03610813299260536,0.10102849808781972
938,47,honesty,0.022533095527448293,0.06468421537406134
938,47,harmlessness,0.03953413098683021,0.10991185371680003
938,47,fairness,0.0,0.0
938,47,compassion,0.027741214185763714,0.07884891336911638
939,32,honesty,0.0,0.0
939,32,harmlessness,0.02188352691727127,0.06289773231549106
939,32,fairness,0.0,0.0
939,32,compassion,0.007822389971888062,0.023105686534383874
939,40,honesty,0.0,0.0
939,40,harmlessness,0.0,0.0
939,40,fairness,0.0,0.0
939,40,compassion,0.002327765962568014,0.006950937575909766
939,47,honesty,0.003085019589637357,0.009198304867496704
939,47,harmlessness,0.0,0.0
939,47,fairness,0.0,0.0
939,47,compassion,0.0,0.0
940,32,honesty,0.034568645000552164,0.09699964258243146
940,32,harmlessness,0.0,0.0
940,32,fairness,0.0012588411179106445,0.003767039146191923
940,32,compassion,0.0,0.0
940,40,honesty,0.039075295896852116,0.10872867722080387
940,40,harmlessness,0.0008093673687807079,0.002424178005195082
940,40,fairness,0.03629141685343833,0.1015066129522533
940,40,compassion,0.0,0.0
940,47,honesty,0.04606813372056949,0.12654501574745755
940,47,harmlessness,0.021046464234264078,0.06058902327989369
940,47,fairness,0.0,0.0
940,47,compassion,0.01596297669579004,0.04640733177606003
941,32,honesty,0.0067303153589734575,0.01992277298686667
941,32,harmlessness,0.014021115896156759,0.04091597250351869
941,32,fairness,0.0,0.0
941,32,compassion,0.0,0.0
941,40,honesty,0.007077100787575984,0.02093498437392674
941,40,harmlessness,0.010847018051667818,0.03185009700077392
941,40,fairness,0.0,0.0
941,40,compassion,0.006434658885416784,0.01905870413641848
941,47,honesty,0.01492466721728257,0.04347626410462333
941,47,harmlessness,0.0,0.0
941,47,fairness,0.0,0.0
941,47,compassion,0.0,0.0
942,32,honesty,0.0,0.0
942,32,harmlessness,0.0,0.0
942,32,fairness,0.0,0.0
942,32,compassion,0.0,0.0
942,40,honesty,0.017717703146407547,0.051334065955429824
942,40,harmlessness,0.0,0.0
942,40,fairness,0.06772809074310604,0.17894505797957594
942,40,compassion,0.007093990606295294,0.0209842477066634
942,47,honesty,0.012308938032695964,0.03603959579535112
942,47,harmlessness,0.0,0.0
942,47,fairness,0.0,0.0
942,47,compassion,0.06694234882444533,0.17711416944752034
943,32,honesty,0.03367327879638672,0.09464576961487933
943,32,harmlessness,0.011224633185138057,0.03293454322184363
943,32,fairness,0.019762724952102156,0.057033884896007185
943,32,compassion,0.017518325617189787,0.05077595734304921
943,40,honesty,0.0,0.0
943,40,harmlessness,0.02699323628406036,0.07683182940182114
943,40,fairness,0.040092711024661984,0.11134952446015677
943,40,compassion,0.021627566997913537,0.06219255374783532
943,47,honesty,0.027198640240358198,0.07738631560570197
943,47,harmlessness,0.0,0.0
943,47,fairness,0.0,0.0
943,47,compassion,0.0,0.0
944,32,honesty,0.0038197359092586487,0.011372329139801528
944,32,harmlessness,0.03497423281395734,0.0980633196948384
944,32,fairness,0.05920758877021631,0.1588164841443486
944,32,compassion,0.0,0.0
944,40,honesty,0.0,0.0
944,40,harmlessness,0.0,0.0
944,40,fairness,0.020954563217044232,0.06033509838452258
944,40,compassion,0.0,0.0
944,47,honesty,0.011568646421254417,0.03392109691099445
944,47,harmlessness,0.0,0.0
944,47,fairness,0.0,0.0
944,47,compassion,0.010174421954119644,0.029914539566140687
945,32,honesty,0.005510485552041088,0.016351250002331938
945,32,harmlessness,0.0071498145994581585,0.02114704884129262
945,32,fairness,0.0,0.0
945,32,compassion,0.0,0.0
945,40,honesty,0.006007448854908246,0.017808380692328936
945,40,harmlessness,0.002080144103757979,0.006214577876220806
945,40,fairness,0.004494455612915671,0.013363245808485573
945,40,compassion,0.0,0.0
945,47,honesty,0.06669608791328673,0.17653930211220797
945,47,harmlessness,0.0,0.0
945,47,fairness,0.0036267677968539955,0.010801951054109513
945,47,compassion,0.0,0.0
946,32,honesty,0.00782006984841045,0.02309893891377163
946,32,harmlessness,0.06029648105073954,0.16142296915107485
946,32,fairness,0.03835106839528869,0.10685704175234154
946,32,compassion,0.015280743283997405,0.044482770266000636
946,40,honesty,0.0,0.0
946,40,harmlessness,0.003861952551437574,0.01149705548875509
946,40,fairness,0.003664912671813523,0.010914734914842785
946,40,compassion,0.016975064197073703,0.049253045376873486
946,47,honesty,0.0,0.0
946,47,harmlessness,0.0,0.0
946,47,fairness,0.0,0.0
946,47,compassion,0.019585804496989847,0.05654255079952818
947,32,honesty,0.0405995659774522,0.11265149437563245
947,32,harmlessness,0.0,0.0
947,32,fairness,0.05757658717630281,0.15489330569245385
947,32,compassion,0.0,0.0
947,40,honesty,0.0,0.0
947,40,harmlessness,0.0,0.0
947,40,fairness,0.00961571157961651,0.028302831018920404
947,40,compassion,0.01689990519525245,0.049042101842334616
947,47,honesty,0.020250181263220375,0.0583858939194914
947,47,harmlessness,0.026118013747333815,0.07446432092670247
947,47,fairness,0.0,0.0
947,47,compassion,0.04509357792118014,0.12408945843708127
948,32,honesty,0.0,0.0
948,32,harmlessness,0.036674947462886937,0.10250603545852066
948,32,fairness,0.006258301993130797,0.01854281293311723
948,32,compassion,0.0,0.0
948,40,honesty,0.0,0.0
948,40,harmlessness,0.0,0.0
948,40,fairness,0.0035050822046718425,0.01044204615370808
948,40,compassion,0.0051957741492406045,0.015427011908374692
948,47,honesty,0.0,0.0
948,47,harmlessness,0.018640614518150585,0.05391194016535576
948,47,fairness,0.0,0.0
948,47,compassion,0.026938439905754195,0.07668383400888047
949,32,honesty,0.0,0.0
949,32,harmlessness,0.0,0.0
949,32,fairness,0.0,0.0
949,32,compassion,0.0,0.0
949,40,honesty,0.0,0.0
949,40,harmlessness,0.00828765939847713,0.024457585911937137
949,40,fairness,0.0031499966839199363,0.009390827898282108
949,40,compassion,0.0,0.0
949,47,honesty,0.0,0.0
949,47,harmlessness,0.0,0.0
949,47,fairness,0.0,0.0
949,47,compassion,0.0,0.0
950,32,honesty,0.0,0.0
950,32,harmlessness,0.0,0.0
950,32,fairness,0.0,0.0
950,32,compassion,0.0,0.0
950,40,honesty,0.0,0.0
950,40,harmlessness,0.009499797491791341,0.027968011582804587
950,40,fairness,0.0,0.0
950,40,compassion,0.01424698640151079,0.04155683974311259
950,47,honesty,0.013921844615913805,0.040634129766322184
950,47,harmlessness,0.0,0.0
950,47,fairness,0.0,0.0
950,47,compassion,0.03040113399307175,0.0859758738566409
951,32,honesty,0.04455941744080196,0.12273982236009884
951,32,harmlessness,0.0,0.0
951,32,fairness,0.02383610036271137,0.06825446073554378
951,32,compassion,0.005052606895015029,0.015006180027693567
951,40,honesty,0.022596647259108114,0.06485876070279635
951,40,harmlessness,0.0,0.0
951,40,fairness,0.006831289213253618,0.020217642513323485
951,40,compassion,0.0,0.0
951,47,honesty,0.0,0.0
951,47,harmlessness,0.0,0.0
951,47,fairness,0.0,0.0
951,47,compassion,0.0,0.0
952,32,honesty,0.0,0.0
952,32,harmlessness,0.0,0.0
952,32,fairness,0.0,0.0
952,32,compassion,0.0,0.0
952,40,honesty,0.0,0.0
952,40,harmlessness,0.0,0.0
952,40,fairness,0.0,0.0
952,40,compassion,0.015449975712137931,0.04496064537822263
952,47,honesty,0.03777037209628837,0.10535269528438863
952,47,harmlessness,0.0,0.0
952,47,fairness,0.024735847118609443,0.0707094262411376
952,47,compassion,0.008397309800899021,0.024775828782967843
953,32,honesty,0.02657772546829116,0.07570883893158024
953,32,harmlessness,0.0,0.0
953,32,fairness,0.03721671816908408,0.10391537598436332
953,32,compassion,0.0,0.0
953,40,honesty,0.012968042995600207,0.03792061661347421
953,40,harmlessness,0.037555119220738405,0.10479423749655613
953,40,fairness,0.002516374572800515,0.00751132112343524
953,40,compassion,0.0,0.0
953,47,honesty,0.0,0.0
953,47,harmlessness,0.037709933684679196,0.10519593740700589
953,47,fairness,0.024012345049640053,0.06873600958971306
953,47,compassion,0.0,0.0
954,32,honesty,0.0,0.0
954,32,harmlessness,0.0,0.0
954,32,fairness,0.01020767909443247,0.030010364933795424
954,32,compassion,0.0,0.0
954,40,honesty,0.008964207956013584,0.02641897352275595
954,40,harmlessness,0.023672084110716803,0.06780603214008242
954,40,fairness,0.0,0.0
954,40,compassion,0.0,0.0
954,47,honesty,0.0,0.0
954,47,harmlessness,0.0,0.0
954,47,fairness,0.022100459803454275,0.06349484870720293
954,47,compassion,0.010739494056285138,0.03154101312292959
955,32,honesty,0.001659807036450043,0.004962946043820021
955,32,harmlessness,0.00783488926359853,0.023142037193308287
955,32,fairness,0.033238122854245336,0.09349891192043652
955,32,compassion,0.0,0.0
955,40,honesty,0.008635678521131639,0.02546718275713585
955,40,harmlessness,0.0,0.0
955,40,fairness,0.0034429011991351723,0.010258068564283948
955,40,compassion,0.0,0.0
955,47,honesty,0.0,0.0
955,47,harmlessness,0.0,0.0
955,47,fairness,0.0,0.0
955,47,compassion,0.0,0.0
956,32,honesty,0.0024840502783840773,0.007415310825312388
956,32,harmlessness,0.0,0.0
956,32,fairness,0.0,0.0
956,32,compassion,0.009284060467486623,0.02734444641453489
956,40,honesty,0.00830343289382758,0.024503374430963072
956,40,harmlessness,0.02165765719180057,0.06227548918304553
956,40,fairness,0.058585442247088344,0.15732268821241477
956,40,compassion,0.0,0.0
956,47,honesty,0.00959286963576101,0.028236863800560008
956,47,harmlessness,0.026731371820131314,0.07612430144732171
956,47,fairness,0.001840337945318186,0.0055007672943940805
956,47,compassion,0.05211862951310012,0.14159628038378888
957,32,honesty,0.0,0.0
957,32,harmlessness,0.0,0.0
957,32,fairness,0.010069080150997741,0.029610930782209787
957,32,compassion,0.02391202801347803,0.06846195563827429
957,40,honesty,0.0,0.0
957,40,harmlessness,0.0,0.0
957,40,fairness,0.0,0.0
957,40,compassion,0.0038974534047927873,0.011601924295681658
957,47,honesty,0.0,0.0
957,47,harmlessness,0.0,0.0
957,47,fairness,0.0,0.0
957,47,compassion,0.02871170982974191,0.08145755795437494
958,32,honesty,0.0,0.0
958,32,harmlessness,0.019561117778426992,0.05647396555212123
958,32,fairness,0.0,0.0
958,32,compassion,0.030076809867113502,0.08511071218524033
958,40,honesty,0.0,0.0
958,40,harmlessness,0.0,0.0
958,40,fairness,0.02784714023600047,0.0791341037394368
958,40,compassion,0.030098694411427807,0.08516912434064733
958,47,honesty,0.022969978235294224,0.06588326058257857
958,47,harmlessness,0.0,0.0
958,47,fairness,0.018194620871420767,0.052667338115621
958,47,compassion,0.010210865161038979,0.030019544442128166
959,32,honesty,0.022641790895009072,0.06498272226634132
959,32,harmlessness,0.013370079982652008,0.039065619045534794
959,32,fairness,0.040344059737937005,0.11199547495026664
959,32,compassion,0.01834591401643389,0.05308978093686365
959,40,honesty,0.050295037164239234,0.13709474127756402
959,40,harmlessness,0.010221243163313144,0.030049444139005097
959,40,fairness,0.01773612723515886,0.051385617988088564
959,40,compassion,0.0,0.0
959,47,honesty,0.021368372099404703,0.06147775711833145
959,47,harmlessness,0.0,0.0
959,47,fairness,0.0445645356991262,0.12275276696612204
959,47,compassion,0.0025833152094194047,0.00771011033765508
960,32,honesty,0.037903515079275904,0.10569790125006817
960,32,harmlessness,0.08580275364215764,0.21970557438153734
960,32,fairness,0.0,0.0
960,32,compassion,0.0,0.0
960,40,honesty,0.004015729386069288,0.011951202567509436
960,40,harmlessness,0.0249692874575014,0.07134499499512943
960,40,fairness,0.05771674345967435,0.15523133598690558
960,40,compassion,0.0,0.0
960,47,honesty,0.0075698925967462765,0.022370985869606334
960,47,harmlessness,0.035405225884010835,0.09919185741665032
960,47,fairness,0.018352229605443617,0.0531074100503422
960,47,compassion,0.009184155407899613,0.027055502347305936
961,32,honesty,0.020981728227226354,0.060410165339066846
961,32,harmlessness,0.0,0.0
961,32,fairness,0.0,0.0
961,32,compassion,0.053109179173933964,0.14402901228267162
961,40,honesty,0.007405710651049364,0.021892867469545635
961,40,harmlessness,0.0,0.0
961,40,fairness,0.02137036416846921,0.061483253471510665
961,40,compassion,0.0,0.0
961,47,honesty,0.0,0.0
961,47,harmlessness,0.0,0.0
961,47,fairness,0.0,0.0
961,47,compassion,0.0,0.0
962,32,honesty,0.024590110047310515,0.07031235313917615
962,32,harmlessness,0.020846755364211694,0.060037108274681145
962,32,fairness,0.0,0.0
962,32,compassion,0.024161292094294885,0.06914272131129157
962,40,honesty,0.06715364761262697,0.17760702385139315
962,40,harmlessness,0.0,0.0
962,40,fairness,0.042165247603851826,0.11665792244211043
962,40,compassion,0.0,0.0
962,47,honesty,0.0,0.0
962,47,harmlessness,0.03158863359644121,0.08913461913979309
962,47,fairness,0.033634710553485506,0.09454419817987367
962,47,compassion,0.0,0.0
963,32,honesty,0.0,0.0
963,32,harmlessness,0.012532176895583265,0.03667723938277658
963,32,fairness,0.02316047229211425,0.06640545354270076
963,32,compassion,0.034136935233793686,0.09586568438349567
963,40,honesty,0.02974691733830505,0.08422960954950168
963,40,harmlessness,0.0,0.0
963,40,fairness,0.017158579591670293,0.04976784762582326
963,40,compassion,0.003917852003412347,0.01166217466151353
963,47,honesty,0.0,0.0
963,47,harmlessness,0.01679030355843594,0.04873438058770789
963,47,fairness,0.05940808938567957,0.15929718530952758
963,47,compassion,0.0,0.0
964,32,honesty,0.013918947070995783,0.04062590166306791
964,32,harmlessness,0.0,0.0
964,32,fairness,0.0,0.0
964,32,compassion,0.0,0.0
964,40,honesty,0.0,0.0
964,40,harmlessness,0.0,0.0
964,40,fairness,0.0,0.0
964,40,compassion,0.0029607798496313793,0.008830051869600711
964,47,honesty,0.058610763141590846,0.15738354953626663
964,47,harmlessness,0.0026118566381121717,0.007794851843276589
964,47,fairness,0.0,0.0
964,47,compassion,0.0,0.0
965,32,honesty,0.0,0.0
965,32,harmlessness,0.0014370041775057765,0.004298658153070067
965,32,fairness,0.0,0.0
965,32,compassion,0.01790374322167199,0.051854452075302544
965,40,honesty,0.0,0.0
965,40,harmlessness,0.0,0.0
965,40,fairness,0.0,0.0
965,40,compassion,0.02413779692274159,0.0690785812370049
965,47,honesty,0.0,0.0
965,47,harmlessness,0.0,0.0
965,47,fairness,0.0,0.0
965,47,compassion,0.04664893532219656,0.12800427927670308
966,32,honesty,0.07129473309150969,0.18719251805203427
966,32,harmlessness,0.0,0.0
966,32,fairness,0.0,0.0
966,32,compassion,0.0,0.0
966,40,honesty,0.017618334573658013,0.05105596169087463
966,40,harmlessness,0.010093177519956831,0.029680393596997128
966,40,fairness,0.0,0.0
966,40,compassion,0.0,0.0
966,47,honesty,0.0,0.0
966,47,harmlessness,0.009721592902284058,0.028608537594799515
966,47,fairness,0.0,0.0
966,47,compassion,0.0,0.0
967,32,honesty,0.0,0.0
967,32,harmlessness,0.0,0.0
967,32,fairness,0.0028479019462178887,0.008495318172340172
967,32,compassion,0.0,0.0
967,40,honesty,0.0,0.0
967,40,harmlessness,0.020448324240746107,0.05893473940158342
967,40,fairness,0.0,0.0
967,40,compassion,0.029884156338198596,0.08459629141786897
967,47,honesty,0.08759373391339544,0.22360789996010852
967,47,harmlessness,0.01301404307348395,0.03805171588144953
967,47,fairness,0.014061475126948835,0.04103052594091879
967,47,compassion,0.03910582769338844,0.10880747067984634
968,32,honesty,0.005707827794937435,0.016930213893936213
968,32,harmlessness,0.0,0.0
968,32,fairness,0.0,0.0
968,32,compassion,0.0,0.0
968,40,honesty,0.009622801768933271,0.028323306185080152
968,40,harmlessness,0.0,0.0
968,40,fairness,0.035528753255181594,0.0995149738624361
968,40,compassion,0.0,0.0
968,47,honesty,0.00792638336844737,0.02340806747194783
968,47,harmlessness,0.014036603342888854,0.04095993335378994
968,47,fairness,0.0,0.0
968,47,compassion,0.018030025384369968,0.052207472060114606
969,32,honesty,0.04822576508690413,0.13195047047613523
969,32,harmlessness,0.017431088613867322,0.050531623429980826
969,32,fairness,0.0,0.0
969,32,compassion,0.0,0.0
969,40,honesty,0.0,0.0
969,40,harmlessness,0.0,0.0
969,40,fairness,0.0,0.0
969,40,compassion,0.026181660508818486,0.0746367532559975
969,47,honesty,0.0,0.0
969,47,harmlessness,0.0,0.0
969,47,fairness,0.02608964925765426,0.07438746217817173
969,47,compassion,0.012237210417409222,0.03583460016728605
970,32,honesty,0.0,0.0
970,32,harmlessness,0.009555383977513264,0.028128592920337814
970,32,fairness,0.016554656766409964,0.048072328502585096
970,32,compassion,0.0,0.0
970,40,honesty,0.00587696839525977,0.017426080141292037
970,40,harmlessness,0.0,0.0
970,40,fairness,0.0,0.0
970,40,compassion,0.0,0.0
970,47,honesty,0.02644903995507522,0.07536068436177297
970,47,harmlessness,0.012054670023329174,0.035312645491876765
970,47,fairness,0.0,0.0
970,47,compassion,0.02573594825845385,0.07342834842388014
971,32,honesty,0.0,0.0
971,32,harmlessness,0.02579904483299721,0.07359953889187291
971,32,fairness,0.0049777029195186544,0.014785909033429087
971,32,compassion,0.0,0.0
971,40,honesty,0.0,0.0
971,40,harmlessness,0.044885221642864695,0.12356333001893355
971,40,fairness,0.0,0.0
971,40,compassion,0.004574171548070623,0.013598114427964263
971,47,honesty,0.0,0.0
971,47,harmlessness,0.0,0.0
971,47,fairness,0.010733470235425119,0.031523693455445964
971,47,compassion,0.0,0.0
972,32,honesty,0.04799092876911381,0.1313642058188173
972,32,harmlessness,0.011672351892730127,0.03421824097848808
972,32,fairness,0.05789316849310868,0.15565659815161495
972,32,compassion,0.0,0.0
972,40,honesty,0.0030486246128445427,0.009090447116889009
972,40,harmlessness,0.015470028160266009,0.04501724828351083
972,40,fairness,0.0034747434797025574,0.010352287353146963
972,40,compassion,0.003945007402576356,0.011742374697518003
972,47,honesty,0.060776571610835585,0.16256894818979603
972,47,harmlessness,0.012644508668946251,0.03699788583060326
972,47,fairness,0.04016517345321105,0.11153581004613806
972,47,compassion,0.0,0.0
973,32,honesty,0.012751188347683596,0.03730226853917305
973,32,harmlessness,0.005500006951637256,0.016320495181012307
973,32,fairness,0.0,0.0
973,32,compassion,0.02297833563248569,0.06590617832580736
973,40,honesty,0.0,0.0
973,40,harmlessness,0.033252829691633054,0.09353770249338107
973,40,fairness,0.06864718346779236,0.18108025185975568
973,40,compassion,0.015772830422025715,0.04587144618238157
973,47,honesty,0.008903767092440274,0.026243961043885166
973,47,harmlessness,0.0,0.0
973,47,fairness,0.019793924345734914,0.0571204955040102
973,47,compassion,0.019765486339947236,0.057041551024666785
974,32,honesty,0.03589778733255306,0.10047938668837024
974,32,harmlessness,0.02081708937575179,0.05995508730532353
974,32,fairness,0.0,0.0
974,32,compassion,0.0,0.0
974,40,honesty,0.04208763368052434,0.11645986109691002
974,40,harmlessness,0.01876687701356,0.05426390305101184
974,40,fairness,0.017258171185429737,0.05004707169500544
974,40,compassion,0.0,0.0
974,47,honesty,0.04720561646084306,0.1294000327504524
974,47,harmlessness,0.026818956043031965,0.07636102232673264
974,47,fairness,0.0,0.0
974,47,compassion,0.0,0.0
975,32,honesty,0.026404983371537277,0.07524145156002618
975,32,harmlessness,0.0,0.0
975,32,fairness,0.0,0.0
975,32,compassion,0.0,0.0
975,40,honesty,0.01129418867570852,0.03313412002088663
975,40,harmlessness,0.03233084841397544,0.09110175141165079
975,40,fairness,0.0,0.0
975,40,compassion,0.0,0.0
975,47,honesty,0.02265531683481392,0.06501985947071358
975,47,harmlessness,0.0,0.0
975,47,fairness,0.0,0.0
975,47,compassion,0.04667646859401218,0.12807337961900553
976,32,honesty,0.0,0.0
976,32,harmlessness,0.0,0.0
976,32,fairness,0.0,0.0
976,32,compassion,0.0,0.0
976,40,honesty,0.0015576707617497609,0.004658499468418119
976,40,harmlessness,0.039335376943435925,0.10939958314906156
976,40,fairness,0.01712002926942587,0.04965973555582236
976,40,compassion,0.023222356988565656,0.06657501350541434
976,47,honesty,0.023536684332545108,0.06743563069286712
976,47,harmlessness,0.036574216813183104,0.10224368503132067
976,47,fairness,0.011315622842425141,0.033195610510161365
976,47,compassion,0.0,0.0
977,32,honesty,0.0,0.0
977,32,harmlessness,0.018473241309825566,0.053445114919980385
977,32,fairness,0.0,0.0
977,32,compassion,0.03283997097002818,0.09244793772765426
977,40,honesty,0.024941334349227694,0.07126891916450317
977,40,harmlessness,0.012999624309597311,0.03801062523318337
977,40,fairness,0.0,0.0
977,40,compassion,0.0,0.0
977,47,honesty,0.0,0.0
977,47,harmlessness,0.0,0.0
977,47,fairness,0.0,0.0
977,47,compassion,0.05666273934293582,0.15268510537408636
978,32,honesty,0.0,0.0
978,32,harmlessness,0.0839735852924391,0.21569533470521773
978,32,fairness,0.009053852019554052,0.026678470215778675
978,32,compassion,0.022868494438557173,0.06560491217714153
978,40,honesty,0.0,0.0
978,40,harmlessness,0.009956222734897512,0.02928552184784287
978,40,fairness,0.001599958955910189,0.004784566647215842
978,40,compassion,0.0,0.0
978,47,honesty,0.0,0.0
978,47,harmlessness,0.0,0.0
978,47,fairness,0.01476159364603993,0.04301484559527071
978,47,compassion,0.005303544234804378,0.015743638537611147
979,32,honesty,0.04196918483605651,0.11615748462364704
979,32,harmlessness,0.017831295780622862,0.051651848563176686
979,32,fairness,0.03429822502353245,0.09628955352234746
979,32,compassion,0.0,0.0
979,40,honesty,0.0,0.0
979,40,harmlessness,0.0,0.0
979,40,fairness,0.003164579029475031,0.00943402763638193
979,40,compassion,0.0,0.0
979,47,honesty,0.029682677235485913,0.08405790441478685
979,47,harmlessness,0.0,0.0
979,47,fairness,0.039574001388594834,0.11001457062446779
979,47,compassion,0.010615570034098269,0.031184624961757557
980,32,honesty,0.04429616762819645,0.12207370801787844
980,32,harmlessness,0.0,0.0
980,32,fairness,0.0,0.0
980,32,compassion,0.0025200879042258204,0.007522349747457614
980,40,honesty,0.04651666951033886,0.1276722342760824
980,40,harmlessness,0.03576016920193834,0.10011989857851764
980,40,fairness,0.0059229719115262945,0.017560890413260612
980,40,compassion,0.0,0.0
980,47,honesty,0.027705969195417835,0.07875399601124622
980,47,harmlessness,0.028762994170507664,0.08159514136091169
980,47,fairness,0.0,0.0
980,47,compassion,0.02693295824053193,0.0766690273003507
981,32,honesty,0.0,0.0
981,32,harmlessness,0.06929013471732863,0.18256982817311634
981,32,fairness,0.0,0.0
981,32,compassion,0.0306928137525497,0.08675305079652278
981,40,honesty,0.0,0.0
981,40,harmlessness,0.0,0.0
981,40,fairness,0.014947396633120825,0.04354055403770758
981,40,compassion,0.0,0.0
981,47,honesty,0.0350987151176034,0.09838945822330028
981,47,harmlessness,0.0,0.0
981,47,fairness,0.03656779509409523,0.10222695648650285
981,47,compassion,0.03600054941946429,0.1007477029411333
982,32,honesty,0.0,0.0
982,32,harmlessness,0.016072066039589186,0.0467145979134131
982,32,fairness,0.044269326174431536,0.12200575352718968
982,32,compassion,0.0,0.0
982,40,honesty,0.0013032414701674724,0.0038995602731755766
982,40,harmlessness,0.0,0.0
982,40,fairness,0.02772808209204451,0.07881354915430179
982,40,compassion,0.05112209492787541,0.13914002559060626
982,47,honesty,0.0,0.0
982,47,harmlessness,0.0,0.0
982,47,fairness,0.0,0.0
982,47,compassion,0.059841888289349,0.16033604185692948
983,32,honesty,0.0,0.0
983,32,harmlessness,0.042522391176053845,0.11756857929091882
983,32,fairness,0.0,0.0
983,32,compassion,0.0017752909846275398,0.0053070299091767985
983,40,honesty,0.0,0.0
983,40,harmlessness,0.0,0.0
983,40,fairness,0.002743086128062005,0.00818435758864897
983,40,compassion,0.022290155830971253,0.06401658804627658
983,47,honesty,0.0,0.0
983,47,harmlessness,0.0,0.0
983,47,fairness,0.037188334773883495,0.10384161112565027
983,47,compassion,0.0,0.0
984,32,honesty,0.02240915509565128,0.0643436898369868
984,32,harmlessness,0.0,0.0
984,32,fairness,0.0,0.0
984,32,compassion,0.0,0.0
984,40,honesty,0.03835070306035196,0.10685609633926486
984,40,harmlessness,0.04191872523082433,0.11602863108200268
984,40,fairness,0.019447846594091146,0.05615918918984802
984,40,compassion,0.005588391547786564,0.016579865087522586
984,47,honesty,0.009227054268846065,0.02717958774429525
984,47,harmlessness,0.0,0.0
984,47,fairness,0.009065672555633144,0.026712680831889338
984,47,compassion,0.004959292119865453,0.014731758175136918
985,32,honesty,0.04019992855688883,0.11162514033724649
985,32,harmlessness,0.02195026586681365,0.06308148678790416
985,32,fairness,0.0,0.0
985,32,compassion,0.0,0.0
985,40,honesty,0.0,0.0
985,40,harmlessness,0.022979283508467483,0.06590877755513072
985,40,fairness,0.0,0.0
985,40,compassion,0.0,0.0
985,47,honesty,0.023162294537488224,0.06641044694734347
985,47,harmlessness,0.0,0.0
985,47,fairness,0.0,0.0
985,47,compassion,0.017312166232342906,0.05019841218435816
986,32,honesty,0.030024653063616763,0.08497148073227365
986,32,harmlessness,0.03782797069559277,0.1055020548113232
986,32,fairness,0.0,0.0
986,32,compassion,0.0,0.0
986,40,honesty,0.0,0.0
986,40,harmlessness,0.025433039491045757,0.07260593904319709
986,40,fairness,0.0,0.0
986,40,compassion,0.03142386078620851,0.08869716747301917
986,47,honesty,0.012597699534786911,0.03686428815293186
986,47,harmlessness,0.016684485709305693,0.04843715895514413
986,47,fairness,0.021751320440672194,0.06253358522111929
986,47,compassion,0.0,0.0
987,32,honesty,0.011576925506213155,0.03394482314098982
987,32,harmlessness,0.0,0.0
987,32,fairness,0.0,0.0
987,32,compassion,0.0,0.0
987,40,honesty,0.01622295651274446,0.04713938902195243
987,40,harmlessness,0.0,0.0
987,40,fairness,0.0,0.0
987,40,compassion,0.0,0.0
987,47,honesty,0.022998833010250175,0.065962383351435
987,47,harmlessness,0.012581819186230192,0.0368189585992485
987,47,fairness,0.01599247170575474,0.04649042161280154
987,47,compassion,0.0,0.0
988,32,honesty,0.016536122784899642,0.048020231467293985
988,32,harmlessness,0.0,0.0
988,32,fairness,0.0,0.0
988,32,compassion,0.0003576655740225099,0.0010722297227489877
988,40,honesty,0.02288769120703305,0.06565757310388912
988,40,harmlessness,0.053241442148318115,0.14435318314615156
988,40,fairness,0.0,0.0
988,40,compassion,0.0,0.0
988,47,honesty,0.001643146521436136,0.0049132930435617575
988,47,harmlessness,0.002985078669257467,0.008902089134994996
988,47,fairness,0.0,0.0
988,47,compassion,0.08900019580561076,0.22665577135474432
989,32,honesty,0.0010699823776252866,0.0032030926275451108
989,32,harmlessness,0.0336491891239011,0.09458232995484381
989,32,fairness,0.008296659645780358,0.024483712872209608
989,32,compassion,0.0,0.0
989,40,honesty,0.06890136283826381,0.1816695318530609
989,40,harmlessness,0.0,0.0
989,40,fairness,0.0,0.0
989,40,compassion,0.015056566524257962,0.04384926094389139
989,47,honesty,0.002963571807218217,0.008838329374142419
989,47,harmlessness,0.0,0.0
989,47,fairness,0.06752841183960398,0.17848025869061424
989,47,compassion,0.019223407508455255,0.05553507574138655
990,32,honesty,0.0615310869431739,0.1643660209752575
990,32,harmlessness,0.017504384905250473,0.05073691764502248
990,32,fairness,0.0,0.0
990,32,compassion,0.011730225982643077,0.034384013451965637
990,40,honesty,0.0,0.0
990,40,harmlessness,0.01836016404822123,0.05312955736654538
990,40,fairness,0.01913179061799198,0.05528015514677935
990,40,compassion,0.0256425411300417,0.07317484542322608
990,47,honesty,0.0,0.0
990,47,harmlessness,0.031219012384822484,0.0881529416031339
990,47,fairness,0.022732117418438266,0.06523068889674208
990,47,compassion,0.0,0.0
991,32,honesty,0.0,0.0
991,32,harmlessness,0.0449926269166858,0.12383459342716185
991,32,fairness,0.0,0.0
991,32,compassion,0.0,0.0
991,40,honesty,0.0,0.0
991,40,harmlessness,0.05634178937342452,0.15190784815089753
991,40,fairness,0.04527223828405974,0.1245402803557234
991,40,compassion,0.01666102547409182,0.04837124725675856
991,47,honesty,0.028994844173583025,0.0822168055878123
991,47,harmlessness,0.010806175909221625,0.031732709251176085
991,47,fairness,0.04304617835072354,0.11890198310977448
991,47,compassion,0.0,0.0
992,32,honesty,0.0,0.0
992,32,harmlessness,0.0,0.0
992,32,fairness,0.0,0.0
992,32,compassion,0.0,0.0
992,40,honesty,0.013574314451060368,0.03964659272018722
992,40,harmlessness,0.02274582540361942,0.06526831291112764
992,40,fairness,0.0,0.0
992,40,compassion,0.0,0.0
992,47,honesty,0.0,0.0
992,47,harmlessness,0.0,0.0
992,47,fairness,0.0453950846700808,0.12485009293091012
992,47,compassion,0.0,0.0
993,32,honesty,0.0,0.0
993,32,harmlessness,0.0,0.0
993,32,fairness,0.05932984623861041,0.1591096380005268
993,32,compassion,0.008227702868431101,0.02428351353732012
993,40,honesty,0.004667777647232211,0.013873813191502294
993,40,harmlessness,0.0,0.0
993,40,fairness,0.0,0.0
993,40,compassion,0.0,0.0
993,47,honesty,0.0,0.0
993,47,harmlessness,0.03226833147362802,0.09093627095272754
993,47,fairness,0.0,0.0
993,47,compassion,0.0,0.0
994,32,honesty,0.0,0.0
994,32,harmlessness,0.0,0.0
994,32,fairness,0.02675346057069735,0.07618400990202895
994,32,compassion,0.051658126488083426,0.14046233710979145
994,40,honesty,0.008550456637256357,0.02522008345188246
994,40,harmlessness,0.039489222936038716,0.10979614028560636
994,40,fairness,0.013840940290740305,0.04040435241373193
994,40,compassion,0.04188558293581716,0.1159439859302685
994,47,honesty,0.0,0.0
994,47,harmlessness,0.0,0.0
994,47,fairness,0.0,0.0
994,47,compassion,0.0,0.0
995,32,honesty,0.0,0.0
995,32,harmlessness,0.03790316233684038,0.10569698690422934
995,32,fairness,0.0,0.0
995,32,compassion,0.007559072799411313,0.022339486784424042
995,40,honesty,0.02249904239176435,0.06459067069895642
995,40,harmlessness,0.0,0.0
995,40,fairness,0.032421031953596816,0.09134039606202805
995,40,compassion,0.0,0.0
995,47,honesty,0.0015856325562959605,0.004741859973784224
995,47,harmlessness,0.0,0.0
995,47,fairness,0.010322466316288224,0.030341010824390852
995,47,compassion,0.0,0.0
996,32,honesty,0.023981441836153774,0.06865159695002894
996,32,harmlessness,0.0,0.0
996,32,fairness,0.03901679392683139,0.10857767614971855
996,32,compassion,0.0,0.0
996,40,honesty,0.056666981049552104,0.1526953716817664
996,40,harmlessness,0.0,0.0
996,40,fairness,0.0,0.0
996,40,compassion,0.0,0.0
996,47,honesty,0.015692802593862062,0.045645787128294646
996,47,harmlessness,0.06980230033263524,0.18375399754937774
996,47,fairness,0.0280957601870696,0.07980302713597942
996,47,compassion,0.0,0.0
997,32,honesty,0.03182601222538888,0.08976435383128917
997,32,harmlessness,0.0,0.0
997,32,fairness,0.0,0.0
997,32,compassion,0.0,0.0
997,40,honesty,0.009121382185565432,0.02687389246865551
997,40,harmlessness,0.0450816942125253,0.12405946124549576
997,40,fairness,0.024223880943524272,0.0693135561659026
997,40,compassion,0.0,0.0
997,47,honesty,0.0,0.0
997,47,harmlessness,0.0,0.0
997,47,fairness,0.0,0.0
997,47,compassion,0.023840875659086484,0.06826751242662293
998,32,honesty,0.07532946078925419,0.1963991050082373
998,32,harmlessness,0.0168380449403603,0.048868436946151964
998,32,fairness,0.0,0.0
998,32,compassion,0.0,0.0
998,40,honesty,0.0,0.0
998,40,harmlessness,0.009900636719866256,0.029125194224768804
998,40,fairness,0.04305775152853423,0.11893141587798094
998,40,compassion,0.009828299354439905,0.028916498064793957
998,47,honesty,0.016420661870256568,0.0476955990029172
998,47,harmlessness,0.0,0.0
998,47,fairness,0.05509673603052292,0.14888414699891153
998,47,compassion,0.004627853971597351,0.013756238191692723
999,32,honesty,0.0,0.0
999,32,harmlessness,0.0,0.0
999,32,fairness,0.0,0.0
999,32,compassion,0.05782163308146091,0.1554841986731007
999,40,honesty,0.0,0.0
999,40,harmlessness,0.0,0.0
999,40,fairness,0.008671981191125302,0.025572416542833754
999,40,compassion,0.0,0.0
999,47,honesty,0.04179771431139959,0.11571952005516283
999,47,harmlessness,0.0,0.0
999,47,fairness,0.0,0.0
999,47,compassion,0.0,0.0
