permutation,diagonal_dominance,matching_margin
0,0.25,-849.7709654078764
1,0.22058823529411764,-884.5450637480792
2,0.19117647058823528,-928.3946762084961
3,0.20098039215686275,-994.6487437790515
4,0.20588235294117646,-946.6801346049589
5,0.19607843137254902,-974.0576992128409
6,0.25980392156862747,-811.0993251800537
7,0.23039215686274508,-862.2086974031785
8,0.20588235294117646,-951.8379663953594
9,0.20588235294117646,-967.5463438595043
10,0.20588235294117646,-993.4218111599193
11,0.2107843137254902,-874.2488285513485
12,0.21568627450980393,-1016.5149103052476
13,0.18137254901960784,-1017.8320664798512
14,0.22058823529411764,-904.4087904200834
15,0.24019607843137256,-898.8300399967269
16,0.2107843137254902,-979.2073137806912
17,0.23529411764705882,-938.6268145617316
18,0.16176470588235295,-1095.3976542341943
19,0.18627450980392157,-965.9103985206754
20,0.2107843137254902,-910.8494387607949
21,0.20098039215686275,-986.4901976678885
22,0.21568627450980393,-973.6929142147887
23,0.21568627450980393,-967.6842893151676
24,0.20098039215686275,-909.6171634617974
25,0.23529411764705882,-950.3428864946552
26,0.25980392156862747,-852.7632300245996
27,0.20588235294117646,-1046.6138497146906
28,0.25,-984.0426571602915
29,0.23529411764705882,-856.9222057192933
30,0.21568627450980393,-1104.4308446154876
31,0.20098039215686275,-1001.9260508406396
32,0.21568627450980393,-1002.226544230592
33,0.22058823529411764,-911.0010771751404
34,0.24509803921568626,-1014.7535891439401
35,0.22549019607843138,-821.1753469167971
36,0.23039215686274508,-952.7965423920575
37,0.24509803921568626,-946.9650983810425
38,0.23039215686274508,-831.4828396778481
39,0.23529411764705882,-958.5776420481064
40,0.1568627450980392,-1161.7826856725355
41,0.23039215686274508,-1009.500984135796
42,0.20588235294117646,-1004.5798369575949
43,0.2107843137254902,-960.1271993038702
44,0.23039215686274508,-817.6502298280304
45,0.2549019607843137,-916.6934444577087
46,0.21568627450980393,-867.6116952896118
47,0.23529411764705882,-899.4931882783478
48,0.25,-1012.7415873022641
49,0.21568627450980393,-967.0461724412207
50,0.2647058823529412,-786.7725819045422
51,0.18627450980392157,-1017.4809541515275
52,0.2107843137254902,-980.3642038457534
53,0.2549019607843137,-964.2522592544556
54,0.19117647058823528,-1016.6817351322549
55,0.19607843137254902,-921.2978539560355
56,0.27941176470588236,-806.6094939942453
57,0.18627450980392157,-943.4805366478714
58,0.18137254901960784,-1086.9315931656781
59,0.24509803921568626,-986.9027273888681
60,0.18137254901960784,-1102.0236809767928
61,0.21568627450980393,-912.846453816283
62,0.24019607843137256,-948.4249094981773
63,0.2107843137254902,-978.2037075454114
64,0.22549019607843138,-949.0196226157394
65,0.2549019607843137,-939.9352218590531
66,0.2107843137254902,-1035.4531072822272
67,0.21568627450980393,-900.6343021392822
68,0.23039215686274508,-863.0542539895749
69,0.25,-841.692991957945
70,0.20098039215686275,-996.424243777406
71,0.19607843137254902,-1002.807251144858
72,0.18137254901960784,-1070.2127416461121
73,0.23529411764705882,-883.3769777335373
74,0.21568627450980393,-812.6256855796365
75,0.19607843137254902,-919.1397894410526
76,0.23529411764705882,-927.5722923278809
77,0.18627450980392157,-1062.04845978232
78,0.19117647058823528,-1021.3106567719403
79,0.21568627450980393,-921.3228215236289
80,0.2107843137254902,-1016.712036076714
81,0.2107843137254902,-923.1574442059386
82,0.25980392156862747,-810.5801523807002
83,0.20098039215686275,-1224.504843674454
84,0.19117647058823528,-967.7174200731165
85,0.25980392156862747,-798.1047951941397
86,0.18627450980392157,-1026.6695412467507
87,0.1715686274509804,-1081.0326720032037
88,0.2107843137254902,-849.9646308094848
89,0.23529411764705882,-1026.2950187383913
90,0.28431372549019607,-894.6531370854846
91,0.20098039215686275,-918.8267524943632
92,0.18627450980392157,-1095.276102365232
93,0.21568627450980393,-1010.2731633840823
94,0.22549019607843138,-898.2083802690693
95,0.20588235294117646,-1032.4042484620038
96,0.19607843137254902,-1058.859150905235
97,0.25,-942.4575832965327
98,0.24509803921568626,-820.4857276467716
99,0.22058823529411764,-890.6950572705737
100,0.23529411764705882,-1019.6362968706617
101,0.2107843137254902,-1012.6039995679669
102,0.20588235294117646,-939.7843344445322
103,0.23039215686274508,-888.7164351332422
104,0.22549019607843138,-839.4408450407141
105,0.25,-926.804136874629
106,0.25,-824.8604455648684
107,0.24019607843137256,-1014.2768505881814
108,0.22549019607843138,-959.1641056584377
109,0.19117647058823528,-1068.682041579602
110,0.22058823529411764,-1088.6140193752215
111,0.23529411764705882,-933.0994948779835
112,0.20588235294117646,-924.9538359361536
113,0.22058823529411764,-865.3092731868519
114,0.19607843137254902,-1013.0292255177218
115,0.21568627450980393,-941.6590589448517
116,0.20588235294117646,-948.2482737092411
117,0.18137254901960784,-1010.759256400314
118,0.19117647058823528,-1105.2292881759943
119,0.22058823529411764,-921.5281558878281
120,0.2107843137254902,-1047.0315423105278
121,0.24509803921568626,-817.4379392231212
122,0.20588235294117646,-924.3755389194863
123,0.2107843137254902,-958.4879727270089
124,0.20588235294117646,-984.247475119198
125,0.22549019607843138,-818.3903558955473
126,0.21568627450980393,-828.9067822718152
127,0.20098039215686275,-1100.9224741973128
128,0.18627450980392157,-1029.592518451167
129,0.20098039215686275,-1056.2245143815583
130,0.23529411764705882,-925.2171731930154
131,0.22058823529411764,-977.8663479300106
132,0.22549019607843138,-947.1101442224839
133,0.21568627450980393,-979.4883004169839
134,0.23529411764705882,-965.2947517563315
135,0.25,-830.2395949644201
136,0.24509803921568626,-926.2408730002011
137,0.20098039215686275,-884.270679436478
138,0.25980392156862747,-834.749323162378
139,0.21568627450980393,-908.1382849824195
140,0.22058823529411764,-865.6381987964405
141,0.24019607843137256,-890.6787194364211
142,0.27450980392156865,-868.5446641959396
143,0.19607843137254902,-870.6275140163946
144,0.22058823529411764,-807.0457874372894
145,0.2647058823529412,-869.812454363879
146,0.21568627450980393,-931.4891905223622
147,0.23039215686274508,-798.2393926639182
148,0.21568627450980393,-934.027429113201
149,0.2647058823529412,-829.6127118690341
150,0.19607843137254902,-956.8988930010328
151,0.28431372549019607,-786.4723113938874
152,0.2549019607843137,-891.5640285903332
153,0.23529411764705882,-939.0976859261008
154,0.25,-837.0020136552698
155,0.24509803921568626,-841.0681769240136
156,0.24509803921568626,-905.5962999568266
157,0.21568627450980393,-1039.8017316893036
158,0.22549019607843138,-956.2310590370029
159,0.27450980392156865,-825.311378067615
160,0.24019607843137256,-825.7397817910886
161,0.22549019607843138,-955.2246570587158
162,0.18627450980392157,-1035.6970703835582
163,0.19117647058823528,-981.061530047772
164,0.2549019607843137,-818.3627942590152
165,0.2107843137254902,-996.4855701783124
166,0.22058823529411764,-1004.5030532724717
167,0.23039215686274508,-966.3648276609533
168,0.2107843137254902,-951.9944346184824
169,0.23529411764705882,-1025.0204639060823
170,0.20098039215686275,-1042.507025232502
171,0.18627450980392157,-1041.2023646036785
172,0.24509803921568626,-897.1669054218368
173,0.23529411764705882,-994.7687508826162
174,0.20588235294117646,-929.5872698391186
175,0.25,-889.9001844256532
176,0.19607843137254902,-1063.1885397854974
177,0.2549019607843137,-799.5407112345976
178,0.19607843137254902,-920.2976050657385
179,0.22058823529411764,-896.5740746142817
180,0.21568627450980393,-841.008142003826
181,0.2696078431372549,-928.2806651732501
182,0.22058823529411764,-846.7777693692376
183,0.2107843137254902,-912.0314997130749
184,0.25980392156862747,-867.0829907211603
185,0.25,-885.5731268677057
186,0.19607843137254902,-800.8414987863279
187,0.25980392156862747,-906.4624405000724
188,0.22058823529411764,-958.4871365042294
189,0.2647058823529412,-839.4087866801841
190,0.21568627450980393,-856.1748610758314
191,0.2647058823529412,-772.8277045792224
192,0.22058823529411764,-1025.2897600286146
193,0.22549019607843138,-939.8437592936497
194,0.18137254901960784,-1009.4839788511688
195,0.19607843137254902,-863.71672149733
196,0.23039215686274508,-1049.3612004074396
197,0.18627450980392157,-928.1654168484258
198,0.24509803921568626,-866.8103822259342
199,0.21568627450980393,-852.2409547356998
200,0.17647058823529413,-970.473897821763
201,0.16176470588235295,-1089.9069611698974
202,0.25,-972.3546515165591
203,0.21568627450980393,-1053.492624357635
204,0.22058823529411764,-838.4209313860126
205,0.19117647058823528,-891.6629760031607
206,0.22058823529411764,-1048.9627348020965
207,0.23529411764705882,-940.1716015011657
208,0.1715686274509804,-916.156860108469
209,0.21568627450980393,-951.074991759132
210,0.2107843137254902,-1059.5500044916191
211,0.20098039215686275,-934.5760513006472
212,0.20098039215686275,-1065.4330359346727
213,0.25980392156862747,-864.0482351639691
214,0.23039215686274508,-957.4787354562797
215,0.20588235294117646,-925.7796217600504
216,0.2696078431372549,-994.2980424843582
217,0.21568627450980393,-912.6505236625671
218,0.16666666666666666,-1120.1986554463704
219,0.23039215686274508,-894.6604606965009
220,0.23039215686274508,-813.5502699870689
221,0.25980392156862747,-954.1006871391745
222,0.22549019607843138,-957.2806423598645
223,0.18627450980392157,-1112.4080597372615
224,0.22058823529411764,-760.3512466468063
225,0.24509803921568626,-898.9833161410163
226,0.2107843137254902,-1036.0265184664258
227,0.25,-991.2240112716077
228,0.20588235294117646,-911.0732955932617
229,0.22549019607843138,-898.0481570561727
230,0.22058823529411764,-991.0860661525352
231,0.22549019607843138,-883.8191244835947
232,0.22058823529411764,-1060.0111132603065
233,0.24019607843137256,-907.6705280004763
234,0.20098039215686275,-989.7825484182321
235,0.2647058823529412,-885.7502318363564
236,0.20098039215686275,-897.4228816686892
237,0.2549019607843137,-784.6641029096118
238,0.23039215686274508,-851.4238993046331
239,0.20098039215686275,-928.1321097261765
240,0.18137254901960784,-1090.3624779383342
241,0.2696078431372549,-739.9456274182189
242,0.24019607843137256,-955.3150013568354
243,0.24019607843137256,-892.1080694853091
244,0.25,-862.7155872606763
245,0.23529411764705882,-815.2981265385946
246,0.2696078431372549,-675.6431572858025
247,0.22058823529411764,-1035.1265902612724
248,0.22549019607843138,-958.8578009698905
249,0.19117647058823528,-1021.1692176519656
250,0.23039215686274508,-692.4343572036893
251,0.18137254901960784,-938.3535476478876
252,0.22549019607843138,-872.0938141579721
253,0.25980392156862747,-850.1605440214569
254,0.22058823529411764,-1054.9489344802557
255,0.16666666666666666,-960.7186690685796
256,0.1715686274509804,-1064.759189456117
257,0.20098039215686275,-1045.2188895356421
258,0.2549019607843137,-908.765955064811
259,0.23529411764705882,-917.296615151798
260,0.24509803921568626,-846.5747004677268
261,0.22549019607843138,-1000.6308605063196
262,0.22058823529411764,-845.3549760930679
263,0.24509803921568626,-844.0030611449597
264,0.22549019607843138,-881.6464960808847
265,0.23039215686274508,-971.8294866038303
266,0.22058823529411764,-902.1274798337151
267,0.21568627450980393,-1064.300298204609
268,0.2696078431372549,-921.9352242993374
269,0.20588235294117646,-969.8027428084729
270,0.25980392156862747,-916.1981684553857
271,0.23529411764705882,-968.1540902268653
272,0.22058823529411764,-913.7368124232572
273,0.22058823529411764,-982.144089418299
274,0.2107843137254902,-984.7400946710624
275,0.24019607843137256,-870.3956157085943
276,0.22549019607843138,-970.3917423136094
277,0.19117647058823528,-1065.9656457153021
278,0.18627450980392157,-972.5885383942548
279,0.25,-703.3084463044709
280,0.22058823529411764,-891.4827678530824
281,0.23529411764705882,-1009.8633803199319
282,0.20588235294117646,-1059.1193001691033
283,0.21568627450980393,-976.5698559143964
284,0.19607843137254902,-938.9915568968829
285,0.25980392156862747,-825.9945098091574
286,0.24019607843137256,-875.668288118699
287,0.24509803921568626,-858.5724428588269
288,0.20588235294117646,-955.2083685631845
289,0.1715686274509804,-1032.6768587523816
290,0.20588235294117646,-959.7663978127872
291,0.21568627450980393,-974.1733117571064
292,0.14705882352941177,-1044.7330560590706
293,0.23039215686274508,-765.0905914213143
294,0.2107843137254902,-958.345266903148
295,0.21568627450980393,-982.4176311679915
296,0.19117647058823528,-1058.6529838805104
297,0.22549019607843138,-951.1250765931372
298,0.20098039215686275,-915.0409061020496
299,0.19117647058823528,-882.1219546467651
300,0.25980392156862747,-914.1320285610124
301,0.23039215686274508,-938.4990424361883
302,0.23039215686274508,-961.5294961368336
303,0.19607843137254902,-956.9372411241718
304,0.19117647058823528,-897.0466067837734
305,0.24509803921568626,-821.5472694284775
306,0.20098039215686275,-1091.6672160017724
307,0.2549019607843137,-992.6889719308591
308,0.17647058823529413,-917.302831472135
309,0.18137254901960784,-988.8280204137167
310,0.20588235294117646,-980.7859637503531
311,0.19607843137254902,-984.2774083380606
312,0.20588235294117646,-898.9966642342362
313,0.2107843137254902,-988.1399655622595
314,0.21568627450980393,-1015.0227849623736
315,0.21568627450980393,-853.5188088230058
316,0.27450980392156865,-815.0981650071985
317,0.23529411764705882,-851.8436606538062
318,0.22549019607843138,-965.4048647039077
319,0.18627450980392157,-1035.5692113427556
320,0.25980392156862747,-824.0088483773026
321,0.25,-828.3374923163769
322,0.23529411764705882,-852.9653896817974
323,0.17647058823529413,-958.5727048761704
324,0.23529411764705882,-951.8538464003918
325,0.22058823529411764,-936.4936588885737
326,0.24019607843137256,-1090.3511118795357
327,0.2107843137254902,-1038.986364701215
328,0.22058823529411764,-1042.6258847479726
329,0.25,-957.0817160699881
330,0.23039215686274508,-886.4708790124631
331,0.22549019607843138,-1029.3705894058826
332,0.19607843137254902,-1062.5368378957112
333,0.21568627450980393,-917.0870125059988
334,0.25980392156862747,-882.6902664408964
335,0.22058823529411764,-983.4835068010816
336,0.20098039215686275,-1016.736618640376
337,0.1568627450980392,-1101.4477760464538
338,0.23529411764705882,-752.7488357506546
339,0.24019607843137256,-884.6218301361682
340,0.20588235294117646,-1067.8787530263264
341,0.20098039215686275,-1058.9940176197126
342,0.20588235294117646,-984.5558411934796
343,0.17647058823529413,-1097.2485940222646
344,0.2107843137254902,-979.249150650174
345,0.19607843137254902,-1053.1290662989898
346,0.24019607843137256,-947.9958021126541
347,0.24509803921568626,-847.2167574003631
348,0.1568627450980392,-1168.3208521113677
349,0.2549019607843137,-951.8883799758612
350,0.18627450980392157,-963.4601610782099
351,0.2549019607843137,-941.4447998533062
352,0.25,-840.3557578629138
353,0.21568627450980393,-1081.7582869062237
354,0.23039215686274508,-765.2126467742172
355,0.22058823529411764,-764.7364595918094
356,0.24509803921568626,-869.8203350609424
357,0.18137254901960784,-1045.544719621247
358,0.23529411764705882,-1006.233988238316
359,0.21568627450980393,-952.8360156077964
360,0.22549019607843138,-758.9166587006812
361,0.2549019607843137,-879.0771734200272
362,0.24509803921568626,-799.2998480609818
363,0.21568627450980393,-916.4296880983838
364,0.20098039215686275,-1083.4655986486696
365,0.25980392156862747,-832.3219576816933
366,0.24509803921568626,-895.9898925388561
367,0.23529411764705882,-958.8566226024253
368,0.23039215686274508,-873.521658448612
369,0.20588235294117646,-1040.7469747954724
370,0.18627450980392157,-1128.1376024321014
371,0.19117647058823528,-1093.5687692773108
372,0.22549019607843138,-917.8257348864686
373,0.28921568627450983,-844.0508343752692
374,0.2107843137254902,-1012.9423229367126
375,0.22549019607843138,-990.0664558410645
376,0.1715686274509804,-1148.9711736791273
377,0.21568627450980393,-954.0663934221454
378,0.18627450980392157,-1090.6381708032945
379,0.22549019607843138,-853.4954956466077
380,0.18627450980392157,-1021.6190407509897
381,0.2107843137254902,-872.4903558656281
382,0.20588235294117646,-973.45099252813
383,0.22549019607843138,-875.1644966649075
384,0.23529411764705882,-922.2286420522952
385,0.19607843137254902,-1023.3199139763327
386,0.17647058823529413,-1013.2721825019986
387,0.24509803921568626,-970.1487797568826
388,0.24019607843137256,-864.6247873212777
389,0.2549019607843137,-804.0697514216105
390,0.24019607843137256,-911.2227385464837
391,0.18627450980392157,-1005.8233108146518
392,0.23529411764705882,-917.5034015692917
393,0.23039215686274508,-929.3326259594338
394,0.23529411764705882,-1005.8367118461459
395,0.22058823529411764,-886.7624686559042
396,0.2107843137254902,-944.1950319514555
397,0.2549019607843137,-874.9481770852033
398,0.25,-929.1533078025369
399,0.22058823529411764,-967.1495245952232
400,0.19117647058823528,-1030.7262030021818
401,0.2696078431372549,-719.5134076698154
402,0.2549019607843137,-946.04801753923
403,0.23529411764705882,-934.7246202674567
404,0.23039215686274508,-909.6183369954427
405,0.23529411764705882,-871.2349901199341
406,0.25,-954.9014819369596
407,0.21568627450980393,-923.0259157068589
408,0.22058823529411764,-897.1061010828205
409,0.22549019607843138,-994.2987267737295
410,0.23039215686274508,-1008.5747937595143
411,0.23039215686274508,-892.658777031244
412,0.1715686274509804,-1078.7965768926283
413,0.2647058823529412,-958.3126948861515
414,0.2107843137254902,-856.8099300160128
415,0.17647058823529413,-1085.9184314316394
416,0.24509803921568626,-918.5663910099105
417,0.24509803921568626,-809.098232830272
418,0.25,-800.4767916249294
419,0.2549019607843137,-803.2536462148031
420,0.19607843137254902,-1033.057313339383
421,0.25980392156862747,-797.533696716907
422,0.22058823529411764,-876.0585608949848
423,0.23529411764705882,-876.3904105541753
424,0.23529411764705882,-939.5880790224262
425,0.1715686274509804,-947.7839088439941
426,0.20098039215686275,-918.7408529823902
427,0.20588235294117646,-987.3528056986191
428,0.24019607843137256,-965.042005146251
429,0.22549019607843138,-991.8704757129444
430,0.20588235294117646,-929.1963279948515
431,0.24019607843137256,-803.4656934925155
432,0.2107843137254902,-916.158348532284
433,0.2107843137254902,-1080.512422804739
434,0.22549019607843138,-993.7079345291736
435,0.23039215686274508,-947.0058317558438
436,0.20098039215686275,-1067.8666539846681
437,0.23529411764705882,-874.3591276056626
438,0.16176470588235295,-1039.4473959230909
439,0.22058823529411764,-902.4792196142907
440,0.2107843137254902,-1001.3973363521052
441,0.22058823529411764,-935.6551009907442
442,0.18627450980392157,-916.2158882851694
443,0.21568627450980393,-903.8007304808673
444,0.24509803921568626,-788.8595432113199
445,0.21568627450980393,-943.6327286888571
446,0.19607843137254902,-942.1106564951878
447,0.2107843137254902,-822.9727786288541
448,0.2647058823529412,-780.8902367984547
449,0.24509803921568626,-894.2342798569623
450,0.23529411764705882,-1019.021753984339
451,0.23039215686274508,-999.7484395270254
452,0.22058823529411764,-1020.3958271438
453,0.25,-909.7577332515342
454,0.23529411764705882,-834.6006752649943
455,0.20588235294117646,-1064.8582605380639
456,0.24019607843137256,-841.7495422363281
457,0.19117647058823528,-949.7859008639466
458,0.1568627450980392,-1123.229161159665
459,0.2549019607843137,-1030.1883729298909
460,0.23529411764705882,-972.8932355431949
461,0.19117647058823528,-1046.5189790445215
462,0.23039215686274508,-834.1768357894
463,0.20588235294117646,-1031.3368677999458
464,0.23529411764705882,-952.683858684465
465,0.22549019607843138,-940.7086306740256
466,0.20098039215686275,-959.5963565789017
467,0.21568627450980393,-1026.8536669226253
468,0.2647058823529412,-879.1776261236154
469,0.19117647058823528,-948.1901689791212
470,0.19117647058823528,-871.6779239878935
471,0.20098039215686275,-1084.9023999419867
472,0.23529411764705882,-763.0159916223264
473,0.24509803921568626,-876.6273630553601
474,0.2107843137254902,-1032.8573028433557
475,0.18137254901960784,-1013.3692554399079
476,0.25,-894.1776640835931
477,0.23039215686274508,-935.1717927222159
478,0.23039215686274508,-948.0215253736459
479,0.25,-961.3105931936526
480,0.17647058823529413,-1066.72280032027
481,0.25980392156862747,-746.704997474072
482,0.22058823529411764,-973.2270936778947
483,0.19607843137254902,-846.7579455282174
484,0.23039215686274508,-952.6890335830988
485,0.2107843137254902,-1018.9728902274487
486,0.23529411764705882,-886.0178446302227
487,0.24509803921568626,-986.3055096233593
488,0.23529411764705882,-792.4272183623968
489,0.16176470588235295,-1094.60381156323
490,0.23039215686274508,-721.8763096379299
491,0.21568627450980393,-1071.6957473006903
492,0.22549019607843138,-911.9885199864706
493,0.2549019607843137,-846.6104563170788
494,0.19117647058823528,-1068.7357270857867
495,0.23529411764705882,-843.119440948262
496,0.2107843137254902,-944.8065933152741
497,0.20098039215686275,-974.9933304506189
498,0.24019607843137256,-864.5557746139227
499,0.24019607843137256,-862.3254430060293
500,0.21568627450980393,-934.1829035048391
501,0.25980392156862747,-787.062382922453
502,0.2549019607843137,-868.6793356502758
503,0.16666666666666666,-1001.1695289798812
504,0.23039215686274508,-797.6394612461913
505,0.22549019607843138,-1030.1322316562428
506,0.18627450980392157,-1075.5505027584002
507,0.29411764705882354,-800.2986086957595
508,0.2107843137254902,-901.9245197445739
509,0.23039215686274508,-964.057656026354
510,0.20098039215686275,-929.1633838952756
511,0.23529411764705882,-936.6470194236905
512,0.20588235294117646,-911.0380932677026
513,0.20588235294117646,-935.7463913805344
514,0.23529411764705882,-1012.1069604462268
515,0.23529411764705882,-868.2355006909838
516,0.22549019607843138,-763.7721707026163
517,0.22058823529411764,-1032.3621610005696
518,0.19607843137254902,-1055.3526698093788
519,0.21568627450980393,-971.3564045662973
520,0.20098039215686275,-1033.8841793583888
521,0.28921568627450983,-718.5478630813898
522,0.19607843137254902,-945.191338857015
523,0.2549019607843137,-885.376176441417
524,0.21568627450980393,-962.264774649751
525,0.17647058823529413,-1023.8661725474338
526,0.20588235294117646,-980.4556682250079
527,0.2107843137254902,-934.0286477500317
528,0.23529411764705882,-895.412045731264
529,0.2107843137254902,-1038.6886876050164
530,0.23529411764705882,-1016.3708596884036
531,0.24509803921568626,-933.2609724343992
532,0.23039215686274508,-884.474410533905
533,0.22058823529411764,-1015.930844559389
534,0.20588235294117646,-936.5535867167454
535,0.22549019607843138,-934.7662859523998
536,0.23529411764705882,-838.894473992142
537,0.25,-832.3721795923569
538,0.22058823529411764,-969.8743184594547
539,0.24509803921568626,-782.797986535465
540,0.2107843137254902,-1077.187537688835
541,0.20588235294117646,-1007.7872382519292
542,0.21568627450980393,-942.4733040005553
543,0.20098039215686275,-958.2511005027621
544,0.1568627450980392,-1163.1536991455976
545,0.25,-971.4535902060715
546,0.3088235294117647,-862.8337404774685
547,0.21568627450980393,-901.617387416316
548,0.19607843137254902,-929.362600513533
549,0.22549019607843138,-900.6460062943253
550,0.23039215686274508,-896.3780602006351
551,0.19117647058823528,-863.1877236085779
552,0.23529411764705882,-986.7658760126899
553,0.23529411764705882,-917.8486898272645
554,0.28921568627450983,-797.4329735625024
555,0.2549019607843137,-782.4906405748105
556,0.20588235294117646,-993.1100134943046
557,0.19607843137254902,-1062.8834369696822
558,0.2107843137254902,-965.9732918832816
559,0.21568627450980393,-973.3005106682871
560,0.20098039215686275,-1010.552791520661
561,0.2696078431372549,-949.9687151628382
562,0.2107843137254902,-857.5957467602749
563,0.21568627450980393,-822.2664845784506
564,0.21568627450980393,-831.1528340975443
565,0.22549019607843138,-896.9727522532145
566,0.2107843137254902,-1023.1225791631961
567,0.22549019607843138,-908.8018464855119
568,0.18137254901960784,-1135.8525688881969
569,0.25,-917.0399362152698
570,0.24019607843137256,-1030.5833459367939
571,0.22549019607843138,-1014.1094795301849
572,0.19607843137254902,-991.7752266491161
573,0.19117647058823528,-1117.1539964862898
574,0.20098039215686275,-1125.893280468735
575,0.24019607843137256,-965.434458508211
576,0.1715686274509804,-913.5544792250091
577,0.24019607843137256,-972.9609494863772
578,0.18137254901960784,-1030.3418268689923
579,0.2107843137254902,-961.718537536322
580,0.20098039215686275,-1114.6374186347512
581,0.22549019607843138,-742.1221521695455
582,0.2107843137254902,-1007.6977285684324
583,0.24509803921568626,-796.0037736705705
584,0.22058823529411764,-901.3016859035866
585,0.21568627450980393,-916.3493368485395
586,0.22058823529411764,-1034.5328050688202
587,0.19117647058823528,-1025.829025661244
588,0.2107843137254902,-1082.3810052497713
589,0.22058823529411764,-886.050132302677
590,0.23529411764705882,-907.1990295297959
591,0.25980392156862747,-971.9728318569707
592,0.22058823529411764,-892.1588504735162
593,0.22058823529411764,-931.2164977765551
594,0.23039215686274508,-856.4798746950486
595,0.22549019607843138,-894.3304707957249
596,0.22058823529411764,-1123.0833737055461
597,0.18627450980392157,-970.5781042996575
598,0.24019607843137256,-1021.5676245782889
599,0.24509803921568626,-987.8815476286645
600,0.27941176470588236,-935.4016726905224
601,0.2549019607843137,-977.5048290327484
602,0.24509803921568626,-813.9335324904498
603,0.19607843137254902,-962.94323201273
604,0.22058823529411764,-897.8806363461065
605,0.17647058823529413,-997.8212051765591
606,0.2696078431372549,-795.6925892549402
607,0.19117647058823528,-1111.2843312469183
608,0.22549019607843138,-1050.1432893229467
609,0.25,-816.4125474948509
610,0.24509803921568626,-781.0389290603937
611,0.22058823529411764,-995.7689607470643
612,0.19607843137254902,-961.2242775898354
613,0.19607843137254902,-967.4068350885428
614,0.27941176470588236,-738.1094986223707
615,0.22549019607843138,-891.5284417657291
616,0.23039215686274508,-956.4967007637024
617,0.19117647058823528,-898.4955633761836
618,0.21568627450980393,-831.6923863280053
619,0.20098039215686275,-999.8800262563369
620,0.23039215686274508,-1042.5156410815669
621,0.25980392156862747,-908.1092991922416
622,0.20098039215686275,-762.271492434483
623,0.23039215686274508,-886.2338561263739
624,0.22058823529411764,-884.6218749775607
625,0.2647058823529412,-739.9791524083007
626,0.21568627450980393,-900.7008503745584
627,0.23039215686274508,-790.3652406767303
628,0.20588235294117646,-931.7862661399093
629,0.17647058823529413,-1016.7096903744866
630,0.21568627450980393,-930.6448771719839
631,0.21568627450980393,-947.5904612447702
632,0.2647058823529412,-726.3157013350842
633,0.2107843137254902,-998.7554325589947
634,0.25980392156862747,-929.2916087262771
635,0.20098039215686275,-996.3438335773992
636,0.2549019607843137,-951.5415009704291
637,0.22549019607843138,-746.1210342949512
638,0.2107843137254902,-917.8708422137241
639,0.18627450980392157,-970.4158748177921
640,0.21568627450980393,-948.9252163382138
641,0.27941176470588236,-775.0365436217364
642,0.21568627450980393,-890.4055871309018
643,0.21568627450980393,-1085.2088181177776
644,0.27941176470588236,-809.5123976352168
645,0.20588235294117646,-1004.601458194209
646,0.23039215686274508,-1012.3360501831653
647,0.22549019607843138,-949.1616292093314
648,0.20098039215686275,-983.7332534042059
649,0.21568627450980393,-945.3150316687191
650,0.22549019607843138,-779.8897957334332
651,0.23039215686274508,-1034.8949707816628
652,0.19607843137254902,-988.193303902944
653,0.21568627450980393,-860.1426621698865
654,0.2107843137254902,-1033.7249196744433
655,0.23529411764705882,-967.7284550760306
656,0.24509803921568626,-952.2981029211306
657,0.20098039215686275,-1009.1435876921112
658,0.19117647058823528,-1007.9294316721897
659,0.22549019607843138,-983.1019603037366
660,0.20098039215686275,-974.5749913196938
661,0.22058823529411764,-923.5652871973374
662,0.24019607843137256,-723.2184926762301
663,0.23039215686274508,-916.8863963145835
664,0.20588235294117646,-1119.7956088383992
665,0.23529411764705882,-915.694034613815
666,0.23039215686274508,-931.1261404729357
667,0.19607843137254902,-985.0403495863372
668,0.22549019607843138,-907.8289315840777
669,0.20588235294117646,-1024.9935103958728
670,0.23039215686274508,-941.9381546506695
671,0.22549019607843138,-953.4998947031357
672,0.22058823529411764,-1058.1126356311872
673,0.20588235294117646,-1110.2944352393056
674,0.20588235294117646,-968.7300966674206
675,0.20098039215686275,-993.2567771836823
676,0.25,-891.2969861124076
677,0.25980392156862747,-783.1503367330514
678,0.23039215686274508,-892.5907804264742
679,0.19117647058823528,-961.1087457619461
680,0.2647058823529412,-836.9408176646513
681,0.20588235294117646,-934.4640208038629
682,0.2107843137254902,-1049.1772734324138
683,0.20588235294117646,-886.042611991658
684,0.19607843137254902,-959.6791088253844
685,0.22058823529411764,-889.4821797539206
686,0.2107843137254902,-1030.80006720973
687,0.2107843137254902,-908.7070997182061
688,0.2107843137254902,-1075.6042051128313
689,0.23529411764705882,-1007.7327249190387
690,0.24019607843137256,-753.2157249263688
691,0.16666666666666666,-1016.3286917630364
692,0.20098039215686275,-1015.4263724532782
693,0.20098039215686275,-872.0585448508169
694,0.19607843137254902,-1090.8737290045794
695,0.2647058823529412,-915.8945735856598
696,0.24509803921568626,-915.1750040989297
697,0.23039215686274508,-950.8067239593057
698,0.19607843137254902,-902.0505340052586
699,0.20098039215686275,-1051.1206230088776
700,0.23039215686274508,-797.5123557670444
701,0.20098039215686275,-975.6803157469806
702,0.23039215686274508,-972.0744611702713
703,0.23039215686274508,-948.088797045689
704,0.23529411764705882,-970.9926111931894
705,0.20588235294117646,-972.6421206418206
706,0.18137254901960784,-1122.730266197055
707,0.25,-755.3765904295678
708,0.2647058823529412,-778.662378984339
709,0.25980392156862747,-891.8259390288708
710,0.23529411764705882,-1004.8111529256784
711,0.2549019607843137,-795.3640676760206
712,0.2549019607843137,-835.3518626456167
713,0.2647058823529412,-862.2204764310052
714,0.25,-712.8542291229846
715,0.22058823529411764,-959.8664791256774
716,0.19117647058823528,-990.6123809440463
717,0.24509803921568626,-923.7802155532089
718,0.23039215686274508,-918.3505769056433
719,0.20098039215686275,-867.3345910614612
720,0.17647058823529413,-1030.8025628819184
721,0.25,-788.9348596685073
722,0.25,-837.5068530475392
723,0.21568627450980393,-966.0096833285163
724,0.24509803921568626,-870.3280769983927
725,0.2107843137254902,-963.9095556221756
726,0.1715686274509804,-965.5413615843829
727,0.20098039215686275,-916.9950617434931
728,0.21568627450980393,-884.8720998203053
729,0.2107843137254902,-925.468814756356
730,0.1568627450980392,-993.664685015585
731,0.2107843137254902,-1018.4291802200617
732,0.25,-946.9136834705578
733,0.22058823529411764,-958.1363766614129
734,0.2696078431372549,-826.4887454649981
735,0.22058823529411764,-972.9514269361309
736,0.23529411764705882,-864.9309922760608
737,0.18627450980392157,-1006.3062087601306
738,0.25,-863.0773153398551
739,0.23039215686274508,-914.8934908848183
740,0.22549019607843138,-1016.7685559590658
741,0.23039215686274508,-894.6874478284051
742,0.24019607843137256,-873.404312208587
743,0.21568627450980393,-1032.3072142694512
744,0.18627450980392157,-978.3137123444501
745,0.1715686274509804,-1002.4289028784808
746,0.23039215686274508,-800.2307817795697
747,0.23529411764705882,-1048.0166667863434
748,0.23529411764705882,-716.5918007831948
749,0.2696078431372549,-693.7308896943634
750,0.19117647058823528,-1040.273098711874
751,0.20098039215686275,-892.8570152731503
752,0.21568627450980393,-1060.47096824646
753,0.21568627450980393,-1010.5358463736142
754,0.17647058823529413,-978.6739955228918
755,0.23529411764705882,-907.0434257282931
756,0.18627450980392157,-919.3576594895007
757,0.19607843137254902,-875.7575611600689
758,0.24019607843137256,-911.957756210776
759,0.15196078431372548,-1253.9345808777155
760,0.22058823529411764,-969.9523164524752
761,0.24509803921568626,-795.4168733054516
762,0.21568627450980393,-976.4791807754367
763,0.22058823529411764,-995.2774618560193
764,0.23039215686274508,-786.9407347697837
765,0.20588235294117646,-971.5576101003909
766,0.18627450980392157,-1087.0622947543275
767,0.25,-866.8543660406973
768,0.19607843137254902,-938.9801471747604
769,0.21568627450980393,-945.3390377269071
770,0.20098039215686275,-1058.7595792564691
771,0.19607843137254902,-1072.18033581154
772,0.23529411764705882,-936.1525187211878
773,0.27450980392156865,-708.0101563509772
774,0.1715686274509804,-1053.8151554593853
775,0.18627450980392157,-1057.379015679453
776,0.22058823529411764,-957.118635860144
777,0.2647058823529412,-839.3884599910062
778,0.2107843137254902,-871.811310786827
779,0.20098039215686275,-1061.7797440641066
780,0.23039215686274508,-904.3205064511767
781,0.18627450980392157,-909.8912623910343
782,0.23039215686274508,-979.0584444625705
783,0.25,-879.3860711864396
784,0.21568627450980393,-913.7131514081768
785,0.2107843137254902,-1042.1934587628234
786,0.20098039215686275,-970.5148633134131
787,0.20098039215686275,-1022.6827942156324
788,0.25,-817.5665422888363
789,0.20588235294117646,-918.3686426293616
790,0.22549019607843138,-881.6788157107783
791,0.20098039215686275,-1017.1950760074691
792,0.19117647058823528,-1165.969643499337
793,0.25,-777.5536024056229
794,0.19607843137254902,-1011.4674777049644
795,0.21568627450980393,-1024.1027303583483
796,0.20588235294117646,-915.207833589292
797,0.22549019607843138,-930.5743079465979
798,0.20098039215686275,-893.6342438810012
799,0.23529411764705882,-825.3369312286377
800,0.23529411764705882,-1060.3244850495282
801,0.22549019607843138,-934.4058162184323
802,0.23529411764705882,-882.4988699520336
803,0.27450980392156865,-932.7228858985153
804,0.20098039215686275,-778.5201375437717
805,0.23529411764705882,-935.4628942901013
806,0.21568627450980393,-879.1197142788009
807,0.22058823529411764,-955.9492661158243
808,0.23039215686274508,-827.6936451594034
809,0.22549019607843138,-801.0914330388986
810,0.23529411764705882,-933.2754718556124
811,0.2107843137254902,-1067.875358618942
812,0.22549019607843138,-824.5649498023239
813,0.24509803921568626,-961.5541702719296
814,0.22058823529411764,-868.5893174526739
815,0.24019607843137256,-895.8983742957022
816,0.19607843137254902,-1024.7889760709277
817,0.22549019607843138,-796.1215036803601
818,0.25980392156862747,-859.020162040112
819,0.20098039215686275,-1065.8394520890479
820,0.25980392156862747,-815.7756777183682
821,0.25980392156862747,-868.3486937167597
822,0.17647058823529413,-855.6682784697589
823,0.25,-724.2582040300556
824,0.2107843137254902,-767.1833660836313
825,0.2107843137254902,-953.2144474141738
826,0.18137254901960784,-1098.4028722351673
827,0.23529411764705882,-862.3259244245642
828,0.19607843137254902,-1096.8251813813752
829,0.24509803921568626,-870.0303570429484
830,0.23039215686274508,-880.9035135343963
831,0.25980392156862747,-981.8854027168423
832,0.20588235294117646,-1058.2101277183083
833,0.20588235294117646,-921.2554314370249
834,0.18137254901960784,-963.5388119267483
835,0.24509803921568626,-826.337477571824
836,0.23039215686274508,-964.780333182391
837,0.21568627450980393,-922.8447201298733
838,0.20588235294117646,-1015.8941941354789
839,0.21568627450980393,-1044.9686880859674
840,0.23529411764705882,-900.2003658893061
841,0.2696078431372549,-950.7853464238784
842,0.16176470588235295,-1072.2411137749168
843,0.2107843137254902,-968.8665062399472
844,0.23529411764705882,-788.8988973860647
845,0.22058823529411764,-948.3331414765003
846,0.24019607843137256,-807.812040272881
847,0.20098039215686275,-976.1128971810434
848,0.22058823529411764,-959.5719525206323
849,0.19607843137254902,-1078.5270249983844
850,0.23529411764705882,-1057.8784124523986
851,0.1715686274509804,-977.723079251308
852,0.2696078431372549,-819.699301401774
853,0.23529411764705882,-860.4725570304721
854,0.22549019607843138,-958.3984778628629
855,0.20098039215686275,-1060.036047262304
856,0.24019607843137256,-841.290919640485
857,0.21568627450980393,-916.7119484508739
858,0.19607843137254902,-976.5015295440076
859,0.18137254901960784,-966.2082111508239
860,0.2107843137254902,-929.4235958585552
861,0.2549019607843137,-909.7342166900635
862,0.24019607843137256,-1004.4237907634061
863,0.19607843137254902,-976.1040428012025
864,0.22058823529411764,-990.2425982624877
865,0.2549019607843137,-834.3169092290542
866,0.2549019607843137,-904.8742324978698
867,0.20098039215686275,-978.5102871539546
868,0.20098039215686275,-916.4395286335665
869,0.23529411764705882,-879.0180478563495
870,0.24019607843137256,-956.0939850152707
871,0.22058823529411764,-1005.7760383007574
872,0.17647058823529413,-1184.4231377489427
873,0.22058823529411764,-979.6707889519486
874,0.20588235294117646,-1005.7435830434164
875,0.22058823529411764,-898.3249872899523
876,0.23039215686274508,-908.396720456142
877,0.20588235294117646,-1081.1286407732496
878,0.19607843137254902,-862.8953708760879
879,0.2107843137254902,-1025.368085823807
880,0.23529411764705882,-844.6618284057168
881,0.22549019607843138,-1022.9824587878059
882,0.2549019607843137,-877.3766503801533
883,0.19607843137254902,-969.0886620914234
884,0.20588235294117646,-877.6336703767963
885,0.2696078431372549,-955.8451879351746
886,0.20098039215686275,-898.694546549928
887,0.23529411764705882,-1005.4747597750495
888,0.20588235294117646,-953.6384920793421
889,0.22549019607843138,-942.3515408459832
890,0.23039215686274508,-902.8497611775118
891,0.18627450980392157,-956.7886645186181
892,0.24019607843137256,-772.7060004215615
893,0.18627450980392157,-917.5576316796097
894,0.17647058823529413,-889.8320823557236
895,0.23529411764705882,-777.7774719911463
896,0.2107843137254902,-960.3644905464322
897,0.25980392156862747,-789.3023207608392
898,0.17647058823529413,-1067.6672130285524
899,0.2107843137254902,-977.4809182671939
900,0.22549019607843138,-945.8244561681561
901,0.22058823529411764,-907.8011270784864
902,0.21568627450980393,-958.3219002555398
903,0.21568627450980393,-936.9169044868619
904,0.18137254901960784,-1094.0075437134387
905,0.23039215686274508,-930.1901558894737
906,0.23529411764705882,-761.8291346325594
907,0.25,-855.2215603660135
908,0.2647058823529412,-962.6593886169733
909,0.24509803921568626,-902.6280465500028
910,0.2549019607843137,-856.2408248770471
911,0.23529411764705882,-813.38314260221
912,0.2549019607843137,-818.9946745704202
913,0.20588235294117646,-889.8409320232915
914,0.19117647058823528,-1052.3085402881397
915,0.22058823529411764,-753.4120858136346
916,0.21568627450980393,-1000.8612885755651
917,0.23039215686274508,-950.786605535769
918,0.23039215686274508,-815.5433597938687
919,0.20588235294117646,-963.761412078259
920,0.2549019607843137,-973.2971189723295
921,0.2549019607843137,-778.5951094346888
922,0.20588235294117646,-926.2651615329818
923,0.25,-860.5304204996894
924,0.28431372549019607,-857.0492079678704
925,0.22058823529411764,-900.1063611086677
926,0.21568627450980393,-936.9766921342588
927,0.22058823529411764,-960.4386805740057
928,0.18137254901960784,-996.2029050752228
929,0.22058823529411764,-949.879472395953
930,0.20098039215686275,-974.3173867019952
931,0.25980392156862747,-770.9479222391166
932,0.1715686274509804,-1095.8277411554375
933,0.20588235294117646,-1019.4352084515142
934,0.20098039215686275,-956.453449978548
935,0.22549019607843138,-949.8180097972645
936,0.2696078431372549,-761.3082852363586
937,0.20098039215686275,-932.1368924683215
938,0.2107843137254902,-881.4439900903141
939,0.19607843137254902,-1122.7160201353186
940,0.22549019607843138,-1008.9733905605241
941,0.20098039215686275,-1081.616255311405
942,0.19117647058823528,-1047.2361142588597
943,0.24509803921568626,-888.3566855075312
944,0.24019607843137256,-968.5194394354727
945,0.23529411764705882,-875.783608193491
946,0.24019607843137256,-665.7631212309295
947,0.1715686274509804,-1052.1704341477039
948,0.20588235294117646,-965.3536275508357
949,0.24509803921568626,-872.6914053150252
950,0.2107843137254902,-1073.5078554340437
951,0.24019607843137256,-933.7355225132961
952,0.22549019607843138,-995.0407304015814
953,0.24509803921568626,-870.9740621155383
954,0.2107843137254902,-1065.1025890462538
955,0.23039215686274508,-979.5348734481662
956,0.22549019607843138,-891.9980135898965
957,0.24019607843137256,-820.5625478707108
958,0.24509803921568626,-879.2605534908819
959,0.22549019607843138,-811.8520285849478
960,0.24509803921568626,-865.0668498020547
961,0.19117647058823528,-936.1030110564886
962,0.19607843137254902,-1049.4509582519531
963,0.23529411764705882,-824.2954173929551
964,0.22058823529411764,-940.571444978901
965,0.19117647058823528,-1009.3584116580439
966,0.14705882352941177,-1044.3377351667366
967,0.19117647058823528,-1029.7388663572424
968,0.23529411764705882,-901.3375995392893
969,0.21568627450980393,-900.6531454909082
970,0.20098039215686275,-888.0062012204937
971,0.2107843137254902,-957.4357496710385
972,0.22549019607843138,-871.735030781989
973,0.22549019607843138,-1012.4536115795959
974,0.1715686274509804,-1110.5546473895802
975,0.22549019607843138,-890.466217845094
976,0.23039215686274508,-715.1863180422315
977,0.20588235294117646,-1038.2207961549946
978,0.20588235294117646,-1121.620415575364
979,0.19607843137254902,-1062.5039922302844
980,0.2696078431372549,-871.6399619158576
981,0.23039215686274508,-915.7698135001987
982,0.19607843137254902,-893.1114648463679
983,0.24509803921568626,-919.2008814905204
984,0.22549019607843138,-874.3258445403155
985,0.20098039215686275,-1063.0449430895787
986,0.20098039215686275,-990.8880099969751
987,0.29411764705882354,-740.4785645241831
988,0.22058823529411764,-1044.2804029315125
989,0.2107843137254902,-947.9829406083799
990,0.25,-714.5971836576275
991,0.20588235294117646,-919.5080996494668
992,0.2107843137254902,-993.88109553094
993,0.25,-899.6907869974772
994,0.24019607843137256,-870.5416677605872
995,0.24509803921568626,-880.3217406366385
996,0.22058823529411764,-913.4231048284793
997,0.21568627450980393,-902.565001338136
998,0.23039215686274508,-919.5437106712192
999,0.19607843137254902,-1101.2268942477656
1000,0.2549019607843137,-850.2886200605654
1001,0.20588235294117646,-895.0962073756199
1002,0.19117647058823528,-1031.2234299416637
1003,0.19117647058823528,-1026.4096407796821
1004,0.2107843137254902,-902.5873819986979
1005,0.16176470588235295,-909.0810802871106
1006,0.2696078431372549,-786.2024856829175
1007,0.1715686274509804,-1121.8283671678282
1008,0.25,-907.3663421892652
1009,0.22058823529411764,-883.377119064331
1010,0.20098039215686275,-990.9204474617453
1011,0.23529411764705882,-873.9665434407253
1012,0.23039215686274508,-962.7020340152816
1013,0.20588235294117646,-975.1898960412717
1014,0.18627450980392157,-1109.6387658399694
1015,0.2549019607843137,-961.260203146467
1016,0.21568627450980393,-1088.3933609233184
1017,0.23529411764705882,-707.065722951702
1018,0.22058823529411764,-784.3826004477108
1019,0.25,-791.4381930407355
1020,0.2696078431372549,-909.1454471887326
1021,0.21568627450980393,-1018.7719854186563
1022,0.22549019607843138,-879.9000890208225
1023,0.2549019607843137,-850.5011813967835
1024,0.19607843137254902,-1117.2163898617614
1025,0.22058823529411764,-981.2720894907035
1026,0.20588235294117646,-936.849595565422
1027,0.20588235294117646,-897.1010727227903
1028,0.21568627450980393,-917.9253431488486
1029,0.2549019607843137,-915.9214629378973
1030,0.22549019607843138,-1003.7895069028817
1031,0.16666666666666666,-1051.5838146677204
1032,0.21568627450980393,-1001.4957059598437
1033,0.19117647058823528,-930.6222797281602
1034,0.24509803921568626,-947.4664078600266
1035,0.2696078431372549,-794.4297726014081
1036,0.23529411764705882,-816.7790502566917
1037,0.23529411764705882,-1074.1551447475658
1038,0.20588235294117646,-985.3861403371774
1039,0.2549019607843137,-736.2606235765943
1040,0.2647058823529412,-945.7059310277303
1041,0.25980392156862747,-951.4424119837144
1042,0.19607843137254902,-898.211365811965
1043,0.23039215686274508,-851.1339806107914
1044,0.18627450980392157,-964.8439413706461
1045,0.20098039215686275,-956.2728555529725
1046,0.20588235294117646,-996.9434513765223
1047,0.24509803921568626,-944.0122685151941
1048,0.16666666666666666,-1083.8558358024147
1049,0.22058823529411764,-985.8284348319559
1050,0.19117647058823528,-964.165475471347
1051,0.22058823529411764,-1119.2915024663887
1052,0.24019607843137256,-858.0083104862887
1053,0.18137254901960784,-999.5737028121948
1054,0.23039215686274508,-1070.9860470528697
1055,0.22549019607843138,-907.1871202319276
1056,0.19607843137254902,-979.4300875757255
1057,0.24509803921568626,-997.6862602794872
1058,0.17647058823529413,-975.6665652031992
1059,0.22549019607843138,-884.7953527394463
1060,0.24509803921568626,-760.3201190163107
1061,0.21568627450980393,-959.9041680728687
1062,0.2107843137254902,-948.9428545820947
1063,0.2107843137254902,-1095.4369565552356
1064,0.21568627450980393,-1053.0424815159217
1065,0.22549019607843138,-865.0689952326755
1066,0.20588235294117646,-1115.878735523598
1067,0.24509803921568626,-882.1215571983188
1068,0.21568627450980393,-971.3977483394099
1069,0.23529411764705882,-788.6074563194724
1070,0.2647058823529412,-864.8704553678924
1071,0.23529411764705882,-923.8217632443298
1072,0.2647058823529412,-829.8450740926406
1073,0.18627450980392157,-1028.9366869084974
1074,0.25,-826.0925922954784
1075,0.18137254901960784,-1003.2645451788809
1076,0.2107843137254902,-971.9720221407273
1077,0.1715686274509804,-1113.4379270777983
1078,0.24019607843137256,-926.7810703165391
1079,0.15196078431372548,-1048.417728695215
1080,0.20098039215686275,-917.2506721066494
1081,0.24019607843137256,-878.9641973084094
1082,0.21568627450980393,-885.2314631424698
1083,0.21568627450980393,-894.376038383035
1084,0.23039215686274508,-988.5223107431449
1085,0.23529411764705882,-999.3570672951492
1086,0.23039215686274508,-812.2818104800056
1087,0.2107843137254902,-1103.1060365041096
1088,0.22549019607843138,-846.2052146500232
1089,0.19117647058823528,-873.4066178003947
1090,0.25,-849.2771335115619
1091,0.23039215686274508,-983.0131422117645
1092,0.20588235294117646,-1057.5644280583251
1093,0.22549019607843138,-1004.3713905484069
1094,0.24019607843137256,-803.6397042274475
1095,0.20098039215686275,-1022.4888328290454
1096,0.22549019607843138,-796.1892611185709
1097,0.21568627450980393,-971.5375099556119
1098,0.21568627450980393,-861.9489868668949
1099,0.23039215686274508,-1010.3017080718396
1100,0.20588235294117646,-988.6740885902854
1101,0.22058823529411764,-901.3699034709556
1102,0.22549019607843138,-863.8022822024775
1103,0.20588235294117646,-1032.9680135764327
1104,0.20588235294117646,-950.8447955075433
1105,0.24509803921568626,-932.6517450201745
1106,0.20098039215686275,-946.309014152078
1107,0.25,-938.6930797988293
1108,0.23529411764705882,-813.8663284264359
1109,0.22058823529411764,-927.6747043647018
1110,0.27450980392156865,-811.806461614721
1111,0.22549019607843138,-804.9065816168692
1112,0.22058823529411764,-941.5723528581507
1113,0.20588235294117646,-1053.6751805660772
1114,0.25980392156862747,-928.5164600073123
1115,0.25980392156862747,-910.1628926408057
1116,0.2107843137254902,-981.7376660365684
1117,0.22549019607843138,-1027.636435845319
1118,0.23529411764705882,-798.6117251714071
1119,0.23039215686274508,-1000.4994001575545
1120,0.2107843137254902,-962.889157706616
1121,0.22058823529411764,-816.992742912442
1122,0.22549019607843138,-913.0423056284586
1123,0.23039215686274508,-821.4733301705005
1124,0.24019607843137256,-967.0581806126763
1125,0.23039215686274508,-846.9402830273498
1126,0.19117647058823528,-1101.0894997821135
1127,0.25980392156862747,-909.0810882717956
1128,0.23039215686274508,-1013.3950456918454
1129,0.22058823529411764,-1013.3757013900607
1130,0.21568627450980393,-1073.9608325864754
1131,0.23529411764705882,-934.8083223268097
1132,0.23529411764705882,-928.6353954988367
1133,0.2107843137254902,-879.8618178835102
1134,0.22549019607843138,-886.6319532020419
1135,0.19117647058823528,-965.7516370661118
1136,0.20588235294117646,-858.3878990996118
1137,0.2696078431372549,-867.3657627479703
1138,0.19607843137254902,-914.2922944555096
1139,0.2107843137254902,-825.0893795724008
1140,0.16176470588235295,-1188.4462555810517
1141,0.21568627450980393,-907.4864635841519
1142,0.2107843137254902,-884.8292465583951
1143,0.1715686274509804,-949.50528234594
1144,0.18137254901960784,-926.7319722643085
1145,0.22549019607843138,-913.6153841486164
1146,0.25980392156862747,-843.9648796904321
1147,0.25980392156862747,-910.03036441055
1148,0.18137254901960784,-1060.7697834875069
1149,0.24509803921568626,-810.9014302983004
1150,0.25,-793.0112356111115
1151,0.18627450980392157,-998.553366763919
1152,0.27450980392156865,-857.9177203552396
1153,0.21568627450980393,-830.6307088908027
1154,0.22549019607843138,-959.7390954447727
1155,0.18627450980392157,-997.7795396879608
1156,0.20588235294117646,-996.711219292061
1157,0.2107843137254902,-1078.9021063598932
1158,0.2107843137254902,-850.7684703340717
1159,0.25980392156862747,-838.6539805356194
1160,0.19117647058823528,-1030.6607718374214
1161,0.20098039215686275,-942.7026443668441
1162,0.23039215686274508,-994.2394559523639
1163,0.29901960784313725,-753.9633994569965
1164,0.24019607843137256,-975.413371553608
1165,0.23529411764705882,-940.9416345334521
1166,0.16666666666666666,-1107.4559290268842
1167,0.2647058823529412,-881.030816078186
1168,0.22058823529411764,-818.1904350075067
1169,0.24019607843137256,-844.2990283966064
1170,0.23529411764705882,-904.5902943704642
1171,0.24019607843137256,-756.1910130369897
1172,0.24509803921568626,-914.745800523197
1173,0.19607843137254902,-997.3027601429061
1174,0.19117647058823528,-912.1565172438528
1175,0.2107843137254902,-978.1407221438837
1176,0.21568627450980393,-774.6636717366238
1177,0.24019607843137256,-843.4589029012942
1178,0.25980392156862747,-711.1110135807711
1179,0.24019607843137256,-946.4341471428964
1180,0.23039215686274508,-883.2450010636273
1181,0.2647058823529412,-772.0564406432358
1182,0.23039215686274508,-913.1040729260912
1183,0.21568627450980393,-932.1362811443853
1184,0.20588235294117646,-941.414547032001
1185,0.22058823529411764,-1008.1213636959301
1186,0.23529411764705882,-929.5549362407011
1187,0.23039215686274508,-895.0675881984187
1188,0.24509803921568626,-932.021463356766
1189,0.2647058823529412,-780.280660834967
1190,0.2107843137254902,-942.6757041145773
1191,0.21568627450980393,-1028.1545456250508
1192,0.23529411764705882,-941.6105063101825
1193,0.22549019607843138,-914.903421345879
1194,0.18627450980392157,-1108.6836016879363
1195,0.19607843137254902,-1069.1410009627248
1196,0.2549019607843137,-781.4184226054771
1197,0.21568627450980393,-960.7071218116611
1198,0.24019607843137256,-914.9530347562304
1199,0.17647058823529413,-1050.3612047270233
1200,0.22549019607843138,-763.3768091669269
1201,0.22549019607843138,-1045.3323579956505
1202,0.21568627450980393,-1008.9995799532123
1203,0.2107843137254902,-1046.6027548827376
1204,0.2107843137254902,-940.1924776750452
1205,0.22549019607843138,-979.2289061452828
1206,0.23039215686274508,-778.5334561104868
1207,0.20098039215686275,-1011.6182538761813
1208,0.22549019607843138,-986.438975465064
1209,0.23529411764705882,-948.5709898705576
1210,0.22549019607843138,-959.5476291880888
1211,0.2107843137254902,-897.5673346986957
1212,0.23529411764705882,-918.1237009927338
1213,0.20588235294117646,-897.8823014801624
1214,0.21568627450980393,-826.4220442584916
1215,0.19607843137254902,-964.7051525115967
1216,0.24019607843137256,-902.6728348451502
1217,0.2107843137254902,-907.7372797797708
1218,0.24509803921568626,-902.951444233165
1219,0.21568627450980393,-1051.5167308134191
1220,0.22058823529411764,-852.2337103264005
1221,0.21568627450980393,-890.4332935482848
1222,0.18137254901960784,-1122.0002001594094
1223,0.23039215686274508,-961.4290715105393
1224,0.20588235294117646,-996.3591180969687
1225,0.1715686274509804,-1014.1263810045579
1226,0.2549019607843137,-789.0143215516034
1227,0.21568627450980393,-1001.9543235068228
1228,0.21568627450980393,-782.4235869201959
1229,0.23529411764705882,-971.4500350765153
1230,0.20098039215686275,-1061.5130819806866
1231,0.22058823529411764,-997.7854523191265
1232,0.24509803921568626,-846.0130353441425
1233,0.23529411764705882,-856.6778883840524
1234,0.25,-798.7443151287004
1235,0.20588235294117646,-998.1957145111234
1236,0.20098039215686275,-1070.246851902382
1237,0.20588235294117646,-973.2910341281516
1238,0.23529411764705882,-971.3065298865823
1239,0.25980392156862747,-895.0939377335941
1240,0.20098039215686275,-1003.1865792928958
1241,0.2107843137254902,-879.1257796194039
1242,0.2549019607843137,-898.8725106295417
1243,0.23529411764705882,-912.5778593549542
1244,0.2696078431372549,-809.66342903586
1245,0.21568627450980393,-1001.319543576708
1246,0.22549019607843138,-966.1630489779453
1247,0.20588235294117646,-895.8285184280545
1248,0.23039215686274508,-921.4375390819474
1249,0.2107843137254902,-848.7910299114152
1250,0.23039215686274508,-922.1614926469092
1251,0.18627450980392157,-1114.946705500285
1252,0.20098039215686275,-1008.6057563669541
1253,0.2107843137254902,-977.7358110745748
1254,0.2107843137254902,-985.588378831452
1255,0.20588235294117646,-892.0256861705406
1256,0.23529411764705882,-808.9214085410623
1257,0.2107843137254902,-739.6479015724332
1258,0.18137254901960784,-1059.3975419063195
1259,0.16666666666666666,-963.2385046902825
1260,0.22549019607843138,-1017.9280656365787
1261,0.24509803921568626,-836.9239368999706
1262,0.20588235294117646,-897.2261009777294
1263,0.19117647058823528,-994.6584315019495
1264,0.22058823529411764,-835.2656632591696
1265,0.19607843137254902,-1014.526950714635
1266,0.2107843137254902,-996.2610062430887
1267,0.20098039215686275,-951.8658793019314
1268,0.24509803921568626,-832.5427568286073
1269,0.17647058823529413,-933.9824521681842
1270,0.21568627450980393,-977.428290086634
1271,0.23529411764705882,-915.6564250927346
1272,0.2647058823529412,-938.4189060809565
1273,0.23529411764705882,-881.6569425919477
1274,0.21568627450980393,-1112.7025436139575
1275,0.20588235294117646,-841.7623780381446
1276,0.20588235294117646,-867.1228786543304
1277,0.30392156862745096,-679.4065532684326
1278,0.16666666666666666,-1052.6120844822303
1279,0.20098039215686275,-1028.0037192924349
1280,0.2107843137254902,-1082.6472247628606
1281,0.2696078431372549,-920.9271356358248
1282,0.20098039215686275,-986.4864777583701
1283,0.20588235294117646,-1025.2956194784126
1284,0.19607843137254902,-1082.101307962455
1285,0.18627450980392157,-1055.9216320561427
1286,0.20588235294117646,-1079.6692801643821
1287,0.16666666666666666,-870.7816430634143
1288,0.2107843137254902,-1032.0535633891236
1289,0.23039215686274508,-889.6431540881886
1290,0.27941176470588236,-719.0744793648813
1291,0.22549019607843138,-924.6131103366029
1292,0.23529411764705882,-900.0207417899487
1293,0.23529411764705882,-760.9466447269215
1294,0.22058823529411764,-990.6827176598941
1295,0.19117647058823528,-1025.3733745088764
1296,0.20588235294117646,-989.8271532619701
1297,0.23529411764705882,-914.0451357317905
1298,0.22058823529411764,-990.4989896288105
1299,0.2107843137254902,-850.1428937911987
1300,0.22549019607843138,-1009.2200250812606
1301,0.22549019607843138,-808.7271596684176
1302,0.22058823529411764,-967.8060523949417
1303,0.17647058823529413,-1090.2779215083403
1304,0.19607843137254902,-951.3207077793046
1305,0.23039215686274508,-791.9714941323972
1306,0.23039215686274508,-1002.096625178468
1307,0.2647058823529412,-755.1142451716404
1308,0.24509803921568626,-814.6533098594815
1309,0.20588235294117646,-916.2154974469952
1310,0.22058823529411764,-984.3448481466256
1311,0.18627450980392157,-1026.60353084639
1312,0.20588235294117646,-1059.1206613615448
1313,0.1568627450980392,-1068.9231513715258
1314,0.22549019607843138,-881.8455181308822
1315,0.20098039215686275,-1002.6414339215148
1316,0.22549019607843138,-905.6683047238519
1317,0.23529411764705882,-917.5253001568365
1318,0.24509803921568626,-903.9076395969765
1319,0.23529411764705882,-927.8816251380771
1320,0.20098039215686275,-989.8043447943295
1321,0.17647058823529413,-1016.3137146070892
1322,0.20098039215686275,-1041.3015204410926
1323,0.23529411764705882,-872.4271897147684
1324,0.25980392156862747,-842.5715602425968
1325,0.27941176470588236,-794.0768639620612
1326,0.24019607843137256,-899.8217172248691
1327,0.25980392156862747,-990.5459726558012
1328,0.18627450980392157,-1042.9929833879658
1329,0.23529411764705882,-977.9409089929917
1330,0.20588235294117646,-936.9161296919281
1331,0.21568627450980393,-948.1376529394412
1332,0.24019607843137256,-1011.89167694017
1333,0.20588235294117646,-919.5796964495789
1334,0.24019607843137256,-963.7668394387937
1335,0.27941176470588236,-854.3279799573562
1336,0.1568627450980392,-944.6003168423971
1337,0.20098039215686275,-922.2492486168356
1338,0.27450980392156865,-886.3399780310837
1339,0.19117647058823528,-954.5179012616476
1340,0.22058823529411764,-926.6218821955662
1341,0.20098039215686275,-1088.8372259514006
1342,0.24019607843137256,-842.0899664186963
1343,0.24019607843137256,-837.4900336546057
1344,0.22549019607843138,-915.5141348745309
1345,0.24019607843137256,-871.8080498190487
1346,0.16176470588235295,-1149.8149216595818
1347,0.23529411764705882,-975.709610677233
1348,0.22549019607843138,-1063.6151340896008
1349,0.24019607843137256,-791.5247664919086
1350,0.22058823529411764,-869.9017823911181
1351,0.19607843137254902,-1108.0248484518013
1352,0.2549019607843137,-841.5823026731903
1353,0.22058823529411764,-849.3998295466105
1354,0.19607843137254902,-1027.7159961906134
1355,0.25980392156862747,-850.5957124186497
1356,0.2549019607843137,-808.2663692960552
1357,0.22549019607843138,-868.089552972831
1358,0.21568627450980393,-902.1877117156982
1359,0.24509803921568626,-884.9943802029479
1360,0.23039215686274508,-764.0158984240363
1361,0.2647058823529412,-728.6193232442819
1362,0.17647058823529413,-1053.0041625826966
1363,0.24019607843137256,-914.0046595966114
1364,0.20098039215686275,-993.0178246778601
1365,0.2549019607843137,-875.2667626867108
1366,0.20098039215686275,-1041.774318816615
1367,0.18627450980392157,-997.6751369682013
1368,0.23039215686274508,-1003.5220891073639
1369,0.25,-874.8542177723904
1370,0.23529411764705882,-797.4893296372657
1371,0.23039215686274508,-956.8719491023643
1372,0.2549019607843137,-874.5700949874579
1373,0.2549019607843137,-1045.6324961232203
1374,0.2696078431372549,-794.9947685166901
1375,0.2549019607843137,-886.1960099257675
1376,0.24019607843137256,-878.9071704827103
1377,0.22549019607843138,-880.5207948684692
1378,0.20588235294117646,-1121.6592335046507
1379,0.20588235294117646,-890.313595640893
1380,0.22058823529411764,-931.7268345776727
1381,0.19607843137254902,-968.2432374019248
1382,0.16176470588235295,-1013.9178275594525
1383,0.19607843137254902,-870.0244645604901
1384,0.21568627450980393,-980.6880785811181
1385,0.20588235294117646,-828.814733767042
1386,0.18137254901960784,-945.1956072788613
1387,0.22058823529411764,-888.9073159834918
1388,0.20098039215686275,-978.10671228521
1389,0.18627450980392157,-1135.0566679356145
1390,0.19607843137254902,-1046.579042705835
1391,0.23529411764705882,-750.8050007539637
1392,0.24509803921568626,-869.3780732809329
1393,0.22549019607843138,-869.0805486230289
1394,0.20588235294117646,-947.6050699458402
1395,0.17647058823529413,-1046.1305231767542
1396,0.20588235294117646,-957.9523018855674
1397,0.17647058823529413,-1040.4132327846453
1398,0.27941176470588236,-803.8700221379598
1399,0.24509803921568626,-960.3830932448892
1400,0.2107843137254902,-1022.480497004939
1401,0.23529411764705882,-721.7287918913598
1402,0.23529411764705882,-824.8035225026748
1403,0.20098039215686275,-1010.9135446361466
1404,0.24509803921568626,-888.4927478491092
1405,0.19117647058823528,-936.709799598245
1406,0.20588235294117646,-965.8033133768567
1407,0.21568627450980393,-967.5280427371754
1408,0.20588235294117646,-965.0799262663897
1409,0.2696078431372549,-792.9718184377633
1410,0.22058823529411764,-917.3869230419982
1411,0.19607843137254902,-908.6816035906473
1412,0.18627450980392157,-1032.29346966276
1413,0.23039215686274508,-831.5491339739631
1414,0.21568627450980393,-981.2889151479684
1415,0.18627450980392157,-1009.0890529295978
1416,0.22058823529411764,-1006.0880798732533
1417,0.23529411764705882,-872.3535805590012
1418,0.24509803921568626,-916.3181624880024
1419,0.23039215686274508,-794.6362383973365
1420,0.20098039215686275,-984.4565016896117
1421,0.22549019607843138,-961.8158743802239
1422,0.18137254901960784,-1065.2200499702903
1423,0.2107843137254902,-954.4295485627417
1424,0.20098039215686275,-894.7380252538943
1425,0.14705882352941177,-1149.5836367981108
1426,0.22549019607843138,-1010.7573925841089
1427,0.22058823529411764,-840.6195748460059
1428,0.22549019607843138,-981.5203892763923
1429,0.2696078431372549,-931.4895443261838
1430,0.23529411764705882,-880.7558512126698
1431,0.21568627450980393,-1088.4604528651519
1432,0.2107843137254902,-888.3764640583712
1433,0.22549019607843138,-944.5243009305468
1434,0.19607843137254902,-1080.1694818571502
1435,0.23039215686274508,-936.449764326507
1436,0.18627450980392157,-926.0326767248266
1437,0.18627450980392157,-996.101848340502
1438,0.20588235294117646,-954.0460459017286
1439,0.2107843137254902,-1044.9411402309643
1440,0.19607843137254902,-961.572982376697
1441,0.18137254901960784,-947.1706273696002
1442,0.23529411764705882,-760.0702381040536
1443,0.25,-945.6328186614841
1444,0.22058823529411764,-955.7761737038107
1445,0.22058823529411764,-938.6153468711703
1446,0.20588235294117646,-1056.7229792838002
1447,0.17647058823529413,-921.8224147908828
1448,0.23039215686274508,-897.7513900831634
1449,0.23039215686274508,-972.7092275339014
1450,0.24019607843137256,-1008.8487923379038
1451,0.23529411764705882,-1107.7607383167042
1452,0.24019607843137256,-939.4754525726917
1453,0.22058823529411764,-980.5026960372925
1454,0.20588235294117646,-984.4169290019016
1455,0.20098039215686275,-947.0411317488727
1456,0.19607843137254902,-948.6303767970963
1457,0.20098039215686275,-886.4096439772961
1458,0.25,-743.4906634723438
1459,0.25,-852.8689023186179
1460,0.19117647058823528,-1188.474603952146
1461,0.2107843137254902,-874.1464079875572
1462,0.23529411764705882,-661.4468822011761
1463,0.22058823529411764,-1049.5643948199702
1464,0.20588235294117646,-904.6943311504289
1465,0.18627450980392157,-1056.050830897163
1466,0.21568627450980393,-981.8651141372382
1467,0.20588235294117646,-1013.2871438007729
1468,0.20098039215686275,-937.3313488866769
1469,0.25980392156862747,-888.2346775017533
1470,0.20098039215686275,-1017.2489268733005
1471,0.2549019607843137,-829.4219594656253
1472,0.2549019607843137,-915.0484439438465
1473,0.2647058823529412,-816.6409230512731
1474,0.22058823529411764,-967.8753574408737
1475,0.2647058823529412,-825.2224191590851
1476,0.24019607843137256,-901.4300891277837
1477,0.25980392156862747,-735.8121438306921
1478,0.2647058823529412,-906.0070058224248
1479,0.21568627450980393,-982.2728977016374
1480,0.17647058823529413,-1107.010773228664
1481,0.20098039215686275,-977.5836080476349
1482,0.24019607843137256,-897.9651845670214
1483,0.25,-874.7233387442196
1484,0.22549019607843138,-1112.5604920854755
1485,0.24509803921568626,-870.9096532054976
1486,0.23529411764705882,-911.4619264322168
1487,0.2107843137254902,-939.1048869899674
1488,0.21568627450980393,-971.8511616575952
1489,0.23039215686274508,-1009.0907952832241
1490,0.23039215686274508,-854.4471939685297
1491,0.23039215686274508,-813.0630162276474
1492,0.22549019607843138,-866.7308081832587
1493,0.18627450980392157,-903.7817589441935
1494,0.21568627450980393,-974.4926404018028
1495,0.23039215686274508,-829.2193370613397
1496,0.23039215686274508,-1011.6747423246795
1497,0.20098039215686275,-961.6144391976151
1498,0.20098039215686275,-1050.1585544885374
1499,0.2696078431372549,-819.2005988756815
1500,0.23529411764705882,-888.8566663779465
1501,0.25,-815.604098441554
1502,0.24509803921568626,-856.0931498022641
1503,0.2549019607843137,-963.8581001244339
1504,0.24019607843137256,-765.7417486415189
1505,0.25,-892.289171705059
1506,0.18627450980392157,-1027.149640644298
1507,0.19607843137254902,-962.6024706784417
1508,0.21568627450980393,-896.6173569548364
1509,0.17647058823529413,-1041.1810276461583
1510,0.23529411764705882,-740.1608076843561
1511,0.25,-963.3095795033025
1512,0.22549019607843138,-878.710467226365
1513,0.19607843137254902,-959.9055497412588
1514,0.2549019607843137,-876.648668981066
1515,0.21568627450980393,-842.9376817310558
1516,0.23039215686274508,-964.9276832131778
1517,0.22058823529411764,-913.483834808948
1518,0.21568627450980393,-896.7491604487101
1519,0.19117647058823528,-1014.1875180263145
1520,0.2647058823529412,-795.6359429452933
1521,0.24509803921568626,-883.6930226718678
1522,0.21568627450980393,-876.0837746507981
1523,0.24019607843137256,-947.1831469629325
1524,0.23529411764705882,-885.6740129882214
1525,0.18137254901960784,-1018.1904556798
1526,0.20098039215686275,-1116.9669372147205
1527,0.18137254901960784,-1079.235042553322
1528,0.21568627450980393,-870.1121853753632
1529,0.23529411764705882,-898.959299181022
1530,0.21568627450980393,-1018.8402065576291
1531,0.22058823529411764,-984.8563871944652
1532,0.2107843137254902,-1049.9711906021716
1533,0.2549019607843137,-835.3518860947852
1534,0.25,-862.3034319971122
1535,0.20588235294117646,-914.3756272185083
1536,0.25980392156862747,-932.4515729604983
1537,0.1715686274509804,-1096.549042664322
1538,0.24019607843137256,-967.2797947490917
1539,0.22549019607843138,-1002.4854408151963
1540,0.19607843137254902,-972.430571715037
1541,0.24019607843137256,-931.9953435636035
1542,0.24019607843137256,-888.8380442974615
1543,0.23039215686274508,-862.4572258369595
1544,0.24509803921568626,-786.3395859493929
1545,0.19607843137254902,-1062.7497696409039
1546,0.17647058823529413,-1035.6940442066566
1547,0.23039215686274508,-1039.1233952840169
1548,0.24019607843137256,-989.8813145768409
1549,0.22058823529411764,-985.8673242868161
1550,0.22058823529411764,-852.9049999012667
1551,0.2696078431372549,-900.8201113308178
1552,0.24019607843137256,-936.6941662676194
1553,0.19117647058823528,-1050.4876959931617
1554,0.24509803921568626,-871.6731347476734
1555,0.22549019607843138,-882.161319695267
1556,0.21568627450980393,-922.4426847719678
1557,0.23039215686274508,-1081.1823535059013
1558,0.2107843137254902,-962.0869852421331
1559,0.24019607843137256,-804.3811764623605
1560,0.22058823529411764,-934.968744838939
1561,0.22549019607843138,-915.3021224339803
1562,0.20098039215686275,-980.4967314589258
1563,0.25,-1028.8878092485315
1564,0.19117647058823528,-948.7079822128894
1565,0.17647058823529413,-932.9335776684331
1566,0.23039215686274508,-949.4752477571076
1567,0.2549019607843137,-870.1691533630969
1568,0.21568627450980393,-891.1919797635546
1569,0.17647058823529413,-1053.7162092620251
1570,0.21568627450980393,-900.1113683289173
1571,0.16666666666666666,-1169.8180417266547
1572,0.21568627450980393,-973.1445497157526
1573,0.24019607843137256,-890.0929820677813
1574,0.25,-779.762701922772
1575,0.24019607843137256,-808.3593392465629
1576,0.20588235294117646,-956.0598778444178
1577,0.22549019607843138,-861.9227344569038
1578,0.19607843137254902,-1007.422293214237
1579,0.23529411764705882,-904.6005176843381
1580,0.23529411764705882,-893.2566360118342
1581,0.20588235294117646,-1094.0597711076923
1582,0.2107843137254902,-951.7436500811109
1583,0.22058823529411764,-860.463491860558
1584,0.24509803921568626,-853.592628329408
1585,0.20098039215686275,-889.0120418959973
1586,0.22549019607843138,-858.4210734273873
1587,0.1568627450980392,-1170.195421705059
1588,0.19607843137254902,-1085.298754860373
1589,0.23529411764705882,-946.5436510572247
1590,0.24019607843137256,-882.6651086246266
1591,0.19117647058823528,-1075.0918422399782
1592,0.24509803921568626,-973.7846482968798
1593,0.25,-900.4282295002657
1594,0.20588235294117646,-942.1739239599191
1595,0.19607843137254902,-959.5638589204526
1596,0.24509803921568626,-864.7723558089313
1597,0.22549019607843138,-843.8026980418784
1598,0.19607843137254902,-1122.484288748573
1599,0.23039215686274508,-979.1412737790276
1600,0.22058823529411764,-924.8915239969889
1601,0.23529411764705882,-957.1809771855673
1602,0.23039215686274508,-899.9137929748086
1603,0.18627450980392157,-958.4666145455603
1604,0.25,-809.7415973625931
1605,0.19607843137254902,-976.9657213360656
1606,0.20098039215686275,-937.9936560742996
1607,0.2549019607843137,-911.7873200061274
1608,0.2647058823529412,-1006.3930373472326
1609,0.22058823529411764,-927.3285803233875
1610,0.20098039215686275,-943.7602182463104
1611,0.25,-955.7650866414987
1612,0.21568627450980393,-909.99900970272
1613,0.19117647058823528,-999.8304796779857
1614,0.20588235294117646,-948.53635077383
1615,0.23039215686274508,-790.832293660033
1616,0.20588235294117646,-943.7103920917885
1617,0.19607843137254902,-898.2755013260187
1618,0.21568627450980393,-1007.6122414832022
1619,0.22549019607843138,-891.0662841796875
1620,0.29901960784313725,-688.650546055214
1621,0.24509803921568626,-823.2060768651028
1622,0.23039215686274508,-924.06874146181
1623,0.18627450980392157,-963.2519486558203
1624,0.19117647058823528,-955.0629340153115
1625,0.20098039215686275,-962.9164357091867
1626,0.20588235294117646,-806.0497857262106
1627,0.23529411764705882,-890.290441344766
1628,0.24509803921568626,-866.4829792134902
1629,0.23039215686274508,-898.8120954083462
1630,0.1715686274509804,-978.1975663129022
1631,0.25,-883.6294474882238
1632,0.18627450980392157,-1033.081334357168
1633,0.2549019607843137,-847.4248114193188
1634,0.21568627450980393,-923.5090879365509
1635,0.24019607843137256,-883.0464711656757
1636,0.18627450980392157,-990.8133651228512
1637,0.20098039215686275,-1058.812634898167
1638,0.21568627450980393,-907.2826232349171
1639,0.2549019607843137,-822.6351070404053
1640,0.25,-882.093635708678
1641,0.20588235294117646,-994.4579837275486
1642,0.23529411764705882,-981.4723954855227
1643,0.19607843137254902,-1019.7260074802474
1644,0.20588235294117646,-895.3238033406875
1645,0.23039215686274508,-984.7978924022001
1646,0.20588235294117646,-977.2691352881637
1647,0.21568627450980393,-1041.4370324658412
1648,0.24019607843137256,-841.4866325341019
1649,0.24509803921568626,-724.8697298835306
1650,0.21568627450980393,-878.9232194563922
1651,0.18137254901960784,-998.211566027473
1652,0.27450980392156865,-827.9482742010379
1653,0.23529411764705882,-790.5834915871714
1654,0.18627450980392157,-949.144989565307
1655,0.25,-649.3711394889682
1656,0.2107843137254902,-883.6832388896568
1657,0.17647058823529413,-960.68605706271
1658,0.19117647058823528,-1068.1422334558824
1659,0.17647058823529413,-1032.7902302835503
1660,0.18137254901960784,-1094.9704693251965
1661,0.20098039215686275,-915.9378685764237
1662,0.18137254901960784,-1082.0400433259852
1663,0.2696078431372549,-507.23941944159714
1664,0.21568627450980393,-916.7100327903149
1665,0.23039215686274508,-823.9623166533078
1666,0.19117647058823528,-1049.7579970640295
1667,0.25,-872.8911086250754
1668,0.16176470588235295,-1048.614806511823
1669,0.23529411764705882,-831.1164589489208
1670,0.2107843137254902,-910.4298321219052
1671,0.25980392156862747,-1069.1808163979474
1672,0.2107843137254902,-912.1233231413598
1673,0.2107843137254902,-1025.7254254023235
1674,0.21568627450980393,-947.6621133953918
1675,0.2549019607843137,-918.900115368413
1676,0.23039215686274508,-900.5489543185514
1677,0.21568627450980393,-1051.6846402953652
1678,0.25980392156862747,-773.3740667642331
1679,0.21568627450980393,-840.5053855297613
1680,0.21568627450980393,-992.587911456239
1681,0.20588235294117646,-965.6541741689047
1682,0.25980392156862747,-951.3102723289938
1683,0.2107843137254902,-838.7493158976237
1684,0.18627450980392157,-1011.6362739263797
1685,0.15196078431372548,-1022.1799874025232
1686,0.23039215686274508,-999.4863355673996
1687,0.24019607843137256,-1043.2611408514135
1688,0.21568627450980393,-913.937162511489
1689,0.2107843137254902,-1008.1318300284591
1690,0.23039215686274508,-944.0519014526816
1691,0.23529411764705882,-809.6885039572622
1692,0.23529411764705882,-1014.8567046371161
1693,0.2107843137254902,-949.5204759205089
1694,0.21568627450980393,-871.7715432410147
1695,0.18627450980392157,-966.6792207605698
1696,0.1715686274509804,-1071.8787864329768
1697,0.2549019607843137,-787.3789159924377
1698,0.2107843137254902,-912.1991803599338
1699,0.22549019607843138,-830.5031140645345
1700,0.20098039215686275,-1059.7334854462567
1701,0.27450980392156865,-839.3375352410709
1702,0.24019607843137256,-984.7077631669886
1703,0.23529411764705882,-923.0375763762231
1704,0.18627450980392157,-1028.937342681137
1705,0.17647058823529413,-1044.4238634483488
1706,0.19607843137254902,-1113.9523000717163
1707,0.21568627450980393,-985.2656266829547
1708,0.19607843137254902,-928.001000105166
1709,0.19607843137254902,-993.1889142990112
1710,0.18137254901960784,-935.8286450516944
1711,0.22058823529411764,-924.855796178182
1712,0.19607843137254902,-1128.4075760560877
1713,0.19607843137254902,-1045.3960339602302
1714,0.19607843137254902,-956.0065932367362
1715,0.23529411764705882,-696.7937660217285
1716,0.21568627450980393,-950.8917078130386
1717,0.20098039215686275,-954.3208574968226
1718,0.19117647058823528,-1064.6912763819976
1719,0.1568627450980392,-1083.1666832811693
1720,0.2549019607843137,-889.1988606546439
1721,0.23039215686274508,-1012.2848673801797
1722,0.23039215686274508,-940.5622591878854
1723,0.27450980392156865,-723.8262737311569
1724,0.25,-709.3032266018438
1725,0.23529411764705882,-906.3628551819745
1726,0.22058823529411764,-940.01133963641
1727,0.24509803921568626,-988.2051494168301
1728,0.20098039215686275,-944.4944392933565
1729,0.22058823529411764,-973.2599031971951
1730,0.25980392156862747,-879.5166332955454
1731,0.2549019607843137,-882.2564263063318
1732,0.20098039215686275,-968.6268781587189
1733,0.21568627450980393,-842.2178056754318
1734,0.23039215686274508,-920.8336531695197
1735,0.2107843137254902,-963.4339286205816
1736,0.19607843137254902,-1037.9179105384676
1737,0.24509803921568626,-946.3831375533459
1738,0.2107843137254902,-777.9736157024608
1739,0.23529411764705882,-821.1396359836353
1740,0.2107843137254902,-988.2460679914437
1741,0.21568627450980393,-933.1954881163205
1742,0.22549019607843138,-998.747361575856
1743,0.21568627450980393,-928.9159589281269
1744,0.20588235294117646,-894.2243201685886
1745,0.25,-976.4026061413335
1746,0.23529411764705882,-896.3383999057845
1747,0.20588235294117646,-1101.7957698410632
1748,0.22058823529411764,-851.5014377668792
1749,0.24019607843137256,-949.2623236880582
1750,0.23039215686274508,-921.2876263132282
1751,0.25,-773.8952733582141
1752,0.24019607843137256,-979.6500624114392
1753,0.19607843137254902,-839.0899867263495
1754,0.22058823529411764,-1090.6661190332152
1755,0.21568627450980393,-876.5907658969654
1756,0.25980392156862747,-820.624701163348
1757,0.21568627450980393,-872.9927013434616
1758,0.22058823529411764,-942.8114346335916
1759,0.24019607843137256,-964.008810005936
1760,0.19607843137254902,-1019.4806010676365
1761,0.23039215686274508,-1052.8652349546844
1762,0.23529411764705882,-894.5896546419929
1763,0.21568627450980393,-900.2084193510168
1764,0.23529411764705882,-1019.4577910105387
1765,0.22058823529411764,-945.1220385888043
1766,0.19607843137254902,-1050.9462089912565
1767,0.23529411764705882,-866.6501162846884
1768,0.20588235294117646,-1016.9156844943177
1769,0.19607843137254902,-978.854870525061
1770,0.24509803921568626,-924.5874428655587
1771,0.23529411764705882,-1003.5517808128806
1772,0.21568627450980393,-1027.9042017132629
1773,0.18137254901960784,-1000.0213444466684
1774,0.22549019607843138,-958.1280394161449
1775,0.2549019607843137,-910.2604825075935
1776,0.23529411764705882,-794.6214821946387
1777,0.24509803921568626,-972.1473284328686
1778,0.22058823529411764,-1000.5419934403662
1779,0.20098039215686275,-889.2915742537555
1780,0.24019607843137256,-1006.0970132678162
1781,0.16176470588235295,-1115.030373807047
1782,0.20098039215686275,-974.9466457553939
1783,0.18137254901960784,-936.6374742938023
1784,0.22058823529411764,-1040.1299188838286
1785,0.23529411764705882,-819.7165348389569
1786,0.2107843137254902,-1020.3886168236826
1787,0.25,-815.981894792295
1788,0.2107843137254902,-937.9692142523971
1789,0.23039215686274508,-777.704105536143
1790,0.21568627450980393,-941.5945480571073
1791,0.21568627450980393,-968.9107979699677
1792,0.20588235294117646,-944.1075275645536
1793,0.22058823529411764,-983.1574779398301
1794,0.2107843137254902,-1120.936761519488
1795,0.18627450980392157,-1022.5896458719291
1796,0.19607843137254902,-1003.3547928567026
1797,0.20588235294117646,-993.4337436451632
1798,0.2107843137254902,-912.943442138971
1799,0.17647058823529413,-1085.3007810723548
1800,0.23529411764705882,-843.1063411002066
1801,0.1715686274509804,-1006.561824798584
1802,0.19117647058823528,-1080.7695402818567
1803,0.16176470588235295,-1274.9515426112157
1804,0.19607843137254902,-1055.0743158564849
1805,0.20588235294117646,-897.7674148035984
1806,0.1323529411764706,-1143.0111660302855
1807,0.23529411764705882,-800.4155405642939
1808,0.20588235294117646,-909.581270273994
1809,0.2107843137254902,-848.5691284759372
1810,0.23039215686274508,-877.3869927911197
1811,0.24019607843137256,-771.5840168747247
1812,0.16666666666666666,-1108.5929895849788
1813,0.22549019607843138,-933.3761886428384
1814,0.23039215686274508,-897.1333995987387
1815,0.2549019607843137,-859.4647129283231
1816,0.18137254901960784,-1137.3295754264382
1817,0.17647058823529413,-993.586298568576
1818,0.18627450980392157,-1049.7067070381315
1819,0.25,-939.001142875821
1820,0.18627450980392157,-1044.2427688486437
1821,0.2107843137254902,-933.4224147048651
1822,0.21568627450980393,-912.5956186032763
1823,0.20588235294117646,-990.9496155720132
1824,0.22058823529411764,-888.4089497491425
1825,0.17647058823529413,-877.4876991814258
1826,0.2549019607843137,-864.9192364075604
1827,0.25,-776.0923917433795
1828,0.22549019607843138,-874.322395661298
1829,0.23039215686274508,-940.9304862676883
1830,0.22549019607843138,-921.6983587601605
1831,0.21568627450980393,-945.5405129077387
1832,0.23039215686274508,-913.3847039073121
1833,0.22058823529411764,-953.5014879937265
1834,0.24509803921568626,-953.2397202697455
1835,0.22549019607843138,-970.0883736890905
1836,0.18627450980392157,-1025.1536544631508
1837,0.27450980392156865,-826.7374831180947
1838,0.20588235294117646,-995.4843405742271
1839,0.24019607843137256,-804.3800259758444
1840,0.22058823529411764,-879.8552444308411
1841,0.22058823529411764,-829.3733775381949
1842,0.2107843137254902,-974.1112722883038
1843,0.2107843137254902,-860.3493936950085
1844,0.24509803921568626,-907.0466332529105
1845,0.20098039215686275,-1124.6109238231884
1846,0.20098039215686275,-1195.6057926813762
1847,0.22549019607843138,-959.2408856784596
1848,0.27450980392156865,-766.7639220742618
1849,0.23529411764705882,-882.4697549483355
1850,0.22549019607843138,-869.5131217545154
1851,0.23039215686274508,-1049.7572448580872
1852,0.18627450980392157,-1090.7818574157416
1853,0.23039215686274508,-877.9620316916821
1854,0.23039215686274508,-859.077799282822
1855,0.25,-956.7649938545975
1856,0.17647058823529413,-1135.88663557464
1857,0.25,-975.7967435331906
1858,0.25980392156862747,-902.6216448615579
1859,0.21568627450980393,-1024.6653149735694
1860,0.21568627450980393,-972.0372397291894
1861,0.23039215686274508,-898.9138703720242
1862,0.25,-855.7595365187701
1863,0.2647058823529412,-921.1349567058039
1864,0.20098039215686275,-837.6704963796279
1865,0.20588235294117646,-945.2853752772013
1866,0.22058823529411764,-907.0692468904981
1867,0.18627450980392157,-967.375610407661
1868,0.22058823529411764,-963.2229336383296
1869,0.22549019607843138,-962.0197777654611
1870,0.17647058823529413,-971.279008472667
1871,0.23529411764705882,-927.3834885054944
1872,0.2107843137254902,-1014.5075229195987
1873,0.21568627450980393,-1017.6273286482867
1874,0.16666666666666666,-1123.0322805198969
1875,0.2107843137254902,-1047.9434936560835
1876,0.22058823529411764,-1008.8447834463681
1877,0.19117647058823528,-1007.5142284655103
1878,0.2107843137254902,-1019.9033161051133
1879,0.23039215686274508,-860.2462280404334
1880,0.21568627450980393,-907.1136938917871
1881,0.22058823529411764,-949.8209771549
1882,0.17647058823529413,-970.5416211707919
1883,0.22058823529411764,-1035.2024798112757
1884,0.25980392156862747,-957.4872196515402
1885,0.20588235294117646,-1008.367180038901
1886,0.19607843137254902,-943.0944381321178
1887,0.14215686274509803,-1043.3455768286012
1888,0.22549019607843138,-821.8035835939295
1889,0.23529411764705882,-946.760453635571
1890,0.21568627450980393,-920.1404014475205
1891,0.16176470588235295,-1239.2817011440502
1892,0.2107843137254902,-890.3857368300943
1893,0.19117647058823528,-984.348243563783
1894,0.18137254901960784,-883.0920446433273
1895,0.22058823529411764,-1041.4419349595612
1896,0.23039215686274508,-955.3827549990485
1897,0.22549019607843138,-913.2536213444729
1898,0.2549019607843137,-1035.4366030412561
1899,0.21568627450980393,-899.7045947617175
1900,0.22058823529411764,-1021.6243219562606
1901,0.22058823529411764,-911.174531543956
1902,0.22549019607843138,-892.4237516440597
1903,0.23529411764705882,-796.9683400322409
1904,0.24019607843137256,-842.3446496327718
1905,0.22058823529411764,-950.578659992592
1906,0.20098039215686275,-979.0801267249911
1907,0.23039215686274508,-822.8652471280566
1908,0.18627450980392157,-1115.1115988376093
1909,0.23039215686274508,-932.4050223593619
1910,0.22058823529411764,-911.5728097429462
1911,0.25,-959.8974394330792
1912,0.19117647058823528,-979.8814453237197
1913,0.20098039215686275,-1042.9753553914088
1914,0.2107843137254902,-879.0380282682531
1915,0.22549019607843138,-957.0275634129843
1916,0.25,-873.6547496085074
1917,0.19607843137254902,-842.579315699783
1918,0.16666666666666666,-911.5789599231645
1919,0.23529411764705882,-773.9157353101992
1920,0.20098039215686275,-948.5044708625943
1921,0.22549019607843138,-998.5057634465835
1922,0.24509803921568626,-730.5014295764998
1923,0.18137254901960784,-950.2234397401996
1924,0.20588235294117646,-880.937489939671
1925,0.27941176470588236,-892.0640544610865
1926,0.28431372549019607,-676.2307966643689
1927,0.17647058823529413,-1099.4763469696045
1928,0.2107843137254902,-970.1048389696607
1929,0.23039215686274508,-861.9398364272772
1930,0.19117647058823528,-1030.4810988295312
1931,0.23039215686274508,-936.8698170699325
1932,0.21568627450980393,-947.2347963183533
1933,0.20588235294117646,-775.0105974346984
1934,0.24509803921568626,-913.0386773932214
1935,0.24509803921568626,-970.2085497800042
1936,0.23039215686274508,-1010.2051363926308
1937,0.2107843137254902,-864.1095860799154
1938,0.20098039215686275,-929.0325441453971
1939,0.18627450980392157,-1114.404447293749
1940,0.2647058823529412,-777.6335234548532
1941,0.20098039215686275,-819.6177987584881
1942,0.21568627450980393,-911.0930688521441
1943,0.21568627450980393,-1082.982488080567
1944,0.23039215686274508,-933.2170530020022
1945,0.20098039215686275,-1077.0156138924992
1946,0.19607843137254902,-920.995935683157
1947,0.23039215686274508,-1040.9505213008208
1948,0.24509803921568626,-851.1543016433716
1949,0.22549019607843138,-775.4214718014587
1950,0.20588235294117646,-912.1915622598984
1951,0.19607843137254902,-1020.1008278902839
1952,0.27941176470588236,-768.8200265847
1953,0.20098039215686275,-1043.4197761498247
1954,0.23039215686274508,-903.2066926582187
1955,0.22549019607843138,-883.1169598523309
1956,0.20098039215686275,-946.0925530639349
1957,0.20588235294117646,-1029.3990869896086
1958,0.2107843137254902,-919.2461132909738
1959,0.20098039215686275,-913.4987428235073
1960,0.23529411764705882,-889.2017563090604
1961,0.18137254901960784,-1008.7016903933356
1962,0.16176470588235295,-1205.434707286311
1963,0.21568627450980393,-820.2195102280261
1964,0.20588235294117646,-1008.7821527555877
1965,0.20588235294117646,-1029.3094093191858
1966,0.25980392156862747,-960.6701060650396
1967,0.18627450980392157,-1065.3890905193255
1968,0.22549019607843138,-897.7910099777521
1969,0.2107843137254902,-752.0709663746404
1970,0.22058823529411764,-973.8247805202709
1971,0.2696078431372549,-826.2086586484722
1972,0.2549019607843137,-865.5310565163107
1973,0.23039215686274508,-969.2003334269804
1974,0.19117647058823528,-995.7934708314783
1975,0.21568627450980393,-1133.159911660587
1976,0.20588235294117646,-877.2412069171082
1977,0.2107843137254902,-920.9091582765766
1978,0.23039215686274508,-890.0940744923611
1979,0.22549019607843138,-942.169033387128
1980,0.25980392156862747,-744.8598542306937
1981,0.17647058823529413,-1098.6696481517718
1982,0.22058823529411764,-987.0355782602347
1983,0.25,-1025.4260974771837
1984,0.24509803921568626,-801.1774250105316
1985,0.21568627450980393,-991.2329358587078
1986,0.24509803921568626,-792.4305730707505
1987,0.22549019607843138,-906.7921169318405
1988,0.2549019607843137,-862.7259981491986
1989,0.25,-1044.4304633234062
1990,0.22058823529411764,-905.681206890181
1991,0.2107843137254902,-935.5442683743496
1992,0.23529411764705882,-928.952176580242
1993,0.18627450980392157,-1022.2367236006494
1994,0.19607843137254902,-974.3932348139145
1995,0.27941176470588236,-773.3510408962475
1996,0.22549019607843138,-1041.9684826719995
1997,0.2549019607843137,-938.3677196689681
1998,0.2107843137254902,-1017.2765506856582
1999,0.25,-947.1205710429771
2000,0.20588235294117646,-1034.854714047675
2001,0.28921568627450983,-654.7564189013312
2002,0.23039215686274508,-912.9051407832725
2003,0.20098039215686275,-983.9824371524886
2004,0.21568627450980393,-1026.6303070479748
2005,0.2549019607843137,-813.1522621453977
2006,0.28431372549019607,-749.4839767381256
2007,0.22058823529411764,-1002.6862145592185
2008,0.2107843137254902,-1115.450003193874
2009,0.24509803921568626,-1042.3311328700945
2010,0.22549019607843138,-932.7570855944764
2011,0.20098039215686275,-1048.0799162995581
2012,0.20098039215686275,-905.8380899429321
2013,0.1715686274509804,-1076.3260035982319
2014,0.24019607843137256,-827.8825571209777
2015,0.25980392156862747,-874.42872133442
2016,0.25,-947.1832975686765
2017,0.20588235294117646,-991.2191714118509
2018,0.18627450980392157,-970.7139069426294
2019,0.22058823529411764,-859.0898088286905
2020,0.22058823529411764,-876.0156867457371
2021,0.25980392156862747,-790.427392099418
2022,0.2549019607843137,-778.4020281212003
2023,0.2647058823529412,-808.6497971964817
2024,0.19117647058823528,-836.9219693015604
2025,0.22549019607843138,-930.3962057899026
2026,0.23529411764705882,-809.0268995715122
2027,0.2107843137254902,-939.5659067864511
2028,0.24509803921568626,-839.2121929000406
2029,0.23039215686274508,-952.7138157919342
2030,0.21568627450980393,-896.7430526322009
2031,0.22058823529411764,-940.8050168542301
2032,0.21568627450980393,-965.6143341625439
2033,0.18627450980392157,-959.1548355794421
2034,0.25,-887.6551674674539
2035,0.19607843137254902,-1036.5590966168572
2036,0.2647058823529412,-902.4971297955981
2037,0.2696078431372549,-873.9301994174134
2038,0.22058823529411764,-1033.1972367716771
2039,0.24509803921568626,-908.4941189148847
2040,0.2107843137254902,-1062.6371844422583
2041,0.19607843137254902,-993.1957471697938
2042,0.21568627450980393,-1040.6238689048616
2043,0.22549019607843138,-1045.0245001549815
2044,0.18627450980392157,-1049.3434159147973
2045,0.22058823529411764,-836.725047934289
2046,0.22549019607843138,-965.2094691781436
2047,0.17647058823529413,-991.2958375612894
2048,0.23529411764705882,-984.1998442107556
2049,0.21568627450980393,-838.1961982951444
2050,0.16666666666666666,-1098.6044435501099
2051,0.23529411764705882,-852.7729740984299
2052,0.19117647058823528,-1114.716150377311
2053,0.24019607843137256,-823.1390400680841
2054,0.22549019607843138,-1045.7394828609392
2055,0.22549019607843138,-878.240099252439
2056,0.19117647058823528,-859.8164550369861
2057,0.22058823529411764,-993.9155679964551
2058,0.23529411764705882,-1057.0343058717017
2059,0.24509803921568626,-971.7104123807421
2060,0.22058823529411764,-964.516982938729
2061,0.21568627450980393,-1064.687348206838
2062,0.22058823529411764,-927.6720148535336
2063,0.2107843137254902,-776.8485538819257
2064,0.25,-835.6211916231641
2065,0.22058823529411764,-1020.827828351189
2066,0.19607843137254902,-924.472318798888
2067,0.23039215686274508,-985.6612198212567
2068,0.2549019607843137,-924.5850850273581
2069,0.2107843137254902,-947.8689314337338
2070,0.2647058823529412,-1009.8290294759414
2071,0.24509803921568626,-886.8487525734247
2072,0.24019607843137256,-862.1727031819961
2073,0.16666666666666666,-996.1258533795675
2074,0.23529411764705882,-941.6964780396106
2075,0.24019607843137256,-859.5189227683871
2076,0.22549019607843138,-1044.5018087274889
2077,0.23039215686274508,-955.3311010435516
2078,0.23529411764705882,-824.1869825849346
2079,0.19117647058823528,-946.0642756480796
2080,0.22549019607843138,-890.6319403554879
2081,0.22058823529411764,-865.1183607812021
2082,0.1715686274509804,-1056.4017380172131
2083,0.24019607843137256,-848.4398624382767
2084,0.20098039215686275,-972.1208372490079
2085,0.24509803921568626,-859.9412645265168
2086,0.20098039215686275,-931.5172658434101
2087,0.17647058823529413,-910.4245913449456
2088,0.21568627450980393,-805.1945086273493
2089,0.2549019607843137,-852.5205102247351
2090,0.27941176470588236,-784.3179319606107
2091,0.23529411764705882,-860.3680671430102
2092,0.19117647058823528,-1130.4810942107556
2093,0.24509803921568626,-885.1954145899006
2094,0.25,-818.8055460686777
2095,0.19607843137254902,-849.4146472613016
2096,0.20588235294117646,-955.6161387948429
2097,0.19117647058823528,-949.8977427950092
2098,0.2549019607843137,-901.9376884909237
2099,0.20588235294117646,-927.1471604926913
2100,0.20098039215686275,-921.6280977211746
2101,0.24019607843137256,-945.1346829545264
2102,0.23529411764705882,-975.419363003151
2103,0.22549019607843138,-1024.495324789309
2104,0.24509803921568626,-930.6609516704784
2105,0.24019607843137256,-926.5789490120084
2106,0.18137254901960784,-967.0420295116949
2107,0.23529411764705882,-860.3890107659732
2108,0.27941176470588236,-855.7627126469332
2109,0.21568627450980393,-803.8576360964307
2110,0.24509803921568626,-867.2734433155434
2111,0.17647058823529413,-1035.4290210499482
2112,0.2107843137254902,-829.3566083347096
2113,0.2107843137254902,-999.704257591098
2114,0.23039215686274508,-921.0323354122686
2115,0.2549019607843137,-957.7811311086019
2116,0.23039215686274508,-873.1248292361988
2117,0.24019607843137256,-916.6814527979084
2118,0.23529411764705882,-753.5861360699523
2119,0.22549019607843138,-890.3349150115369
2120,0.16666666666666666,-1074.577824050305
2121,0.2107843137254902,-973.4521223517025
2122,0.24019607843137256,-995.0415406133615
2123,0.19607843137254902,-999.1483803730385
2124,0.24509803921568626,-911.5773793201821
2125,0.25980392156862747,-836.722738901774
2126,0.2107843137254902,-925.0529207715801
2127,0.22549019607843138,-907.4245521882001
2128,0.20098039215686275,-1062.0149514815387
2129,0.21568627450980393,-934.9731037850473
2130,0.21568627450980393,-1054.4399410135607
2131,0.19117647058823528,-863.0108458014096
2132,0.19117647058823528,-1005.1002249624215
2133,0.17647058823529413,-984.635782213772
2134,0.23529411764705882,-992.8801777596567
2135,0.22058823529411764,-894.2387302062091
2136,0.24019607843137256,-971.9371707018684
2137,0.21568627450980393,-972.3219055474973
2138,0.2107843137254902,-944.540270506167
2139,0.2107843137254902,-941.9548274769503
2140,0.23039215686274508,-893.9397239685059
2141,0.16176470588235295,-1063.6161118114696
2142,0.25,-847.5761815052407
2143,0.22058823529411764,-1032.405707209718
2144,0.24509803921568626,-939.667750265084
2145,0.20588235294117646,-1059.0896567082873
2146,0.20588235294117646,-1038.5887993083281
2147,0.18137254901960784,-1118.4199769917657
2148,0.21568627450980393,-1037.5424782248103
2149,0.2107843137254902,-987.1823128064474
2150,0.21568627450980393,-1022.851222225264
2151,0.23529411764705882,-907.2387759077783
2152,0.23039215686274508,-932.8418222876156
2153,0.22549019607843138,-869.4336622836543
2154,0.2696078431372549,-908.1858524808697
2155,0.2696078431372549,-892.3406090268902
2156,0.27941176470588236,-841.8838134279438
2157,0.2107843137254902,-1143.4374803468293
2158,0.24019607843137256,-847.2143028109681
2159,0.24019607843137256,-925.1195824847501
2160,0.1715686274509804,-1060.1382969126983
2161,0.19607843137254902,-898.0350650525561
2162,0.2549019607843137,-949.2508170557957
2163,0.2549019607843137,-950.8288210887534
2164,0.22058823529411764,-836.5938554277607
2165,0.21568627450980393,-948.1426095588535
2166,0.20098039215686275,-967.1386203017889
2167,0.31862745098039214,-680.3596383637073
2168,0.19117647058823528,-962.1848785175997
2169,0.2549019607843137,-893.7840281467812
2170,0.22058823529411764,-980.6314644533045
2171,0.24019607843137256,-946.427700884202
2172,0.22549019607843138,-858.3540228768891
2173,0.18137254901960784,-1058.8193682315302
2174,0.22058823529411764,-891.6245153651518
2175,0.17647058823529413,-901.4486057992075
2176,0.22058823529411764,-998.3521027004017
2177,0.20588235294117646,-958.39980617224
2178,0.20098039215686275,-1025.3832844098408
2179,0.2107843137254902,-1061.4373336679796
2180,0.2107843137254902,-854.0594881469128
2181,0.23529411764705882,-869.5380685563181
2182,0.28431372549019607,-816.0784858815811
2183,0.24509803921568626,-917.5864663591572
2184,0.20098039215686275,-906.0325432758706
2185,0.22058823529411764,-874.9015885334389
2186,0.22549019607843138,-1014.9588345733343
2187,0.20588235294117646,-1083.6097898857267
2188,0.21568627450980393,-1005.1731012568754
2189,0.22058823529411764,-872.3838221232096
2190,0.2549019607843137,-745.0000477959128
2191,0.21568627450980393,-828.429075643128
2192,0.23529411764705882,-829.0810093973197
2193,0.23039215686274508,-899.8648595155454
2194,0.23039215686274508,-936.8287069096285
2195,0.24509803921568626,-897.1813950071148
2196,0.20098039215686275,-1023.1275148672216
2197,0.2647058823529412,-804.1253520367193
2198,0.23039215686274508,-1012.9275522512548
2199,0.19607843137254902,-902.872286198186
2200,0.21568627450980393,-999.6653379178515
2201,0.19607843137254902,-911.2755954031851
2202,0.21568627450980393,-845.3126965130077
2203,0.20588235294117646,-893.7054324056588
2204,0.17647058823529413,-1127.0255696539784
2205,0.22549019607843138,-881.5827826799131
2206,0.2107843137254902,-944.7390976232641
2207,0.18627450980392157,-1104.8784402585497
2208,0.20588235294117646,-989.5844347617206
2209,0.2107843137254902,-868.177447608873
2210,0.20098039215686275,-1017.7604138617422
2211,0.20098039215686275,-1120.7349156959383
2212,0.23529411764705882,-996.8974403119555
2213,0.20588235294117646,-937.4474946657816
2214,0.23039215686274508,-915.9603899974448
2215,0.20098039215686275,-954.3594268911025
2216,0.25980392156862747,-839.8319509356629
2217,0.22549019607843138,-926.5289846869076
2218,0.23529411764705882,-818.9185469945272
2219,0.18137254901960784,-908.7641545651006
2220,0.20588235294117646,-961.1041136348949
2221,0.23529411764705882,-887.9542302430845
2222,0.21568627450980393,-969.7111683452831
2223,0.22058823529411764,-993.3650255764232
2224,0.23529411764705882,-877.7329293232339
2225,0.24019607843137256,-941.7516963809144
2226,0.23039215686274508,-962.3721895404891
2227,0.2549019607843137,-850.0666601517621
2228,0.22058823529411764,-941.4412179086722
2229,0.1715686274509804,-965.4047664006551
2230,0.21568627450980393,-896.9247383603863
2231,0.2107843137254902,-1056.2841890933466
2232,0.23529411764705882,-1018.9946763094733
2233,0.23529411764705882,-952.2634306234472
2234,0.2107843137254902,-1011.4824338426777
2235,0.19117647058823528,-932.8845874187994
2236,0.25980392156862747,-834.9431979048486
2237,0.21568627450980393,-1034.518086050071
2238,0.20098039215686275,-1039.7993949628344
2239,0.1715686274509804,-1077.4753897610833
2240,0.21568627450980393,-986.8863268459545
2241,0.17647058823529413,-1073.7577100828582
2242,0.24019607843137256,-809.9308983858893
2243,0.2696078431372549,-856.8916187847362
2244,0.23039215686274508,-880.593313740749
2245,0.24509803921568626,-942.1663391730365
2246,0.19607843137254902,-1040.2046975528492
2247,0.25,-902.603494644165
2248,0.19607843137254902,-1004.575217069364
2249,0.21568627450980393,-953.9882588386536
2250,0.20588235294117646,-925.8115418565039
2251,0.24509803921568626,-935.8699664882585
2252,0.23529411764705882,-937.2378316580081
2253,0.23529411764705882,-811.6014578202191
2254,0.23039215686274508,-908.4057030958288
2255,0.20588235294117646,-1041.8686060998955
2256,0.21568627450980393,-969.486130807914
2257,0.24019607843137256,-810.4793282116161
2258,0.19607843137254902,-892.4722683663462
2259,0.22549019607843138,-854.0769156100703
2260,0.24019607843137256,-841.1816618302289
2261,0.2647058823529412,-871.0893809561636
2262,0.24019607843137256,-840.9475297366871
2263,0.27450980392156865,-805.7776518242032
2264,0.23529411764705882,-904.5377381549162
2265,0.25,-842.6370453367047
2266,0.27450980392156865,-854.878768266416
2267,0.18627450980392157,-950.4015255441852
2268,0.21568627450980393,-914.8154092302509
2269,0.20098039215686275,-949.263979734159
2270,0.2107843137254902,-949.7717724220425
2271,0.22058823529411764,-839.3278166453043
2272,0.2696078431372549,-763.2086527768304
2273,0.20098039215686275,-838.7639036552579
2274,0.21568627450980393,-1025.5968116311467
2275,0.19607843137254902,-1019.3627039217481
2276,0.23039215686274508,-918.9254726054621
2277,0.18627450980392157,-941.3672911887076
2278,0.2107843137254902,-907.2040497087964
2279,0.19117647058823528,-1035.3393281861847
2280,0.2107843137254902,-1012.4494878544527
2281,0.22549019607843138,-912.2034518484976
2282,0.2107843137254902,-837.6412488151999
2283,0.22058823529411764,-994.0472455772699
2284,0.20588235294117646,-879.8263421713137
2285,0.19607843137254902,-1045.0053099463967
2286,0.20588235294117646,-907.2067471672507
2287,0.23039215686274508,-895.1769181045831
2288,0.21568627450980393,-944.2800199471268
2289,0.23529411764705882,-922.96520318237
2290,0.20098039215686275,-957.467041165221
2291,0.25,-878.5770317900415
2292,0.24019607843137256,-750.6955533869126
2293,0.20588235294117646,-1043.2570458019482
2294,0.24509803921568626,-822.1715348187615
2295,0.25,-971.042582025715
2296,0.23039215686274508,-727.2442056992475
2297,0.19607843137254902,-1023.1891354205561
2298,0.22058823529411764,-958.6915773877911
2299,0.20588235294117646,-859.869984701568
2300,0.17647058823529413,-1010.1025840534884
2301,0.22549019607843138,-942.0852867014268
2302,0.19117647058823528,-956.2587243248435
2303,0.22058823529411764,-944.6039740431543
2304,0.19607843137254902,-973.5301534054327
2305,0.22549019607843138,-1132.6050730312572
2306,0.1715686274509804,-1035.6395446085462
2307,0.1568627450980392,-1204.2483057040795
2308,0.24019607843137256,-816.5349828495699
2309,0.2107843137254902,-982.1792780932258
2310,0.22058823529411764,-1005.262427517012
2311,0.19607843137254902,-958.3241684483547
2312,0.2107843137254902,-821.2446013057934
2313,0.23039215686274508,-992.4740600585938
2314,0.24019607843137256,-938.5772500505634
2315,0.21568627450980393,-1011.1115135118073
2316,0.23529411764705882,-818.7860408857757
2317,0.21568627450980393,-1010.9634085543015
2318,0.2549019607843137,-783.8484742688198
2319,0.21568627450980393,-983.1097730842291
2320,0.18627450980392157,-1015.4336727553723
2321,0.16666666666666666,-1111.5152399773692
2322,0.21568627450980393,-1118.1440076080023
2323,0.1715686274509804,-1186.892256418864
2324,0.19117647058823528,-1133.5863839130775
2325,0.22058823529411764,-966.4523453431971
2326,0.2107843137254902,-902.2882351407818
2327,0.2107843137254902,-974.5169581244974
2328,0.22549019607843138,-920.3540232602288
2329,0.19607843137254902,-1102.7819776535034
2330,0.19117647058823528,-982.2510820463592
2331,0.23529411764705882,-886.9695146224078
2332,0.2107843137254902,-941.3629949046116
2333,0.23039215686274508,-933.3238603835013
2334,0.17647058823529413,-999.8434190002142
2335,0.27450980392156865,-706.9667269295337
2336,0.18627450980392157,-978.5254236670102
2337,0.22058823529411764,-937.76823089637
2338,0.21568627450980393,-935.6741391163247
2339,0.23529411764705882,-860.4077342725268
2340,0.23529411764705882,-907.805708436405
2341,0.20588235294117646,-861.1443661147473
2342,0.20588235294117646,-961.600435144761
2343,0.22549019607843138,-954.5676570219152
2344,0.18137254901960784,-934.5333299262851
2345,0.18627450980392157,-1062.093426882052
2346,0.20588235294117646,-819.3595523927726
2347,0.21568627450980393,-985.6788942299637
2348,0.24019607843137256,-903.1444478689456
2349,0.20588235294117646,-1050.3932758780086
2350,0.19117647058823528,-959.2823660046447
2351,0.2549019607843137,-933.2846660427018
2352,0.24509803921568626,-836.3741608974981
2353,0.23039215686274508,-894.0765755597283
2354,0.2107843137254902,-1041.6357960233502
2355,0.22058823529411764,-1085.8446756811702
2356,0.24509803921568626,-963.6619861827177
2357,0.18137254901960784,-1026.8132296076008
2358,0.21568627450980393,-964.1992073433072
2359,0.19607843137254902,-1126.7573972870323
2360,0.24509803921568626,-834.6140198053098
2361,0.1715686274509804,-875.9737145105997
2362,0.22058823529411764,-1026.6126402312634
2363,0.22058823529411764,-892.0472256810058
2364,0.18137254901960784,-982.9963602832719
2365,0.22058823529411764,-932.6302623748779
2366,0.22058823529411764,-1040.929029558219
2367,0.27450980392156865,-838.5774767071593
2368,0.2549019607843137,-860.4508675406961
2369,0.23529411764705882,-902.0593396635617
2370,0.23529411764705882,-892.0183773414761
2371,0.25,-743.4139690586165
2372,0.23529411764705882,-1021.2937233494778
2373,0.17647058823529413,-893.5148476619346
2374,0.18137254901960784,-1005.0874787498923
2375,0.2647058823529412,-878.3538736829571
2376,0.2647058823529412,-865.1483760534549
2377,0.19117647058823528,-1076.4713723612767
2378,0.2107843137254902,-945.7191088900846
2379,0.21568627450980393,-1007.4052795896343
2380,0.24509803921568626,-951.2834318385404
2381,0.1568627450980392,-1082.6103409972845
2382,0.25,-922.6089311487534
2383,0.2647058823529412,-932.2040019876816
2384,0.23529411764705882,-938.0049508973664
2385,0.23039215686274508,-893.7977965579313
2386,0.23529411764705882,-852.2069765072243
2387,0.20098039215686275,-1032.4122578677009
2388,0.20098039215686275,-1079.6885350171258
2389,0.19607843137254902,-1041.1887484157787
2390,0.25,-962.8105042027493
2391,0.24019607843137256,-794.9311134113985
2392,0.22058823529411764,-961.7326956169278
2393,0.24019607843137256,-873.9781430562338
2394,0.22549019607843138,-985.0495352651559
2395,0.20588235294117646,-1030.2680382822075
2396,0.20588235294117646,-943.1054605596206
2397,0.17647058823529413,-1275.4554184745339
2398,0.20098039215686275,-911.259682524438
2399,0.23529411764705882,-912.7508033677643
2400,0.22058823529411764,-1003.6443843467563
2401,0.23039215686274508,-812.6441117080988
2402,0.18137254901960784,-1057.2041848687566
2403,0.2107843137254902,-1022.7105044944614
2404,0.23529411764705882,-937.338672881033
2405,0.2696078431372549,-830.7768301776811
2406,0.20588235294117646,-930.8674672818652
2407,0.18627450980392157,-999.5874392752554
2408,0.22058823529411764,-934.8366576924044
2409,0.21568627450980393,-932.9849235777762
2410,0.25980392156862747,-944.1325652365591
2411,0.24509803921568626,-839.5620180204803
2412,0.24019607843137256,-865.736733305688
2413,0.1715686274509804,-1035.9149106156592
2414,0.18137254901960784,-1000.839273892197
2415,0.20588235294117646,-991.7713448019589
2416,0.23039215686274508,-1015.0520390716254
2417,0.16176470588235295,-1151.7850945229625
2418,0.23039215686274508,-991.6085538957633
2419,0.19607843137254902,-1007.7082265405094
2420,0.24019607843137256,-955.621018297532
2421,0.20588235294117646,-895.2033185023887
2422,0.22549019607843138,-879.3260419695985
2423,0.23039215686274508,-806.5983820335538
2424,0.2107843137254902,-899.3857305938122
2425,0.24019607843137256,-1052.1381809758204
2426,0.18137254901960784,-901.8248643875122
2427,0.2107843137254902,-974.6117563341178
2428,0.23039215686274508,-969.9116119309967
2429,0.24509803921568626,-877.1319449368646
2430,0.1715686274509804,-1102.813174350589
2431,0.23039215686274508,-886.3348719091977
2432,0.2107843137254902,-1088.3301219192206
2433,0.23529411764705882,-821.5032783209109
2434,0.18627450980392157,-914.9098295697979
2435,0.2107843137254902,-1116.6414386524873
2436,0.19117647058823528,-954.0385697869693
2437,0.21568627450980393,-928.8339835148232
2438,0.21568627450980393,-974.4554743112302
2439,0.20588235294117646,-1005.9515426860136
2440,0.24019607843137256,-885.3717349931305
2441,0.25,-867.4121679605222
2442,0.22058823529411764,-951.1218478726406
2443,0.19607843137254902,-1077.8617223664826
2444,0.21568627450980393,-849.3378871468936
2445,0.20588235294117646,-980.7498506658218
2446,0.23039215686274508,-924.0494584102256
2447,0.20588235294117646,-924.2961539661183
2448,0.24019607843137256,-831.1463531606338
2449,0.22549019607843138,-921.3506807439468
2450,0.18137254901960784,-1111.2361055074953
2451,0.20588235294117646,-979.9841169002009
2452,0.20098039215686275,-954.936042766945
2453,0.20098039215686275,-965.7853783158695
2454,0.24019607843137256,-988.7754410949408
2455,0.20098039215686275,-946.7486998801138
2456,0.22058823529411764,-1064.1427013920802
2457,0.23529411764705882,-951.5912837795182
2458,0.20588235294117646,-981.3972851622339
2459,0.23039215686274508,-992.8180953194113
2460,0.23529411764705882,-702.1853916130814
2461,0.24019607843137256,-811.8934859481512
2462,0.22549019607843138,-986.2641121172437
2463,0.24509803921568626,-976.3733008702596
2464,0.22058823529411764,-1004.4778116263595
2465,0.25980392156862747,-833.8398393556183
2466,0.18137254901960784,-1075.1853107751585
2467,0.24509803921568626,-846.1648360607671
2468,0.18627450980392157,-1024.7318602169262
2469,0.23039215686274508,-938.9808331096874
2470,0.22549019607843138,-940.5035499497956
2471,0.24509803921568626,-1031.8038044069328
2472,0.23039215686274508,-934.8378808264639
2473,0.24019607843137256,-917.6411021363501
2474,0.25980392156862747,-883.6541067385206
2475,0.18627450980392157,-980.3299451715806
2476,0.2107843137254902,-968.966824279112
2477,0.22058823529411764,-869.4476595485912
2478,0.19117647058823528,-1096.7421535791136
2479,0.17647058823529413,-1070.8545000786876
2480,0.2107843137254902,-822.5016740537158
2481,0.24509803921568626,-997.6751419142181
2482,0.20588235294117646,-979.0211709246915
2483,0.24019607843137256,-1010.1389007661857
2484,0.23039215686274508,-826.0416135413974
2485,0.2696078431372549,-795.3347636017145
2486,0.19607843137254902,-1075.7170839870678
2487,0.25,-722.7643320420209
2488,0.23529411764705882,-889.6371191529666
2489,0.21568627450980393,-915.8293877769919
2490,0.20098039215686275,-1003.8383852079803
2491,0.25980392156862747,-944.4009972179638
2492,0.2107843137254902,-877.21848227931
2493,0.22549019607843138,-964.2578399134617
2494,0.23039215686274508,-933.3759507384955
2495,0.19117647058823528,-892.2247591112174
2496,0.22058823529411764,-873.2591073092292
2497,0.19117647058823528,-1037.271087777381
2498,0.2549019607843137,-923.2270110074212
2499,0.23039215686274508,-932.055825065164
2500,0.16666666666666666,-953.4431729784199
2501,0.20588235294117646,-918.777834480884
2502,0.16176470588235295,-1143.8064136131136
2503,0.23529411764705882,-954.7602892295987
2504,0.24509803921568626,-818.5495845570284
2505,0.2696078431372549,-763.5318387910431
2506,0.20588235294117646,-940.5162987054563
2507,0.25,-894.2190455081416
2508,0.25,-768.0704611422968
2509,0.22058823529411764,-878.8772953444836
2510,0.2647058823529412,-903.7507033441581
2511,0.19607843137254902,-975.8822922332614
2512,0.2107843137254902,-988.529605996375
2513,0.2107843137254902,-928.7317053850959
2514,0.23529411764705882,-993.3867406097113
2515,0.24019607843137256,-950.407906513588
2516,0.24019607843137256,-833.1446154818815
2517,0.19607843137254902,-1000.3567958158606
2518,0.19607843137254902,-988.1222901811786
2519,0.22549019607843138,-965.4570879094741
2520,0.2107843137254902,-972.0487939049216
2521,0.25,-927.2082228754081
2522,0.20098039215686275,-1092.3484915378046
2523,0.22549019607843138,-988.5096890692618
2524,0.22058823529411764,-958.1763066123514
2525,0.21568627450980393,-975.7663348328833
2526,0.22058823529411764,-889.6909641378066
2527,0.22058823529411764,-887.6372597638299
2528,0.2647058823529412,-797.0388190886554
2529,0.23529411764705882,-1025.0560375288421
2530,0.1715686274509804,-1143.7130934584375
2531,0.21568627450980393,-879.9426050747143
2532,0.19117647058823528,-1104.7961371085223
2533,0.20098039215686275,-976.6984038352966
2534,0.19607843137254902,-1078.5578004238653
2535,0.24019607843137256,-1000.3703562231625
2536,0.19607843137254902,-836.2714530439938
2537,0.2696078431372549,-882.0000611847522
2538,0.23529411764705882,-824.6898063023885
2539,0.24509803921568626,-771.2232835433063
2540,0.20588235294117646,-967.7214685888852
2541,0.23529411764705882,-1012.7410190993664
2542,0.24509803921568626,-828.4081725326239
2543,0.19607843137254902,-945.8653654210708
2544,0.20098039215686275,-1036.769510755352
2545,0.18627450980392157,-995.9304344887827
2546,0.18627450980392157,-963.5627150629081
2547,0.25,-781.0780322598476
2548,0.24019607843137256,-875.5674436045628
2549,0.19607843137254902,-1058.3930789723115
2550,0.22058823529411764,-975.3527119393442
2551,0.23529411764705882,-867.4899669909009
2552,0.21568627450980393,-918.7358314663757
2553,0.18137254901960784,-1083.33101124857
2554,0.25980392156862747,-795.1209180869308
2555,0.24019607843137256,-1026.6723395048402
2556,0.20098039215686275,-1039.6801638322718
2557,0.23529411764705882,-978.7488863047431
2558,0.22549019607843138,-765.2028300154443
2559,0.2107843137254902,-988.834648880304
2560,0.23039215686274508,-853.7473415673948
2561,0.20588235294117646,-1021.5634824715409
2562,0.17647058823529413,-1157.3829985599891
2563,0.23039215686274508,-920.6646285337561
2564,0.24509803921568626,-932.9870974783804
2565,0.19117647058823528,-880.9838856154797
2566,0.24509803921568626,-898.7563730314666
2567,0.20588235294117646,-946.1603829439948
2568,0.24019607843137256,-988.6161221709906
2569,0.20588235294117646,-940.7377533164679
2570,0.2107843137254902,-1044.8422601924224
2571,0.22549019607843138,-1001.8570138893875
2572,0.25,-819.4093856998519
2573,0.19607843137254902,-1068.9016353756774
2574,0.22549019607843138,-947.8527154548495
2575,0.20098039215686275,-949.543542693643
2576,0.17647058823529413,-925.45659495335
2577,0.2549019607843137,-834.5213314505185
2578,0.19607843137254902,-1017.9513261645448
2579,0.1568627450980392,-1165.592785582823
2580,0.22549019607843138,-1008.5045646218692
2581,0.23529411764705882,-957.2742647283218
2582,0.21568627450980393,-928.8734331317977
2583,0.23039215686274508,-851.4578183866015
2584,0.18137254901960784,-1031.2106873381372
2585,0.20098039215686275,-1012.5402825112436
2586,0.24019607843137256,-895.1479535757327
2587,0.22549019607843138,-966.7203042834412
2588,0.23529411764705882,-866.4331212137259
2589,0.2549019607843137,-701.7953906900742
2590,0.2107843137254902,-904.2731680402569
2591,0.20098039215686275,-832.1598607325086
2592,0.17647058823529413,-1006.7984095180736
2593,0.25980392156862747,-864.339026002323
2594,0.17647058823529413,-1115.3579988666609
2595,0.24019607843137256,-867.6149284699384
2596,0.2696078431372549,-722.233014237647
2597,0.21568627450980393,-862.9829845428467
2598,0.24509803921568626,-967.0382800569721
2599,0.23529411764705882,-1040.7856399124744
2600,0.23529411764705882,-978.6330284137351
2601,0.24019607843137256,-720.7872024984921
2602,0.16666666666666666,-1146.6346816549114
2603,0.16666666666666666,-1034.6994076242634
2604,0.21568627450980393,-1029.363289945266
2605,0.23529411764705882,-1013.6682342454499
2606,0.22058823529411764,-769.860756406597
2607,0.20588235294117646,-799.2873143214805
2608,0.2549019607843137,-905.1754755880319
2609,0.1715686274509804,-958.5064279705871
2610,0.2549019607843137,-848.1887074825811
2611,0.20098039215686275,-946.1869194647845
2612,0.2549019607843137,-742.4855537227555
2613,0.21568627450980393,-818.4856335883047
2614,0.22549019607843138,-875.1839865329218
2615,0.19607843137254902,-1066.1891624132793
2616,0.21568627450980393,-1014.6991571071101
2617,0.24509803921568626,-791.6422717711505
2618,0.2107843137254902,-883.2675125084671
2619,0.23039215686274508,-1019.8741942200006
2620,0.23529411764705882,-943.6546796536913
2621,0.19607843137254902,-961.5005800209793
2622,0.20098039215686275,-1015.3859768007316
2623,0.20098039215686275,-1014.115413684471
2624,0.18137254901960784,-1006.1744179725647
2625,0.2107843137254902,-1039.4944517285217
2626,0.20098039215686275,-966.3168567769668
2627,0.19607843137254902,-953.7449594665976
2628,0.21568627450980393,-911.6857378903558
2629,0.20588235294117646,-924.8317680171891
2630,0.23039215686274508,-769.2400636485978
2631,0.25,-813.4275329814237
2632,0.19117647058823528,-941.0490910960178
2633,0.19607843137254902,-934.8984828275793
2634,0.24509803921568626,-892.5655315062579
2635,0.23529411764705882,-833.6361384298287
2636,0.2549019607843137,-952.9634600433649
2637,0.18137254901960784,-1066.6261410245709
2638,0.22058823529411764,-964.186650500578
2639,0.2549019607843137,-958.3277035974988
2640,0.22549019607843138,-953.4867613175336
2641,0.23529411764705882,-955.2050676906811
2642,0.24509803921568626,-839.6808655495737
2643,0.25,-852.7459878360523
2644,0.22058823529411764,-1038.7468945372339
2645,0.19607843137254902,-941.6244246632446
2646,0.23529411764705882,-989.482235029632
2647,0.22549019607843138,-1043.8479501312854
2648,0.20588235294117646,-1010.8608988032621
2649,0.25,-1015.3780569562725
2650,0.2549019607843137,-922.3487763685339
2651,0.23039215686274508,-904.0972339686225
2652,0.24019607843137256,-929.6691320176218
2653,0.23529411764705882,-912.8211329497543
2654,0.20588235294117646,-990.2598428165211
2655,0.2107843137254902,-973.34717836567
2656,0.19607843137254902,-970.6483095767451
2657,0.2549019607843137,-927.0619921403772
2658,0.18137254901960784,-1040.2325469185325
2659,0.2107843137254902,-954.7106817469877
2660,0.23039215686274508,-893.7776536567538
2661,0.14215686274509803,-1205.1914305219464
2662,0.21568627450980393,-1106.9093810062782
2663,0.19607843137254902,-977.2473346953299
2664,0.21568627450980393,-1127.0182174420825
2665,0.18137254901960784,-1031.9204973707012
2666,0.20098039215686275,-943.3051301357793
2667,0.25980392156862747,-835.0729689691581
2668,0.20098039215686275,-960.7684534110275
2669,0.21568627450980393,-895.0901453728769
2670,0.21568627450980393,-1070.9095798754224
2671,0.23529411764705882,-869.8997120763742
2672,0.28921568627450983,-813.7505170784744
2673,0.18627450980392157,-1097.6255277745863
2674,0.18627450980392157,-1003.6140205906887
2675,0.23039215686274508,-1001.9386447457706
2676,0.22549019607843138,-791.1560036715339
2677,0.18627450980392157,-1015.5270046533323
2678,0.19117647058823528,-972.8002328311695
2679,0.22549019607843138,-978.5708691840078
2680,0.27450980392156865,-763.5972945456411
2681,0.2107843137254902,-996.1730499641568
2682,0.23039215686274508,-882.7671840705124
2683,0.20098039215686275,-1139.4312907013239
2684,0.24019607843137256,-903.2530805924359
2685,0.2107843137254902,-921.9066050099392
2686,0.23039215686274508,-913.2671443060333
2687,0.2107843137254902,-1011.4882744807823
2688,0.2107843137254902,-992.8173898061117
2689,0.22549019607843138,-901.8088465484918
2690,0.2647058823529412,-818.3981504627303
2691,0.22549019607843138,-1054.8326497358435
2692,0.19117647058823528,-1027.3103326442194
2693,0.21568627450980393,-862.2997161734338
2694,0.24019607843137256,-872.8769112848768
2695,0.23529411764705882,-858.043118168326
2696,0.24019607843137256,-937.0130310432584
2697,0.18137254901960784,-1090.568506932726
2698,0.23039215686274508,-841.5201685849358
2699,0.19117647058823528,-1054.7865629944147
2700,0.18627450980392157,-1065.5240743300494
2701,0.23529411764705882,-924.878768528209
2702,0.2647058823529412,-812.2267873801437
2703,0.19607843137254902,-1047.6618542297213
2704,0.22549019607843138,-1028.832948516397
2705,0.20098039215686275,-862.4190970963123
2706,0.20588235294117646,-991.4440444123511
2707,0.22549019607843138,-923.8548625964744
2708,0.18137254901960784,-1018.4748611450195
2709,0.18137254901960784,-982.0677445542578
2710,0.23039215686274508,-855.56545790504
2711,0.19607843137254902,-972.0156614733677
2712,0.22549019607843138,-895.4442827748318
2713,0.24509803921568626,-877.7356393477496
2714,0.25,-1020.1072861260059
2715,0.25,-815.1552121779498
2716,0.20098039215686275,-910.0488239550123
2717,0.22058823529411764,-899.5317065295051
2718,0.19117647058823528,-961.707535051832
2719,0.24019607843137256,-783.7878435172287
2720,0.19117647058823528,-1013.6092704698151
2721,0.20098039215686275,-901.8469414897994
2722,0.21568627450980393,-873.0119440976312
2723,0.20588235294117646,-860.7028012836681
2724,0.24509803921568626,-796.9325821072448
2725,0.23039215686274508,-910.2512320537193
2726,0.22058823529411764,-907.1176423652499
2727,0.21568627450980393,-970.0842828189625
2728,0.2549019607843137,-734.7458255711724
2729,0.20588235294117646,-966.1245738384771
2730,0.20098039215686275,-1060.6841055926154
2731,0.2107843137254902,-978.2949311966989
2732,0.27450980392156865,-960.8103304657282
2733,0.27450980392156865,-807.0438497019749
2734,0.18137254901960784,-1162.7362985143475
2735,0.19117647058823528,-980.055164084715
2736,0.2107843137254902,-952.8922372144812
2737,0.23039215686274508,-1036.1765487708296
2738,0.22058823529411764,-837.2758655174106
2739,0.21568627450980393,-861.4229146546008
2740,0.24509803921568626,-881.5041666965859
2741,0.24509803921568626,-946.3384476455988
2742,0.2696078431372549,-791.9425996331607
2743,0.25,-973.1016366341535
2744,0.22058823529411764,-930.6697651077719
2745,0.19117647058823528,-918.3581273415509
2746,0.2549019607843137,-843.2902412414551
2747,0.24509803921568626,-878.2153169968549
2748,0.2647058823529412,-861.9206002927294
2749,0.25980392156862747,-827.1766693264831
2750,0.19117647058823528,-954.5769959244074
2751,0.22058823529411764,-1007.1832218544156
2752,0.24019607843137256,-866.3430489745795
2753,0.23039215686274508,-938.3408527374268
2754,0.22058823529411764,-810.3920152327594
2755,0.18627450980392157,-992.8337996613745
2756,0.20098039215686275,-921.8611715915156
2757,0.23039215686274508,-996.2870583440744
2758,0.20098039215686275,-1076.34941295549
2759,0.18137254901960784,-1012.2758694069058
2760,0.24509803921568626,-889.3046787205865
2761,0.19117647058823528,-1136.6521266581965
2762,0.21568627450980393,-1009.5107900395113
2763,0.20588235294117646,-1006.0240164738076
2764,0.23039215686274508,-830.4900701747221
2765,0.25980392156862747,-973.2939967735141
2766,0.23039215686274508,-880.5646646537033
2767,0.20098039215686275,-1107.0755851035024
2768,0.2696078431372549,-681.6333844801959
2769,0.24019607843137256,-832.846777532615
2770,0.25980392156862747,-882.4014889960196
2771,0.22549019607843138,-925.4293006915672
2772,0.25,-849.1616669636147
2773,0.24019607843137256,-929.9637627321131
2774,0.24509803921568626,-931.2126064768024
2775,0.22058823529411764,-1061.7644748033263
2776,0.23039215686274508,-977.0167235580145
2777,0.23039215686274508,-938.9263639824063
2778,0.23039215686274508,-983.9958497496212
2779,0.20588235294117646,-934.4590566392038
2780,0.22058823529411764,-966.5120754428939
2781,0.1715686274509804,-953.0470814798392
2782,0.24019607843137256,-1002.4652704351089
2783,0.18627450980392157,-913.3236259479148
2784,0.3088235294117647,-875.2479829227223
2785,0.22058823529411764,-876.5155029577368
2786,0.20098039215686275,-856.9980051938226
2787,0.20588235294117646,-1084.3107301487642
2788,0.20588235294117646,-871.4296771965775
2789,0.24509803921568626,-859.2244747573254
2790,0.27941176470588236,-786.9392247854495
2791,0.21568627450980393,-903.7705759534649
2792,0.2107843137254902,-956.960724325741
2793,0.22058823529411764,-993.0229735467948
2794,0.25980392156862747,-783.5628433788524
2795,0.2107843137254902,-897.9142664180082
2796,0.24019607843137256,-901.4261655994491
2797,0.16666666666666666,-1104.3215867304334
2798,0.22549019607843138,-929.759565708684
2799,0.21568627450980393,-937.8803258970672
2800,0.2107843137254902,-912.6859412099801
2801,0.2549019607843137,-986.6243196936215
2802,0.23529411764705882,-1000.7838079321618
2803,0.21568627450980393,-1034.6703340119006
2804,0.24509803921568626,-960.3014622482599
2805,0.18137254901960784,-1070.434328322317
2806,0.19117647058823528,-944.4240899366491
2807,0.25,-963.1572969848035
2808,0.22549019607843138,-827.5263937314352
2809,0.24509803921568626,-929.8652594884237
2810,0.22058823529411764,-868.777342038996
2811,0.24509803921568626,-937.9663747338687
2812,0.25980392156862747,-771.0078914866727
2813,0.2107843137254902,-952.432318575242
2814,0.23039215686274508,-915.4028293759216
2815,0.24019607843137256,-761.7590039945117
2816,0.16176470588235295,-1115.1530737783394
2817,0.2107843137254902,-974.2770662401236
2818,0.18627450980392157,-1036.7605996131897
2819,0.23529411764705882,-889.0997452642404
2820,0.23039215686274508,-954.6139967488308
2821,0.23529411764705882,-876.509913668913
2822,0.16666666666666666,-1016.990351265552
2823,0.23529411764705882,-968.6485456391877
2824,0.23529411764705882,-913.1691120746088
2825,0.2107843137254902,-814.8529218037924
2826,0.25,-901.8402380382313
2827,0.18137254901960784,-1070.820995536505
2828,0.20098039215686275,-821.1007908091825
2829,0.24019607843137256,-831.4873466865689
2830,0.20098039215686275,-976.0388541315116
2831,0.2647058823529412,-805.52381698758
2832,0.19607843137254902,-919.6350965686873
2833,0.19607843137254902,-977.3958685070861
2834,0.24509803921568626,-840.2221384048462
2835,0.23529411764705882,-829.8975639717252
2836,0.2107843137254902,-1006.8212357689353
2837,0.2107843137254902,-1030.0112174726
2838,0.1568627450980392,-1023.5846220465268
2839,0.22058823529411764,-898.9525133955713
2840,0.25,-893.5391259099923
2841,0.22549019607843138,-769.6681125771765
2842,0.20588235294117646,-1000.674906281864
2843,0.24509803921568626,-926.5290691151339
2844,0.20588235294117646,-993.4545720605289
2845,0.22549019607843138,-940.9980800292071
2846,0.2647058823529412,-880.2303068030114
2847,0.20588235294117646,-948.9443142647837
2848,0.17647058823529413,-970.3395000345566
2849,0.22549019607843138,-991.4133086485022
2850,0.22549019607843138,-821.226344650867
2851,0.24019607843137256,-883.8345393199546
2852,0.19607843137254902,-850.7768222397449
2853,0.19607843137254902,-1069.4821484509637
2854,0.22058823529411764,-949.9018818911384
2855,0.22058823529411764,-870.2269997503244
2856,0.21568627450980393,-899.363600543901
2857,0.25,-993.700499459809
2858,0.1568627450980392,-925.6547872318941
2859,0.2549019607843137,-894.038509163202
2860,0.19117647058823528,-1022.3926185346118
2861,0.2107843137254902,-1007.2196911082548
2862,0.20098039215686275,-923.0017821555044
2863,0.24509803921568626,-904.9310843991299
2864,0.25,-880.0758060006534
2865,0.22549019607843138,-1009.1761939665851
2866,0.23039215686274508,-983.0408187754014
2867,0.24019607843137256,-750.2921746945849
2868,0.20098039215686275,-1029.7705638361913
2869,0.17647058823529413,-1040.2411916209203
2870,0.24019607843137256,-1013.3090736725751
2871,0.24019607843137256,-997.946401605419
2872,0.20588235294117646,-1044.61510478749
2873,0.2647058823529412,-916.6677347258026
2874,0.18137254901960784,-1058.336479804095
2875,0.16176470588235295,-1031.5942192451628
2876,0.23529411764705882,-985.513748664482
2877,0.22058823529411764,-954.184025072584
2878,0.20098039215686275,-1014.4734856848623
2879,0.27450980392156865,-824.85248967713
2880,0.14215686274509803,-1189.8637882494459
2881,0.22058823529411764,-927.8705912010342
2882,0.23529411764705882,-893.683603810329
2883,0.21568627450980393,-938.6969709583358
2884,0.23529411764705882,-812.0186048582489
2885,0.27450980392156865,-862.6539605084588
2886,0.22058823529411764,-888.719305823831
2887,0.24509803921568626,-936.931131437713
2888,0.21568627450980393,-970.5149136898565
2889,0.24019607843137256,-908.3363165387921
2890,0.22549019607843138,-1002.4226015221839
2891,0.23529411764705882,-859.7627011467429
2892,0.17647058823529413,-1024.6042150235644
2893,0.23039215686274508,-963.2202394896863
2894,0.19607843137254902,-894.9138306729934
2895,0.22058823529411764,-1007.0549014596378
2896,0.21568627450980393,-1023.6817620034311
2897,0.24019607843137256,-889.1441376443003
2898,0.24019607843137256,-974.5920849407421
2899,0.20588235294117646,-797.9593448638916
2900,0.17647058823529413,-1017.3066072276994
2901,0.22058823529411764,-962.6600002775006
2902,0.2647058823529412,-650.0508065317191
2903,0.22058823529411764,-851.1542155976389
2904,0.21568627450980393,-1090.579603326087
2905,0.2549019607843137,-823.8292540381937
2906,0.2107843137254902,-1026.8014621921614
2907,0.19607843137254902,-1186.6449287171458
2908,0.17647058823529413,-1059.5740537456438
2909,0.20098039215686275,-1037.533019140655
2910,0.22058823529411764,-989.5903771718343
2911,0.19607843137254902,-944.7275330038632
2912,0.2107843137254902,-969.0554495231778
2913,0.24019607843137256,-808.5464521669874
2914,0.2549019607843137,-902.9663473297568
2915,0.24509803921568626,-851.7983853396247
2916,0.23529411764705882,-920.9645653425479
2917,0.23039215686274508,-910.3500564425599
2918,0.18627450980392157,-926.4283907086242
2919,0.22549019607843138,-924.2831864450492
2920,0.23039215686274508,-978.1675760605756
2921,0.2107843137254902,-967.1611737737469
2922,0.22058823529411764,-1083.8144194565568
2923,0.20098039215686275,-997.0169152559018
2924,0.2549019607843137,-752.1084887186686
2925,0.20098039215686275,-1095.9048454434264
2926,0.2107843137254902,-925.258507681828
2927,0.23039215686274508,-803.5791419347128
2928,0.24019607843137256,-917.5016975776822
2929,0.25980392156862747,-845.8953606755126
2930,0.21568627450980393,-935.0932479746201
2931,0.25980392156862747,-775.4073367960312
2932,0.24019607843137256,-847.6856687957165
2933,0.2107843137254902,-1030.0907427282893
2934,0.25980392156862747,-743.1058164671356
2935,0.22058823529411764,-1007.7083952193167
2936,0.20098039215686275,-1074.4072225047094
2937,0.2107843137254902,-1086.6575146843406
2938,0.2107843137254902,-759.2047992220112
2939,0.2107843137254902,-910.6035567825916
2940,0.19117647058823528,-1081.6809538111968
2941,0.22058823529411764,-987.9640910017724
2942,0.22058823529411764,-962.4394372117285
2943,0.21568627450980393,-996.211755434672
2944,0.18627450980392157,-958.884844639722
2945,0.23039215686274508,-867.2017324485031
2946,0.21568627450980393,-984.5804241217819
2947,0.20098039215686275,-1131.0818946127797
2948,0.23529411764705882,-790.6917099111221
2949,0.2107843137254902,-904.3425870596194
2950,0.23529411764705882,-988.4778816185745
2951,0.22549019607843138,-852.9170096528296
2952,0.23039215686274508,-952.0857655768301
2953,0.2549019607843137,-850.3012742622226
2954,0.2549019607843137,-929.4331598468856
2955,0.24019607843137256,-915.8411131653131
2956,0.25,-937.0736480974683
2957,0.18627450980392157,-1037.1049777012245
2958,0.21568627450980393,-1009.9574205080668
2959,0.1715686274509804,-1104.9498772153668
2960,0.19607843137254902,-1030.2394271364399
2961,0.23039215686274508,-857.2137050909155
2962,0.20588235294117646,-979.6222994187299
2963,0.2549019607843137,-873.5878455592136
2964,0.16666666666666666,-1020.0631031896554
2965,0.23529411764705882,-883.6045855166865
2966,0.28431372549019607,-869.7300263573142
2967,0.27450980392156865,-753.8479979926465
2968,0.2107843137254902,-866.8087909361896
2969,0.20588235294117646,-949.0488847096761
2970,0.22058823529411764,-1025.8255777546003
2971,0.2549019607843137,-775.4113652472403
2972,0.19607843137254902,-873.2519834742826
2973,0.19117647058823528,-935.9416767382154
2974,0.27450980392156865,-849.788306797252
2975,0.19607843137254902,-1023.1788755491668
2976,0.18137254901960784,-969.7509590223724
2977,0.18137254901960784,-1028.6824364942663
2978,0.25,-880.0387973972396
2979,0.20098039215686275,-1061.784683788524
2980,0.22549019607843138,-1031.8109101501166
2981,0.23529411764705882,-888.758949990366
2982,0.20098039215686275,-861.1849523432114
2983,0.20098039215686275,-908.1303130879122
2984,0.19607843137254902,-883.6188407411762
2985,0.23529411764705882,-939.1502523796231
2986,0.21568627450980393,-863.4405524309943
2987,0.21568627450980393,-934.8732116549622
2988,0.19117647058823528,-972.1493886872834
2989,0.21568627450980393,-852.6308392169428
2990,0.22058823529411764,-904.0993882534551
2991,0.23529411764705882,-867.4086002649045
2992,0.20098039215686275,-1036.4847726634905
2993,0.22549019607843138,-848.5038616330016
2994,0.2107843137254902,-1011.0232677646712
2995,0.23039215686274508,-931.1579284667969
2996,0.27450980392156865,-831.061245843476
2997,0.20098039215686275,-972.0744290725858
2998,0.20588235294117646,-935.0645107755474
2999,0.25980392156862747,-818.8758088467168
3000,0.23529411764705882,-842.1779845181634
3001,0.22549019607843138,-906.1996597215241
3002,0.2107843137254902,-947.7358011918909
3003,0.22549019607843138,-1065.2184238433838
3004,0.25980392156862747,-830.2614002414779
3005,0.23529411764705882,-853.7327267515893
3006,0.2549019607843137,-830.2857787936341
3007,0.2549019607843137,-915.5284549675736
3008,0.22549019607843138,-889.2377048754224
3009,0.22549019607843138,-960.891825872309
3010,0.2107843137254902,-921.7652037938436
3011,0.24509803921568626,-799.2216586879655
3012,0.22058823529411764,-858.5034120597091
3013,0.2107843137254902,-975.7408621170941
3014,0.22549019607843138,-935.6050110424267
3015,0.2549019607843137,-731.3230989961063
3016,0.21568627450980393,-967.068367247488
3017,0.24019607843137256,-834.2924447059631
3018,0.16666666666666666,-1055.8011201316235
3019,0.2549019607843137,-878.1490165860046
3020,0.22549019607843138,-973.4359310655033
3021,0.24509803921568626,-917.2878590378107
3022,0.22058823529411764,-922.7598781024708
3023,0.2107843137254902,-944.3850549249088
3024,0.24019607843137256,-750.9850650207669
3025,0.19607843137254902,-839.301891934638
3026,0.23039215686274508,-976.2576487298105
3027,0.20098039215686275,-945.1215319165997
3028,0.19607843137254902,-935.6017577414419
3029,0.20098039215686275,-974.1310968586043
3030,0.22058823529411764,-935.140812032363
3031,0.20588235294117646,-973.6105622310264
3032,0.18137254901960784,-1106.880301877564
3033,0.22058823529411764,-954.4414827496398
3034,0.23529411764705882,-958.5272629588258
3035,0.18627450980392157,-957.8119778165631
3036,0.21568627450980393,-1019.4584691477756
3037,0.1715686274509804,-927.5718832015991
3038,0.21568627450980393,-828.1934279086543
3039,0.23039215686274508,-961.7309316747329
3040,0.20588235294117646,-979.746392586652
3041,0.22549019607843138,-981.1631655225567
3042,0.2107843137254902,-1109.607626353993
3043,0.20098039215686275,-1086.4492711646883
3044,0.19607843137254902,-1003.3281961048351
3045,0.2696078431372549,-958.1050909266752
3046,0.23529411764705882,-866.8149332813188
3047,0.19607843137254902,-984.700658125036
3048,0.2647058823529412,-770.4950415667365
3049,0.1568627450980392,-984.5445160772286
3050,0.16666666666666666,-1003.6829369862875
3051,0.19117647058823528,-921.0424969991049
3052,0.20098039215686275,-907.0504835727168
3053,0.2107843137254902,-1057.387713282716
3054,0.2647058823529412,-729.2132631750668
3055,0.17647058823529413,-958.1859852753433
3056,0.20098039215686275,-872.1771635728724
3057,0.24509803921568626,-839.7780484218223
3058,0.20098039215686275,-995.7369522954904
3059,0.24509803921568626,-860.6472854053272
3060,0.23529411764705882,-1033.1396139930275
3061,0.21568627450980393,-928.6482899516236
3062,0.2549019607843137,-791.0776166915894
3063,0.24019607843137256,-882.0654337826898
3064,0.25980392156862747,-801.2625347586239
3065,0.19607843137254902,-988.1002355089374
3066,0.24019607843137256,-905.9234474967508
3067,0.22058823529411764,-847.419163199032
3068,0.2549019607843137,-726.0039985507142
3069,0.20098039215686275,-957.5630263908237
3070,0.2696078431372549,-898.1457539165722
3071,0.25980392156862747,-934.3369235805436
3072,0.19607843137254902,-985.1314323275697
3073,0.17647058823529413,-994.8594232073017
3074,0.18137254901960784,-1083.1822651133818
3075,0.20588235294117646,-945.9081102072024
3076,0.19607843137254902,-1001.936141425488
3077,0.20588235294117646,-960.9052131877226
3078,0.23529411764705882,-831.0744414423026
3079,0.22058823529411764,-958.8692406112073
3080,0.21568627450980393,-820.4638156703874
3081,0.20588235294117646,-1039.558725824543
3082,0.22549019607843138,-857.5753225438735
3083,0.19607843137254902,-914.1715712921292
3084,0.22549019607843138,-914.4750087027456
3085,0.21568627450980393,-1011.7097367492377
3086,0.20588235294117646,-899.3512030395807
3087,0.23039215686274508,-967.7317373425353
3088,0.23039215686274508,-947.7636469485712
3089,0.14705882352941177,-1125.1526622959211
3090,0.17647058823529413,-1016.2462275261972
3091,0.18627450980392157,-958.0182245665906
3092,0.24019607843137256,-851.8657319872987
3093,0.24509803921568626,-749.3126207613477
3094,0.22549019607843138,-896.5251723270791
3095,0.19117647058823528,-1024.9135559306426
3096,0.22058823529411764,-849.4462748321832
3097,0.19117647058823528,-1064.804419517517
3098,0.21568627450980393,-874.4015356419134
3099,0.22058823529411764,-937.536701071496
3100,0.21568627450980393,-908.701696582869
3101,0.22549019607843138,-956.5381775837319
3102,0.24019607843137256,-1000.7566655476888
3103,0.20588235294117646,-924.5616886475507
3104,0.24019607843137256,-903.8393456328149
3105,0.20588235294117646,-967.3118833373575
3106,0.28921568627450983,-794.1657209583358
3107,0.2107843137254902,-993.7960676492429
3108,0.19607843137254902,-809.9377056944604
3109,0.21568627450980393,-1092.628953971115
3110,0.23039215686274508,-866.3479502995809
3111,0.23039215686274508,-792.3399407816868
3112,0.16176470588235295,-1138.84221423841
3113,0.19117647058823528,-1075.7303049424115
3114,0.2549019607843137,-939.3786069458606
3115,0.24509803921568626,-877.7936728608374
3116,0.22549019607843138,-807.6963948455511
3117,0.24019607843137256,-912.1331565894333
3118,0.2107843137254902,-963.6940267974255
3119,0.22058823529411764,-916.218521192962
3120,0.15196078431372548,-1115.065992121603
3121,0.17647058823529413,-992.8585713330438
3122,0.20098039215686275,-1009.0331578909182
3123,0.25,-904.2245368396534
3124,0.24509803921568626,-889.1790898640951
3125,0.21568627450980393,-1028.455406404009
3126,0.20588235294117646,-844.2295855166865
3127,0.22549019607843138,-931.8146656541263
3128,0.19607843137254902,-924.8833690718109
3129,0.23039215686274508,-948.8715829101263
3130,0.24509803921568626,-838.8259141024421
3131,0.19117647058823528,-865.2168465689117
3132,0.18137254901960784,-1061.3688952315088
3133,0.22549019607843138,-773.6339071685193
3134,0.23529411764705882,-880.885698524176
3135,0.27450980392156865,-699.7258676080143
3136,0.25980392156862747,-868.0964619692634
3137,0.24019607843137256,-802.0857109462513
3138,0.20098039215686275,-1009.7971816904404
3139,0.28431372549019607,-826.9619559867709
3140,0.23529411764705882,-970.9994270287308
3141,0.2107843137254902,-917.398999447916
3142,0.20098039215686275,-959.8944761799831
3143,0.20098039215686275,-980.2785567302329
3144,0.20098039215686275,-1015.8312228520712
3145,0.20588235294117646,-909.975334485372
3146,0.17647058823529413,-1132.272283853269
3147,0.18627450980392157,-1158.7344978930903
3148,0.20588235294117646,-920.2807482551126
3149,0.27941176470588236,-812.8584055994071
3150,0.18627450980392157,-1137.1580521359163
3151,0.19607843137254902,-951.8781691345514
3152,0.20588235294117646,-999.7443099676394
3153,0.18627450980392157,-1012.430388357125
3154,0.19117647058823528,-891.4101929010129
3155,0.24509803921568626,-1017.3694631165149
3156,0.2647058823529412,-771.4487527211508
3157,0.24509803921568626,-807.6614869809619
3158,0.16666666666666666,-1045.216811208164
3159,0.19607843137254902,-1021.3561340967814
3160,0.24509803921568626,-713.6161144948474
3161,0.2107843137254902,-1039.867925008138
3162,0.19117647058823528,-984.9476635876824
3163,0.22058823529411764,-854.3587779998779
3164,0.2647058823529412,-869.1981013802921
3165,0.28921568627450983,-809.6942754820282
3166,0.2696078431372549,-869.9996811642367
3167,0.18627450980392157,-1011.9824382183599
3168,0.25,-946.7918617678623
3169,0.19117647058823528,-885.7059238097247
3170,0.24019607843137256,-934.2648425195731
3171,0.21568627450980393,-831.6026449203491
3172,0.18627450980392157,-996.909449446435
3173,0.2549019607843137,-752.7439542845184
3174,0.20588235294117646,-948.572000466141
3175,0.20588235294117646,-865.7239994722254
3176,0.2549019607843137,-892.8613661410761
3177,0.22549019607843138,-886.8317046071969
3178,0.22058823529411764,-930.5936347176047
3179,0.2107843137254902,-950.56168941423
3180,0.2107843137254902,-843.8845573593588
3181,0.23529411764705882,-814.139300776463
3182,0.25,-894.9804525562362
3183,0.23039215686274508,-829.2137552803638
3184,0.20588235294117646,-974.3243557612101
3185,0.19117647058823528,-969.7426947144901
3186,0.23039215686274508,-975.015915851967
3187,0.24509803921568626,-850.144283135732
3188,0.25,-850.1064458547854
3189,0.24019607843137256,-887.2807833540674
3190,0.20098039215686275,-1071.1239345026952
3191,0.21568627450980393,-857.3034600557065
3192,0.23039215686274508,-926.3101539798812
3193,0.27941176470588236,-719.5507777718936
3194,0.22058823529411764,-775.3191746543436
3195,0.2107843137254902,-885.1445185343424
3196,0.23529411764705882,-977.6781267465329
3197,0.2107843137254902,-936.5684273944181
3198,0.24509803921568626,-892.7806221083099
3199,0.2549019607843137,-791.5626470995884
3200,0.2549019607843137,-841.2339126549515
3201,0.22058823529411764,-866.3440803546531
3202,0.1568627450980392,-1137.3393731584736
3203,0.20098039215686275,-912.4129265429926
3204,0.2549019607843137,-996.9783885806214
3205,0.22058823529411764,-950.6807450967676
3206,0.25,-822.7695350646973
3207,0.25980392156862747,-828.049098631915
3208,0.2107843137254902,-989.7779037812177
3209,0.21568627450980393,-915.3242043887867
3210,0.20098039215686275,-1066.380747346317
3211,0.2107843137254902,-901.304230297313
3212,0.20588235294117646,-1038.6616382972868
3213,0.1568627450980392,-1034.4535473842247
3214,0.19117647058823528,-1034.2064712187823
3215,0.25980392156862747,-838.2223637337778
3216,0.21568627450980393,-866.086771217047
3217,0.25,-870.6093869489782
3218,0.23529411764705882,-749.5946281470505
3219,0.22549019607843138,-848.9981995470383
3220,0.22549019607843138,-1004.3433574414721
3221,0.17647058823529413,-1143.701376914978
3222,0.22549019607843138,-957.9901784448062
3223,0.22058823529411764,-889.2595248876834
3224,0.16666666666666666,-1139.4580275778676
3225,0.24019607843137256,-856.5880873250027
3226,0.24019607843137256,-872.4496388996349
3227,0.23039215686274508,-879.1303948514602
3228,0.2107843137254902,-922.7015270719342
3229,0.20588235294117646,-919.819990382475
3230,0.1715686274509804,-1036.4966897403492
3231,0.21568627450980393,-987.8926497814703
3232,0.16666666666666666,-1042.4498266145295
3233,0.25,-896.9494978773828
3234,0.21568627450980393,-1026.4031589919446
3235,0.22549019607843138,-979.9957235747693
3236,0.21568627450980393,-968.8598841405383
3237,0.23529411764705882,-820.6902328192019
3238,0.22549019607843138,-830.8215239281748
3239,0.23039215686274508,-926.2548169154746
3240,0.23529411764705882,-859.7492037380443
3241,0.23039215686274508,-947.1853037254483
3242,0.21568627450980393,-940.3947802898931
3243,0.23039215686274508,-841.7682401993695
3244,0.2696078431372549,-835.685308157229
3245,0.20588235294117646,-1003.1936539014181
3246,0.23039215686274508,-923.0824806736965
3247,0.18627450980392157,-947.859471321106
3248,0.22549019607843138,-902.3324849465314
3249,0.21568627450980393,-823.3553819843368
3250,0.25,-924.1820606998368
3251,0.20588235294117646,-980.1547028784659
3252,0.22058823529411764,-993.9518059001249
3253,0.2107843137254902,-961.3086532891965
3254,0.19607843137254902,-892.735512191174
3255,0.21568627450980393,-1042.455598859226
3256,0.25,-862.6349356034223
3257,0.2549019607843137,-775.6968674940222
3258,0.22549019607843138,-856.1208935905905
3259,0.22549019607843138,-1003.6807431239707
3260,0.22549019607843138,-962.9267129150091
3261,0.18137254901960784,-1022.9827265271954
3262,0.18627450980392157,-983.1972233641382
3263,0.19607843137254902,-1029.9289331249163
3264,0.21568627450980393,-897.81087177875
3265,0.24509803921568626,-859.2491669561349
3266,0.22549019607843138,-898.3416529543259
3267,0.19117647058823528,-876.204279497558
3268,0.2107843137254902,-939.2193568173577
3269,0.20098039215686275,-964.9871428994571
3270,0.21568627450980393,-950.9956844367233
3271,0.18627450980392157,-1063.048809004765
3272,0.2647058823529412,-805.9693222419888
3273,0.20588235294117646,-889.4931899426031
3274,0.2107843137254902,-997.5119252298392
3275,0.22058823529411764,-1009.917534977782
3276,0.1568627450980392,-998.6025766858868
3277,0.22549019607843138,-985.9186893163943
3278,0.19607843137254902,-925.242024935928
3279,0.27450980392156865,-906.1015835369335
3280,0.19117647058823528,-985.7191971610574
3281,0.22058823529411764,-772.2028374952429
3282,0.23039215686274508,-1049.06125682943
3283,0.25,-788.3721457088695
3284,0.21568627450980393,-928.6375844057868
3285,0.19117647058823528,-941.7488523558075
3286,0.2107843137254902,-1023.5421805849262
3287,0.19607843137254902,-1006.5417271875867
3288,0.21568627450980393,-859.4808496400422
3289,0.24019607843137256,-828.3744949640012
3290,0.22058823529411764,-1024.8473054474475
3291,0.16176470588235295,-998.9127573873483
3292,0.22549019607843138,-849.7254238502652
3293,0.21568627450980393,-947.3657709850985
3294,0.2549019607843137,-772.7540574541279
3295,0.22549019607843138,-929.0116554335052
3296,0.14705882352941177,-1061.040355644974
3297,0.23039215686274508,-866.2542747235766
3298,0.2549019607843137,-939.1840747758454
3299,0.19607843137254902,-917.9970168973886
3300,0.25980392156862747,-946.5988397785262
3301,0.23039215686274508,-897.9512812857535
3302,0.19117647058823528,-900.8246556076349
3303,0.24509803921568626,-909.94252799539
3304,0.21568627450980393,-938.6300917419733
3305,0.20588235294117646,-973.4068245233274
3306,0.24019607843137256,-827.8899992400525
3307,0.23039215686274508,-1002.1846866233676
3308,0.23039215686274508,-723.9985445620966
3309,0.25980392156862747,-875.110078792946
3310,0.2107843137254902,-1027.513471883886
3311,0.22058823529411764,-936.0528833164889
3312,0.24509803921568626,-896.9758633071301
3313,0.20098039215686275,-776.0689228656245
3314,0.22549019607843138,-1069.1079911811678
3315,0.23039215686274508,-910.3058917288687
3316,0.22058823529411764,-963.1763452268115
3317,0.24509803921568626,-812.1042910370172
3318,0.19607843137254902,-971.1979868084777
3319,0.2107843137254902,-841.3094897924685
3320,0.2647058823529412,-1003.0274732814115
3321,0.1715686274509804,-891.9379183451334
3322,0.25980392156862747,-900.8305170021805
3323,0.24509803921568626,-866.3590732462266
3324,0.2107843137254902,-1037.747504309112
3325,0.25980392156862747,-884.5755787643732
3326,0.19607843137254902,-1063.2061701194914
3327,0.23039215686274508,-901.1747740203259
3328,0.19117647058823528,-982.9624861174939
3329,0.17647058823529413,-947.0683946796493
3330,0.23039215686274508,-782.2269062528424
3331,0.20588235294117646,-855.5277465745514
3332,0.18137254901960784,-930.518160090727
3333,0.20098039215686275,-1159.611607944264
3334,0.19607843137254902,-913.1944704710269
3335,0.2696078431372549,-810.8279056549072
3336,0.22549019607843138,-909.0787550795312
3337,0.22058823529411764,-982.6937906321357
3338,0.24509803921568626,-789.8818266251508
3339,0.22058823529411764,-824.1639588954401
3340,0.25,-787.4869809431189
3341,0.24019607843137256,-869.3225671917785
3342,0.21568627450980393,-917.5012358310175
3343,0.22549019607843138,-1036.58855082942
3344,0.23529411764705882,-774.795399572335
3345,0.23039215686274508,-956.3199435308868
3346,0.20098039215686275,-929.7525097716089
3347,0.24509803921568626,-847.9747451239941
3348,0.2107843137254902,-911.5161290636249
3349,0.23529411764705882,-983.7241141375373
3350,0.20098039215686275,-938.5032776944778
3351,0.19607843137254902,-991.579192460752
3352,0.22058823529411764,-961.915912141987
3353,0.2107843137254902,-993.553658429314
3354,0.22058823529411764,-954.9587262658512
3355,0.19117647058823528,-989.6358008384705
3356,0.21568627450980393,-976.393906583973
3357,0.25980392156862747,-941.8333697599523
3358,0.23039215686274508,-1007.0035697338628
3359,0.19607843137254902,-961.0083006503535
3360,0.27450980392156865,-786.3741833368937
3361,0.23039215686274508,-1008.087246950935
3362,0.19607843137254902,-1100.682277099759
3363,0.24019607843137256,-953.4396548177682
3364,0.1715686274509804,-1061.054760353238
3365,0.2107843137254902,-963.917971424028
3366,0.23039215686274508,-960.5038272072287
3367,0.18627450980392157,-1054.5629299575207
3368,0.20588235294117646,-897.6462138867846
3369,0.18627450980392157,-1017.3246015099918
3370,0.22058823529411764,-1014.8020818747726
3371,0.2107843137254902,-827.4914000455071
3372,0.24019607843137256,-809.1918625177121
3373,0.25980392156862747,-881.3886168610816
3374,0.21568627450980393,-973.5292648801617
3375,0.21568627450980393,-881.9031384972965
3376,0.22549019607843138,-1072.1797484977571
3377,0.24509803921568626,-842.5285702780182
3378,0.24019607843137256,-780.5408136891384
3379,0.20588235294117646,-897.8055932662066
3380,0.17647058823529413,-965.1772210644741
3381,0.23529411764705882,-884.0689182281494
3382,0.25,-920.7181060454425
3383,0.18627450980392157,-989.5844927769082
3384,0.23529411764705882,-992.7386293785245
3385,0.17647058823529413,-1099.4551632077087
3386,0.23529411764705882,-870.7789621914135
3387,0.18627450980392157,-996.3245816137277
3388,0.24019607843137256,-840.1841958924836
3389,0.23039215686274508,-850.5205869487687
3390,0.23529411764705882,-1001.7792827007818
3391,0.20588235294117646,-948.1401279860852
3392,0.23039215686274508,-946.6081668816361
3393,0.20098039215686275,-912.9773099001716
3394,0.2107843137254902,-922.1097374897378
3395,0.19117647058823528,-1026.7780862135046
3396,0.20098039215686275,-848.0232146207024
3397,0.21568627450980393,-1083.8145439671534
3398,0.22058823529411764,-943.9912734125174
3399,0.2107843137254902,-973.2487965939092
3400,0.23529411764705882,-951.8372706992953
3401,0.22549019607843138,-865.5089124978757
3402,0.21568627450980393,-906.330488279754
3403,0.24019607843137256,-793.9722134646247
3404,0.22058823529411764,-963.2341312146655
3405,0.25,-876.6273958355773
3406,0.16666666666666666,-1084.8774100845935
3407,0.22549019607843138,-896.9220094493791
3408,0.22058823529411764,-982.3820563952128
3409,0.19117647058823528,-964.9367190155328
3410,0.20098039215686275,-963.4866688485239
3411,0.20098039215686275,-1014.776634646397
3412,0.18627450980392157,-1014.9270417082544
3413,0.22549019607843138,-862.8294007918414
3414,0.24019607843137256,-755.7729914235134
3415,0.2107843137254902,-938.0940101660934
3416,0.23529411764705882,-903.0499914393705
3417,0.27450980392156865,-914.2864488526886
3418,0.19117647058823528,-1084.928916201872
3419,0.2107843137254902,-960.2306542770535
3420,0.20098039215686275,-996.562928461561
3421,0.19607843137254902,-940.5058912202423
3422,0.24509803921568626,-920.8772014917112
3423,0.2647058823529412,-880.8915470441183
3424,0.19117647058823528,-1008.7931428329617
3425,0.22058823529411764,-927.2532416231492
3426,0.22058823529411764,-843.9443712982477
3427,0.21568627450980393,-938.3470510034
3428,0.18627450980392157,-953.0446709838568
3429,0.18627450980392157,-886.157607050503
3430,0.19117647058823528,-1053.8832037776124
3431,0.2696078431372549,-877.0931269234302
3432,0.22058823529411764,-934.7502771639356
3433,0.2107843137254902,-892.7665742051367
3434,0.24509803921568626,-982.5295888582865
3435,0.24019607843137256,-896.8904169587528
3436,0.22549019607843138,-831.6080593969308
3437,0.17647058823529413,-1061.845593246759
3438,0.20098039215686275,-1008.3870157541013
3439,0.21568627450980393,-951.4831852445416
3440,0.27941176470588236,-754.3353231280457
3441,0.20098039215686275,-925.7201224027896
3442,0.24509803921568626,-845.132165366528
3443,0.22058823529411764,-879.3147955314786
3444,0.17647058823529413,-1034.536416839151
3445,0.2107843137254902,-995.3907582058627
3446,0.22058823529411764,-905.9003238864974
3447,0.2549019607843137,-961.9829757353839
3448,0.25,-891.7079867475173
3449,0.2549019607843137,-842.2334420073266
3450,0.22058823529411764,-917.4851196606954
3451,0.2107843137254902,-1026.8818846683876
3452,0.19117647058823528,-1018.3172975521462
3453,0.2107843137254902,-1017.0624888083514
3454,0.24019607843137256,-946.1915063110052
3455,0.22549019607843138,-961.5905062357584
3456,0.2549019607843137,-927.7696782654407
3457,0.25,-876.1791763305664
3458,0.2107843137254902,-965.4063675356846
3459,0.20098039215686275,-974.7383189201355
3460,0.22549019607843138,-998.8518859077902
3461,0.19607843137254902,-948.1750663869522
3462,0.23529411764705882,-816.5074725992539
3463,0.1715686274509804,-1026.1453335518931
3464,0.20098039215686275,-1001.4956374074899
3465,0.23039215686274508,-892.9461377461752
3466,0.23039215686274508,-1055.1167247996611
3467,0.22549019607843138,-960.3660744311762
3468,0.18627450980392157,-1085.5588916516772
3469,0.20098039215686275,-1091.0597102595311
3470,0.21568627450980393,-913.5552105436138
3471,0.18137254901960784,-1045.6459994783588
3472,0.20588235294117646,-964.7857903966717
3473,0.17647058823529413,-1078.9311190492967
3474,0.24509803921568626,-746.2768759446985
3475,0.23039215686274508,-1006.9945167653701
3476,0.18137254901960784,-1100.409637712965
3477,0.21568627450980393,-1024.2414237097198
3478,0.20098039215686275,-941.7557405770993
3479,0.20588235294117646,-837.4022766655567
3480,0.19607843137254902,-941.2397566215665
3481,0.25,-935.0508797402475
3482,0.2549019607843137,-886.3967916077258
3483,0.19607843137254902,-815.5155937531415
3484,0.22549019607843138,-1050.644100824992
3485,0.22549019607843138,-955.398037330777
3486,0.23529411764705882,-902.3817506397472
3487,0.22058823529411764,-978.3934680714327
3488,0.23529411764705882,-769.6745599110922
3489,0.18627450980392157,-990.2124119365917
3490,0.2107843137254902,-1043.3767151552088
3491,0.21568627450980393,-971.6760201360665
3492,0.25,-925.2980059081433
3493,0.22549019607843138,-884.4871110916138
3494,0.19607843137254902,-1033.556466813181
3495,0.22549019607843138,-855.2426914981767
3496,0.19607843137254902,-1024.0359025095024
3497,0.19117647058823528,-969.5563685473273
3498,0.19607843137254902,-907.9006666669659
3499,0.18627450980392157,-1117.0988200131585
3500,0.2107843137254902,-1036.7948661131018
3501,0.23039215686274508,-1028.384804202061
3502,0.2107843137254902,-885.151724245034
3503,0.2107843137254902,-1064.158374786377
3504,0.22058823529411764,-1013.7134742362827
3505,0.16176470588235295,-1070.0155516044767
3506,0.24509803921568626,-1005.9701854668411
3507,0.23529411764705882,-812.2826036752439
3508,0.20098039215686275,-973.097791222965
3509,0.24509803921568626,-933.4813469905479
3510,0.2647058823529412,-740.655456010033
3511,0.20098039215686275,-1073.365407812829
3512,0.19117647058823528,-1009.2982966666128
3513,0.20098039215686275,-1042.3583150096968
3514,0.19607843137254902,-983.001990589441
3515,0.19117647058823528,-897.7554473502963
3516,0.16176470588235295,-987.6061579199398
3517,0.21568627450980393,-982.7604237163769
3518,0.25,-845.9250004338284
3519,0.2107843137254902,-871.3282670974731
3520,0.20098039215686275,-912.130410231796
3521,0.22549019607843138,-901.486801035264
3522,0.21568627450980393,-982.4305001707638
3523,0.23039215686274508,-879.042504123613
3524,0.23039215686274508,-807.3753491569968
3525,0.20098039215686275,-874.0323674445059
3526,0.20588235294117646,-914.678132019791
3527,0.22058823529411764,-881.6301872216019
3528,0.23039215686274508,-876.310513122409
3529,0.21568627450980393,-734.9256687351302
3530,0.18137254901960784,-804.0778434416827
3531,0.21568627450980393,-1072.6824869081086
3532,0.16176470588235295,-1009.899057079764
3533,0.18627450980392157,-1073.9707055278852
3534,0.24509803921568626,-894.7580363516714
3535,0.23039215686274508,-870.6292790618597
3536,0.23529411764705882,-820.3510193544275
3537,0.2696078431372549,-745.777523209067
3538,0.2107843137254902,-984.420624293533
3539,0.20098039215686275,-1025.638830764621
3540,0.2107843137254902,-975.6059201277939
3541,0.20588235294117646,-926.0244350246354
3542,0.2107843137254902,-942.2573260139017
3543,0.2647058823529412,-823.0002556969138
3544,0.19607843137254902,-1013.6839335011501
3545,0.24019607843137256,-917.6062304739859
3546,0.20588235294117646,-898.7160629571653
3547,0.22058823529411764,-902.4307774562461
3548,0.2549019607843137,-896.9764609897838
3549,0.22058823529411764,-868.0271617571512
3550,0.2107843137254902,-977.9153336356668
3551,0.18137254901960784,-981.035488652248
3552,0.2107843137254902,-1001.4012670890958
3553,0.23039215686274508,-981.3715151525012
3554,0.21568627450980393,-974.9632770313937
3555,0.24019607843137256,-970.6218925924862
3556,0.2647058823529412,-968.9574244069119
3557,0.23039215686274508,-881.3703254063925
3558,0.16666666666666666,-993.4064287578358
3559,0.1715686274509804,-1135.282802880979
3560,0.18627450980392157,-909.5843541949403
3561,0.22549019607843138,-912.6177166209501
3562,0.2647058823529412,-750.3104122573254
3563,0.2107843137254902,-855.6390234909805
3564,0.1715686274509804,-1009.0404632044773
3565,0.19607843137254902,-973.7910482369217
3566,0.23529411764705882,-851.815572757347
3567,0.2107843137254902,-892.4929999557196
3568,0.2107843137254902,-911.1004282259473
3569,0.22058823529411764,-888.9220719430961
3570,0.19607843137254902,-970.8051493869108
3571,0.20588235294117646,-1024.7470780166925
3572,0.16176470588235295,-982.92290985818
3573,0.22058823529411764,-909.7983013227874
3574,0.20588235294117646,-1090.5833199070948
3575,0.23039215686274508,-860.8684067071653
3576,0.23529411764705882,-933.6218776889876
3577,0.17647058823529413,-1033.3078033409868
3578,0.24019607843137256,-908.4672523947323
3579,0.23039215686274508,-928.8046511014303
3580,0.25,-895.7207206838272
3581,0.24019607843137256,-841.1852470098758
3582,0.18137254901960784,-993.0986281750249
3583,0.22549019607843138,-853.0834888757444
3584,0.2107843137254902,-1028.002570956361
3585,0.16176470588235295,-1040.3195589383442
3586,0.1715686274509804,-1070.933422500012
3587,0.24509803921568626,-1100.3283070021985
3588,0.22549019607843138,-888.0411445580277
3589,0.24019607843137256,-878.6018263498942
3590,0.20588235294117646,-964.5680013918409
3591,0.25,-895.8518491071814
3592,0.22058823529411764,-914.4714450275196
3593,0.19607843137254902,-1024.6003236116148
3594,0.23039215686274508,-964.4495566872989
3595,0.2647058823529412,-749.1914003783581
3596,0.22058823529411764,-940.7740553874595
3597,0.22549019607843138,-1006.3347271283468
3598,0.2107843137254902,-862.1449243508133
3599,0.22058823529411764,-1059.5220992424909
3600,0.22058823529411764,-940.7691747628006
3601,0.23039215686274508,-830.8516159805597
3602,0.22058823529411764,-1131.3245082930023
3603,0.24509803921568626,-869.0646491518207
3604,0.20588235294117646,-902.8943393370685
3605,0.2107843137254902,-789.4972077724981
3606,0.19607843137254902,-929.4692777745864
3607,0.18137254901960784,-1032.1648307781593
3608,0.2107843137254902,-834.8136975157495
3609,0.16176470588235295,-1043.2880596460082
3610,0.23529411764705882,-971.7510067902359
3611,0.21568627450980393,-978.9292014439901
3612,0.22549019607843138,-807.6638770103455
3613,0.2107843137254902,-969.4309490428251
3614,0.23039215686274508,-987.6738633735507
3615,0.18137254901960784,-1015.7798981386072
3616,0.22058823529411764,-1044.957966449214
3617,0.24019607843137256,-957.73469284469
3618,0.25,-869.5763422461117
3619,0.2107843137254902,-959.8828259916867
3620,0.21568627450980393,-915.1305306191538
3621,0.25980392156862747,-776.9401686425302
3622,0.21568627450980393,-925.6899596943575
3623,0.22058823529411764,-977.9241841727612
3624,0.23529411764705882,-877.9493281233545
3625,0.23039215686274508,-849.217772287481
3626,0.19117647058823528,-955.2300715913959
3627,0.18627450980392157,-1039.4885018105601
3628,0.25,-954.1958011178409
3629,0.22549019607843138,-897.0230508318134
3630,0.23529411764705882,-984.92350062202
3631,0.25980392156862747,-880.8674131748724
3632,0.20588235294117646,-978.7481604370416
3633,0.20098039215686275,-906.3593764679105
3634,0.17647058823529413,-1080.9706618271623
3635,0.19117647058823528,-919.0367383582919
3636,0.20098039215686275,-949.7627658096014
3637,0.23529411764705882,-754.2913290472592
3638,0.20588235294117646,-995.9917552985397
3639,0.22058823529411764,-1073.0761973998126
3640,0.18137254901960784,-991.5602060205796
3641,0.24509803921568626,-924.0640544236875
3642,0.21568627450980393,-984.585811661739
3643,0.18627450980392157,-978.37376202789
3644,0.22058823529411764,-918.6437891791849
3645,0.20588235294117646,-823.1586633102567
3646,0.18627450980392157,-998.6664365226147
3647,0.22058823529411764,-954.9779895333683
3648,0.2696078431372549,-858.9921361137839
3649,0.24509803921568626,-780.7898094326843
3650,0.20098039215686275,-983.5132497712677
3651,0.23529411764705882,-811.734094544953
3652,0.2549019607843137,-825.0210810642617
3653,0.22549019607843138,-928.7651482750388
3654,0.20588235294117646,-1054.634365941964
3655,0.27941176470588236,-781.2360502878824
3656,0.20588235294117646,-1079.7287604388068
3657,0.2647058823529412,-1022.242720155155
3658,0.25980392156862747,-945.7632242090561
3659,0.21568627450980393,-974.4297677395391
3660,0.1715686274509804,-929.5565008088654
3661,0.2549019607843137,-903.7012137992709
3662,0.19607843137254902,-932.5514716915055
3663,0.21568627450980393,-923.3029688479853
3664,0.21568627450980393,-1011.7297904631671
3665,0.23529411764705882,-727.5435988856296
3666,0.20588235294117646,-971.6773805992276
3667,0.25,-928.0148481761707
3668,0.20098039215686275,-975.3138595281863
3669,0.16176470588235295,-1062.659096699135
3670,0.23529411764705882,-795.3455862157485
3671,0.22549019607843138,-945.2599440742941
3672,0.3088235294117647,-942.6556237164666
3673,0.21568627450980393,-978.4276101916444
3674,0.2107843137254902,-860.2129829257142
3675,0.20588235294117646,-929.2705913618499
3676,0.20098039215686275,-955.6143895317526
3677,0.2549019607843137,-888.3897700216256
3678,0.18627450980392157,-1050.4086528478883
3679,0.20098039215686275,-1048.619430504593
3680,0.18627450980392157,-992.7918436293509
3681,0.22058823529411764,-994.973596647674
3682,0.20588235294117646,-964.3527689541088
3683,0.25,-765.1251905852673
3684,0.20098039215686275,-1002.0296117745194
3685,0.24509803921568626,-959.2429005304972
3686,0.23039215686274508,-1129.370696217406
3687,0.18137254901960784,-1062.6383621365417
3688,0.23039215686274508,-988.0780255560782
3689,0.24509803921568626,-987.5545965456495
3690,0.23529411764705882,-1007.4981692071054
3691,0.23039215686274508,-873.433579155043
3692,0.2107843137254902,-819.3625474256628
3693,0.21568627450980393,-985.7614522634768
3694,0.2107843137254902,-980.1146999059939
3695,0.21568627450980393,-917.1391880745981
3696,0.19117647058823528,-999.0609121883617
3697,0.22058823529411764,-999.474453309003
3698,0.19117647058823528,-1000.3519026157903
3699,0.16666666666666666,-1124.6750328400556
3700,0.23529411764705882,-871.611943656323
3701,0.19607843137254902,-902.7996463775635
3702,0.20588235294117646,-936.5549129411286
3703,0.1715686274509804,-1015.5125701941696
3704,0.22549019607843138,-858.924922728071
3705,0.15196078431372548,-1020.2827549541698
3706,0.21568627450980393,-899.0273744919721
3707,0.20588235294117646,-1018.3175713034237
3708,0.18627450980392157,-1001.9723872857935
3709,0.2696078431372549,-807.1708165898043
3710,0.20098039215686275,-978.0982832067153
3711,0.21568627450980393,-1005.2436653585995
3712,0.24019607843137256,-845.0666566362568
3713,0.21568627450980393,-947.2086789187263
3714,0.20588235294117646,-983.1268409280216
3715,0.24509803921568626,-892.7173178616692
3716,0.22058823529411764,-902.2085785024307
3717,0.2549019607843137,-941.582394543816
3718,0.21568627450980393,-905.4667728835461
3719,0.23529411764705882,-843.666111759111
3720,0.20098039215686275,-925.8450805159176
3721,0.25980392156862747,-836.7550235075109
3722,0.19607843137254902,-1030.1481772217096
3723,0.24019607843137256,-841.2481139126946
3724,0.24509803921568626,-912.2421049791224
3725,0.18137254901960784,-1028.013467246411
3726,0.20098039215686275,-1018.7842312794106
3727,0.24019607843137256,-806.0847604041006
3728,0.22058823529411764,-897.8126579265969
3729,0.19607843137254902,-1019.0260499879425
3730,0.23039215686274508,-940.1852641386145
3731,0.20588235294117646,-956.6358018388935
3732,0.2647058823529412,-741.8938199772555
3733,0.18627450980392157,-1082.454326395895
3734,0.23039215686274508,-922.6490981158088
3735,0.25,-816.1434890148687
3736,0.21568627450980393,-763.7452620711981
3737,0.2696078431372549,-943.8006856675241
3738,0.22058823529411764,-920.7186437120624
3739,0.2107843137254902,-1002.9408132141712
3740,0.20588235294117646,-1069.4731706824957
3741,0.19117647058823528,-1036.7168435021943
3742,0.22058823529411764,-1020.754602320054
3743,0.20098039215686275,-907.3154871510525
3744,0.22549019607843138,-920.2230993532667
3745,0.24509803921568626,-847.278743874793
3746,0.2549019607843137,-959.046204436059
3747,0.18627450980392157,-1079.6986440396777
3748,0.25,-872.1227894483828
3749,0.22549019607843138,-856.8335232454187
3750,0.25980392156862747,-799.039567451851
3751,0.20098039215686275,-956.7734587052289
3752,0.21568627450980393,-876.7777543535419
3753,0.22549019607843138,-976.5898740992826
3754,0.20098039215686275,-979.6556373764487
3755,0.23529411764705882,-949.9794511047064
3756,0.19607843137254902,-1047.0105855137695
3757,0.20098039215686275,-1035.7314988398084
3758,0.22058823529411764,-1007.0552365920123
3759,0.29901960784313725,-844.0352342829984
3760,0.18627450980392157,-971.9540931196774
3761,0.19117647058823528,-923.1567808787028
3762,0.22549019607843138,-879.0268668567433
3763,0.17647058823529413,-969.3921491398531
3764,0.16666666666666666,-1102.4975936366063
3765,0.18137254901960784,-937.8524022008859
3766,0.19607843137254902,-948.2728320944543
3767,0.19607843137254902,-1008.0597551009234
3768,0.2549019607843137,-849.4884479747099
3769,0.2647058823529412,-869.5895933637432
3770,0.18137254901960784,-1091.3112897872925
3771,0.17647058823529413,-1014.3481813131594
3772,0.18627450980392157,-1012.0856132974811
3773,0.22058823529411764,-897.1491030711753
3774,0.24509803921568626,-959.0519425354752
3775,0.22549019607843138,-849.0802888496249
3776,0.23529411764705882,-1088.2303113376393
3777,0.2549019607843137,-1001.1020400664386
3778,0.25,-998.3275178086524
3779,0.20098039215686275,-941.5793561841928
3780,0.2696078431372549,-897.1762008666992
3781,0.21568627450980393,-1045.9249599120196
3782,0.24019607843137256,-909.089399169473
3783,0.23529411764705882,-794.9865570722842
3784,0.22058823529411764,-849.6998920908161
3785,0.2107843137254902,-943.3583589441636
3786,0.2647058823529412,-839.5559109706504
3787,0.22058823529411764,-1021.6990995687597
3788,0.2107843137254902,-945.6337081684786
3789,0.23529411764705882,-819.0739040935741
3790,0.24509803921568626,-795.3633139928182
3791,0.2107843137254902,-884.4936036502613
3792,0.23039215686274508,-974.7928918576708
3793,0.2549019607843137,-815.8478802512674
3794,0.23529411764705882,-790.8138473361146
3795,0.24019607843137256,-956.640629712273
3796,0.2107843137254902,-945.7142053865919
3797,0.21568627450980393,-978.2220128938263
3798,0.20098039215686275,-1074.8253627664903
3799,0.23039215686274508,-972.0338035097309
3800,0.19607843137254902,-998.7961962643792
3801,0.24509803921568626,-965.37294327979
3802,0.23529411764705882,-981.1459094589832
3803,0.18137254901960784,-1047.8073498875488
3804,0.19607843137254902,-1074.6306661531037
3805,0.22058823529411764,-928.6517670575311
3806,0.18627450980392157,-1056.287493911444
3807,0.2107843137254902,-965.563441472895
3808,0.23039215686274508,-844.7853208429673
3809,0.21568627450980393,-930.3155068603216
3810,0.1715686274509804,-1027.9731701682595
3811,0.2107843137254902,-881.3529692818137
3812,0.22549019607843138,-953.6638563287024
3813,0.19607843137254902,-1035.2664596333223
3814,0.20588235294117646,-1007.633142116023
3815,0.19607843137254902,-1010.9813323114432
3816,0.23529411764705882,-880.3199467845992
3817,0.20098039215686275,-1191.2347695780736
3818,0.2107843137254902,-971.9005802659427
3819,0.24509803921568626,-937.4729469430213
3820,0.19607843137254902,-925.5631997912537
3821,0.23039215686274508,-866.6248375948737
3822,0.25,-911.0104633593091
3823,0.16176470588235295,-1102.2279566690033
3824,0.20098039215686275,-905.5512986463659
3825,0.18627450980392157,-1044.3655430475872
3826,0.22058823529411764,-940.7642697726978
3827,0.2647058823529412,-696.9929886051253
3828,0.23529411764705882,-909.2485600452798
3829,0.21568627450980393,-906.2713463353176
3830,0.22549019607843138,-967.2556740068921
3831,0.24509803921568626,-879.375510112912
3832,0.2549019607843137,-809.6440341799866
3833,0.22058823529411764,-921.7136443269019
3834,0.22058823529411764,-908.6834325977401
3835,0.23039215686274508,-887.5552980385575
3836,0.22058823529411764,-941.9377473008399
3837,0.24019607843137256,-874.9455226542902
3838,0.21568627450980393,-979.1206370802487
3839,0.25,-829.1699608447504
3840,0.2107843137254902,-914.5163220237283
3841,0.24509803921568626,-914.6685065288169
3842,0.21568627450980393,-1036.2280219395955
3843,0.24019607843137256,-856.4597603480021
3844,0.24019607843137256,-776.8095327265122
3845,0.16176470588235295,-1054.0354510662603
3846,0.18137254901960784,-961.2766746820188
3847,0.18627450980392157,-947.9897198209576
3848,0.21568627450980393,-1013.4562152413761
3849,0.23039215686274508,-947.5622373655731
3850,0.20588235294117646,-1067.996316573199
3851,0.20588235294117646,-982.5623563878677
3852,0.20588235294117646,-1020.7978855768839
3853,0.20588235294117646,-898.0637677323584
3854,0.24019607843137256,-847.8123923469992
3855,0.21568627450980393,-981.9797772426231
3856,0.2647058823529412,-776.071013319726
3857,0.24019607843137256,-982.6808123495065
3858,0.24019607843137256,-924.2182830735749
3859,0.19117647058823528,-903.0474352369122
3860,0.19607843137254902,-1020.0661052255069
3861,0.23529411764705882,-1043.025375216615
3862,0.22058823529411764,-964.7403265448178
3863,0.19607843137254902,-861.8875532617756
3864,0.19607843137254902,-1047.0783920849071
3865,0.20588235294117646,-946.3251361285938
3866,0.2549019607843137,-1023.3986440359378
3867,0.24019607843137256,-937.2906649720435
3868,0.21568627450980393,-896.4080927418728
3869,0.17647058823529413,-962.8503961750106
3870,0.19607843137254902,-1063.199395460241
3871,0.18627450980392157,-909.5606806324978
3872,0.22058823529411764,-891.7252038226408
3873,0.23039215686274508,-838.6718612371707
3874,0.18627450980392157,-931.2122749066821
3875,0.24509803921568626,-790.0450143440097
3876,0.18627450980392157,-972.974822025673
3877,0.2107843137254902,-860.8600421232336
3878,0.2696078431372549,-847.8585693882961
3879,0.17647058823529413,-1035.0044594559015
3880,0.2549019607843137,-928.3922083798577
3881,0.25980392156862747,-836.453584764518
3882,0.25,-879.620584600112
3883,0.25,-904.0899975907569
3884,0.24509803921568626,-985.92261540656
3885,0.24509803921568626,-856.2746159983616
3886,0.20588235294117646,-1176.387828359417
3887,0.2647058823529412,-803.469848576714
3888,0.19607843137254902,-880.320219226912
3889,0.18137254901960784,-992.5952952515845
3890,0.2549019607843137,-892.5007883520688
3891,0.20588235294117646,-976.5228635002585
3892,0.25980392156862747,-818.4823742006339
3893,0.18627450980392157,-1031.2513459336524
3894,0.2107843137254902,-947.4014429204605
3895,0.20588235294117646,-1005.133979694516
3896,0.19117647058823528,-925.752155528349
3897,0.22058823529411764,-896.0429726394952
3898,0.23529411764705882,-860.8891940958359
3899,0.2107843137254902,-967.0886574165494
3900,0.20098039215686275,-948.3200761757645
3901,0.23529411764705882,-1038.9423735375499
3902,0.21568627450980393,-958.4023091746311
3903,0.17647058823529413,-1028.3318874976214
3904,0.22058823529411764,-980.2315605013978
3905,0.22058823529411764,-773.75749019548
3906,0.20588235294117646,-908.3635781606039
3907,0.20098039215686275,-1096.1309671588972
3908,0.23039215686274508,-1018.1971345415302
3909,0.25,-867.0321384411233
3910,0.2549019607843137,-917.5387642056335
3911,0.23529411764705882,-954.4324764924891
3912,0.2696078431372549,-793.3565331627341
3913,0.2696078431372549,-955.9122219833673
3914,0.22549019607843138,-915.3294995251824
3915,0.22058823529411764,-1040.874077759537
3916,0.2107843137254902,-994.4948312161016
3917,0.19117647058823528,-1086.77182709937
3918,0.18137254901960784,-975.2281709558823
3919,0.2107843137254902,-985.4556341545255
3920,0.24019607843137256,-800.6687260609048
3921,0.2549019607843137,-855.798254330953
3922,0.2107843137254902,-860.2339508393231
3923,0.22549019607843138,-1080.5333011945088
3924,0.25980392156862747,-917.9507359242907
3925,0.2107843137254902,-900.3708039826038
3926,0.22058823529411764,-920.5281551585477
3927,0.23039215686274508,-818.0373305526434
3928,0.22549019607843138,-998.6799855512731
3929,0.23039215686274508,-1048.141178860384
3930,0.23039215686274508,-951.8236539504107
3931,0.19607843137254902,-1011.2086384249668
3932,0.20588235294117646,-921.1942569508273
3933,0.27941176470588236,-803.1759572496601
3934,0.20098039215686275,-829.0585893369189
3935,0.19607843137254902,-956.5844863068824
3936,0.23039215686274508,-899.9139160922929
3937,0.24019607843137256,-891.9104794520957
3938,0.19117647058823528,-939.5832442863315
3939,0.20588235294117646,-966.9385958465875
3940,0.19607843137254902,-740.5166932461309
3941,0.20588235294117646,-1010.5873046669305
3942,0.24019607843137256,-781.5653515797036
3943,0.23039215686274508,-839.5856694427191
3944,0.24509803921568626,-995.2314316618676
3945,0.2107843137254902,-945.4635776818967
3946,0.21568627450980393,-865.996654884488
3947,0.1568627450980392,-1032.3874019548005
3948,0.24019607843137256,-994.036517610737
3949,0.24509803921568626,-937.9226704765769
3950,0.22549019607843138,-859.4642805772669
3951,0.22549019607843138,-916.7404854344387
3952,0.20588235294117646,-954.7918018266266
3953,0.24019607843137256,-1043.1188259872736
3954,0.18137254901960784,-973.4058104215884
3955,0.23529411764705882,-839.8296652494693
3956,0.23529411764705882,-946.3481583969266
3957,0.20098039215686275,-986.9015037312228
3958,0.20588235294117646,-944.8972777198343
3959,0.20098039215686275,-1039.1121011808807
3960,0.24509803921568626,-1044.159083328995
3961,0.22549019607843138,-918.4423915451648
3962,0.19607843137254902,-1058.0454506032606
3963,0.22058823529411764,-889.3191732892803
3964,0.2549019607843137,-826.5744754005881
3965,0.24019607843137256,-840.5115643108593
3966,0.2549019607843137,-851.0758062811459
3967,0.18627450980392157,-960.4103907042859
3968,0.20098039215686275,-999.7831524867637
3969,0.24019607843137256,-962.735717866935
3970,0.22549019607843138,-844.3267832363354
3971,0.23529411764705882,-922.0998363120883
3972,0.23529411764705882,-988.209719246509
3973,0.23039215686274508,-961.161953458599
3974,0.21568627450980393,-922.5279577853632
3975,0.22549019607843138,-785.9546121709487
3976,0.16176470588235295,-997.5475411134607
3977,0.24509803921568626,-1068.7295814027973
3978,0.22058823529411764,-838.6229568182254
3979,0.20098039215686275,-981.583849402035
3980,0.25980392156862747,-922.5934863744998
3981,0.22058823529411764,-866.8886738197476
3982,0.16666666666666666,-1039.182288431654
3983,0.22058823529411764,-860.3344699541727
3984,0.2696078431372549,-912.8426809684903
3985,0.17647058823529413,-1065.9000744258656
3986,0.20588235294117646,-985.1524787790635
3987,0.23529411764705882,-871.623413029839
3988,0.1715686274509804,-943.4829625148399
3989,0.23529411764705882,-750.811108972512
3990,0.16666666666666666,-1078.1642064487232
3991,0.22058823529411764,-895.4118519390331
3992,0.19117647058823528,-1032.0605372634589
3993,0.22549019607843138,-881.1593837177052
3994,0.22549019607843138,-894.3691913567337
3995,0.19607843137254902,-1015.8124022670821
3996,0.2647058823529412,-1007.7215434990677
3997,0.24019607843137256,-809.2055387683944
3998,0.22549019607843138,-852.3814090466967
3999,0.20098039215686275,-934.9530007792454
4000,0.24019607843137256,-1020.6248534707462
4001,0.16666666666666666,-1182.9602797452142
4002,0.25980392156862747,-891.7855829444586
4003,0.2107843137254902,-1043.6454583710315
4004,0.2107843137254902,-953.3377099130668
4005,0.23529411764705882,-1007.6078442966236
4006,0.21568627450980393,-966.5499773960488
4007,0.20588235294117646,-1042.5309025259578
4008,0.22549019607843138,-804.4388662787045
4009,0.21568627450980393,-905.8386687297447
4010,0.24019607843137256,-797.6083509314294
4011,0.23529411764705882,-993.2233199512257
4012,0.21568627450980393,-975.7603405877655
4013,0.24019607843137256,-977.5768910015331
4014,0.23529411764705882,-1087.5327874912934
4015,0.22058823529411764,-867.0631804933735
4016,0.21568627450980393,-982.5358250187893
4017,0.23529411764705882,-861.4397384232166
4018,0.24019607843137256,-784.3531348939035
4019,0.25,-896.4976638532153
4020,0.20098039215686275,-943.6528630630643
4021,0.24509803921568626,-932.6488785556718
4022,0.25,-836.7268358211892
4023,0.20588235294117646,-1043.6083391600964
4024,0.23529411764705882,-852.9094503814099
4025,0.25,-941.5018037908218
4026,0.20588235294117646,-945.5196160802655
4027,0.22058823529411764,-937.4299508076089
4028,0.25,-1026.320094276877
4029,0.2549019607843137,-917.6045939127604
4030,0.21568627450980393,-870.6654628865859
4031,0.24019607843137256,-1067.9549643666137
4032,0.2107843137254902,-947.6915118273566
4033,0.21568627450980393,-944.6588552138385
4034,0.2549019607843137,-840.4572701080173
4035,0.18627450980392157,-1134.7062811384014
4036,0.2107843137254902,-1109.7347189211378
4037,0.24019607843137256,-858.8362831695407
4038,0.23039215686274508,-1003.056645935657
4039,0.23529411764705882,-928.3475557028079
4040,0.20588235294117646,-952.694491928699
4041,0.20588235294117646,-821.6654512741986
4042,0.24509803921568626,-888.8038621509777
4043,0.2107843137254902,-1062.8348137631135
4044,0.2107843137254902,-973.1352995704202
4045,0.2107843137254902,-1104.0255994142271
4046,0.24509803921568626,-872.0908788606232
4047,0.19117647058823528,-893.7492718416102
4048,0.1568627450980392,-1026.3079636704688
4049,0.1715686274509804,-1010.3094363680073
4050,0.19607843137254902,-931.3210864534565
4051,0.23529411764705882,-856.0469773984423
4052,0.23039215686274508,-908.968337947247
4053,0.24509803921568626,-879.8228848494736
4054,0.21568627450980393,-816.3709521948123
4055,0.23039215686274508,-825.9966135773004
4056,0.24019607843137256,-718.9491827347699
4057,0.24509803921568626,-834.9879744473626
4058,0.18627450980392157,-1023.7281729286792
4059,0.19117647058823528,-1021.858874059191
4060,0.20588235294117646,-1034.9854277255488
4061,0.19117647058823528,-962.9457785662482
4062,0.25,-802.2936547410254
4063,0.19117647058823528,-1023.0576911627078
4064,0.22058823529411764,-986.6001982969397
4065,0.24019607843137256,-890.3786505343867
4066,0.20588235294117646,-953.1553179049024
4067,0.21568627450980393,-896.378223101298
4068,0.21568627450980393,-997.2400377123963
4069,0.21568627450980393,-950.2915970671411
4070,0.16176470588235295,-1139.9879627788769
4071,0.23039215686274508,-1100.4109583274992
4072,0.23529411764705882,-848.5206450294046
4073,0.20588235294117646,-1026.9826964023066
4074,0.22549019607843138,-1073.6844469332227
4075,0.22058823529411764,-893.1962909137501
4076,0.28431372549019607,-813.363039783403
4077,0.19607843137254902,-961.2052966660144
4078,0.24019607843137256,-996.388155451008
4079,0.24509803921568626,-902.6740832048304
4080,0.27941176470588236,-844.7673518330444
4081,0.21568627450980393,-835.8292830037136
4082,0.21568627450980393,-1001.436687114192
4083,0.24509803921568626,-896.9413258421655
4084,0.19117647058823528,-1040.3379937340233
4085,0.19117647058823528,-1085.373485359491
4086,0.23039215686274508,-871.9449352563596
4087,0.19117647058823528,-945.2025968140247
4088,0.2107843137254902,-981.59891575458
4089,0.24509803921568626,-1006.3957533836365
4090,0.23529411764705882,-994.4884297614004
4091,0.16176470588235295,-1201.5704561495313
4092,0.25980392156862747,-840.5716355267693
4093,0.20588235294117646,-1066.9837013693416
4094,0.22058823529411764,-777.7417197975458
4095,0.24509803921568626,-861.4671307545083
4096,0.21568627450980393,-954.1801233291626
4097,0.18137254901960784,-1078.50408299764
4098,0.20098039215686275,-919.7748323702344
4099,0.23529411764705882,-855.9628948697857
4100,0.21568627450980393,-1046.2251412634755
4101,0.2107843137254902,-940.7880902196847
4102,0.23039215686274508,-817.363346342947
4103,0.24509803921568626,-704.0981559659921
4104,0.22058823529411764,-965.7936760210523
4105,0.17647058823529413,-939.8714716107238
4106,0.2696078431372549,-887.9906415752336
4107,0.21568627450980393,-1080.1193627937166
4108,0.2107843137254902,-937.4542116651348
4109,0.19607843137254902,-994.9079157324398
4110,0.24509803921568626,-866.2249460594327
4111,0.2107843137254902,-925.4671781203326
4112,0.24509803921568626,-806.381804784139
4113,0.21568627450980393,-876.2658760968377
4114,0.24509803921568626,-837.0537110683965
4115,0.23529411764705882,-931.8539443670535
4116,0.19607843137254902,-865.9540360207651
4117,0.23039215686274508,-917.5843985127468
4118,0.20588235294117646,-996.4626760763281
4119,0.20588235294117646,-959.9411174269284
4120,0.24509803921568626,-1048.403130680907
4121,0.19607843137254902,-1066.2073520398608
4122,0.23529411764705882,-864.3634435990277
4123,0.24019607843137256,-817.2268660863241
4124,0.24019607843137256,-836.3899092580758
4125,0.2549019607843137,-922.7201096403833
4126,0.19117647058823528,-1047.2854249898126
4127,0.22058823529411764,-943.5134135414572
4128,0.23529411764705882,-914.9127576304417
4129,0.25,-946.711901328143
4130,0.25,-870.0775422301947
4131,0.20588235294117646,-951.740673682269
4132,0.2107843137254902,-867.2658418954587
4133,0.24509803921568626,-805.9021310432285
4134,0.2107843137254902,-939.5204716009252
4135,0.2107843137254902,-931.7631680918674
4136,0.18137254901960784,-935.7070522121354
4137,0.24019607843137256,-784.1992507074393
4138,0.24019607843137256,-811.6861691007427
4139,0.2549019607843137,-908.8607707304113
4140,0.19607843137254902,-1051.7214224946265
4141,0.20098039215686275,-1039.5665184750276
4142,0.22549019607843138,-987.6560261483286
4143,0.21568627450980393,-881.797223446416
4144,0.24019607843137256,-838.5954588160795
4145,0.22549019607843138,-886.4677031834921
4146,0.23039215686274508,-888.7894181644215
4147,0.18137254901960784,-1190.1165116067027
4148,0.20098039215686275,-1043.9891008115283
4149,0.2549019607843137,-893.8187386662353
4150,0.23529411764705882,-920.8217834023868
4151,0.20098039215686275,-857.0481704450121
4152,0.22058823529411764,-903.0267888424444
4153,0.20098039215686275,-944.2228722572327
4154,0.23529411764705882,-1017.7108413004407
4155,0.20588235294117646,-1035.844091873543
4156,0.1715686274509804,-1107.2813791200226
4157,0.2647058823529412,-758.2996456482831
4158,0.25,-773.9888896568149
4159,0.23529411764705882,-971.107065930086
4160,0.22058823529411764,-958.2825441734464
4161,0.2549019607843137,-876.8990974893757
4162,0.25,-851.0864186567419
4163,0.20588235294117646,-854.9280430662866
4164,0.21568627450980393,-995.4399423412248
4165,0.2549019607843137,-921.5833718168969
4166,0.23529411764705882,-926.2041896184286
4167,0.20098039215686275,-1006.6428139256496
4168,0.23529411764705882,-863.6401103150611
4169,0.14215686274509803,-1006.1285979701023
4170,0.24509803921568626,-980.693213892918
4171,0.19117647058823528,-1067.1030011551054
4172,0.2107843137254902,-936.1528556300144
4173,0.19117647058823528,-976.6605301464306
4174,0.2107843137254902,-1024.3734990755718
4175,0.23529411764705882,-956.5816165699679
4176,0.2107843137254902,-843.1400564792109
4177,0.2107843137254902,-1049.4759347579059
4178,0.18627450980392157,-995.2048540302352
4179,0.22549019607843138,-858.4551399081361
4180,0.22058823529411764,-1018.8254298415839
4181,0.20588235294117646,-951.8833544301052
4182,0.22549019607843138,-981.6925968469358
4183,0.20098039215686275,-996.8518567365759
4184,0.22549019607843138,-957.2421855739518
4185,0.19117647058823528,-860.0794775158752
4186,0.20098039215686275,-1128.025505103317
4187,0.22058823529411764,-944.2061572729373
4188,0.24019607843137256,-856.8138782089832
4189,0.2107843137254902,-994.9799193213968
4190,0.25,-897.118976574318
4191,0.19117647058823528,-844.328314631593
4192,0.24019607843137256,-829.753651749854
4193,0.24509803921568626,-891.5035498001996
4194,0.25,-733.5545257680557
4195,0.2549019607843137,-1033.2691386353736
4196,0.22058823529411764,-899.262440326167
4197,0.21568627450980393,-959.4395958769555
4198,0.1568627450980392,-1017.8989337098365
4199,0.2549019607843137,-1046.5857916439281
4200,0.25,-972.9509187399173
4201,0.2696078431372549,-802.8672136605954
4202,0.23039215686274508,-861.8736451279883
4203,0.20588235294117646,-944.6699825455161
4204,0.24509803921568626,-800.6819021000582
4205,0.16666666666666666,-1043.9281149845497
4206,0.22549019607843138,-953.3398374482697
4207,0.27941176470588236,-770.2516449946983
4208,0.23529411764705882,-870.3841216517429
4209,0.24509803921568626,-930.6279844957239
4210,0.16176470588235295,-1047.8422878863764
4211,0.19117647058823528,-1148.610579958149
4212,0.24509803921568626,-882.2750639447979
4213,0.22058823529411764,-1067.1698782397252
4214,0.2107843137254902,-1001.713756421033
4215,0.19607843137254902,-1027.9869756511614
4216,0.22058823529411764,-1106.8100529091032
4217,0.22058823529411764,-974.003087941338
4218,0.19607843137254902,-907.126609213212
4219,0.28921568627450983,-828.0897650812186
4220,0.20588235294117646,-964.2633246253519
4221,0.2107843137254902,-837.9252024257885
4222,0.2107843137254902,-935.3637993382473
4223,0.17647058823529413,-930.7218180450739
4224,0.19117647058823528,-954.1933568692675
4225,0.18137254901960784,-987.7393480656194
4226,0.24019607843137256,-970.2328968235091
4227,0.21568627450980393,-961.5414296879488
4228,0.21568627450980393,-1254.3628852881636
4229,0.19117647058823528,-1033.4315273621503
4230,0.22058823529411764,-905.1332201490216
4231,0.20098039215686275,-891.5005251005584
4232,0.19607843137254902,-1027.1394755045574
4233,0.22058823529411764,-1103.4738476510142
4234,0.22549019607843138,-928.954133202048
4235,0.16176470588235295,-1087.0442903836567
4236,0.2107843137254902,-991.2056032068589
4237,0.24019607843137256,-1016.3508815578385
4238,0.24019607843137256,-906.551955653172
4239,0.18627450980392157,-1116.1649441625557
4240,0.23039215686274508,-803.5481297175089
4241,0.24019607843137256,-938.3708110323139
4242,0.22549019607843138,-814.9010130096884
4243,0.2647058823529412,-869.8687874850104
4244,0.21568627450980393,-985.5662608520657
4245,0.20588235294117646,-917.4520034416049
4246,0.23529411764705882,-795.573062578837
4247,0.24509803921568626,-882.1542464985567
4248,0.24509803921568626,-967.9629116245345
4249,0.2696078431372549,-921.0289842755187
4250,0.20588235294117646,-982.3025438458312
4251,0.27941176470588236,-759.0407518873028
4252,0.2549019607843137,-823.6294641120761
4253,0.22549019607843138,-1009.7511971511093
4254,0.18137254901960784,-1057.4330389546412
4255,0.24509803921568626,-850.1757117252724
4256,0.23529411764705882,-906.2603703480141
4257,0.21568627450980393,-939.11376693202
4258,0.2107843137254902,-902.5235147008709
4259,0.25,-831.2896353777717
4260,0.23039215686274508,-1020.8823950337429
4261,0.23529411764705882,-944.763744728238
4262,0.23529411764705882,-924.8842611499862
4263,0.1715686274509804,-1008.2207385044472
4264,0.2549019607843137,-759.0552370594997
4265,0.22549019607843138,-903.7727547720367
4266,0.2107843137254902,-933.007752867306
4267,0.22058823529411764,-944.0819283373215
4268,0.25980392156862747,-829.9626093097762
4269,0.24509803921568626,-739.7919928980808
4270,0.17647058823529413,-1138.3149330101762
4271,0.19607843137254902,-1007.8084827310898
4272,0.18137254901960784,-884.0164367077398
4273,0.22058823529411764,-925.0378783543905
4274,0.22549019607843138,-873.5817623325423
4275,0.23529411764705882,-904.6377144233853
4276,0.22058823529411764,-920.9108238594205
4277,0.2107843137254902,-792.5203735875149
4278,0.22058823529411764,-957.3650078680001
4279,0.22058823529411764,-927.027081377366
4280,0.20588235294117646,-944.8547716514737
4281,0.22549019607843138,-818.5523803748337
4282,0.23039215686274508,-1000.4551848430259
4283,0.22058823529411764,-1000.0117406284107
4284,0.23039215686274508,-1023.0787059559542
4285,0.22058823529411764,-850.9948522717345
4286,0.24509803921568626,-996.0175354527493
4287,0.2107843137254902,-944.569141593634
4288,0.2107843137254902,-1050.9379471236584
4289,0.25980392156862747,-901.1209437426398
4290,0.22549019607843138,-932.6978552201215
4291,0.18627450980392157,-1010.564334934833
4292,0.22058823529411764,-992.4022511126948
4293,0.25980392156862747,-860.958474075093
4294,0.19607843137254902,-1018.0942302872153
4295,0.19117647058823528,-1061.983598503412
4296,0.20588235294117646,-1017.9353430691888
4297,0.23529411764705882,-957.2675985074511
4298,0.22058823529411764,-989.4870647729612
4299,0.18137254901960784,-1086.1842874265185
4300,0.1715686274509804,-915.3750847835166
4301,0.21568627450980393,-1005.8780248679367
4302,0.20588235294117646,-999.4379037782257
4303,0.24019607843137256,-939.2667244555903
4304,0.20588235294117646,-1087.793772024267
4305,0.16176470588235295,-1102.5215008305568
4306,0.19117647058823528,-900.6691943336936
4307,0.23039215686274508,-1009.0966344814675
4308,0.18137254901960784,-1002.4454603756176
4309,0.2107843137254902,-953.2491192350201
4310,0.16666666666666666,-1182.9237789827234
4311,0.23529411764705882,-1011.839055743872
4312,0.22058823529411764,-785.6594866023344
4313,0.2549019607843137,-910.2464638971815
4314,0.25980392156862747,-867.9763045030481
4315,0.18627450980392157,-918.6945922514972
4316,0.16666666666666666,-1063.060294048459
4317,0.21568627450980393,-903.1133879586762
4318,0.20098039215686275,-1058.6056384666292
4319,0.21568627450980393,-986.079529837066
4320,0.23529411764705882,-781.5438614639581
4321,0.28431372549019607,-736.8005630081775
4322,0.23039215686274508,-912.2733709858913
4323,0.22549019607843138,-840.6359850378598
4324,0.20098039215686275,-941.6193179149253
4325,0.20098039215686275,-880.1889126721551
4326,0.20098039215686275,-957.8019161972345
4327,0.1568627450980392,-966.5738867965399
4328,0.23039215686274508,-902.8423517545065
4329,0.1715686274509804,-926.5430343197842
4330,0.23529411764705882,-843.1274080930972
4331,0.2107843137254902,-937.2961121633941
4332,0.22549019607843138,-829.4825938542684
4333,0.24019607843137256,-959.2279568653481
4334,0.25,-957.5655538708556
4335,0.1715686274509804,-992.6964098425473
4336,0.23039215686274508,-829.626981604333
4337,0.23039215686274508,-757.9876929825427
4338,0.1715686274509804,-944.6774270113776
4339,0.18137254901960784,-1098.5643017151776
4340,0.23039215686274508,-1029.1829354342292
4341,0.23529411764705882,-995.9127622679168
4342,0.20588235294117646,-1017.3905532126333
4343,0.23039215686274508,-958.9139525843601
4344,0.21568627450980393,-914.3307831614625
4345,0.25980392156862747,-751.3662764792349
4346,0.24019607843137256,-909.4125609117395
4347,0.23039215686274508,-825.3999606674793
4348,0.17647058823529413,-978.5954766927981
4349,0.24019607843137256,-867.9531235788382
4350,0.24019607843137256,-965.9850079405542
4351,0.22058823529411764,-1023.9065723232194
4352,0.24509803921568626,-947.7922203026566
4353,0.16176470588235295,-1065.1313301348218
4354,0.25,-975.0358615763047
4355,0.24019607843137256,-991.6930261125751
4356,0.2549019607843137,-872.460386687634
4357,0.2549019607843137,-928.2168886147293
4358,0.22549019607843138,-949.4768993714276
4359,0.20098039215686275,-911.3103742038502
4360,0.23529411764705882,-818.7046002967685
4361,0.21568627450980393,-835.2940875969681
4362,0.23529411764705882,-962.7473224939084
4363,0.24509803921568626,-980.2726737751681
4364,0.2696078431372549,-739.7420027863745
4365,0.22058823529411764,-846.796790450227
4366,0.2647058823529412,-802.5911427292169
4367,0.2107843137254902,-889.4435285306445
4368,0.20588235294117646,-953.2838182449341
4369,0.21568627450980393,-984.3661728933746
4370,0.24509803921568626,-874.4742241092757
4371,0.28431372549019607,-922.3079000360825
4372,0.20098039215686275,-1020.5501395206826
4373,0.2549019607843137,-802.9258363854651
4374,0.20098039215686275,-947.0598304972929
4375,0.15196078431372548,-1058.5543671028288
4376,0.23529411764705882,-813.2474141214408
4377,0.22058823529411764,-921.9728308565476
4378,0.23529411764705882,-902.5716120776008
4379,0.24019607843137256,-788.3700879601871
4380,0.25,-1003.8715601528393
4381,0.24019607843137256,-926.2797822204291
4382,0.19607843137254902,-1228.975946819081
4383,0.22058823529411764,-981.9431608143975
4384,0.23529411764705882,-913.0762233921126
4385,0.20588235294117646,-970.5905941981895
4386,0.2647058823529412,-843.3993734097949
4387,0.24019607843137256,-924.973189017352
4388,0.19117647058823528,-806.0361356174244
4389,0.24019607843137256,-904.8776280459235
4390,0.18627450980392157,-965.5380859094507
4391,0.23529411764705882,-985.1247288760017
4392,0.18137254901960784,-1029.2018632888794
4393,0.2696078431372549,-796.3565700568405
4394,0.25,-869.3588510214114
4395,0.24019607843137256,-771.3686590942682
4396,0.17647058823529413,-852.5994973463171
4397,0.20588235294117646,-955.1742324642106
4398,0.19607843137254902,-986.7082796003305
4399,0.19117647058823528,-976.4928699381211
4400,0.19117647058823528,-1014.3980197158514
4401,0.24509803921568626,-984.3444319706338
4402,0.2107843137254902,-913.7447215529049
4403,0.27450980392156865,-809.7010800791721
4404,0.24509803921568626,-940.5998709248562
4405,0.23529411764705882,-924.9809643240536
4406,0.1715686274509804,-1107.261609657138
4407,0.2647058823529412,-718.0430633694518
4408,0.22549019607843138,-878.2110667135202
4409,0.24019607843137256,-886.0884883544024
4410,0.24509803921568626,-929.0076723098755
4411,0.24509803921568626,-784.3397585176954
4412,0.23039215686274508,-957.3312621023141
4413,0.23529411764705882,-886.0744659386429
4414,0.18627450980392157,-912.5767050163419
4415,0.2107843137254902,-1041.321520805359
4416,0.21568627450980393,-940.0421017665489
4417,0.20098039215686275,-954.9994652131024
4418,0.25,-914.8201776205325
4419,0.20588235294117646,-1034.3430732278264
4420,0.21568627450980393,-812.5286606526843
4421,0.19117647058823528,-934.324481160033
4422,0.25980392156862747,-909.4692572986378
4423,0.23039215686274508,-879.5350434546377
4424,0.2107843137254902,-955.0093930936328
4425,0.18137254901960784,-905.4142040551877
4426,0.2549019607843137,-787.4125937106562
4427,0.21568627450980393,-987.6097716537176
4428,0.19607843137254902,-970.7228498271867
4429,0.23529411764705882,-928.0260065116134
4430,0.21568627450980393,-974.7158180031122
4431,0.23039215686274508,-815.2905439302033
4432,0.23039215686274508,-819.4238372129553
4433,0.23039215686274508,-935.1371882850049
4434,0.2107843137254902,-893.9889795639936
4435,0.18627450980392157,-985.6076825553296
4436,0.23039215686274508,-879.7120426028382
4437,0.25,-763.164937542934
4438,0.25,-793.3092224925172
4439,0.24509803921568626,-975.5269318374933
4440,0.25980392156862747,-1000.4727243909649
4441,0.24509803921568626,-885.642209296133
4442,0.24019607843137256,-901.4320131937662
4443,0.23529411764705882,-922.2532084034939
4444,0.24019607843137256,-826.6549993870306
4445,0.24509803921568626,-810.7365412805594
4446,0.22549019607843138,-932.7296016730514
4447,0.20588235294117646,-1022.6800214169073
4448,0.20588235294117646,-921.503404449014
4449,0.2107843137254902,-992.5713074254055
4450,0.20588235294117646,-930.3545420964559
4451,0.24509803921568626,-831.474726564744
4452,0.23039215686274508,-814.607507836585
4453,0.25,-778.8186151093128
4454,0.2647058823529412,-738.3517060373343
4455,0.20588235294117646,-817.0452329785217
4456,0.20588235294117646,-1074.4652966144038
4457,0.22058823529411764,-1025.7563156053131
4458,0.24509803921568626,-826.3709994858386
4459,0.22058823529411764,-871.3370774213006
4460,0.23039215686274508,-916.4307142706479
4461,0.24509803921568626,-720.0318299648809
4462,0.23529411764705882,-927.9853860069724
4463,0.23039215686274508,-813.5784126356536
4464,0.2696078431372549,-889.9817931044336
4465,0.22058823529411764,-996.800399387584
4466,0.22058823529411764,-904.9554175769581
4467,0.22058823529411764,-1084.7368845846138
4468,0.19117647058823528,-1064.0696777268952
4469,0.19607843137254902,-1162.4031116448198
4470,0.21568627450980393,-1025.9795556909899
4471,0.20588235294117646,-996.4245544321396
4472,0.22549019607843138,-1037.080929887061
4473,0.18627450980392157,-1073.9119004081276
4474,0.2107843137254902,-984.9091366599588
4475,0.22549019607843138,-789.0917388691622
4476,0.24509803921568626,-793.6642808727189
4477,0.23529411764705882,-897.82325295841
4478,0.21568627450980393,-1035.4637669394997
4479,0.25,-825.9780525506711
4480,0.2107843137254902,-929.2101104212742
4481,0.2549019607843137,-900.0449966729856
4482,0.24509803921568626,-846.3778833033991
4483,0.2107843137254902,-896.6434556175681
4484,0.21568627450980393,-944.7539294186761
4485,0.21568627450980393,-873.1868829353183
4486,0.22058823529411764,-1036.53566087461
4487,0.20098039215686275,-931.5535271962484
4488,0.22549019607843138,-858.300565850501
4489,0.21568627450980393,-902.9172822634379
4490,0.24019607843137256,-924.0673194960052
4491,0.22058823529411764,-1020.1072791230445
4492,0.22058823529411764,-916.5567831525616
4493,0.23529411764705882,-853.3410289801803
4494,0.22058823529411764,-936.0716108060351
4495,0.2107843137254902,-884.9585811951581
4496,0.24509803921568626,-785.0745056750727
4497,0.22058823529411764,-947.5343605490292
4498,0.2107843137254902,-1068.2109800974529
4499,0.21568627450980393,-1017.5022129171035
4500,0.24019607843137256,-941.1018719392664
4501,0.22549019607843138,-926.3608980552823
4502,0.20098039215686275,-976.0376422358494
4503,0.22549019607843138,-824.6672148611032
4504,0.22058823529411764,-1031.170765240987
4505,0.23039215686274508,-859.4519608254526
4506,0.22058823529411764,-975.0673937330059
4507,0.22549019607843138,-733.9030749564077
4508,0.24019607843137256,-773.8762379440607
4509,0.21568627450980393,-951.0760150984222
4510,0.22058823529411764,-932.426280040367
4511,0.21568627450980393,-960.451200055141
4512,0.22549019607843138,-866.5177777514738
4513,0.22058823529411764,-948.0083598342596
4514,0.2549019607843137,-822.7985071481443
4515,0.17647058823529413,-955.173834398681
4516,0.2107843137254902,-891.808066667295
4517,0.17647058823529413,-1142.1168506472718
4518,0.24509803921568626,-864.1387493470136
4519,0.24019607843137256,-923.7720822165994
4520,0.22058823529411764,-923.9539927407807
4521,0.19117647058823528,-887.9068146125943
4522,0.2549019607843137,-1041.5385267968272
4523,0.2696078431372549,-798.5508374793857
4524,0.19117647058823528,-1024.8977010764327
4525,0.22549019607843138,-841.8649567996754
4526,0.25980392156862747,-852.4881133285223
4527,0.22058823529411764,-1014.4683583390479
4528,0.24019607843137256,-856.22202092526
4529,0.24509803921568626,-799.2559723854065
4530,0.16666666666666666,-1037.5062992619532
4531,0.25,-781.127394395716
4532,0.23529411764705882,-948.8923858006796
4533,0.20588235294117646,-1017.852862292645
4534,0.19607843137254902,-1057.1455911748549
4535,0.19607843137254902,-1042.2933472839056
4536,0.20588235294117646,-1004.4502829196406
4537,0.2647058823529412,-844.6696736017863
4538,0.23039215686274508,-1115.3194439831902
4539,0.23529411764705882,-790.5481160294776
4540,0.23529411764705882,-977.3716957989861
4541,0.2647058823529412,-824.7866079293045
4542,0.1715686274509804,-1018.1578301261453
4543,0.18137254901960784,-899.3164460612278
4544,0.2107843137254902,-903.7120531493542
4545,0.25,-837.4621188593845
4546,0.2107843137254902,-1066.239611083386
4547,0.22549019607843138,-906.6173226412604
4548,0.2647058823529412,-857.2446700264426
4549,0.2549019607843137,-805.1162165847479
4550,0.2696078431372549,-856.8399102454092
4551,0.18627450980392157,-1108.5411976645973
4552,0.24019607843137256,-864.5857759176516
4553,0.22058823529411764,-777.2429846595315
4554,0.1715686274509804,-1005.2971342124191
4555,0.1715686274509804,-1007.1576285455741
4556,0.18627450980392157,-1025.9929579660004
4557,0.22549019607843138,-842.570325458751
4558,0.24509803921568626,-857.9144482145123
4559,0.24019607843137256,-960.662945504282
4560,0.23039215686274508,-885.8974567301133
4561,0.24509803921568626,-942.3904806585873
4562,0.18137254901960784,-816.65757485932
4563,0.20588235294117646,-1003.4663470960131
4564,0.25,-926.9361581147886
4565,0.24019607843137256,-1020.9945132966135
4566,0.2107843137254902,-1023.1624891991709
4567,0.18137254901960784,-939.6992157393811
4568,0.15196078431372548,-1098.5727253334196
4569,0.27941176470588236,-949.5521130842321
4570,0.23529411764705882,-986.3921835095275
4571,0.1715686274509804,-872.7634477615356
4572,0.23529411764705882,-976.8544569763483
4573,0.17647058823529413,-928.6128671496522
4574,0.27450980392156865,-779.1539685118432
4575,0.25,-868.8571464688171
4576,0.21568627450980393,-1035.5391846731598
4577,0.2107843137254902,-1026.1607454617817
4578,0.2107843137254902,-805.2231208202886
4579,0.22549019607843138,-955.4276958353379
4580,0.25,-860.0151940607557
4581,0.25,-780.4144844354367
4582,0.24509803921568626,-981.117008003534
4583,0.25980392156862747,-763.0685796176685
4584,0.21568627450980393,-860.1209839465571
4585,0.19607843137254902,-900.7250416138593
4586,0.22549019607843138,-969.6847953889884
4587,0.23529411764705882,-987.11467888776
4588,0.23529411764705882,-960.0581373887903
4589,0.2107843137254902,-966.996273283865
4590,0.21568627450980393,-962.7927798663868
4591,0.23039215686274508,-916.6639060787126
4592,0.22058823529411764,-949.2182322857427
4593,0.20588235294117646,-1019.7318016127044
4594,0.2107843137254902,-991.4589301090615
4595,0.18137254901960784,-1052.6097969167372
4596,0.19607843137254902,-947.8434643651925
4597,0.17647058823529413,-975.4175809972427
4598,0.2696078431372549,-731.9576700060975
4599,0.21568627450980393,-1006.4121731028837
4600,0.16666666666666666,-1110.2897389729817
4601,0.23529411764705882,-908.5914057937323
4602,0.19607843137254902,-977.6950751098932
4603,0.18627450980392157,-790.8011255638272
4604,0.23039215686274508,-950.3083657844394
4605,0.25980392156862747,-1052.5460703793694
4606,0.18627450980392157,-1025.6313666642882
4607,0.22549019607843138,-944.6620302761303
4608,0.20098039215686275,-1006.0872233895694
4609,0.14705882352941177,-1142.0397160567488
4610,0.23529411764705882,-799.3611330518536
4611,0.25980392156862747,-900.2460876726636
4612,0.16666666666666666,-978.4701775943531
4613,0.19607843137254902,-1081.319517958398
4614,0.19117647058823528,-1053.2178573795393
4615,0.2107843137254902,-1091.157786098181
4616,0.2107843137254902,-1017.249496385163
4617,0.19607843137254902,-924.6994355145623
4618,0.25980392156862747,-884.9337611665912
4619,0.2549019607843137,-796.8858673432294
4620,0.24509803921568626,-975.2493392158957
4621,0.22549019607843138,-929.3940337685978
4622,0.23529411764705882,-986.583208102806
4623,0.24509803921568626,-792.906992968391
4624,0.2107843137254902,-913.2582921233832
4625,0.21568627450980393,-902.0134292864332
4626,0.2549019607843137,-961.6028743444705
4627,0.22058823529411764,-837.0598674848968
4628,0.2647058823529412,-891.6856620638978
4629,0.18137254901960784,-1025.9622452586304
4630,0.22549019607843138,-745.2435756571152
4631,0.25,-784.3595726723764
4632,0.20098039215686275,-1048.2176267212512
4633,0.24019607843137256,-1013.02039604561
4634,0.24019607843137256,-941.4524765108146
4635,0.24019607843137256,-774.2505189110251
4636,0.24509803921568626,-777.0597321566413
4637,0.25,-839.8159155097662
4638,0.21568627450980393,-852.7295600479724
4639,0.21568627450980393,-831.4577178207098
4640,0.23529411764705882,-981.1552153381647
4641,0.25,-858.0821414087333
4642,0.18137254901960784,-944.1400944485384
4643,0.23529411764705882,-808.4616787854363
4644,0.20098039215686275,-928.1618995573007
4645,0.25980392156862747,-833.4178988886814
4646,0.22549019607843138,-806.8086833392872
4647,0.19607843137254902,-1121.7460560705147
4648,0.22058823529411764,-939.7385576192071
4649,0.22058823529411764,-763.4103495092953
4650,0.21568627450980393,-920.9316192795249
4651,0.22058823529411764,-980.3498348161286
4652,0.23039215686274508,-1036.4083352088928
4653,0.22058823529411764,-902.8837638555789
4654,0.19117647058823528,-1031.6118271584605
4655,0.24019607843137256,-804.0025079016592
4656,0.24019607843137256,-911.4527002783383
4657,0.24019607843137256,-791.7778170903524
4658,0.22549019607843138,-831.5068441559287
4659,0.18627450980392157,-981.7820310592651
4660,0.20588235294117646,-918.2670377469531
4661,0.24019607843137256,-812.8905787748449
4662,0.20588235294117646,-1003.7813221052581
4663,0.2107843137254902,-985.9535723854514
4664,0.24509803921568626,-900.9727803024591
4665,0.24019607843137256,-922.2834678350711
4666,0.24019607843137256,-890.5347394008262
4667,0.23529411764705882,-996.3714216176202
4668,0.20588235294117646,-1010.4631874982049
4669,0.2647058823529412,-861.3727746103324
4670,0.23039215686274508,-1037.1150071574193
4671,0.24509803921568626,-818.7090429979212
4672,0.22058823529411764,-873.946743778154
4673,0.19117647058823528,-1032.9539400923486
4674,0.24509803921568626,-852.2964427985397
4675,0.24019607843137256,-813.7942990134744
4676,0.1568627450980392,-1246.7487419913796
4677,0.2647058823529412,-891.0522059646307
4678,0.19607843137254902,-902.663298588173
4679,0.24509803921568626,-939.0619423810174
4680,0.21568627450980393,-1046.4539992201562
4681,0.23529411764705882,-1010.6511362861185
4682,0.18627450980392157,-1032.7697577289507
4683,0.19117647058823528,-1098.5801196565815
4684,0.18627450980392157,-944.9746607892654
4685,0.22549019607843138,-1017.9768198798685
4686,0.23529411764705882,-874.2373453589047
4687,0.23529411764705882,-790.9564642625696
4688,0.19117647058823528,-989.8522207409728
4689,0.16666666666666666,-1051.4729932336247
4690,0.22058823529411764,-966.3049739762848
4691,0.20098039215686275,-997.8344872231577
4692,0.20098039215686275,-913.2392780266556
4693,0.18627450980392157,-969.5403984855203
4694,0.2107843137254902,-1039.53971750596
4695,0.2549019607843137,-835.5329233244354
4696,0.21568627450980393,-935.9389812432083
4697,0.27450980392156865,-851.7277824083964
4698,0.23529411764705882,-1001.801934036554
4699,0.19607843137254902,-984.4125457931967
4700,0.16176470588235295,-1129.1229526108386
4701,0.2107843137254902,-968.0759725196689
4702,0.2549019607843137,-964.0838578261581
4703,0.2107843137254902,-885.2739795984006
4704,0.21568627450980393,-919.7207592421887
4705,0.20098039215686275,-875.544779066946
4706,0.21568627450980393,-810.4743808484545
4707,0.25,-878.0944908553479
4708,0.1715686274509804,-1124.2985562530218
4709,0.20588235294117646,-1055.084694479026
4710,0.21568627450980393,-885.8136069914874
4711,0.20588235294117646,-1013.9009208211712
4712,0.24019607843137256,-867.5992850135355
4713,0.22549019607843138,-956.988582573685
4714,0.17647058823529413,-1028.3049867199916
4715,0.19117647058823528,-944.5787221590678
4716,0.19607843137254902,-983.7059939328362
4717,0.22549019607843138,-899.9618636860567
4718,0.20098039215686275,-950.2238451265821
4719,0.22058823529411764,-942.8992656913458
4720,0.22058823529411764,-912.7736673168107
4721,0.24019607843137256,-807.027856798733
4722,0.21568627450980393,-816.1379700642007
4723,0.23039215686274508,-912.0398104331073
4724,0.19117647058823528,-1089.6073281811732
4725,0.18627450980392157,-1054.6945054297353
4726,0.18627450980392157,-1059.376582070893
4727,0.19607843137254902,-904.954509753807
4728,0.17647058823529413,-991.7123311173682
4729,0.22058823529411764,-1070.9685787687115
4730,0.23039215686274508,-765.8587587393966
4731,0.29411764705882354,-805.5763342801263
4732,0.22549019607843138,-931.469999332054
4733,0.19117647058823528,-1003.0264655655506
4734,0.2549019607843137,-1058.5299371457568
4735,0.2107843137254902,-946.0840262057734
4736,0.23529411764705882,-858.0113900409025
4737,0.23529411764705882,-992.1458281629226
4738,0.20098039215686275,-1070.7123238432641
4739,0.23529411764705882,-998.9091470755783
4740,0.18627450980392157,-1001.43065886404
4741,0.3137254901960784,-673.2845751257504
4742,0.27941176470588236,-728.9553476034426
4743,0.19117647058823528,-1007.3542694764978
4744,0.25,-771.113720445072
4745,0.23039215686274508,-928.563772388533
4746,0.2107843137254902,-802.5757070148693
4747,0.16666666666666666,-1029.5609389473411
4748,0.2107843137254902,-1010.0641869937672
4749,0.19607843137254902,-985.0456190670238
4750,0.23039215686274508,-864.1882440342623
4751,0.20098039215686275,-916.449706919053
4752,0.28431372549019607,-837.8496673060398
4753,0.21568627450980393,-950.1596607133454
4754,0.24019607843137256,-841.0656162523755
4755,0.24509803921568626,-752.1051836387784
4756,0.18137254901960784,-960.325061713948
4757,0.2107843137254902,-1014.7347028395709
4758,0.2107843137254902,-849.8527266184489
4759,0.23529411764705882,-876.5564347435446
4760,0.24509803921568626,-982.793654722326
4761,0.16176470588235295,-972.7760486602783
4762,0.21568627450980393,-912.9907222822601
4763,0.24509803921568626,-682.1227339202283
4764,0.21568627450980393,-1055.1637132869048
4765,0.2107843137254902,-942.4529885123758
4766,0.2549019607843137,-1037.1291866208992
4767,0.27450980392156865,-841.0646275539024
4768,0.22058823529411764,-771.2982027390424
4769,0.21568627450980393,-746.8639920365576
4770,0.23039215686274508,-973.7266628508474
4771,0.25980392156862747,-862.9190064785528
4772,0.20588235294117646,-1018.6758993186203
4773,0.23529411764705882,-808.0374451431574
4774,0.24509803921568626,-989.3069774683784
4775,0.24019607843137256,-918.0067823634428
4776,0.24019607843137256,-884.4886414957981
4777,0.2549019607843137,-866.6904046862733
4778,0.19607843137254902,-803.6180029195898
4779,0.23529411764705882,-953.1315797263501
4780,0.20098039215686275,-973.4808922187955
4781,0.2549019607843137,-965.9895600337608
4782,0.20588235294117646,-921.5690449546365
4783,0.20098039215686275,-915.8554723029043
4784,0.2549019607843137,-744.7389663808486
4785,0.2107843137254902,-1082.9704450158513
4786,0.22058823529411764,-912.2787302241605
4787,0.22058823529411764,-1010.55203555612
4788,0.18137254901960784,-897.5616447785321
4789,0.21568627450980393,-887.3029498399472
4790,0.21568627450980393,-998.6162496454575
4791,0.18627450980392157,-1041.3177102219825
4792,0.2107843137254902,-1000.7212833516738
4793,0.21568627450980393,-1047.5529251472624
4794,0.2107843137254902,-1052.4195222293629
4795,0.20098039215686275,-1007.6756064003589
4796,0.21568627450980393,-855.2863570755603
4797,0.23529411764705882,-886.8068037781061
4798,0.24019607843137256,-893.5651170132207
4799,0.22058823529411764,-1047.3023828057683
4800,0.22549019607843138,-969.1304519690719
4801,0.23039215686274508,-944.8879738414989
4802,0.23529411764705882,-1007.04033500073
4803,0.23529411764705882,-701.8401954688278
4804,0.2549019607843137,-832.6976525456298
4805,0.20588235294117646,-868.368059831507
4806,0.25,-1045.3609497780894
4807,0.21568627450980393,-1053.505847089431
4808,0.23529411764705882,-833.70360065909
4809,0.22549019607843138,-865.7387889039283
4810,0.23039215686274508,-864.1064009946936
4811,0.18137254901960784,-1151.9343229555616
4812,0.24019607843137256,-892.0310792174994
4813,0.20098039215686275,-977.0683753443699
4814,0.23039215686274508,-1022.5375937106562
4815,0.2696078431372549,-854.1027696085911
4816,0.21568627450980393,-902.9899502548517
4817,0.20098039215686275,-1030.0058602725758
4818,0.21568627450980393,-1046.44531212601
4819,0.18627450980392157,-984.0541100408517
4820,0.24019607843137256,-847.1507299834607
4821,0.24509803921568626,-758.6007714739033
4822,0.25,-827.111323412727
4823,0.22549019607843138,-896.0152695599725
4824,0.2549019607843137,-951.1232217526904
4825,0.19607843137254902,-900.6281237789229
4826,0.21568627450980393,-829.4515269597372
4827,0.28431372549019607,-823.5370359794766
4828,0.20098039215686275,-1036.5193567836986
4829,0.19607843137254902,-999.2480360853906
4830,0.24019607843137256,-956.0790997112499
4831,0.23529411764705882,-885.025260813096
4832,0.24019607843137256,-993.596168536766
4833,0.23529411764705882,-871.9463756972668
4834,0.18137254901960784,-1028.569443506353
4835,0.23039215686274508,-866.5473850661633
4836,0.20098039215686275,-966.6907443065269
4837,0.18137254901960784,-1034.66072213416
4838,0.24509803921568626,-1060.5468789268944
4839,0.19607843137254902,-985.4308566860124
4840,0.21568627450980393,-880.21699441648
4841,0.2549019607843137,-839.5861174265543
4842,0.14705882352941177,-1050.6127454907287
4843,0.25,-790.8260868483899
4844,0.22549019607843138,-904.2022495830761
4845,0.23039215686274508,-924.8896557957519
4846,0.20588235294117646,-1039.1022395713655
4847,0.24509803921568626,-902.1559233571969
4848,0.20588235294117646,-1029.9756216535382
4849,0.2647058823529412,-946.8357236338596
4850,0.23529411764705882,-990.6045131496354
4851,0.20098039215686275,-1022.1170042075363
4852,0.23039215686274508,-908.604902304855
4853,0.28431372549019607,-780.6881444968429
4854,0.2107843137254902,-997.911444869696
4855,0.23529411764705882,-808.1932433539746
4856,0.22549019607843138,-881.555978419734
4857,0.22058823529411764,-1122.7558090453053
4858,0.23529411764705882,-1005.1153859157188
4859,0.24019607843137256,-1024.3876821200054
4860,0.21568627450980393,-955.4106332554537
4861,0.22058823529411764,-955.0170775020824
4862,0.23529411764705882,-877.5137776674009
4863,0.23529411764705882,-831.5339072732364
4864,0.22549019607843138,-989.6681164012235
4865,0.17647058823529413,-1045.3276541653802
4866,0.23529411764705882,-947.0421146318024
4867,0.18137254901960784,-1033.4905165691002
4868,0.24019607843137256,-762.5280146318323
4869,0.22549019607843138,-893.6843195148543
4870,0.24509803921568626,-862.5005970562206
4871,0.2107843137254902,-937.3304045808081
4872,0.24019607843137256,-859.3814398260678
4873,0.22549019607843138,-902.2181564592847
4874,0.23039215686274508,-924.1053137311749
4875,0.1715686274509804,-1058.3816724291034
4876,0.27450980392156865,-855.133835998236
4877,0.1715686274509804,-1079.6696660284902
4878,0.23039215686274508,-747.1186327279783
4879,0.24019607843137256,-862.1221673815858
4880,0.25980392156862747,-872.1571177875294
4881,0.21568627450980393,-742.3396258447684
4882,0.24019607843137256,-915.9950782551485
4883,0.19607843137254902,-949.5770517798031
4884,0.17647058823529413,-1007.3618980482513
4885,0.24509803921568626,-992.3903543060901
4886,0.2696078431372549,-714.3554984634998
4887,0.21568627450980393,-1117.198924223582
4888,0.21568627450980393,-964.4468387715957
4889,0.2107843137254902,-920.6498336885489
4890,0.20588235294117646,-905.4984265121759
4891,0.23529411764705882,-951.4268948985081
4892,0.19117647058823528,-1144.865783298717
4893,0.17647058823529413,-1117.2026752397126
4894,0.18627450980392157,-1007.7679662891463
4895,0.20588235294117646,-1080.5324961157405
4896,0.22549019607843138,-1018.7477810242597
4897,0.22549019607843138,-945.423066737605
4898,0.21568627450980393,-999.3172692691578
4899,0.20588235294117646,-864.0257545358994
4900,0.22058823529411764,-831.7000463710111
4901,0.25,-834.3912088637259
4902,0.2107843137254902,-965.4311263047013
4903,0.23529411764705882,-819.2286748979606
4904,0.14705882352941177,-1157.2555656152613
4905,0.2107843137254902,-791.0488320892932
4906,0.22549019607843138,-958.3339467329138
4907,0.2107843137254902,-913.5027266296686
4908,0.20588235294117646,-938.8152051439472
4909,0.2107843137254902,-1051.4420281391517
4910,0.2549019607843137,-926.4401568992465
4911,0.22058823529411764,-1005.8024930673487
4912,0.27450980392156865,-859.3921668482761
4913,0.18137254901960784,-1069.0942782420739
4914,0.23039215686274508,-936.8084521013147
4915,0.2549019607843137,-749.7083742104325
4916,0.22549019607843138,-943.284662545896
4917,0.22058823529411764,-998.4265460126541
4918,0.20588235294117646,-1013.4297787909414
4919,0.23529411764705882,-835.0902493981754
4920,0.1715686274509804,-1050.0491733551025
4921,0.2107843137254902,-996.2479949838975
4922,0.2107843137254902,-895.9687828363157
4923,0.19607843137254902,-955.0819604537066
4924,0.22549019607843138,-886.2672447690777
4925,0.23039215686274508,-962.941455859764
4926,0.22549019607843138,-977.7930765245475
4927,0.17647058823529413,-1109.1922447167192
4928,0.16176470588235295,-1148.3101637971167
4929,0.20588235294117646,-978.6496994729135
4930,0.22058823529411764,-984.7053100735534
4931,0.19117647058823528,-929.9061844489154
4932,0.23039215686274508,-924.6660502938663
4933,0.25,-876.1457204164243
4934,0.29901960784313725,-820.6874370574951
4935,0.22549019607843138,-854.874065137377
4936,0.22058823529411764,-805.5563780092725
4937,0.18137254901960784,-925.6088306670096
4938,0.2107843137254902,-1147.5173185198914
4939,0.20098039215686275,-893.990760008494
4940,0.2549019607843137,-924.2603385214712
4941,0.2107843137254902,-963.198036885729
4942,0.2549019607843137,-1060.34347225638
4943,0.23529411764705882,-836.971218473771
4944,0.28921568627450983,-822.0087644913617
4945,0.22058823529411764,-871.6067605299108
4946,0.24509803921568626,-824.0621034584793
4947,0.2647058823529412,-941.3210585351084
4948,0.20098039215686275,-964.8910830254648
4949,0.20098039215686275,-1037.8026941523833
4950,0.23529411764705882,-970.729671758764
4951,0.24509803921568626,-823.8303160760917
4952,0.22549019607843138,-799.1934194564819
4953,0.19117647058823528,-983.7521909077963
4954,0.22549019607843138,-1062.9624021380555
4955,0.1715686274509804,-1120.950688530417
4956,0.22058823529411764,-815.8434190189137
4957,0.29411764705882354,-781.8898039051131
4958,0.25980392156862747,-715.4912258222992
4959,0.1715686274509804,-1009.4186693733814
4960,0.21568627450980393,-777.6424568400663
4961,0.16176470588235295,-1024.612972166024
4962,0.18627450980392157,-1112.9654014063817
4963,0.19117647058823528,-1141.7932706907684
4964,0.23529411764705882,-678.1447588041717
4965,0.22549019607843138,-1105.577156422185
4966,0.24509803921568626,-743.6269925622379
4967,0.23529411764705882,-880.2302929186353
4968,0.22549019607843138,-874.3334912505804
4969,0.20098039215686275,-939.0262660419239
4970,0.2107843137254902,-929.025182948393
4971,0.22058823529411764,-935.3984969269995
4972,0.2549019607843137,-861.7274081473257
4973,0.2647058823529412,-816.9011532839606
4974,0.23039215686274508,-847.8317821727079
4975,0.27941176470588236,-800.8835202946383
4976,0.21568627450980393,-1033.4911437689088
4977,0.2549019607843137,-810.2987052132102
4978,0.19117647058823528,-955.134409979278
4979,0.21568627450980393,-929.5847269507016
4980,0.24019607843137256,-941.6449287638944
4981,0.22549019607843138,-954.7331074546365
4982,0.19117647058823528,-1076.8438783907422
4983,0.22549019607843138,-993.9645017175113
4984,0.2549019607843137,-932.7547362271478
4985,0.22058823529411764,-1045.6080682230931
4986,0.28921568627450983,-793.0146002675973
4987,0.2549019607843137,-865.3056261025223
4988,0.24019607843137256,-769.9477518680048
4989,0.22549019607843138,-866.9633210500082
4990,0.24019607843137256,-914.7905711753696
4991,0.22549019607843138,-1058.0949277316822
4992,0.20588235294117646,-1025.8563656713447
4993,0.2107843137254902,-1009.2466982860191
4994,0.22058823529411764,-950.1324262993008
4995,0.20588235294117646,-1009.0990070268219
4996,0.18137254901960784,-1036.2565693574793
4997,0.2107843137254902,-950.1126088815577
4998,0.19607843137254902,-934.2555770687028
4999,0.21568627450980393,-1011.9957200031655
5000,0.20098039215686275,-927.2513523101807
5001,0.22058823529411764,-808.1183037383884
5002,0.22058823529411764,-1094.8840742672191
5003,0.18137254901960784,-1027.7663220611273
5004,0.21568627450980393,-968.5924989849914
5005,0.19117647058823528,-985.5801830291748
5006,0.2549019607843137,-850.6192186953974
5007,0.19607843137254902,-1129.6174017401302
5008,0.22549019607843138,-911.1217987397138
5009,0.23529411764705882,-948.2596424514172
5010,0.19117647058823528,-977.2218064887851
5011,0.18627450980392157,-964.7701300078747
5012,0.1715686274509804,-1045.3307158152263
5013,0.19607843137254902,-920.7633675219965
5014,0.2549019607843137,-962.8522573639365
5015,0.27941176470588236,-791.3178724214142
5016,0.21568627450980393,-921.682897717345
5017,0.24509803921568626,-964.9293607263004
5018,0.23039215686274508,-740.3729798747044
5019,0.22058823529411764,-877.2965539296468
5020,0.2107843137254902,-962.4106566111246
5021,0.22058823529411764,-948.8003705903595
5022,0.24509803921568626,-924.9528148501527
5023,0.22549019607843138,-919.4070687387504
5024,0.21568627450980393,-909.729424420525
5025,0.23529411764705882,-896.8665193108951
5026,0.17647058823529413,-1091.8777180652992
5027,0.22058823529411764,-907.2261671178481
5028,0.16666666666666666,-827.7668770434809
5029,0.25980392156862747,-879.3914697871488
5030,0.2107843137254902,-1064.348067264931
5031,0.24019607843137256,-828.1301733746249
5032,0.17647058823529413,-1205.0333282433305
5033,0.21568627450980393,-927.4823434119131
5034,0.22058823529411764,-944.9369298897537
5035,0.20588235294117646,-915.3931424758014
5036,0.17647058823529413,-893.4741638220993
5037,0.2647058823529412,-955.7337737550922
5038,0.23039215686274508,-801.7001163819257
5039,0.21568627450980393,-995.1671841004315
5040,0.2107843137254902,-1013.5141213921939
5041,0.25,-997.0368717978982
5042,0.22058823529411764,-753.3943738469891
5043,0.22058823529411764,-860.8895251330207
5044,0.25980392156862747,-833.6284751705094
5045,0.19607843137254902,-923.8727105552075
5046,0.2647058823529412,-864.2202645563611
5047,0.23039215686274508,-827.6375901839313
5048,0.17647058823529413,-973.3170537387623
5049,0.2549019607843137,-797.9969336846295
5050,0.23039215686274508,-868.8025482589123
5051,0.24509803921568626,-741.703092509625
5052,0.19117647058823528,-982.1656170078353
5053,0.19117647058823528,-1055.374987116047
5054,0.20098039215686275,-986.0077633577234
5055,0.20588235294117646,-971.727775442834
5056,0.17647058823529413,-941.7183827044917
5057,0.2107843137254902,-908.0752452027564
5058,0.20588235294117646,-915.8325097888123
5059,0.18627450980392157,-1008.7544242634493
5060,0.21568627450980393,-1023.6025334339516
5061,0.20588235294117646,-1037.604151389178
5062,0.27450980392156865,-858.031782729953
5063,0.2107843137254902,-893.6114334405637
5064,0.23529411764705882,-914.7201806984696
5065,0.19607843137254902,-1035.5853671653597
5066,0.24019607843137256,-793.9701842513739
5067,0.22058823529411764,-955.0453110676186
5068,0.22549019607843138,-835.7009643292895
5069,0.22058823529411764,-903.2494751238355
5070,0.22058823529411764,-895.923345341402
5071,0.25980392156862747,-876.1067011964087
5072,0.25,-924.8339984557208
5073,0.22058823529411764,-944.8088911654902
5074,0.24509803921568626,-777.162624686372
5075,0.25,-934.8013612896789
5076,0.21568627450980393,-821.7291400011848
5077,0.23529411764705882,-907.1125606088077
5078,0.19607843137254902,-985.394328809252
5079,0.23039215686274508,-984.7604195837881
5080,0.20588235294117646,-962.9328856935688
5081,0.23529411764705882,-884.5193176176034
5082,0.24509803921568626,-755.0080682156133
5083,0.20098039215686275,-976.1998333276487
5084,0.25980392156862747,-796.5339201945884
5085,0.21568627450980393,-1035.0326495170593
5086,0.16666666666666666,-893.9765640520582
5087,0.22549019607843138,-906.5631476757574
5088,0.2549019607843137,-731.997210409127
5089,0.18137254901960784,-1030.064231751012
5090,0.2107843137254902,-1033.6894654666676
5091,0.23529411764705882,-921.835859410903
5092,0.24509803921568626,-980.2847039091821
5093,0.21568627450980393,-858.3553266899258
5094,0.25980392156862747,-911.8060543396894
5095,0.2107843137254902,-889.5271416084439
5096,0.22058823529411764,-1056.2039316214766
5097,0.23039215686274508,-910.0200684678321
5098,0.2107843137254902,-988.9399912965064
5099,0.17647058823529413,-848.7433244667801
5100,0.27450980392156865,-840.384154992945
5101,0.20588235294117646,-957.5065927225
5102,0.23039215686274508,-997.6070775798722
5103,0.24019607843137256,-885.8571914972043
5104,0.21568627450980393,-754.8406560374241
5105,0.18627450980392157,-873.0597576440549
5106,0.27450980392156865,-853.8112608404721
5107,0.21568627450980393,-831.537752974267
5108,0.22058823529411764,-970.5443921743655
5109,0.23039215686274508,-854.4481485217225
5110,0.23529411764705882,-911.9156346227609
5111,0.25,-809.3417558296054
5112,0.21568627450980393,-965.050089078791
5113,0.22058823529411764,-949.854337159325
5114,0.25,-825.1575486239265
5115,0.25,-883.8212281395407
5116,0.1715686274509804,-1088.2099001360875
5117,0.23529411764705882,-928.6615910623588
5118,0.25980392156862747,-878.519617099388
5119,0.23039215686274508,-975.1075943030563
5120,0.23529411764705882,-979.7507219221078
5121,0.2647058823529412,-789.4993319230921
5122,0.24509803921568626,-803.1425496176178
5123,0.20098039215686275,-964.3241390901453
5124,0.21568627450980393,-988.5803270526961
5125,0.20588235294117646,-1104.243804875542
5126,0.24019607843137256,-891.9596002522637
5127,0.23039215686274508,-902.998832094903
5128,0.23039215686274508,-999.4730041915295
5129,0.2549019607843137,-844.661805601681
5130,0.25,-917.132085351383
5131,0.27450980392156865,-849.972726466609
5132,0.23529411764705882,-828.7664221969305
5133,0.19117647058823528,-1000.6261704949771
5134,0.22549019607843138,-888.4694703980988
5135,0.2107843137254902,-959.4942820679908
5136,0.2107843137254902,-1012.2279696371041
5137,0.2696078431372549,-742.0312289630665
5138,0.20588235294117646,-879.6117357740216
5139,0.23039215686274508,-894.6223205865598
5140,0.2107843137254902,-935.8592570622762
5141,0.23039215686274508,-814.213924482757
5142,0.17647058823529413,-1044.4406569798787
5143,0.20588235294117646,-1094.717945323271
5144,0.23529411764705882,-880.8855597552131
5145,0.20588235294117646,-893.8645611557306
5146,0.22058823529411764,-962.1110628352445
5147,0.22058823529411764,-970.204436563978
5148,0.2549019607843137,-779.6245730063495
5149,0.21568627450980393,-904.2736228868073
5150,0.22058823529411764,-876.2919659053578
5151,0.27450980392156865,-691.9869814854043
5152,0.18137254901960784,-994.7438565983492
5153,0.20588235294117646,-905.481998088313
5154,0.24019607843137256,-718.8953684732026
5155,0.22549019607843138,-1010.3689765930176
5156,0.28921568627450983,-802.2744305367563
5157,0.23039215686274508,-927.1898881126853
5158,0.21568627450980393,-920.9211308348413
5159,0.2549019607843137,-852.6454809600232
5160,0.21568627450980393,-1030.7142303878186
5161,0.18627450980392157,-1036.9547485183266
5162,0.24019607843137256,-978.3808654149374
5163,0.24019607843137256,-939.0519273421344
5164,0.22549019607843138,-870.1697024738087
5165,0.27941176470588236,-835.8470046473484
5166,0.24019607843137256,-851.6949740017162
5167,0.22549019607843138,-839.462160727557
5168,0.22058823529411764,-1081.39276267033
5169,0.2107843137254902,-884.4654461168775
5170,0.23039215686274508,-893.3431420139237
5171,0.21568627450980393,-943.764333668877
5172,0.2549019607843137,-935.8633649769952
5173,0.25,-953.2046574985279
5174,0.22058823529411764,-815.762780825297
5175,0.2647058823529412,-848.0164852703319
5176,0.20588235294117646,-886.1906899844898
5177,0.20588235294117646,-956.658047245998
5178,0.20588235294117646,-960.5205473619349
5179,0.2107843137254902,-1043.6931922949996
5180,0.23529411764705882,-848.9576538684321
5181,0.1715686274509804,-986.5818026112576
5182,0.16176470588235295,-1049.9217772951313
5183,0.20098039215686275,-956.6002330312542
5184,0.24019607843137256,-928.546864490883
5185,0.28431372549019607,-680.2875661101996
5186,0.25980392156862747,-1004.0908371887955
5187,0.22058823529411764,-744.903882821401
5188,0.2107843137254902,-1064.274994317223
5189,0.25,-848.3006827410529
5190,0.23529411764705882,-881.4568509120567
5191,0.19607843137254902,-926.0259861478619
5192,0.19607843137254902,-972.5410656274533
5193,0.19607843137254902,-1015.7550874223896
5194,0.18627450980392157,-1109.6966181549371
5195,0.22549019607843138,-772.1854862325332
5196,0.2107843137254902,-1046.960018382353
5197,0.25,-857.2243312480402
5198,0.20588235294117646,-925.4440808202706
5199,0.18137254901960784,-968.1407113729739
5200,0.21568627450980393,-967.6276947470272
5201,0.25,-945.035210572037
5202,0.22058823529411764,-1021.7649823731067
5203,0.17647058823529413,-1039.2086165746052
5204,0.25,-955.0970413264106
5205,0.19607843137254902,-1037.7817355137245
5206,0.23039215686274508,-902.7165687598434
5207,0.23529411764705882,-918.3647141176111
5208,0.23039215686274508,-1037.2286932515162
5209,0.2107843137254902,-869.0072522817874
5210,0.22058823529411764,-944.2134134068209
5211,0.25,-937.340580884148
5212,0.2107843137254902,-1055.1199614019954
5213,0.25,-892.1829209795185
5214,0.20588235294117646,-998.6150834887635
5215,0.20098039215686275,-1016.9154276941337
5216,0.2696078431372549,-825.9484616073908
5217,0.20588235294117646,-1064.250706018186
5218,0.19117647058823528,-1014.8377638798135
5219,0.25980392156862747,-782.8893506854188
5220,0.22058823529411764,-1010.5979342273637
5221,0.23529411764705882,-846.0931171622931
5222,0.24019607843137256,-767.3688085406434
5223,0.21568627450980393,-871.5739753012564
5224,0.20588235294117646,-894.9395986818799
5225,0.25,-939.3913031746359
5226,0.22058823529411764,-1006.852067676245
5227,0.2107843137254902,-888.209271477718
5228,0.20098039215686275,-928.5612515842213
5229,0.19607843137254902,-941.3421690884759
5230,0.24509803921568626,-855.0972136516197
5231,0.23039215686274508,-1039.6902492467095
5232,0.1568627450980392,-1128.110325233609
5233,0.18137254901960784,-1109.1545494771472
5234,0.21568627450980393,-917.7182317060583
5235,0.23039215686274508,-795.9253784254486
5236,0.23039215686274508,-836.2131420116799
5237,0.22549019607843138,-1084.0422218734143
5238,0.25980392156862747,-778.3151651270249
5239,0.23039215686274508,-902.2538737315757
5240,0.22058823529411764,-974.3128571510315
5241,0.2647058823529412,-862.4519387226479
5242,0.2696078431372549,-908.2463434443754
5243,0.20098039215686275,-875.876609063616
5244,0.23039215686274508,-974.1150965129627
5245,0.2107843137254902,-956.3273397613974
5246,0.24509803921568626,-968.250595111473
5247,0.2696078431372549,-746.9359046337652
5248,0.20098039215686275,-980.6629356870465
5249,0.19607843137254902,-921.1684285051682
5250,0.24019607843137256,-858.0953916100895
5251,0.20098039215686275,-1071.0745183533313
5252,0.22549019607843138,-897.4223693772858
5253,0.2647058823529412,-766.1626912846285
5254,0.19607843137254902,-1038.1590670604332
5255,0.2107843137254902,-807.80764355379
5256,0.21568627450980393,-866.0838608087278
5257,0.20098039215686275,-1071.1648340038225
5258,0.25980392156862747,-739.4755623667847
5259,0.23039215686274508,-945.0366767808503
5260,0.20098039215686275,-1069.8580394539179
5261,0.24019607843137256,-946.1477946674122
5262,0.22549019607843138,-1079.4410499965443
5263,0.23529411764705882,-893.0303162219477
5264,0.20588235294117646,-907.7028861513325
5265,0.25,-855.8338720658246
5266,0.19607843137254902,-808.2674114563886
5267,0.2107843137254902,-1011.1510026034186
5268,0.2107843137254902,-877.8198095022464
5269,0.22058823529411764,-897.957166484758
5270,0.21568627450980393,-876.4904001086365
5271,0.22549019607843138,-914.1791081896015
5272,0.24509803921568626,-887.6376330992755
5273,0.24509803921568626,-839.4140405093922
5274,0.2107843137254902,-1008.8145466505313
5275,0.2107843137254902,-1048.249832349665
5276,0.23529411764705882,-888.8071423324884
5277,0.23039215686274508,-1073.2480918285894
5278,0.23529411764705882,-859.5321117849911
5279,0.23529411764705882,-926.6075872346466
5280,0.21568627450980393,-912.7978119569666
5281,0.19117647058823528,-1090.0276257571052
5282,0.2696078431372549,-751.7697854696536
5283,0.22549019607843138,-877.1382520713058
5284,0.20098039215686275,-1053.3955980562696
5285,0.21568627450980393,-916.2277839511048
5286,0.23039215686274508,-826.8703177582984
5287,0.1715686274509804,-1077.2980228311876
5288,0.2549019607843137,-931.4215176152248
5289,0.19607843137254902,-1087.387488196878
5290,0.20098039215686275,-896.4536453134873
5291,0.19607843137254902,-998.7836576349595
5292,0.23529411764705882,-970.8260925236871
5293,0.22549019607843138,-825.6236728593415
5294,0.22549019607843138,-982.1761933121027
5295,0.24019607843137256,-923.4450742310169
5296,0.23039215686274508,-786.2648542815564
5297,0.22058823529411764,-1090.770619616789
5298,0.20588235294117646,-1067.8249246372895
5299,0.20588235294117646,-971.173064100976
5300,0.23529411764705882,-928.3482550452737
5301,0.18627450980392157,-1013.1855729701472
5302,0.24019607843137256,-995.8171630747178
5303,0.24019607843137256,-918.1996446777792
5304,0.27450980392156865,-883.018538091697
5305,0.20098039215686275,-996.9212773173463
5306,0.23529411764705882,-934.812128646701
5307,0.17647058823529413,-1012.2247569888245
5308,0.24509803921568626,-1042.058781455545
5309,0.18137254901960784,-939.300921645819
5310,0.23529411764705882,-858.9941458795585
5311,0.2107843137254902,-918.4879477538315
5312,0.27941176470588236,-774.453153628929
5313,0.20098039215686275,-860.4215210746316
5314,0.24509803921568626,-937.0191876280542
5315,0.25,-825.2730692882163
5316,0.20588235294117646,-1070.1162784987805
5317,0.2107843137254902,-1017.8297385421454
5318,0.1568627450980392,-951.9439513449576
5319,0.23529411764705882,-1001.3592028524362
5320,0.17647058823529413,-1048.7303328981586
5321,0.23039215686274508,-888.48583984375
5322,0.2107843137254902,-996.2525695725983
5323,0.24509803921568626,-801.8354813257853
5324,0.25,-850.1607836929022
5325,0.19117647058823528,-918.6693146369037
5326,0.21568627450980393,-1061.0474896711462
5327,0.20098039215686275,-887.4923293917786
5328,0.2647058823529412,-940.8828322373184
5329,0.18627450980392157,-1143.3900054856842
5330,0.19607843137254902,-1005.889014711567
5331,0.19607843137254902,-998.122044656791
5332,0.24019607843137256,-869.1695542616003
5333,0.22058823529411764,-746.7268367468142
5334,0.22058823529411764,-945.3301613097098
5335,0.25,-794.20778725194
5336,0.25,-942.8529712265613
5337,0.20098039215686275,-871.5949405782363
5338,0.20098039215686275,-901.5025194392484
5339,0.22058823529411764,-930.52408990673
5340,0.22058823529411764,-999.038624052908
5341,0.22058823529411764,-780.8699681338142
5342,0.17647058823529413,-1049.6030557295855
5343,0.22058823529411764,-981.4453794815961
5344,0.22549019607843138,-846.1844300475775
5345,0.21568627450980393,-992.293825523526
5346,0.23529411764705882,-994.2410481770834
5347,0.24509803921568626,-928.2348926581589
5348,0.19117647058823528,-1027.5500770269655
5349,0.23529411764705882,-980.8571783888574
5350,0.20098039215686275,-1018.1553337994744
5351,0.24019607843137256,-913.024125435773
5352,0.21568627450980393,-1028.5479414322797
5353,0.22549019607843138,-1062.1062671062994
5354,0.18137254901960784,-1015.2166783388923
5355,0.21568627450980393,-896.0409437347861
5356,0.19607843137254902,-1017.0812745561786
5357,0.25,-880.0015776391123
5358,0.19607843137254902,-913.2171539044848
5359,0.24509803921568626,-892.2084049524045
5360,0.24019607843137256,-986.8746864842434
5361,0.17647058823529413,-995.0394035601148
5362,0.2107843137254902,-1089.1547127985486
5363,0.22549019607843138,-896.4954106480468
5364,0.23529411764705882,-919.1611199098475
5365,0.24019607843137256,-761.324626417721
5366,0.24019607843137256,-956.1550716699338
5367,0.22549019607843138,-963.9769251767327
5368,0.23039215686274508,-1025.8424656998877
5369,0.22549019607843138,-972.713119207644
5370,0.24509803921568626,-759.9159732706406
5371,0.23039215686274508,-896.6138415804096
5372,0.23039215686274508,-914.794687981699
5373,0.25,-966.5608744247287
5374,0.23039215686274508,-873.2562454635022
5375,0.23039215686274508,-829.4319355721567
5376,0.23529411764705882,-1013.6845355501362
5377,0.22549019607843138,-1005.2298925530677
5378,0.20588235294117646,-889.5723954836527
5379,0.20588235294117646,-1022.5030099457385
5380,0.22058823529411764,-936.7156252767526
5381,0.2549019607843137,-788.6463066362867
5382,0.20098039215686275,-976.0964208116718
5383,0.21568627450980393,-950.3953748123319
5384,0.22549019607843138,-1004.1938097149718
5385,0.17647058823529413,-1099.332688967387
5386,0.25980392156862747,-887.5835598964317
5387,0.24509803921568626,-836.9889062993667
5388,0.19117647058823528,-966.9612249673581
5389,0.21568627450980393,-1066.9749245550117
5390,0.23529411764705882,-750.0153068654678
5391,0.23039215686274508,-881.0712936251771
5392,0.16176470588235295,-973.3883447179608
5393,0.21568627450980393,-863.0043213040221
5394,0.20588235294117646,-1064.8993199105357
5395,0.2107843137254902,-926.576469599032
5396,0.2107843137254902,-1088.9482816714867
5397,0.2549019607843137,-944.984593410118
5398,0.24019607843137256,-913.4305721170762
5399,0.2107843137254902,-898.4745951353335
5400,0.21568627450980393,-932.1166238223805
5401,0.24509803921568626,-1015.0451280556473
5402,0.22549019607843138,-954.8959304211187
5403,0.22058823529411764,-902.6348099428064
5404,0.16176470588235295,-1086.3772516063616
5405,0.25,-871.2157988454782
5406,0.19607843137254902,-960.7118528964472
5407,0.20098039215686275,-869.095535399867
5408,0.16666666666666666,-1024.4328915652106
5409,0.23039215686274508,-900.3153718686572
5410,0.24509803921568626,-951.3193660810882
5411,0.24019607843137256,-1003.3474939196717
5412,0.20098039215686275,-1001.0019203260833
5413,0.22058823529411764,-925.4851065803977
5414,0.24509803921568626,-821.1388242571961
5415,0.25,-749.6142387203141
5416,0.20588235294117646,-986.4095258899764
5417,0.20098039215686275,-1015.1875098733341
5418,0.23529411764705882,-888.359157076069
5419,0.22058823529411764,-869.266837942834
5420,0.2107843137254902,-993.1668302685607
5421,0.24019607843137256,-965.3598489013373
5422,0.19607843137254902,-1082.5184293821746
5423,0.22549019607843138,-875.5598737305286
5424,0.20098039215686275,-954.6235556695975
5425,0.21568627450980393,-1004.1577355066935
5426,0.19117647058823528,-969.2064971362843
5427,0.20098039215686275,-987.4333747601977
5428,0.22549019607843138,-981.7239744709988
5429,0.25,-681.6311993131451
5430,0.2107843137254902,-984.4193437426698
5431,0.2647058823529412,-782.7058378481397
5432,0.24509803921568626,-890.4433479215585
5433,0.19607843137254902,-951.7117562761493
5434,0.20588235294117646,-1029.457386044895
5435,0.19607843137254902,-1003.3937619153191
5436,0.25,-701.9387232462565
5437,0.20588235294117646,-1140.1424399357215
5438,0.23039215686274508,-807.5055260471269
5439,0.21568627450980393,-941.2594374114392
5440,0.2696078431372549,-812.4058511210422
5441,0.23039215686274508,-822.0586070453419
5442,0.24509803921568626,-878.1317668054618
5443,0.23039215686274508,-873.4419270122753
5444,0.21568627450980393,-911.9269124573352
5445,0.19117647058823528,-984.5527865839939
5446,0.18137254901960784,-1124.1428770177504
5447,0.15196078431372548,-1072.6733797484753
5448,0.17647058823529413,-970.7260213178747
5449,0.2107843137254902,-906.8504624273263
5450,0.22549019607843138,-865.1478628644757
5451,0.23529411764705882,-1050.381280375462
5452,0.28431372549019607,-825.3536373119729
5453,0.22058823529411764,-934.1574793235928
5454,0.20098039215686275,-886.2757010553397
5455,0.22549019607843138,-929.5423596887027
5456,0.1568627450980392,-990.8544411004758
5457,0.18137254901960784,-1020.2046272801418
5458,0.22549019607843138,-929.5318545734181
5459,0.27941176470588236,-708.5025027779972
5460,0.25,-919.3495534074073
5461,0.24019607843137256,-903.3333753324023
5462,0.2647058823529412,-922.7324672025793
5463,0.18627450980392157,-905.7946508257996
5464,0.2549019607843137,-773.0839890685736
5465,0.20098039215686275,-953.9975488232632
5466,0.23529411764705882,-753.1373913334866
5467,0.22549019607843138,-899.8831986072016
5468,0.19117647058823528,-1085.9117844338512
5469,0.23529411764705882,-892.7092765920303
5470,0.2647058823529412,-850.8907548212537
5471,0.21568627450980393,-836.2682173859839
5472,0.20588235294117646,-1005.5223432709189
5473,0.21568627450980393,-925.8277882407693
5474,0.22549019607843138,-806.168298964407
5475,0.19607843137254902,-878.6239008249021
5476,0.21568627450980393,-971.8763230080698
5477,0.24509803921568626,-944.1371894724228
5478,0.2549019607843137,-896.0352884928385
5479,0.2647058823529412,-850.0955555205252
5480,0.23039215686274508,-959.3021275856916
5481,0.19607843137254902,-899.224919870788
5482,0.23039215686274508,-923.5643765505622
5483,0.24509803921568626,-840.1813779531741
5484,0.19607843137254902,-984.6757774540023
5485,0.21568627450980393,-888.2149238586426
5486,0.23529411764705882,-903.3888556536506
5487,0.22549019607843138,-856.6385384166942
5488,0.16176470588235295,-1020.8405461965823
5489,0.20098039215686275,-973.1384644134372
5490,0.21568627450980393,-933.4561936808567
5491,0.25,-720.0344503907596
5492,0.19117647058823528,-873.5737865298402
5493,0.17647058823529413,-1022.2445681889852
5494,0.21568627450980393,-870.8973392411774
5495,0.23529411764705882,-929.583503704445
5496,0.20098039215686275,-1073.484645544314
5497,0.19607843137254902,-963.2794256210327
5498,0.21568627450980393,-927.1723852157593
5499,0.22549019607843138,-831.556347136404
5500,0.23529411764705882,-786.1261603411506
5501,0.18627450980392157,-1013.9224416508395
5502,0.21568627450980393,-836.1379833127938
5503,0.2549019607843137,-792.9416833952362
5504,0.19607843137254902,-923.5800184736065
5505,0.20098039215686275,-792.5285075879565
5506,0.19117647058823528,-993.7562649483774
5507,0.25,-898.026108526716
5508,0.22549019607843138,-907.8531583617715
5509,0.21568627450980393,-961.4148488418729
5510,0.22549019607843138,-876.8817333894617
5511,0.19607843137254902,-987.5079530547647
5512,0.1715686274509804,-1075.526443387948
5513,0.20098039215686275,-907.5138423957077
5514,0.19607843137254902,-912.9653586593329
5515,0.23529411764705882,-950.8863332037832
5516,0.21568627450980393,-793.5725511943592
5517,0.24509803921568626,-927.2576483558206
5518,0.25,-856.9495721704819
5519,0.24509803921568626,-972.5984150568644
5520,0.25980392156862747,-851.1621935414333
5521,0.23529411764705882,-916.2441633822871
5522,0.19117647058823528,-1002.6227954789704
5523,0.20588235294117646,-974.454623297149
5524,0.20098039215686275,-968.0568175409354
5525,0.20588235294117646,-987.1440341145385
5526,0.2107843137254902,-846.1620173547782
5527,0.28431372549019607,-710.4281097673902
5528,0.25,-776.0233799990485
5529,0.22549019607843138,-911.921776266659
5530,0.23529411764705882,-836.871818710776
5531,0.23529411764705882,-947.2546212158951
5532,0.23529411764705882,-968.0329211926928
5533,0.22058823529411764,-939.5200238882327
5534,0.24509803921568626,-969.669342658099
5535,0.20588235294117646,-962.0212754268272
5536,0.20098039215686275,-892.9812541288488
5537,0.2107843137254902,-850.8346728343589
5538,0.23529411764705882,-942.7626713771446
5539,0.23039215686274508,-958.365021724327
5540,0.17647058823529413,-954.4155799267339
5541,0.2549019607843137,-808.8282385246426
5542,0.23039215686274508,-938.6545639973061
5543,0.22549019607843138,-935.9964701989118
5544,0.19117647058823528,-962.0715996985342
5545,0.28431372549019607,-746.3490025576423
5546,0.22549019607843138,-985.3562123635236
5547,0.22549019607843138,-1032.8655575957953
5548,0.25,-904.7575044818954
5549,0.19607843137254902,-924.2785393397013
5550,0.3235294117647059,-741.6684269437603
5551,0.2549019607843137,-967.3798095478732
5552,0.20098039215686275,-961.8091318841074
5553,0.25980392156862747,-816.1802682502597
5554,0.2107843137254902,-930.9885141709271
5555,0.2696078431372549,-780.0378415350821
5556,0.24019607843137256,-789.5185107062845
5557,0.22549019607843138,-772.4671120363123
5558,0.24509803921568626,-797.8211352591421
5559,0.22549019607843138,-1029.0748819369896
5560,0.22058823529411764,-965.6183862312167
5561,0.18137254901960784,-977.3722096424477
5562,0.23039215686274508,-746.8195370318842
5563,0.24509803921568626,-836.8478300244201
5564,0.21568627450980393,-1002.6332107244754
5565,0.21568627450980393,-908.8495128481995
5566,0.24509803921568626,-860.7810063455619
5567,0.25,-905.6512128605563
5568,0.22549019607843138,-862.4398374744491
5569,0.18627450980392157,-1028.3125253378175
5570,0.2107843137254902,-982.8851349774529
5571,0.22058823529411764,-882.1344196469176
5572,0.22549019607843138,-851.2694276734894
5573,0.25,-698.6050643546909
5574,0.19117647058823528,-929.0999352324243
5575,0.18137254901960784,-1052.2068213668524
5576,0.19607843137254902,-1119.337757839876
5577,0.22549019607843138,-952.109943707784
5578,0.1568627450980392,-1093.4166503607057
5579,0.24019607843137256,-871.3208158530441
5580,0.25,-876.7893554089117
5581,0.25,-840.6149752560784
5582,0.24509803921568626,-878.5748325796689
5583,0.20588235294117646,-1050.257251328113
5584,0.18137254901960784,-1129.8737954719393
5585,0.24509803921568626,-853.0327515602112
5586,0.23039215686274508,-837.0812756781485
5587,0.25980392156862747,-863.863213894414
5588,0.2549019607843137,-776.9613350793427
5589,0.2549019607843137,-1033.0308978884827
5590,0.24019607843137256,-861.3465970544254
5591,0.23529411764705882,-877.8042129254809
5592,0.22058823529411764,-874.8086287741568
5593,0.14705882352941177,-1007.030392889883
5594,0.22058823529411764,-888.8854222391166
5595,0.22058823529411764,-973.9989210484075
5596,0.2107843137254902,-865.0632567125208
5597,0.2696078431372549,-813.1203020507214
5598,0.23529411764705882,-851.2552249197867
5599,0.21568627450980393,-973.6304433860031
5600,0.17647058823529413,-1118.888743868061
5601,0.2107843137254902,-1060.1110378714168
5602,0.21568627450980393,-1037.2407034892663
5603,0.22058823529411764,-1059.3330216127283
5604,0.2107843137254902,-996.9665099312277
5605,0.25980392156862747,-952.8420556573307
5606,0.21568627450980393,-902.2541810017007
5607,0.24509803921568626,-807.4663600173651
5608,0.20098039215686275,-1040.7241201307259
5609,0.25,-861.3642473407821
5610,0.2696078431372549,-733.8810688841577
5611,0.23039215686274508,-933.9241053450341
5612,0.17647058823529413,-1059.7408333011701
5613,0.19117647058823528,-1052.5017334620159
5614,0.22058823529411764,-1046.8475973465863
5615,0.18137254901960784,-1081.1570541531432
5616,0.23529411764705882,-1072.7631359474333
5617,0.19607843137254902,-1042.792134172776
5618,0.2107843137254902,-837.8540149950513
5619,0.23529411764705882,-933.2152879378375
5620,0.21568627450980393,-917.1441859077005
5621,0.20098039215686275,-1056.1454266566857
5622,0.14705882352941177,-1227.709898219389
5623,0.19117647058823528,-1011.491150930816
5624,0.23039215686274508,-1006.293874647103
5625,0.24019607843137256,-800.2226776235244
5626,0.22058823529411764,-929.5464967839858
5627,0.22058823529411764,-773.5416680784787
5628,0.23039215686274508,-898.8417427025589
5629,0.21568627450980393,-796.3300581913369
5630,0.22058823529411764,-991.8283035427917
5631,0.18627450980392157,-977.5078967225318
5632,0.22058823529411764,-970.0782739227893
5633,0.2549019607843137,-918.7714642449921
5634,0.22058823529411764,-902.9645579281976
5635,0.20588235294117646,-922.5971207899206
5636,0.24019607843137256,-1025.3468737321741
5637,0.25,-878.3548987893497
5638,0.17647058823529413,-1017.0530632430432
5639,0.2107843137254902,-1081.544690132141
5640,0.22058823529411764,-823.6228325600717
5641,0.24509803921568626,-942.7140825309006
5642,0.23529411764705882,-892.4336154040168
5643,0.18137254901960784,-1013.9895188761692
5644,0.25980392156862747,-891.0697629124511
5645,0.1715686274509804,-1141.8992460101258
5646,0.20588235294117646,-912.2403766688178
5647,0.28431372549019607,-889.7534768815134
5648,0.2107843137254902,-1032.4130941652784
5649,0.24509803921568626,-980.5438672421026
5650,0.20588235294117646,-970.742794897042
5651,0.23529411764705882,-1022.07524507186
5652,0.22058823529411764,-884.3958361756568
5653,0.2549019607843137,-886.4448423105127
5654,0.20588235294117646,-1058.8102675045238
5655,0.19117647058823528,-980.9015208786609
5656,0.16666666666666666,-1085.65680028878
5657,0.1715686274509804,-1102.6238921109368
5658,0.19607843137254902,-938.3075168086033
5659,0.24019607843137256,-914.0897884181901
5660,0.21568627450980393,-958.9431479023953
5661,0.21568627450980393,-817.9131927396737
5662,0.2107843137254902,-960.6890622307272
5663,0.2549019607843137,-922.7043426925061
5664,0.21568627450980393,-1013.7457423864627
5665,0.2549019607843137,-942.6469638674866
5666,0.24019607843137256,-984.8416819946439
5667,0.27450980392156865,-795.6728405671961
5668,0.22549019607843138,-842.2760102702122
5669,0.21568627450980393,-1054.3392018710865
5670,0.23039215686274508,-870.402865522048
5671,0.21568627450980393,-867.4323202955957
5672,0.1568627450980392,-1206.7991376577638
5673,0.21568627450980393,-979.7963506193722
5674,0.24019607843137256,-873.9670605005002
5675,0.22058823529411764,-824.9858954093036
5676,0.2696078431372549,-942.7502309200811
5677,0.19607843137254902,-1010.685682184556
5678,0.23039215686274508,-936.4135504516901
5679,0.2549019607843137,-950.7573677511776
5680,0.22058823529411764,-959.5722898969464
5681,0.23039215686274508,-911.4526204127891
5682,0.1715686274509804,-1018.0462043051626
5683,0.23039215686274508,-952.3504127988629
5684,0.2107843137254902,-905.2778403338264
5685,0.24509803921568626,-908.9956087785608
5686,0.20098039215686275,-969.2257407693302
5687,0.22549019607843138,-894.9270813605365
5688,0.21568627450980393,-1002.376267040477
5689,0.19607843137254902,-1036.0841335128334
5690,0.19607843137254902,-1012.215794282801
5691,0.22058823529411764,-974.1275707039179
5692,0.25,-932.3170109730141
5693,0.23039215686274508,-895.2589159198836
5694,0.23529411764705882,-935.0674840328741
5695,0.24509803921568626,-872.191115734624
5696,0.24509803921568626,-939.5567935120825
5697,0.23039215686274508,-913.1886763105206
5698,0.19117647058823528,-1036.8222802854052
5699,0.23039215686274508,-858.7246467178943
5700,0.20588235294117646,-930.3393397518233
5701,0.22058823529411764,-882.0453672783048
5702,0.21568627450980393,-913.2562988692639
5703,0.23529411764705882,-907.2795998068417
5704,0.23529411764705882,-819.046041694342
5705,0.29411764705882354,-686.2684987199073
5706,0.23039215686274508,-831.8516686850903
5707,0.22549019607843138,-885.372127345964
5708,0.23039215686274508,-830.5147051998214
5709,0.22058823529411764,-892.1102290433996
5710,0.2107843137254902,-975.9204970902088
5711,0.19117647058823528,-969.373114380182
5712,0.22058823529411764,-978.57913126665
5713,0.19607843137254902,-1007.3080387115479
5714,0.22549019607843138,-913.1642198188632
5715,0.21568627450980393,-915.2212114147111
5716,0.21568627450980393,-960.8030031428617
5717,0.25980392156862747,-763.5089333758634
5718,0.23529411764705882,-979.6056439268823
5719,0.19117647058823528,-868.684069072499
5720,0.21568627450980393,-755.9442403830734
5721,0.22058823529411764,-828.1395822973813
5722,0.20098039215686275,-1016.9210428911097
5723,0.22549019607843138,-927.8721476723166
5724,0.23529411764705882,-779.3392559687296
5725,0.19607843137254902,-1087.9552102930406
5726,0.22549019607843138,-954.5918631834143
5727,0.23039215686274508,-802.4750280006259
5728,0.28431372549019607,-769.1562898486268
5729,0.19117647058823528,-1003.6683558669745
5730,0.1715686274509804,-1015.8851327148138
5731,0.21568627450980393,-879.7094839600956
5732,0.23039215686274508,-953.9850912935593
5733,0.2107843137254902,-894.279901485817
5734,0.24019607843137256,-738.5275836645388
5735,0.20098039215686275,-957.8159856422275
5736,0.2107843137254902,-958.5490507425046
5737,0.23039215686274508,-924.6428305121029
5738,0.22549019607843138,-873.075169282801
5739,0.24509803921568626,-793.6494570339428
5740,0.17647058823529413,-1001.5603535222073
5741,0.2107843137254902,-1036.3380740109612
5742,0.22549019607843138,-1050.4563777960982
5743,0.2549019607843137,-732.6210368287329
5744,0.16666666666666666,-997.2333480049582
5745,0.23039215686274508,-986.3643394171023
5746,0.16666666666666666,-1068.218735816432
5747,0.22549019607843138,-853.9062714857214
5748,0.19117647058823528,-1090.5257945902208
5749,0.23529411764705882,-721.445677355224
5750,0.20098039215686275,-1018.1635720776577
5751,0.25,-877.8759677924362
5752,0.23039215686274508,-891.055680695702
5753,0.22549019607843138,-916.3487805198221
5754,0.24019607843137256,-1014.2984860831616
5755,0.20098039215686275,-936.6406597062653
5756,0.19117647058823528,-1062.9965455111335
5757,0.20588235294117646,-1118.3848856757668
5758,0.22058823529411764,-939.6523207028707
5759,0.2107843137254902,-952.256825802373
5760,0.21568627450980393,-1010.8531261331894
5761,0.22549019607843138,-961.8906763768664
5762,0.23039215686274508,-833.0063135670681
5763,0.23529411764705882,-886.8665405722226
5764,0.19117647058823528,-938.3533747990926
5765,0.19607843137254902,-920.283229079901
5766,0.18627450980392157,-1043.7328871371699
5767,0.18627450980392157,-965.9290551578297
5768,0.20588235294117646,-1040.7538886537739
5769,0.19607843137254902,-1129.890048195334
5770,0.24019607843137256,-841.3205138935763
5771,0.19607843137254902,-1033.922808413412
5772,0.22058823529411764,-945.8048463896209
5773,0.24019607843137256,-948.0167729433845
5774,0.23529411764705882,-819.1768354902081
5775,0.2549019607843137,-831.0865893644445
5776,0.18137254901960784,-1135.1506344383838
5777,0.24509803921568626,-823.9032012528064
5778,0.21568627450980393,-923.4568722668816
5779,0.20098039215686275,-957.9878066567813
5780,0.17647058823529413,-1009.6373244453879
5781,0.22549019607843138,-943.5800726086486
5782,0.20588235294117646,-885.891159955193
5783,0.19117647058823528,-910.8470882153979
5784,0.17647058823529413,-1030.509112040202
5785,0.2696078431372549,-880.0581265617819
5786,0.20588235294117646,-1017.5709506390142
5787,0.2647058823529412,-610.601622095295
5788,0.22549019607843138,-1062.5729831807753
5789,0.19607843137254902,-1039.6382303237915
5790,0.21568627450980393,-976.736564692329
5791,0.21568627450980393,-892.0403181524838
5792,0.23039215686274508,-913.2038025201535
5793,0.22549019607843138,-922.6100884792852
5794,0.25,-759.6490180632647
5795,0.24509803921568626,-892.4595099430459
5796,0.20588235294117646,-941.060928251229
5797,0.21568627450980393,-880.7766517564362
5798,0.21568627450980393,-1004.5553039662979
5799,0.22058823529411764,-858.239556462157
5800,0.21568627450980393,-946.5847914172153
5801,0.18137254901960784,-941.515440716463
5802,0.1715686274509804,-1090.1996861345629
5803,0.2696078431372549,-833.8446389927584
5804,0.2107843137254902,-863.2167699103262
5805,0.25980392156862747,-792.3413837657255
5806,0.19117647058823528,-973.0334924529581
5807,0.22058823529411764,-908.6031949753855
5808,0.19607843137254902,-980.030645716424
5809,0.24019607843137256,-902.6161923315011
5810,0.23039215686274508,-1008.059025035185
5811,0.24019607843137256,-932.6735351412904
5812,0.19117647058823528,-1022.3108322667141
5813,0.21568627450980393,-1085.017338547052
5814,0.20588235294117646,-1045.7850179111256
5815,0.25980392156862747,-789.8818151249606
5816,0.2549019607843137,-948.0625167921478
5817,0.2647058823529412,-864.1376819797591
5818,0.20588235294117646,-932.543389750462
5819,0.23039215686274508,-871.2154475193398
5820,0.22058823529411764,-904.0755862628712
5821,0.24509803921568626,-769.9822282604142
5822,0.17647058823529413,-1007.7892175188251
5823,0.20098039215686275,-932.3375113057156
5824,0.22549019607843138,-1032.0597329046211
5825,0.24019607843137256,-1018.8488004908842
5826,0.21568627450980393,-1005.3945806073208
5827,0.22549019607843138,-852.5242539387124
5828,0.1715686274509804,-939.4458865277908
5829,0.23039215686274508,-974.7034361128714
5830,0.23529411764705882,-952.0668870421017
5831,0.2107843137254902,-868.1440409492044
5832,0.2549019607843137,-827.0581877278347
5833,0.23039215686274508,-811.6864512013454
5834,0.22549019607843138,-802.9480394662595
5835,0.20588235294117646,-826.5136885923498
5836,0.24019607843137256,-931.5835179721607
5837,0.20098039215686275,-1084.0132807282841
5838,0.15196078431372548,-1094.5785501610999
5839,0.19117647058823528,-1033.592456668031
5840,0.24509803921568626,-858.2181444916071
5841,0.20588235294117646,-1018.5432350027795
5842,0.2549019607843137,-978.4099462172564
5843,0.22549019607843138,-868.5568855697034
5844,0.25,-873.0680591171863
5845,0.21568627450980393,-889.1315966961431
5846,0.22549019607843138,-946.9694672004849
5847,0.22058823529411764,-905.7594283047845
5848,0.21568627450980393,-938.592738273097
5849,0.22058823529411764,-900.3407595391367
5850,0.21568627450980393,-985.4314818662756
5851,0.23529411764705882,-928.5157287261065
5852,0.22058823529411764,-852.067421913147
5853,0.23529411764705882,-888.5614031997382
5854,0.18137254901960784,-1036.1991841372321
5855,0.2107843137254902,-1018.3505716884838
5856,0.24509803921568626,-965.796204884847
5857,0.20588235294117646,-987.4757593566296
5858,0.1715686274509804,-1029.1179571338728
5859,0.2647058823529412,-916.2111312174329
5860,0.25,-799.2268814386106
5861,0.19117647058823528,-1030.3415646646538
5862,0.23039215686274508,-888.8409170636944
5863,0.2107843137254902,-966.3546369590011
5864,0.27450980392156865,-828.6078778622198
5865,0.2696078431372549,-879.898845092923
5866,0.23529411764705882,-918.9940253519544
5867,0.28431372549019607,-836.174243665209
5868,0.20588235294117646,-1049.8884772506415
5869,0.2549019607843137,-932.4192255244535
5870,0.25,-777.625202403349
5871,0.23529411764705882,-880.314573652604
5872,0.1715686274509804,-1040.730873818491
5873,0.16666666666666666,-1027.2165021896362
5874,0.18627450980392157,-1057.4730430397333
5875,0.17647058823529413,-1005.6792943804871
5876,0.28431372549019607,-743.6849225362142
5877,0.23039215686274508,-940.3386976485159
5878,0.22058823529411764,-944.7909918579401
5879,0.22549019607843138,-779.7908431408453
5880,0.19117647058823528,-1072.5156572379317
5881,0.21568627450980393,-1008.1965375040091
5882,0.19117647058823528,-997.8152252085068
5883,0.25,-827.8797922227897
5884,0.22058823529411764,-906.977380584268
5885,0.23529411764705882,-984.4567304499009
5886,0.20588235294117646,-960.7912937239105
5887,0.22058823529411764,-985.5424922868317
5888,0.18627450980392157,-967.4597587491952
5889,0.20588235294117646,-932.680666586932
5890,0.19117647058823528,-1021.7566820406446
5891,0.2696078431372549,-976.1045120650647
5892,0.18137254901960784,-1005.7925384465386
5893,0.20588235294117646,-966.1368249537898
5894,0.18627450980392157,-1097.4826499901567
5895,0.19607843137254902,-1016.6989027098114
5896,0.21568627450980393,-1000.57516152251
5897,0.19607843137254902,-952.7743964475744
5898,0.16666666666666666,-1061.1291988223206
5899,0.22058823529411764,-1004.7108643475701
5900,0.2647058823529412,-931.7604705212163
5901,0.21568627450980393,-931.1821566189037
5902,0.17647058823529413,-945.581073882533
5903,0.20098039215686275,-1049.638016644646
5904,0.23039215686274508,-774.6083657881793
5905,0.24509803921568626,-758.8854285969454
5906,0.24509803921568626,-735.082060028525
5907,0.19607843137254902,-976.796323299408
5908,0.24509803921568626,-847.1521193747427
5909,0.20098039215686275,-985.2497548309027
5910,0.19607843137254902,-927.1823780583401
5911,0.22058823529411764,-909.0828230988745
5912,0.18137254901960784,-1067.9741701425291
5913,0.2647058823529412,-856.347983079798
5914,0.24019607843137256,-892.5636065053005
5915,0.19607843137254902,-914.4215333228018
5916,0.19607843137254902,-1022.7856139856226
5917,0.19607843137254902,-973.2298206067553
5918,0.2549019607843137,-896.3573889919356
5919,0.18137254901960784,-913.845952763277
5920,0.19117647058823528,-1071.6894778457342
5921,0.18627450980392157,-983.9387241999308
5922,0.16666666666666666,-1160.455359842263
5923,0.22058823529411764,-951.2101460718641
5924,0.23529411764705882,-1029.867842655556
5925,0.2647058823529412,-791.8869591881247
5926,0.20098039215686275,-966.4340107487698
5927,0.19607843137254902,-975.2835642122755
5928,0.2107843137254902,-862.8084800383624
5929,0.23039215686274508,-949.5924995085772
5930,0.2107843137254902,-1114.1788948283477
5931,0.23039215686274508,-912.9712126862769
5932,0.25,-893.2110376358032
5933,0.18627450980392157,-1177.9126596076815
5934,0.23529411764705882,-923.1733840493595
5935,0.23039215686274508,-816.701964004367
5936,0.25,-741.6797220192703
5937,0.24019607843137256,-903.0608939002542
5938,0.24019607843137256,-916.9181259192673
5939,0.23039215686274508,-896.8625434239706
5940,0.2549019607843137,-865.5190957387289
5941,0.22058823529411764,-914.8514494241452
5942,0.14705882352941177,-1242.433974948584
5943,0.19117647058823528,-930.2335898829441
5944,0.22549019607843138,-905.0368641311047
5945,0.20098039215686275,-1158.261415687262
5946,0.22549019607843138,-816.6945233625524
5947,0.27941176470588236,-837.2412068049113
5948,0.17647058823529413,-998.0790329914468
5949,0.2696078431372549,-884.1977085599713
5950,0.25980392156862747,-819.0683031456143
5951,0.2647058823529412,-932.0807122062234
5952,0.24019607843137256,-793.99073602639
5953,0.22549019607843138,-870.1724623792312
5954,0.24509803921568626,-811.9330060248282
5955,0.2107843137254902,-920.1477799883075
5956,0.25,-942.8206334768557
5957,0.18627450980392157,-1069.215829007766
5958,0.25980392156862747,-870.501283009847
5959,0.2107843137254902,-1051.8610817497852
5960,0.24019607843137256,-1018.7925068630892
5961,0.29411764705882354,-756.9296881170834
5962,0.1715686274509804,-1081.7840687527375
5963,0.24019607843137256,-954.9051449158612
5964,0.24019607843137256,-867.4803945129993
5965,0.24019607843137256,-1006.6075356988346
5966,0.24019607843137256,-991.2930699610242
5967,0.23039215686274508,-992.1788659750247
5968,0.23039215686274508,-910.1781840230905
5969,0.20098039215686275,-1006.774683933632
5970,0.2107843137254902,-876.107107106377
5971,0.19117647058823528,-985.565917893952
5972,0.22549019607843138,-922.4711825052897
5973,0.2107843137254902,-1000.6301912045947
5974,0.1715686274509804,-1064.6552176943012
5975,0.23039215686274508,-1016.140352155648
5976,0.19607843137254902,-977.6133028853174
5977,0.18137254901960784,-1048.186257605459
5978,0.22549019607843138,-939.5555044248993
5979,0.27941176470588236,-890.8479327594532
5980,0.19607843137254902,-925.484722773234
5981,0.24509803921568626,-943.9138019599167
5982,0.24509803921568626,-595.9862268111285
5983,0.20098039215686275,-1027.1012025720934
5984,0.21568627450980393,-969.6245063800437
5985,0.16666666666666666,-952.6017773198147
5986,0.24509803921568626,-907.6681901520374
5987,0.23039215686274508,-874.7961160061407
5988,0.23039215686274508,-961.4062255130094
5989,0.22058823529411764,-920.206035455068
5990,0.22058823529411764,-946.7621040718228
5991,0.20098039215686275,-902.2134978163476
5992,0.20098039215686275,-855.4210120275909
5993,0.20588235294117646,-954.6301504022935
5994,0.23529411764705882,-927.2925900290994
5995,0.24509803921568626,-870.7795455409031
5996,0.22549019607843138,-923.1357360353657
5997,0.25,-789.0233261818979
5998,0.22058823529411764,-981.0276441761092
5999,0.22549019607843138,-812.9634719923431
6000,0.19607843137254902,-949.783688694823
6001,0.23529411764705882,-918.5923093533984
6002,0.24509803921568626,-917.6651116632947
6003,0.20098039215686275,-866.9412626659168
6004,0.2696078431372549,-790.8900938969033
6005,0.24019607843137256,-896.346056433285
6006,0.20098039215686275,-1095.4589769886989
6007,0.24019607843137256,-781.051544600842
6008,0.20098039215686275,-972.8275106841443
6009,0.23039215686274508,-957.7408641740387
6010,0.19117647058823528,-1068.5877210018682
6011,0.23529411764705882,-860.2202632941452
6012,0.20588235294117646,-953.613991167031
6013,0.21568627450980393,-795.6148557101978
6014,0.18137254901960784,-946.3745286978927
6015,0.24019607843137256,-898.5637044532626
6016,0.22549019607843138,-894.5071416649164
6017,0.22549019607843138,-909.6198818636875
6018,0.19607843137254902,-900.2456795374552
6019,0.28431372549019607,-823.3651760138717
6020,0.18627450980392157,-973.007325368769
6021,0.24509803921568626,-770.1390195173376
6022,0.20588235294117646,-954.0453229604983
6023,0.18137254901960784,-897.4414749426
6024,0.2107843137254902,-993.0154793122235
6025,0.20588235294117646,-845.4967876322129
6026,0.22058823529411764,-1007.255005088507
6027,0.19117647058823528,-1111.41172766218
6028,0.22549019607843138,-907.1731145709168
6029,0.2549019607843137,-800.9309379540238
6030,0.20098039215686275,-1124.687674073612
6031,0.18137254901960784,-919.8827131308761
6032,0.16176470588235295,-1113.3500234940473
6033,0.20588235294117646,-919.0915174484253
6034,0.19117647058823528,-910.8934078777538
6035,0.19607843137254902,-1075.48822851742
6036,0.23039215686274508,-961.7489704431272
6037,0.20588235294117646,-938.8508751626108
6038,0.20588235294117646,-998.9944196027868
6039,0.20588235294117646,-894.1428577572692
6040,0.19117647058823528,-1072.771638206407
6041,0.2107843137254902,-1037.6472216400446
6042,0.22058823529411764,-861.8163717026804
6043,0.2107843137254902,-966.0859869227689
6044,0.21568627450980393,-962.7608628927493
6045,0.19607843137254902,-861.8366215088788
6046,0.23039215686274508,-984.5729797681173
6047,0.24509803921568626,-891.8276236665015
6048,0.20588235294117646,-869.9752546198227
6049,0.2107843137254902,-907.4391148978589
6050,0.24019607843137256,-905.849384915595
6051,0.24019607843137256,-906.7664626626407
6052,0.25,-910.795785819783
6053,0.24019607843137256,-827.3226393344355
6054,0.20098039215686275,-1068.9931529176001
6055,0.1568627450980392,-978.4263864779005
6056,0.21568627450980393,-833.7021807595795
6057,0.2107843137254902,-956.6145625488431
6058,0.2549019607843137,-952.5421668968949
6059,0.16666666666666666,-1085.221771960165
6060,0.20098039215686275,-984.7516595242071
6061,0.24019607843137256,-733.0391161114562
6062,0.19117647058823528,-1039.9141294628967
6063,0.20588235294117646,-1009.1170735920177
6064,0.23039215686274508,-863.4075713531644
6065,0.18137254901960784,-916.4377704227672
6066,0.22058823529411764,-1035.5224931193334
6067,0.18627450980392157,-1115.5700538485657
6068,0.22058823529411764,-901.7272364298502
6069,0.18627450980392157,-1016.0239072780984
6070,0.23039215686274508,-960.8343951468374
6071,0.2549019607843137,-938.217947473713
6072,0.23039215686274508,-894.1438884922103
6073,0.20098039215686275,-896.9350970212151
6074,0.22058823529411764,-1036.1056721350726
6075,0.22549019607843138,-805.90878497853
6076,0.20588235294117646,-868.7898843896155
6077,0.2107843137254902,-1024.8758728363935
6078,0.18627450980392157,-1024.710549588297
6079,0.25,-914.2268906294131
6080,0.2549019607843137,-865.9102931677127
6081,0.20098039215686275,-962.90245811612
6082,0.20098039215686275,-892.8832199713763
6083,0.23039215686274508,-902.6539375454772
6084,0.20098039215686275,-965.4135578847399
6085,0.2696078431372549,-920.6995719647875
6086,0.19607843137254902,-1004.0106006884107
6087,0.2647058823529412,-878.3212568058688
6088,0.16176470588235295,-1101.2381147309845
6089,0.24509803921568626,-891.8936545428107
6090,0.22549019607843138,-945.9649752635581
6091,0.23529411764705882,-856.0719995124667
6092,0.24019607843137256,-1000.8770837409824
6093,0.22549019607843138,-927.3632951250263
6094,0.22549019607843138,-906.6787803780799
6095,0.2107843137254902,-1042.3163300682518
6096,0.2647058823529412,-805.5737117879531
6097,0.21568627450980393,-1088.1514170964558
6098,0.24019607843137256,-919.906431497312
6099,0.2107843137254902,-1025.3429651634367
6100,0.24019607843137256,-976.1426746144015
6101,0.25,-776.507393135744
6102,0.20098039215686275,-948.0762125651041
6103,0.27450980392156865,-807.359320565766
6104,0.19607843137254902,-1062.4952391830145
6105,0.28431372549019607,-870.6247586269004
6106,0.19117647058823528,-1014.8441392206678
6107,0.21568627450980393,-918.6874425177481
6108,0.21568627450980393,-846.2778369118186
6109,0.23529411764705882,-817.4101950140561
6110,0.23529411764705882,-887.4835150849585
6111,0.25,-798.9544753373838
6112,0.2647058823529412,-1043.7332121718164
6113,0.20098039215686275,-1075.4718162873212
6114,0.23529411764705882,-954.0223301345227
6115,0.25,-903.2716372620825
6116,0.2107843137254902,-967.7561914032581
6117,0.2696078431372549,-949.9160531735888
6118,0.22549019607843138,-662.2535847121594
6119,0.21568627450980393,-873.2615821127798
6120,0.27941176470588236,-787.7028887505625
6121,0.16666666666666666,-1049.3507117290123
6122,0.22549019607843138,-946.683035364338
6123,0.22549019607843138,-868.123865034066
6124,0.23529411764705882,-967.2686801237219
6125,0.22058823529411764,-939.4085840524411
6126,0.28431372549019607,-703.9883421168607
6127,0.21568627450980393,-922.8345838715048
6128,0.23529411764705882,-835.2413751938764
6129,0.19607843137254902,-1012.7366552259408
6130,0.25,-859.3210517658907
6131,0.2549019607843137,-972.7112886765424
6132,0.1715686274509804,-981.0982778399598
6133,0.23529411764705882,-922.4159345813827
6134,0.2696078431372549,-715.8597865198172
6135,0.2107843137254902,-1092.684638042076
6136,0.25,-874.6082384633083
6137,0.17647058823529413,-1114.2566178826726
6138,0.22549019607843138,-919.3394797456031
6139,0.22058823529411764,-979.8512341368432
6140,0.18137254901960784,-1112.0628630507226
6141,0.23529411764705882,-960.8361194274005
6142,0.22549019607843138,-842.8776368533863
6143,0.2107843137254902,-940.745610816806
6144,0.23529411764705882,-947.7187758053051
6145,0.23039215686274508,-1079.166941100476
6146,0.25980392156862747,-793.8864035138897
6147,0.24019607843137256,-1065.0263782763013
6148,0.18137254901960784,-987.1682633792652
6149,0.21568627450980393,-934.7340630737006
6150,0.24509803921568626,-935.9079456516341
6151,0.24509803921568626,-1010.639866511027
6152,0.18137254901960784,-1016.1961794086532
6153,0.21568627450980393,-865.2195508246328
6154,0.18137254901960784,-960.7956211426679
6155,0.22549019607843138,-897.5032240269231
6156,0.22549019607843138,-1062.4064697751812
6157,0.24019607843137256,-803.00871925728
6158,0.20588235294117646,-941.4723586849137
6159,0.22058823529411764,-935.2408520941641
6160,0.19117647058823528,-857.0785409889969
6161,0.20588235294117646,-979.2901134116977
6162,0.19607843137254902,-813.2827197430181
6163,0.2107843137254902,-831.5127522150675
6164,0.23529411764705882,-970.9419783984913
6165,0.24019607843137256,-800.6610492631501
6166,0.23039215686274508,-825.0241968865488
6167,0.22549019607843138,-873.5669133242438
6168,0.23039215686274508,-756.1858084155064
6169,0.22549019607843138,-1023.2953447828106
6170,0.19117647058823528,-946.0892328748516
6171,0.2107843137254902,-1059.4293416621638
6172,0.18627450980392157,-1030.942172387067
6173,0.20098039215686275,-971.8904513751759
6174,0.20588235294117646,-916.6567600942126
6175,0.20098039215686275,-983.8316355125577
6176,0.23529411764705882,-928.4389565131244
6177,0.23039215686274508,-849.7225614061542
6178,0.2107843137254902,-878.9221682829016
6179,0.23529411764705882,-847.2525702270807
6180,0.23529411764705882,-796.1420788297467
6181,0.24509803921568626,-903.8178847911311
6182,0.20588235294117646,-943.8483323022431
6183,0.18137254901960784,-1116.578070116978
6184,0.22549019607843138,-839.50719425725
6185,0.23039215686274508,-957.2896877737606
6186,0.22058823529411764,-892.817318243139
6187,0.22549019607843138,-987.2769900303261
6188,0.19117647058823528,-1074.1749209609686
6189,0.20588235294117646,-861.8297569798489
6190,0.21568627450980393,-827.2213426664764
6191,0.2107843137254902,-934.8904958425784
6192,0.22058823529411764,-1064.1754654155059
6193,0.2696078431372549,-760.5935106651456
6194,0.2549019607843137,-798.2648415284998
6195,0.19607843137254902,-1113.0919309316896
6196,0.23039215686274508,-945.0073797001559
6197,0.20098039215686275,-810.1776502646652
6198,0.23039215686274508,-767.5134498932782
6199,0.22549019607843138,-816.4942553277109
6200,0.2107843137254902,-830.2361141466627
6201,0.2647058823529412,-730.5798524220785
6202,0.17647058823529413,-949.8289438135483
6203,0.19117647058823528,-1036.1040800879982
6204,0.17647058823529413,-1067.3709867234325
6205,0.24509803921568626,-833.945289181728
6206,0.23529411764705882,-948.3697997261496
6207,0.17647058823529413,-1058.1786412912256
6208,0.20098039215686275,-856.3562306983798
6209,0.24019607843137256,-962.9546462788302
6210,0.25980392156862747,-792.8012264663098
6211,0.2696078431372549,-903.8235472510843
6212,0.2647058823529412,-852.2167752583822
6213,0.2647058823529412,-724.6682340771545
6214,0.20588235294117646,-970.8081889994004
6215,0.19607843137254902,-935.5770583433264
6216,0.22549019607843138,-900.9200532950607
6217,0.21568627450980393,-921.312911267374
6218,0.25980392156862747,-966.231730189978
6219,0.19607843137254902,-1099.3238775589887
6220,0.20588235294117646,-953.1282503838632
6221,0.16176470588235295,-1144.597468254613
6222,0.23039215686274508,-943.4327224843643
6223,0.22549019607843138,-1025.2676936878877
6224,0.19117647058823528,-1049.4805961590187
6225,0.2107843137254902,-942.3410223886078
6226,0.22058823529411764,-961.1112619661817
6227,0.23529411764705882,-962.8235107496673
6228,0.20588235294117646,-1052.7823233510933
6229,0.23039215686274508,-902.2965313032562
6230,0.22549019607843138,-913.1639705358767
6231,0.23529411764705882,-927.012401337717
6232,0.19117647058823528,-835.7790970147825
6233,0.22058823529411764,-877.8861279300614
6234,0.1568627450980392,-1063.6999641119264
6235,0.20588235294117646,-947.989898485296
6236,0.21568627450980393,-773.4380370495367
6237,0.23529411764705882,-1163.9452232286042
6238,0.19607843137254902,-932.4349803176581
6239,0.2647058823529412,-1016.0604834650077
6240,0.23039215686274508,-992.9204478544348
6241,0.2107843137254902,-1121.6708694158815
6242,0.2696078431372549,-658.5610900205725
6243,0.25,-876.8500599954642
6244,0.1568627450980392,-1123.600063941058
6245,0.24509803921568626,-996.4124300526638
6246,0.25980392156862747,-929.8754048253976
6247,0.20588235294117646,-861.7656914580102
6248,0.2647058823529412,-928.3007622139127
6249,0.23039215686274508,-795.096653620402
6250,0.24019607843137256,-1046.0617917752734
6251,0.22549019607843138,-940.0245632096833
6252,0.19117647058823528,-921.9304835001627
6253,0.22549019607843138,-887.2251080718695
6254,0.19607843137254902,-868.0040918612012
6255,0.2549019607843137,-900.757451468823
6256,0.22549019607843138,-969.4492807762296
6257,0.21568627450980393,-869.8649695433822
6258,0.21568627450980393,-852.6562300850363
6259,0.27450980392156865,-856.7830092299218
6260,0.2107843137254902,-931.3940796197629
6261,0.20588235294117646,-1082.6470163008746
6262,0.24509803921568626,-918.3375458810843
6263,0.19117647058823528,-1090.1776173161525
6264,0.23529411764705882,-844.2202608071121
6265,0.25980392156862747,-812.3379119985244
6266,0.22549019607843138,-921.1380264431823
6267,0.19607843137254902,-911.6534059281443
6268,0.24509803921568626,-775.7999222044851
6269,0.20098039215686275,-987.310404141744
6270,0.20098039215686275,-1036.0662038092519
6271,0.20588235294117646,-1037.7612202401256
6272,0.24509803921568626,-759.6438650430417
6273,0.27941176470588236,-898.7721930485146
6274,0.24019607843137256,-915.5379027759327
6275,0.20098039215686275,-958.3818237641278
6276,0.22549019607843138,-950.1766386032104
6277,0.19117647058823528,-1058.1681935927447
6278,0.22549019607843138,-1136.97298450096
6279,0.24019607843137256,-884.560902558121
6280,0.20098039215686275,-901.7360224349826
6281,0.22549019607843138,-950.2074162913303
6282,0.16176470588235295,-1140.4818452853783
6283,0.22058823529411764,-927.3419036491244
6284,0.25,-809.508698239046
6285,0.22549019607843138,-893.1600301405963
6286,0.21568627450980393,-1155.697247318193
6287,0.19607843137254902,-907.3040347566791
6288,0.2107843137254902,-929.4154348560409
6289,0.18137254901960784,-1027.942218097986
6290,0.20588235294117646,-1069.229554232429
6291,0.20588235294117646,-965.6683961830887
6292,0.23039215686274508,-898.5080681221158
6293,0.24019607843137256,-884.4667525852428
6294,0.23039215686274508,-936.924087711409
6295,0.22058823529411764,-979.6378934710633
6296,0.22058823529411764,-1033.875795139986
6297,0.18627450980392157,-977.0855194727579
6298,0.22058823529411764,-951.2951770483279
6299,0.23039215686274508,-909.6766908683029
6300,0.20098039215686275,-991.1154030725068
6301,0.27450980392156865,-806.0434079637714
6302,0.21568627450980393,-911.760543570799
6303,0.25,-826.1737972988802
6304,0.20588235294117646,-1016.9887200710821
6305,0.20588235294117646,-1036.8755907357909
6306,0.2647058823529412,-820.7199471043606
6307,0.24509803921568626,-766.6253540375653
6308,0.2107843137254902,-881.2854443531411
6309,0.20098039215686275,-861.5199671072119
6310,0.18627450980392157,-956.714436194476
6311,0.24019607843137256,-1049.8087772762074
6312,0.2647058823529412,-793.9981083028457
6313,0.23529411764705882,-801.2028534085143
6314,0.20588235294117646,-1039.1070281945024
6315,0.22549019607843138,-827.0883659568487
6316,0.17647058823529413,-1106.6839648976045
6317,0.22058823529411764,-976.2139406017228
6318,0.24019607843137256,-877.1628098020367
6319,0.23039215686274508,-891.3850337196799
6320,0.20098039215686275,-988.3195853326835
6321,0.20098039215686275,-961.3392970047745
6322,0.20098039215686275,-1048.536522510005
6323,0.22549019607843138,-961.3288496989829
6324,0.21568627450980393,-985.5757526322907
6325,0.23039215686274508,-835.9540543275721
6326,0.23529411764705882,-878.533515182196
6327,0.16666666666666666,-1071.2639978259217
6328,0.24019607843137256,-1077.037633110495
6329,0.20098039215686275,-991.0661692338831
6330,0.20098039215686275,-1014.8264887753655
6331,0.23039215686274508,-953.388471435098
6332,0.24509803921568626,-946.0348412569831
6333,0.19117647058823528,-1050.5910010057337
6334,0.22549019607843138,-962.923578673718
6335,0.20098039215686275,-942.435653256435
6336,0.23529411764705882,-846.9277779822256
6337,0.25980392156862747,-822.3061153280969
6338,0.18627450980392157,-1031.9068767977697
6339,0.1568627450980392,-1126.703796854206
6340,0.2696078431372549,-924.2113498238956
6341,0.19117647058823528,-976.7295815523933
6342,0.23529411764705882,-1026.0101045346728
6343,0.22058823529411764,-764.4864421171301
6344,0.18137254901960784,-1048.642749973372
6345,0.2696078431372549,-893.2106202069451
6346,0.24509803921568626,-854.579387216007
6347,0.2647058823529412,-829.8708892429577
6348,0.21568627450980393,-853.8606805333905
6349,0.2107843137254902,-984.7386280321607
6350,0.19607843137254902,-1036.7944965923534
6351,0.2107843137254902,-1044.712407617008
6352,0.21568627450980393,-1031.176728921778
6353,0.25,-877.5640892328
6354,0.23039215686274508,-887.6299574795892
6355,0.21568627450980393,-909.6495310091505
6356,0.23039215686274508,-892.6665061688891
6357,0.23039215686274508,-1026.1395005899317
6358,0.19607843137254902,-1141.1001472847136
6359,0.24019607843137256,-932.1664263033399
6360,0.23529411764705882,-971.6103555267932
6361,0.19117647058823528,-1006.3963206702588
6362,0.20098039215686275,-1091.4872981613757
6363,0.23039215686274508,-1014.6088461034439
6364,0.23039215686274508,-888.4497711144242
6365,0.25980392156862747,-821.5023537243114
6366,0.21568627450980393,-959.829246969784
6367,0.2107843137254902,-997.4766709103304
6368,0.21568627450980393,-1046.9569155001172
6369,0.22058823529411764,-892.2170246535657
6370,0.16666666666666666,-1071.820432101979
6371,0.23529411764705882,-1011.8606440787222
6372,0.23529411764705882,-812.771541520661
6373,0.21568627450980393,-836.3988376505234
6374,0.22549019607843138,-892.0829554071613
6375,0.20098039215686275,-1126.934600717881
6376,0.23529411764705882,-769.6181444654278
6377,0.2696078431372549,-785.77799540875
6378,0.24509803921568626,-864.8658640618418
6379,0.2107843137254902,-932.0420389268912
6380,0.2696078431372549,-732.3907846749997
6381,0.21568627450980393,-1018.3422105172101
6382,0.20098039215686275,-921.0394722246656
6383,0.23039215686274508,-923.061325821222
6384,0.20588235294117646,-957.812440142912
6385,0.20098039215686275,-1010.1128807815851
6386,0.17647058823529413,-1054.812165185517
6387,0.20588235294117646,-897.6028035855761
6388,0.25980392156862747,-1011.3092378167545
6389,0.2107843137254902,-865.1226138507618
6390,0.19607843137254902,-889.9152072831696
6391,0.25,-734.068507306716
6392,0.24019607843137256,-1024.239158705169
6393,0.2107843137254902,-929.2754504166397
6394,0.2549019607843137,-844.7093429378434
6395,0.2696078431372549,-769.7951909233542
6396,0.21568627450980393,-964.2739642648136
6397,0.21568627450980393,-878.0150997498456
6398,0.16666666666666666,-1118.0688197753009
6399,0.22549019607843138,-920.314287185669
6400,0.18627450980392157,-1006.606304916681
6401,0.18137254901960784,-953.1219640713113
6402,0.22058823529411764,-828.5608732840594
6403,0.21568627450980393,-920.6717239828671
6404,0.19607843137254902,-969.7708937046575
6405,0.17647058823529413,-972.0672310099882
6406,0.23039215686274508,-903.1738305372351
6407,0.27941176470588236,-886.2541590671914
6408,0.25980392156862747,-808.585877680311
6409,0.24509803921568626,-966.1350250244141
6410,0.25980392156862747,-957.9202572785172
6411,0.21568627450980393,-1027.3491569126354
6412,0.23529411764705882,-825.8789343179441
6413,0.27450980392156865,-913.1370573604809
6414,0.2696078431372549,-769.2852023255591
6415,0.2107843137254902,-982.0442963020474
6416,0.23529411764705882,-895.8207173627966
6417,0.22058823529411764,-949.0547701143751
6418,0.2107843137254902,-915.1344447042428
6419,0.22549019607843138,-890.2059564216464
6420,0.1568627450980392,-1073.0605413212495
6421,0.2107843137254902,-1134.3397248773015
6422,0.18627450980392157,-1103.4328340923084
6423,0.20588235294117646,-1037.439596120049
6424,0.19117647058823528,-941.5093211005716
6425,0.23529411764705882,-853.264172815809
6426,0.23529411764705882,-925.1572241689645
6427,0.23039215686274508,-1002.6800282796224
6428,0.21568627450980393,-919.5389565112544
6429,0.20098039215686275,-1028.5137304418226
6430,0.20588235294117646,-985.8287109113207
6431,0.23039215686274508,-988.3633041101343
6432,0.2107843137254902,-1076.6629320032457
6433,0.18627450980392157,-1054.301360279906
6434,0.16666666666666666,-997.8793194340725
6435,0.2696078431372549,-887.9538762896668
6436,0.2107843137254902,-1058.1751455045214
6437,0.2107843137254902,-1084.452791961969
6438,0.2107843137254902,-1028.7739278381946
6439,0.20588235294117646,-899.475807648079
6440,0.22058823529411764,-909.321727546991
6441,0.25,-899.5229227963616
6442,0.18137254901960784,-972.340215215496
6443,0.23529411764705882,-920.5468892677158
6444,0.20098039215686275,-932.6220613928402
6445,0.20588235294117646,-863.19753334569
6446,0.19117647058823528,-947.8108159046548
6447,0.24509803921568626,-949.3420968242721
6448,0.2549019607843137,-928.0755768944235
6449,0.22058823529411764,-888.2306164199231
6450,0.23529411764705882,-950.7595330967623
6451,0.25,-885.5928182227939
6452,0.20098039215686275,-1064.1830612257415
6453,0.17647058823529413,-890.294369912615
6454,0.25,-927.5180373659321
6455,0.25,-896.0392497380575
6456,0.19607843137254902,-944.1318538329181
6457,0.23039215686274508,-954.749216818342
6458,0.24509803921568626,-811.3858069345063
6459,0.19117647058823528,-1078.754760873084
6460,0.19117647058823528,-955.9962664585488
6461,0.22058823529411764,-1052.1929378509521
6462,0.23039215686274508,-841.8878786610622
6463,0.2107843137254902,-1010.1665428292517
6464,0.18627450980392157,-869.3075773762722
6465,0.24019607843137256,-958.4507632536047
6466,0.17647058823529413,-1067.3631798239314
6467,0.23039215686274508,-885.6841314353195
6468,0.2107843137254902,-1004.9628301134296
6469,0.20588235294117646,-961.453857421875
6470,0.19117647058823528,-902.2280430887259
6471,0.23039215686274508,-992.5880672043445
6472,0.22058823529411764,-981.3672380447388
6473,0.25,-945.2011752222098
6474,0.22058823529411764,-984.0855476715985
6475,0.22058823529411764,-1027.2033295818403
6476,0.22058823529411764,-935.9350951512655
6477,0.1715686274509804,-1040.601610510957
6478,0.19607843137254902,-917.945434327219
6479,0.23039215686274508,-869.623994733773
6480,0.24509803921568626,-1009.0723373562682
6481,0.25,-970.11247363745
6482,0.19607843137254902,-1057.6262024898156
6483,0.25,-889.3237178278904
6484,0.23039215686274508,-1013.0587359035717
6485,0.21568627450980393,-1023.2892873988432
6486,0.20098039215686275,-921.4187182819142
6487,0.21568627450980393,-1079.4028279173608
6488,0.24509803921568626,-825.6265153136908
6489,0.23039215686274508,-898.3370677349615
6490,0.2549019607843137,-942.9755878635482
6491,0.20588235294117646,-974.8396374291065
6492,0.20098039215686275,-1032.1299925972435
6493,0.22058823529411764,-883.2775156731699
6494,0.16666666666666666,-1080.9934823653277
6495,0.23529411764705882,-799.0799179451138
6496,0.23039215686274508,-1034.4226967119703
6497,0.25980392156862747,-934.3004541023105
6498,0.2107843137254902,-918.5385255626603
6499,0.19607843137254902,-842.9562720504462
6500,0.2107843137254902,-954.9512691404306
6501,0.19117647058823528,-1115.719739044414
6502,0.21568627450980393,-1087.813273710363
6503,0.23529411764705882,-836.4260448194018
6504,0.22549019607843138,-854.8449168111764
6505,0.20098039215686275,-939.5530790721668
6506,0.22058823529411764,-894.0423911412557
6507,0.22058823529411764,-956.409304113949
6508,0.20098039215686275,-1018.1162673445309
6509,0.17647058823529413,-1025.306718377506
6510,0.20098039215686275,-1028.8979344835468
6511,0.22549019607843138,-897.376972320033
6512,0.2107843137254902,-899.2639646904141
6513,0.23529411764705882,-1032.7470216938093
6514,0.24019607843137256,-932.7879331252154
6515,0.24019607843137256,-984.977442816192
6516,0.2107843137254902,-1050.4949259477503
6517,0.20588235294117646,-959.001662347831
6518,0.21568627450980393,-885.8770371979358
6519,0.20098039215686275,-982.4974785692551
6520,0.23529411764705882,-940.3698474846634
6521,0.2107843137254902,-947.5462764478198
6522,0.19607843137254902,-931.8127189150043
6523,0.23039215686274508,-879.8024357066435
6524,0.27450980392156865,-901.816909126207
6525,0.21568627450980393,-965.2847576515347
6526,0.21568627450980393,-937.6657866496665
6527,0.2107843137254902,-933.9583939758002
6528,0.25,-934.938001763587
6529,0.22058823529411764,-893.721930139205
6530,0.21568627450980393,-815.2921512828153
6531,0.19607843137254902,-1097.61986506219
6532,0.22549019607843138,-829.0031457040824
6533,0.21568627450980393,-962.2220791367923
6534,0.23039215686274508,-1004.3637654267105
6535,0.24019607843137256,-865.6477665433697
6536,0.2647058823529412,-917.7982173059501
6537,0.2549019607843137,-1008.7588755102719
6538,0.2549019607843137,-792.5706874623019
6539,0.23529411764705882,-1041.0666145249909
6540,0.20098039215686275,-1128.9986633132485
6541,0.23529411764705882,-861.4740898562412
6542,0.19607843137254902,-902.522047772127
6543,0.21568627450980393,-910.3485526477589
6544,0.22549019607843138,-911.5956124698414
6545,0.19117647058823528,-870.6744447315441
6546,0.20098039215686275,-897.9775849697637
6547,0.23529411764705882,-963.9164027419745
6548,0.19607843137254902,-936.4146512536441
6549,0.1715686274509804,-1011.8403262063568
6550,0.18137254901960784,-986.9592938890644
6551,0.18627450980392157,-1038.816286984612
6552,0.23529411764705882,-939.4870405384139
6553,0.24019607843137256,-957.5288806429096
6554,0.22058823529411764,-925.271946364758
6555,0.20588235294117646,-1098.6871435969483
6556,0.17647058823529413,-1060.755999284632
6557,0.22058823529411764,-843.1676821802176
6558,0.22549019607843138,-902.3950362112008
6559,0.23039215686274508,-870.4971103294223
6560,0.22058823529411764,-986.9908544316012
6561,0.18627450980392157,-955.4990961317923
6562,0.19607843137254902,-1093.8062606699327
6563,0.18137254901960784,-966.4294349165524
6564,0.23039215686274508,-913.0200377819585
6565,0.18137254901960784,-944.7149832669427
6566,0.22058823529411764,-924.4073294845282
6567,0.23039215686274508,-990.9641831154917
6568,0.2107843137254902,-961.4945740419275
6569,0.22058823529411764,-955.3383453593534
6570,0.22058823529411764,-932.9352308722104
6571,0.20588235294117646,-1060.2917727489098
6572,0.25,-1063.0498861331566
6573,0.19117647058823528,-943.4141205806358
6574,0.23039215686274508,-994.350932822508
6575,0.20588235294117646,-1026.8342618755266
6576,0.22058823529411764,-922.7980377907846
6577,0.24509803921568626,-1013.1160685408349
6578,0.2549019607843137,-882.9797365338195
6579,0.28921568627450983,-617.6447772418751
6580,0.19607843137254902,-1052.0969091864192
6581,0.20098039215686275,-984.629919164321
6582,0.25980392156862747,-702.4995417875402
6583,0.17647058823529413,-1029.2205723594216
6584,0.20098039215686275,-1064.5901654748357
6585,0.2107843137254902,-857.6229944883609
6586,0.21568627450980393,-934.283148578569
6587,0.22058823529411764,-932.3992204105152
6588,0.19117647058823528,-1131.8737990061443
6589,0.2647058823529412,-874.2690377141915
6590,0.20588235294117646,-828.207070425445
6591,0.23529411764705882,-917.2087118859384
6592,0.20588235294117646,-1035.7559438032263
6593,0.20588235294117646,-886.9075944189932
6594,0.23039215686274508,-985.2004464934854
6595,0.23039215686274508,-1029.76542003482
6596,0.20098039215686275,-1086.8189324771656
6597,0.20098039215686275,-1006.8287358377494
6598,0.19607843137254902,-993.9974630019244
6599,0.18137254901960784,-974.7017105326933
6600,0.2549019607843137,-995.6335866778504
6601,0.18627450980392157,-1060.8105998506733
6602,0.22058823529411764,-963.4365349563898
6603,0.25980392156862747,-809.2229691673728
6604,0.23529411764705882,-965.2720988778507
6605,0.19607843137254902,-981.8320208156811
6606,0.24019607843137256,-904.425414945565
6607,0.21568627450980393,-1040.6467594352423
6608,0.23529411764705882,-897.3655519859464
6609,0.2696078431372549,-952.6012952467975
6610,0.2549019607843137,-770.8512398214901
6611,0.23039215686274508,-828.7749768051447
6612,0.21568627450980393,-972.0396574618769
6613,0.23529411764705882,-967.6617108139337
6614,0.17647058823529413,-1110.9204662547393
6615,0.22549019607843138,-929.6809686585968
6616,0.20098039215686275,-937.5958842763714
6617,0.22058823529411764,-839.8382809208889
6618,0.1568627450980392,-1052.1582143446979
6619,0.22549019607843138,-888.6515607366375
6620,0.18137254901960784,-974.5669274797626
6621,0.21568627450980393,-965.4499892533994
6622,0.22549019607843138,-955.2108905175153
6623,0.20588235294117646,-925.0075357100543
6624,0.23039215686274508,-939.0249136943443
6625,0.1715686274509804,-1120.6831256548564
6626,0.22058823529411764,-1013.3138606221069
6627,0.25,-838.9925427997814
6628,0.20098039215686275,-1008.3020942538392
6629,0.22549019607843138,-779.6618593253341
6630,0.22549019607843138,-871.4863100238875
6631,0.22058823529411764,-1065.2901522225025
6632,0.22549019607843138,-992.2694805930643
6633,0.18627450980392157,-1049.4931905035878
6634,0.24509803921568626,-846.8961437823725
6635,0.21568627450980393,-1046.6246175018011
6636,0.2549019607843137,-804.804815638299
6637,0.2107843137254902,-932.3515876695221
6638,0.25,-856.7874109043795
6639,0.23529411764705882,-838.9080673853556
6640,0.23529411764705882,-868.9155539998821
6641,0.22549019607843138,-952.8081231023751
6642,0.2107843137254902,-1027.8491982478722
6643,0.23529411764705882,-904.308866407357
6644,0.20098039215686275,-1065.2391061034857
6645,0.23039215686274508,-918.4019259097529
6646,0.21568627450980393,-822.340939316095
6647,0.20588235294117646,-953.9739409615012
6648,0.24019607843137256,-778.5565276239432
6649,0.18627450980392157,-948.1602018580717
6650,0.19607843137254902,-943.9407710655063
6651,0.27450980392156865,-825.3627093165528
6652,0.2107843137254902,-976.8808718288647
6653,0.16666666666666666,-1069.7251324934118
6654,0.23529411764705882,-836.5074574246127
6655,0.19117647058823528,-946.4319809651843
6656,0.20098039215686275,-902.4174991962957
6657,0.22549019607843138,-1028.600389592788
6658,0.16666666666666666,-969.0697923174091
6659,0.20098039215686275,-983.3017743428549
6660,0.2647058823529412,-761.297306172988
6661,0.2549019607843137,-693.6294189153933
6662,0.19117647058823528,-1138.2367282755235
6663,0.25,-774.1701748791863
6664,0.25,-841.9750080482632
6665,0.24019607843137256,-756.7183126000797
6666,0.25,-890.7472224142037
6667,0.22549019607843138,-913.236521692837
6668,0.19607843137254902,-996.6562192580279
6669,0.2107843137254902,-1051.1984591390571
6670,0.20588235294117646,-794.9242460961435
6671,0.2107843137254902,-1065.6174988559649
6672,0.23039215686274508,-780.6707872315949
6673,0.17647058823529413,-1030.8497067993762
6674,0.2107843137254902,-939.0091286079556
6675,0.19607843137254902,-1139.2429955332886
6676,0.25980392156862747,-863.7473902047849
6677,0.19117647058823528,-1088.3758926578596
6678,0.24509803921568626,-958.2759473370571
6679,0.22058823529411764,-864.9798861297907
6680,0.20098039215686275,-1104.3325974614013
6681,0.22058823529411764,-1018.3011691149543
6682,0.22549019607843138,-801.5611238292619
6683,0.21568627450980393,-819.9665917134753
6684,0.24509803921568626,-921.5396519268261
6685,0.18137254901960784,-1032.1339200524724
6686,0.25,-876.3030814189536
6687,0.22549019607843138,-831.1316602744308
6688,0.19117647058823528,-938.699274708243
6689,0.18627450980392157,-980.4709327174168
6690,0.20588235294117646,-1029.1106872558594
6691,0.2107843137254902,-894.3336805829815
6692,0.21568627450980393,-967.9937174273472
6693,0.19117647058823528,-949.1144740721759
6694,0.19117647058823528,-876.7876342885635
6695,0.21568627450980393,-1022.3446650505066
6696,0.1715686274509804,-955.1899350858203
6697,0.21568627450980393,-979.0309921339447
6698,0.19117647058823528,-1085.550605315788
6699,0.24019607843137256,-892.6806767033596
6700,0.20098039215686275,-993.7713889514698
6701,0.24019607843137256,-816.6813676123526
6702,0.2107843137254902,-1043.4684855517219
6703,0.1715686274509804,-1200.9377591002221
6704,0.24019607843137256,-822.2479868870156
6705,0.18137254901960784,-1050.147439807069
6706,0.23039215686274508,-786.9629380095239
6707,0.20588235294117646,-1042.665419111065
6708,0.25,-747.9924137078079
6709,0.23039215686274508,-823.7291586445828
6710,0.25980392156862747,-730.6137934105069
6711,0.25,-821.529983698153
6712,0.20098039215686275,-1037.7883654575721
6713,0.23039215686274508,-1002.8972466038723
6714,0.2647058823529412,-874.5968411202524
6715,0.22549019607843138,-889.9224172853956
6716,0.27450980392156865,-924.143814423505
6717,0.21568627450980393,-967.0836538988001
6718,0.20098039215686275,-978.5150467554728
6719,0.23039215686274508,-946.8047155024958
6720,0.1568627450980392,-1162.1794350941975
6721,0.25,-863.1245823654474
6722,0.24019607843137256,-859.0150185379327
6723,0.18627450980392157,-1134.4038028530047
6724,0.20098039215686275,-987.5123194900214
6725,0.23529411764705882,-823.701597849528
6726,0.22549019607843138,-903.8625682943008
6727,0.20588235294117646,-954.2256962645288
6728,0.22549019607843138,-853.514038029839
6729,0.23529411764705882,-936.6585215213252
6730,0.2107843137254902,-978.3829876394833
6731,0.21568627450980393,-839.8587668736776
6732,0.23039215686274508,-915.2107387430527
6733,0.19117647058823528,-949.4663491903567
6734,0.24509803921568626,-1011.8241490756764
6735,0.22058823529411764,-979.6226275761923
6736,0.23529411764705882,-941.4382082995246
6737,0.18627450980392157,-999.4917842453601
6738,0.23039215686274508,-878.9295510497748
6739,0.18627450980392157,-1043.158084196203
6740,0.18137254901960784,-963.1329151882845
6741,0.2107843137254902,-998.600835426181
6742,0.22058823529411764,-990.0477118211634
6743,0.22549019607843138,-888.7380242067225
6744,0.23039215686274508,-1030.720839247984
6745,0.20588235294117646,-1019.7438318121667
6746,0.18137254901960784,-991.5386804318896
6747,0.22058823529411764,-985.5371654921887
6748,0.27941176470588236,-827.4972109046637
6749,0.2647058823529412,-900.0164669635249
6750,0.23039215686274508,-850.7722370951783
6751,0.22549019607843138,-912.2470795874502
6752,0.18137254901960784,-983.3668041790233
6753,0.22549019607843138,-922.254797150107
6754,0.2107843137254902,-951.9518906555924
6755,0.24509803921568626,-845.1568407918893
6756,0.20588235294117646,-994.4357637704587
6757,0.20588235294117646,-1045.7619383942847
6758,0.29411764705882354,-834.9556634753358
6759,0.23529411764705882,-960.4698828528909
6760,0.20588235294117646,-927.7187928405463
6761,0.19117647058823528,-892.6294339497884
6762,0.28921568627450983,-791.9654405257281
6763,0.19607843137254902,-935.7386462080713
6764,0.2107843137254902,-994.7799852595609
6765,0.24019607843137256,-884.9823809231029
6766,0.25,-805.5651681750428
6767,0.2107843137254902,-882.2323150260776
6768,0.2696078431372549,-801.7577423488392
6769,0.18627450980392157,-960.5020148333381
6770,0.19607843137254902,-932.5256976333319
6771,0.22549019607843138,-965.5256287443872
6772,0.25,-832.0839916491041
6773,0.20098039215686275,-959.7397836797378
6774,0.22058823529411764,-956.1785697563022
6775,0.2107843137254902,-993.0779671575509
6776,0.1568627450980392,-1011.2310854967902
6777,0.18627450980392157,-1029.096461426978
6778,0.20588235294117646,-943.328779444975
6779,0.22058823529411764,-964.8241624271168
6780,0.23529411764705882,-874.9612968669218
6781,0.2107843137254902,-848.3501182443955
6782,0.24509803921568626,-858.1436180787928
6783,0.19607843137254902,-1104.0400188483443
6784,0.18137254901960784,-934.6915603338504
6785,0.25,-754.1875269179251
6786,0.27450980392156865,-840.3222747503543
6787,0.20588235294117646,-846.7719694212371
6788,0.25,-805.1720121234071
6789,0.22058823529411764,-939.5591146992703
6790,0.24509803921568626,-889.4598562203201
6791,0.16666666666666666,-986.2813955381805
6792,0.22058823529411764,-1000.1444897277682
6793,0.24019607843137256,-849.9432691873288
6794,0.22058823529411764,-889.3130550758511
6795,0.23529411764705882,-896.505022871728
6796,0.21568627450980393,-915.6277487511728
6797,0.23529411764705882,-860.1356904459934
6798,0.27450980392156865,-769.5846195220947
6799,0.21568627450980393,-904.0923845253739
6800,0.23039215686274508,-912.1309495439716
6801,0.19117647058823528,-978.3807055529426
6802,0.2107843137254902,-945.7366222493789
6803,0.2107843137254902,-968.406715851204
6804,0.23529411764705882,-804.7760875552308
6805,0.23529411764705882,-869.1926219790589
6806,0.18627450980392157,-977.6070593104643
6807,0.25,-896.4232655132519
6808,0.22058823529411764,-1016.737392874325
6809,0.21568627450980393,-924.5592903997384
6810,0.19607843137254902,-865.2054085544511
6811,0.18627450980392157,-1098.6960789549585
6812,0.22549019607843138,-1062.6509775367438
6813,0.19117647058823528,-996.3781939674826
6814,0.2549019607843137,-610.7091471354166
6815,0.22549019607843138,-871.3770068112542
6816,0.25,-837.1813155155556
6817,0.21568627450980393,-1029.644645728317
6818,0.21568627450980393,-1034.237750820085
6819,0.28431372549019607,-900.0726412604837
6820,0.23529411764705882,-912.2445712931016
6821,0.22549019607843138,-919.2896369859284
6822,0.22058823529411764,-978.9875117096246
6823,0.21568627450980393,-927.958799979266
6824,0.2107843137254902,-933.649844010671
6825,0.20098039215686275,-1030.9252423305138
6826,0.2549019607843137,-790.0635999230777
6827,0.24019607843137256,-737.7795513190475
6828,0.21568627450980393,-888.0651824801575
6829,0.21568627450980393,-1005.7860430362177
6830,0.24019607843137256,-919.75882062725
6831,0.22058823529411764,-945.5618089881598
6832,0.22058823529411764,-1011.6817478853113
6833,0.15196078431372548,-1134.1833798464606
6834,0.16666666666666666,-1147.1452595766852
6835,0.25,-971.0039808048922
6836,0.2549019607843137,-930.8278395708869
6837,0.22058823529411764,-1025.7805419435688
6838,0.25980392156862747,-875.66223376405
6839,0.24019607843137256,-925.9241494290969
6840,0.17647058823529413,-925.2884419385125
6841,0.22549019607843138,-811.0339105456483
6842,0.20098039215686275,-815.8707556631051
6843,0.22549019607843138,-951.9460433137183
6844,0.21568627450980393,-943.2021609661626
6845,0.23039215686274508,-968.9574985691146
6846,0.23039215686274508,-916.3456738509384
6847,0.20588235294117646,-909.0296204323862
6848,0.22058823529411764,-795.8400110917933
6849,0.20098039215686275,-819.0432149662691
6850,0.21568627450980393,-759.9114296483059
6851,0.25,-834.1888698690078
6852,0.23039215686274508,-1013.8805531426972
6853,0.22058823529411764,-1072.9944148157158
6854,0.25,-986.0515320067312
6855,0.20588235294117646,-1058.162602742513
6856,0.23039215686274508,-943.6783024096021
6857,0.23529411764705882,-844.266098910687
6858,0.24509803921568626,-937.8996624666102
6859,0.22549019607843138,-883.3601840337118
6860,0.22058823529411764,-944.84275004443
6861,0.21568627450980393,-905.1657044279809
6862,0.24019607843137256,-868.8767035802206
6863,0.23039215686274508,-985.1785048503501
6864,0.22549019607843138,-899.7474020415661
6865,0.20098039215686275,-1070.470758269815
6866,0.25980392156862747,-876.0697849311081
6867,0.22058823529411764,-906.0476388557285
6868,0.23529411764705882,-903.8692263060925
6869,0.25980392156862747,-851.6052384283029
6870,0.19117647058823528,-964.7857164962619
6871,0.22058823529411764,-963.0909157921286
6872,0.18627450980392157,-950.4164855713938
6873,0.22549019607843138,-881.4824557584875
6874,0.1715686274509804,-1086.3027643128937
6875,0.25,-845.2110922196332
6876,0.23039215686274508,-1015.0814847759171
6877,0.24509803921568626,-905.0692754820282
6878,0.22058823529411764,-1135.2342518825158
6879,0.25,-853.7620839511646
6880,0.25,-845.760687828064
6881,0.22549019607843138,-1051.973175572414
6882,0.21568627450980393,-935.3142430361579
6883,0.28921568627450983,-747.5570925357295
6884,0.1715686274509804,-1054.3383681540395
6885,0.24509803921568626,-777.418844054727
6886,0.2549019607843137,-874.3703061272116
6887,0.24019607843137256,-867.7048790875604
6888,0.20098039215686275,-945.5745606796414
6889,0.25980392156862747,-835.9820368710687
6890,0.20588235294117646,-868.9431626001993
6891,0.20588235294117646,-941.8441593506757
6892,0.17647058823529413,-1171.634437299242
6893,0.23529411764705882,-888.8040631612142
6894,0.21568627450980393,-869.3945927526437
6895,0.23039215686274508,-936.4753654704374
6896,0.23529411764705882,-877.0118247948441
6897,0.20098039215686275,-1073.7649850097357
6898,0.24509803921568626,-940.2665670993281
6899,0.18627450980392157,-1063.7241378110998
6900,0.21568627450980393,-974.4938126732321
6901,0.22058823529411764,-901.9056395362405
6902,0.24019607843137256,-932.1172846438837
6903,0.22058823529411764,-870.6140626739053
6904,0.23039215686274508,-881.0276447557935
6905,0.25,-834.0762598000321
6906,0.22058823529411764,-931.6594983082192
6907,0.2107843137254902,-853.2257951661652
6908,0.22549019607843138,-1070.3469685573205
6909,0.25980392156862747,-859.4093098733939
6910,0.23529411764705882,-831.025947748446
6911,0.21568627450980393,-1066.7936844171263
6912,0.16176470588235295,-1133.3968908833522
6913,0.2107843137254902,-942.903205983779
6914,0.18627450980392157,-1009.7164439781039
6915,0.19117647058823528,-997.8526326908785
6916,0.21568627450980393,-909.086532200084
6917,0.22058823529411764,-975.6797611386169
6918,0.21568627450980393,-934.4743649164835
6919,0.25,-791.3957702786315
6920,0.18627450980392157,-1084.0844127056646
6921,0.16176470588235295,-1091.2117665608723
6922,0.20588235294117646,-883.2156772333033
6923,0.22058823529411764,-948.8007353614358
6924,0.19607843137254902,-972.7095356548534
6925,0.21568627450980393,-1058.9740204530603
6926,0.20098039215686275,-1077.7778224758074
6927,0.20588235294117646,-1016.1878471374512
6928,0.21568627450980393,-933.291243319418
6929,0.23039215686274508,-880.002871279623
6930,0.2107843137254902,-891.4505793814566
6931,0.2107843137254902,-906.7842832266116
6932,0.22549019607843138,-919.4263594758277
6933,0.22058823529411764,-992.3620754971224
6934,0.22549019607843138,-899.0160137251312
6935,0.2107843137254902,-1014.1546211803661
6936,0.18627450980392157,-1021.9678342482623
6937,0.21568627450980393,-878.0533154618506
6938,0.22058823529411764,-945.5910882388844
6939,0.2549019607843137,-838.8577506495457
6940,0.19117647058823528,-1058.6354903052834
6941,0.19607843137254902,-1012.3799550486546
6942,0.21568627450980393,-910.6307124530567
6943,0.2107843137254902,-1019.1966548994476
6944,0.18137254901960784,-972.097001655429
6945,0.23039215686274508,-1027.995688457115
6946,0.23039215686274508,-977.1302216847738
6947,0.19607843137254902,-1005.9364257326313
6948,0.19607843137254902,-1132.4728688165253
6949,0.25,-854.9485890257592
6950,0.24019607843137256,-912.7620113971186
6951,0.23529411764705882,-1009.6056738834756
6952,0.29901960784313725,-816.7268412720923
6953,0.20588235294117646,-977.8253214780023
6954,0.2696078431372549,-908.3418546283947
6955,0.22549019607843138,-928.8807580891778
6956,0.23039215686274508,-863.5171093099258
6957,0.17647058823529413,-1076.322045176637
6958,0.22549019607843138,-930.020494778951
6959,0.18137254901960784,-1083.6777813761842
6960,0.24019607843137256,-829.2078296997968
6961,0.28431372549019607,-855.5523174884272
6962,0.22549019607843138,-892.0987630731919
6963,0.22549019607843138,-899.7645285550286
6964,0.24509803921568626,-764.3401424931545
6965,0.25,-830.5110650530048
6966,0.20098039215686275,-959.4706796384326
6967,0.22058823529411764,-1033.6836290359497
6968,0.22549019607843138,-827.2107593685973
6969,0.2107843137254902,-1104.5343431584974
6970,0.19117647058823528,-900.5631300047332
6971,0.19607843137254902,-954.3760327357871
6972,0.2549019607843137,-774.8564105781854
6973,0.23529411764705882,-1028.8456801994173
6974,0.19607843137254902,-1076.9796677383722
6975,0.23529411764705882,-883.6268402174408
6976,0.20098039215686275,-968.4989675821042
6977,0.23039215686274508,-730.6620350445019
6978,0.20588235294117646,-961.5473243488985
6979,0.22549019607843138,-904.0079801783842
6980,0.23529411764705882,-1004.2298521902047
6981,0.2107843137254902,-925.9438914130716
6982,0.19607843137254902,-931.0007362926708
6983,0.23039215686274508,-867.8001564998252
6984,0.20098039215686275,-928.4928226844937
6985,0.21568627450980393,-927.2706954432468
6986,0.23529411764705882,-938.6642166960473
6987,0.17647058823529413,-1105.7988625975215
6988,0.19117647058823528,-1202.4248414694093
6989,0.18627450980392157,-1051.4694315966437
6990,0.24019607843137256,-884.9895706924738
6991,0.28921568627450983,-771.4811766755347
6992,0.2107843137254902,-1095.1089216026605
6993,0.2549019607843137,-918.008927083483
6994,0.21568627450980393,-852.7497265759637
6995,0.20098039215686275,-1008.7528204076431
6996,0.2696078431372549,-821.6663721682978
6997,0.21568627450980393,-1004.1426216948266
6998,0.19607843137254902,-1090.9294828059626
6999,0.16176470588235295,-1105.2010205025767
7000,0.24509803921568626,-893.3778385648541
7001,0.23039215686274508,-906.4268017002181
7002,0.18627450980392157,-1051.6502180286482
7003,0.25,-855.2824709088195
7004,0.19607843137254902,-978.1284967310288
7005,0.20098039215686275,-990.5305687399472
7006,0.22549019607843138,-990.8721041585885
7007,0.23039215686274508,-997.8762968661738
7008,0.23529411764705882,-947.6344963522519
7009,0.2107843137254902,-1016.460740519505
7010,0.2549019607843137,-848.5715702468274
7011,0.18137254901960784,-922.5393202632081
7012,0.18627450980392157,-1049.4589938930437
7013,0.2107843137254902,-1070.1556489420873
7014,0.23529411764705882,-1075.5789417379042
7015,0.24019607843137256,-887.2915542265948
7016,0.2107843137254902,-886.4258723352469
7017,0.27941176470588236,-910.2590706395168
7018,0.23529411764705882,-976.5287080839569
7019,0.23529411764705882,-887.0074597526999
7020,0.23039215686274508,-837.3255272846596
7021,0.20588235294117646,-1071.8227640600765
7022,0.19607843137254902,-1017.9071520637063
7023,0.20588235294117646,-818.4752081889732
7024,0.18137254901960784,-1172.4911002738802
7025,0.21568627450980393,-943.9911320256252
7026,0.21568627450980393,-885.2102717418296
7027,0.25,-942.7291531188815
7028,0.23039215686274508,-786.2054175021601
7029,0.23529411764705882,-937.3199904385735
7030,0.25,-865.7335323258942
7031,0.23529411764705882,-897.885918785544
7032,0.20098039215686275,-897.3937374937768
7033,0.22058823529411764,-910.8742719912061
7034,0.2549019607843137,-824.356538772583
7035,0.20098039215686275,-824.9179304534314
7036,0.20588235294117646,-936.2911088045905
7037,0.20588235294117646,-1119.6808776481478
7038,0.20098039215686275,-1044.5888057222553
7039,0.22549019607843138,-893.180991677677
7040,0.2107843137254902,-1024.0826056237315
7041,0.2107843137254902,-847.391492731431
7042,0.24019607843137256,-926.6714071199006
7043,0.15196078431372548,-1267.9979487493927
7044,0.23039215686274508,-930.5034483928306
7045,0.20098039215686275,-892.6823889788459
7046,0.25980392156862747,-835.0320141642701
7047,0.20588235294117646,-961.0213421466303
7048,0.21568627450980393,-958.3750307606716
7049,0.22058823529411764,-988.9128079133875
7050,0.19607843137254902,-915.9049317322525
7051,0.16176470588235295,-1037.8315772449268
7052,0.23529411764705882,-992.793302003075
7053,0.21568627450980393,-862.4323585173663
7054,0.2696078431372549,-968.2742602965411
7055,0.20588235294117646,-857.6283563165103
7056,0.25,-841.3518322028366
7057,0.27941176470588236,-972.8928391325708
7058,0.21568627450980393,-914.1355392792645
7059,0.25,-854.6340161865833
7060,0.25980392156862747,-935.2820038234486
7061,0.22058823529411764,-889.4939425599341
7062,0.23529411764705882,-856.1372910106884
7063,0.23039215686274508,-873.3816110012579
7064,0.22058823529411764,-835.3771756303076
7065,0.24019607843137256,-726.563611834657
7066,0.22549019607843138,-834.7992788857105
7067,0.21568627450980393,-990.7675328909182
7068,0.2107843137254902,-968.7756164027195
7069,0.20588235294117646,-896.745740516513
7070,0.19117647058823528,-918.8954386243634
7071,0.22058823529411764,-789.4736011542526
7072,0.19117647058823528,-975.6878200418809
7073,0.24019607843137256,-1002.093757311503
7074,0.24019607843137256,-836.9520210004321
7075,0.20588235294117646,-927.3154568204693
7076,0.20588235294117646,-1144.720328948077
7077,0.2107843137254902,-1069.4414894814586
7078,0.20098039215686275,-1032.8580529830035
7079,0.23529411764705882,-863.7680382448084
7080,0.21568627450980393,-939.0921648436902
7081,0.28431372549019607,-794.4976081100165
7082,0.22549019607843138,-994.9893906724219
7083,0.22058823529411764,-991.9451888589298
7084,0.22058823529411764,-862.2507614621929
7085,0.24019607843137256,-985.494602801753
7086,0.24509803921568626,-812.5498984748242
7087,0.23039215686274508,-957.561100473591
7088,0.20588235294117646,-1079.224989498363
7089,0.22549019607843138,-860.9481695773554
7090,0.22058823529411764,-962.2902869991227
7091,0.22058823529411764,-865.4019865989685
7092,0.25980392156862747,-921.1940366707596
7093,0.23039215686274508,-803.1009448743334
7094,0.23529411764705882,-900.9007284688015
7095,0.23529411764705882,-857.3742606873606
7096,0.21568627450980393,-911.6443620569565
7097,0.2647058823529412,-795.4065124287325
7098,0.20098039215686275,-1016.3669191341775
7099,0.25,-868.4621070600024
7100,0.2107843137254902,-1051.129186265609
7101,0.19117647058823528,-1000.1962434170293
7102,0.23529411764705882,-835.8592634762035
7103,0.16176470588235295,-1094.645308531967
7104,0.23529411764705882,-812.8971025242525
7105,0.2107843137254902,-1036.0505777620801
7106,0.20588235294117646,-851.9338153016333
7107,0.2647058823529412,-834.418457068649
7108,0.2696078431372549,-659.7167378219904
7109,0.23039215686274508,-931.7165329877068
7110,0.23039215686274508,-1061.102307843227
7111,0.21568627450980393,-913.8737386628693
7112,0.20588235294117646,-1084.423181627311
7113,0.23529411764705882,-924.2444574505676
7114,0.22549019607843138,-969.209378046148
7115,0.1715686274509804,-1097.8938906613519
7116,0.20588235294117646,-1057.7621607593462
7117,0.19117647058823528,-1138.8053343810286
7118,0.23529411764705882,-935.2857383092245
7119,0.2647058823529412,-972.8668482537363
7120,0.22549019607843138,-902.0342680800195
7121,0.16666666666666666,-1064.5791960884544
7122,0.28431372549019607,-806.1072256611843
7123,0.23529411764705882,-932.0144528501174
7124,0.25980392156862747,-835.8855199346356
7125,0.3088235294117647,-573.6708006578333
7126,0.28431372549019607,-724.7279644012451
7127,0.21568627450980393,-946.7151531518674
7128,0.20588235294117646,-959.2988848218731
7129,0.23529411764705882,-876.5944132524378
7130,0.20098039215686275,-950.7763812495213
7131,0.21568627450980393,-962.5906534942926
7132,0.23529411764705882,-819.6931744930791
7133,0.20098039215686275,-1030.2102292939728
7134,0.22058823529411764,-962.3184389039582
7135,0.20098039215686275,-1066.2588759310106
7136,0.1715686274509804,-1096.4971784516877
7137,0.22549019607843138,-917.1820713678995
7138,0.28431372549019607,-897.8344692342422
7139,0.2107843137254902,-990.5670471845889
7140,0.2549019607843137,-795.6778437670539
7141,0.2107843137254902,-924.7240935306924
7142,0.19117647058823528,-1050.6094284618603
7143,0.2696078431372549,-781.5567537008548
7144,0.18627450980392157,-973.1519886465634
7145,0.2107843137254902,-935.7872427678576
7146,0.2647058823529412,-775.4001690359677
7147,0.22058823529411764,-950.6733873030719
7148,0.25980392156862747,-931.1839897118363
7149,0.22058823529411764,-1033.8191507563872
7150,0.16666666666666666,-1128.9892033221674
7151,0.22058823529411764,-952.3739209642597
7152,0.20098039215686275,-1047.3462426054712
7153,0.22058823529411764,-936.1493036980722
7154,0.22058823529411764,-1030.8614838263568
7155,0.2107843137254902,-960.7026472091675
7156,0.23529411764705882,-939.7326028019775
7157,0.20098039215686275,-979.3156652450562
7158,0.22058823529411764,-983.5031141019335
7159,0.27941176470588236,-798.9444457970413
7160,0.2107843137254902,-1010.7517108075759
7161,0.24019607843137256,-698.4138315051209
7162,0.23039215686274508,-992.1307112375895
7163,0.16666666666666666,-971.9656350191901
7164,0.29411764705882354,-815.2517259728675
7165,0.24019607843137256,-871.2539056142172
7166,0.20098039215686275,-894.6224801961114
7167,0.23529411764705882,-867.7451785405477
7168,0.23529411764705882,-952.0593287524055
7169,0.22058823529411764,-955.4451269822962
7170,0.24019607843137256,-1036.589215446921
7171,0.24509803921568626,-886.0703916923673
7172,0.21568627450980393,-1052.486751126308
7173,0.23529411764705882,-896.4770353541654
7174,0.18137254901960784,-1134.5110569374235
7175,0.22058823529411764,-868.0646976209155
7176,0.22549019607843138,-879.0460600946464
7177,0.23529411764705882,-865.6107564252966
7178,0.2696078431372549,-867.4974301469092
7179,0.24509803921568626,-897.1372346878052
7180,0.27450980392156865,-828.0626795245151
7181,0.20098039215686275,-922.6455091027652
7182,0.2549019607843137,-961.0718481587429
7183,0.24019607843137256,-873.6282353307687
7184,0.22058823529411764,-967.1950668073168
7185,0.24509803921568626,-935.2758693882064
7186,0.19117647058823528,-1068.571288800707
7187,0.21568627450980393,-1024.6510991115197
7188,0.22549019607843138,-793.7582598293529
7189,0.21568627450980393,-977.3821275561463
7190,0.20098039215686275,-1010.8770351222917
7191,0.19607843137254902,-985.4970365318597
7192,0.18627450980392157,-915.0288923861933
7193,0.20588235294117646,-993.9857320224537
7194,0.24019607843137256,-952.688400296604
7195,0.19117647058823528,-987.2913412299811
7196,0.24509803921568626,-899.4182026246015
7197,0.22549019607843138,-905.430396641002
7198,0.22058823529411764,-950.1693333457498
7199,0.23529411764705882,-1026.9420168446559
7200,0.2549019607843137,-928.8346869898777
7201,0.19117647058823528,-969.2899858624328
7202,0.23529411764705882,-985.0195279682384
7203,0.24509803921568626,-888.3826778355767
7204,0.23039215686274508,-987.7529705832986
7205,0.2107843137254902,-914.8639579099768
7206,0.19607843137254902,-925.3985810560339
7207,0.14705882352941177,-1168.7941470987657
7208,0.21568627450980393,-931.2558811973123
7209,0.2647058823529412,-925.669793175716
7210,0.24019607843137256,-953.1781849019668
7211,0.22058823529411764,-869.3126116827423
7212,0.20098039215686275,-1004.1097863515218
7213,0.2549019607843137,-837.9771869509827
7214,0.20098039215686275,-964.8214719809738
7215,0.23529411764705882,-854.6644761702594
7216,0.27450980392156865,-962.0453986560597
7217,0.21568627450980393,-1055.5071616266289
7218,0.23039215686274508,-1074.9835123267828
7219,0.2107843137254902,-935.2649746502148
7220,0.14705882352941177,-1186.6429254868451
7221,0.22549019607843138,-815.8565128737805
7222,0.22058823529411764,-988.1932925336502
7223,0.22058823529411764,-850.3382919535917
7224,0.19607843137254902,-893.5840394824158
7225,0.19117647058823528,-1047.9007954877966
7226,0.22058823529411764,-867.3597250545727
7227,0.29411764705882354,-887.908644881903
7228,0.20588235294117646,-992.8365650270499
7229,0.25980392156862747,-765.2930405934652
7230,0.20098039215686275,-968.1103946928885
7231,0.21568627450980393,-897.5499057395785
7232,0.23529411764705882,-744.478409505358
7233,0.23529411764705882,-878.355835091834
7234,0.24019607843137256,-987.1779027826645
7235,0.22549019607843138,-884.3318723790786
7236,0.16176470588235295,-1040.5017000460157
7237,0.23529411764705882,-950.1471104341394
7238,0.18137254901960784,-905.3472763884301
7239,0.23529411764705882,-720.5684566123813
7240,0.23039215686274508,-817.3447078630036
7241,0.16666666666666666,-1048.0262298770979
7242,0.2107843137254902,-877.7480675005445
7243,0.24509803921568626,-802.9377775472753
7244,0.23529411764705882,-1073.114657645132
7245,0.22549019607843138,-958.2411652546303
7246,0.18137254901960784,-1080.7901328404744
7247,0.20588235294117646,-982.8095471157748
7248,0.20588235294117646,-1128.842591229607
7249,0.19607843137254902,-919.6262393091239
7250,0.20588235294117646,-991.4947000765333
7251,0.21568627450980393,-931.9482103048587
7252,0.18627450980392157,-1080.3105368333704
7253,0.20588235294117646,-1219.7972421646118
7254,0.21568627450980393,-953.452538508995
7255,0.23529411764705882,-937.0451510934269
7256,0.2549019607843137,-978.5493712705725
7257,0.20588235294117646,-925.3194697136972
7258,0.20588235294117646,-934.6777750090057
7259,0.20098039215686275,-987.4782253620672
7260,0.24509803921568626,-851.998792741813
7261,0.25980392156862747,-894.6661971784106
7262,0.2647058823529412,-962.6350134681253
7263,0.19117647058823528,-1016.5090963700238
7264,0.20588235294117646,-966.8040062960456
7265,0.23039215686274508,-921.870881248923
7266,0.24509803921568626,-769.1996466318766
7267,0.20098039215686275,-1005.7248659881891
7268,0.18137254901960784,-1016.9764810636932
7269,0.20098039215686275,-1044.3239480373907
7270,0.23529411764705882,-898.5837545581893
7271,0.2107843137254902,-952.5602206061868
7272,0.22058823529411764,-890.7096510307462
7273,0.24509803921568626,-926.4341522291595
7274,0.2647058823529412,-1015.8442981944364
7275,0.25980392156862747,-947.23162985783
7276,0.18137254901960784,-1140.2927959666533
7277,0.20098039215686275,-990.2416832680796
7278,0.2647058823529412,-762.8757575913971
7279,0.22058823529411764,-1065.4742199953864
7280,0.25,-876.7632674983903
7281,0.25,-896.1838906045053
7282,0.22549019607843138,-828.0266201168884
7283,0.16666666666666666,-1095.3429486517812
7284,0.2549019607843137,-856.4109561583575
7285,0.24019607843137256,-865.6998790198681
7286,0.20588235294117646,-970.0584263895072
7287,0.22058823529411764,-950.2028078565411
7288,0.25,-853.7975796905218
7289,0.2696078431372549,-786.2104356616151
7290,0.23529411764705882,-937.6641598308788
7291,0.23529411764705882,-968.7999724219827
7292,0.22549019607843138,-874.7579185448441
7293,0.20588235294117646,-859.6901768329096
7294,0.20588235294117646,-1022.3035366955926
7295,0.20588235294117646,-965.7687750610651
7296,0.24509803921568626,-871.7445700963339
7297,0.24509803921568626,-756.5757399353326
7298,0.22549019607843138,-900.4139916850071
7299,0.2107843137254902,-852.6708270989212
7300,0.18627450980392157,-1068.0769877246782
7301,0.20098039215686275,-966.6068056517956
7302,0.22058823529411764,-1012.867330046261
7303,0.20098039215686275,-1014.2482033710854
7304,0.22549019607843138,-1005.8538448296341
7305,0.23529411764705882,-878.5753132595736
7306,0.20098039215686275,-943.2611164953195
7307,0.25980392156862747,-906.9671433018704
7308,0.24509803921568626,-884.7697563545377
7309,0.25,-962.8309679031372
7310,0.21568627450980393,-1006.7709374708288
7311,0.25,-915.6171972143884
7312,0.19607843137254902,-926.8338780590133
7313,0.20098039215686275,-1022.5763314752018
7314,0.17647058823529413,-1030.1228965123494
7315,0.17647058823529413,-1025.0315988578047
7316,0.21568627450980393,-974.5393733230292
7317,0.18137254901960784,-1024.8058988159778
7318,0.18627450980392157,-1075.14336569169
7319,0.19607843137254902,-1126.2380856158686
7320,0.20098039215686275,-871.1321933222752
7321,0.22058823529411764,-903.0459700191723
7322,0.23039215686274508,-860.9649753570557
7323,0.19607843137254902,-934.1090750413782
7324,0.2647058823529412,-872.3236022089042
7325,0.21568627450980393,-1036.3557356853112
7326,0.25980392156862747,-919.5083333370733
7327,0.24019607843137256,-800.6592465381997
7328,0.23039215686274508,-805.1877795574712
7329,0.21568627450980393,-904.8984266823413
7330,0.19117647058823528,-1005.2947317946191
7331,0.2107843137254902,-873.3049166155796
7332,0.25,-735.6373357398837
7333,0.20588235294117646,-1009.9381237965005
7334,0.19607843137254902,-968.9842575297636
7335,0.19607843137254902,-969.8179261637669
7336,0.18627450980392157,-950.5151749405206
7337,0.1715686274509804,-921.5486196910633
7338,0.22549019607843138,-891.7143890156466
7339,0.21568627450980393,-1007.8448433595545
7340,0.23529411764705882,-1074.9812443864112
7341,0.2696078431372549,-801.5417492997412
7342,0.21568627450980393,-847.5079025006762
7343,0.21568627450980393,-979.1699265405243
7344,0.24509803921568626,-941.864987522948
7345,0.2107843137254902,-1032.4087723002715
7346,0.23039215686274508,-827.4951543433993
7347,0.21568627450980393,-954.0084185693778
7348,0.2107843137254902,-920.433940373215
7349,0.25980392156862747,-825.4917076522229
7350,0.2647058823529412,-839.1788250231275
7351,0.18627450980392157,-1166.7642127579334
7352,0.22058823529411764,-880.2980837167478
7353,0.20588235294117646,-984.8362604590023
7354,0.20588235294117646,-957.0400232240265
7355,0.18627450980392157,-1014.6296978931802
7356,0.22058823529411764,-1011.0397258833343
7357,0.20588235294117646,-1015.2056245336346
7358,0.21568627450980393,-880.7690755058737
7359,0.17647058823529413,-991.6988759695315
7360,0.24509803921568626,-860.3611291436588
7361,0.22058823529411764,-893.3057095770743
7362,0.19117647058823528,-1081.5065375309364
7363,0.27450980392156865,-807.6014321458106
7364,0.2107843137254902,-831.636647121579
7365,0.22058823529411764,-1067.6305227934145
7366,0.16666666666666666,-1008.5023206636017
7367,0.22549019607843138,-885.3949948479147
7368,0.18137254901960784,-1094.2772496167352
7369,0.22058823529411764,-933.9101496116788
7370,0.22058823529411764,-913.0204418593762
7371,0.19117647058823528,-942.2657165714339
7372,0.2107843137254902,-1019.5204919553271
7373,0.23529411764705882,-984.4256255205939
7374,0.19607843137254902,-1160.94682300792
7375,0.20098039215686275,-1034.5338872086768
7376,0.19117647058823528,-873.442481545841
7377,0.24509803921568626,-830.9890929016412
7378,0.16176470588235295,-1135.1633044224159
7379,0.21568627450980393,-969.3322806171342
7380,0.18627450980392157,-1019.4903654771692
7381,0.18627450980392157,-997.0762623992621
7382,0.20098039215686275,-938.453066218133
7383,0.19607843137254902,-947.4322185516357
7384,0.27450980392156865,-978.8695204304714
7385,0.19607843137254902,-861.6545791625977
7386,0.25,-1035.9378068400365
7387,0.24509803921568626,-950.4839289048139
7388,0.22058823529411764,-948.9592418109669
7389,0.25,-863.8528578702142
7390,0.2549019607843137,-842.8233880342221
7391,0.19117647058823528,-1102.402945686789
7392,0.2549019607843137,-814.6081175336651
7393,0.23039215686274508,-912.2912818497302
7394,0.20098039215686275,-892.1259446518094
7395,0.2107843137254902,-903.1172462538177
7396,0.21568627450980393,-947.0831448424096
7397,0.2107843137254902,-964.3361230925018
7398,0.2549019607843137,-841.8875331598169
7399,0.19117647058823528,-944.5900903589585
7400,0.17647058823529413,-997.2924732039957
7401,0.23529411764705882,-950.8818819008621
7402,0.21568627450980393,-936.8005151000677
7403,0.2107843137254902,-951.7530243630503
7404,0.16666666666666666,-1064.596430610208
7405,0.23529411764705882,-932.6743767682244
7406,0.21568627450980393,-856.5011092728259
7407,0.19607843137254902,-873.6050718718884
7408,0.23039215686274508,-976.8302585190418
7409,0.21568627450980393,-1020.9189815708236
7410,0.22549019607843138,-795.2781013226977
7411,0.25980392156862747,-732.5550520653818
7412,0.20588235294117646,-888.7179050071567
7413,0.24019607843137256,-967.9760627933578
7414,0.2107843137254902,-994.3229471655453
7415,0.19607843137254902,-934.063429439769
7416,0.22058823529411764,-941.9040415801254
7417,0.22549019607843138,-882.2324754116582
7418,0.20098039215686275,-906.3413824941598
7419,0.23039215686274508,-972.8073116751278
7420,0.23529411764705882,-1007.4511967640298
7421,0.19607843137254902,-935.6481554928948
7422,0.18137254901960784,-996.8815757714066
7423,0.23529411764705882,-969.8145045673145
7424,0.20098039215686275,-1120.132736972734
7425,0.23529411764705882,-863.7581805247886
7426,0.2107843137254902,-933.8316142138312
7427,0.20098039215686275,-996.8430823531805
7428,0.19607843137254902,-973.0563005933575
7429,0.25980392156862747,-899.338223476036
7430,0.21568627450980393,-943.3610401527554
7431,0.2647058823529412,-747.4946068408442
7432,0.21568627450980393,-923.5763923046636
7433,0.20588235294117646,-930.4222664085089
7434,0.23529411764705882,-854.5772863275864
7435,0.23039215686274508,-992.6788733052273
7436,0.24019607843137256,-926.5541617262597
7437,0.20098039215686275,-851.9750492058548
7438,0.22058823529411764,-857.4282438801785
7439,0.24509803921568626,-943.8065690246283
7440,0.22058823529411764,-962.771213905484
7441,0.22058823529411764,-948.7567658237382
7442,0.22058823529411764,-920.5417887556787
7443,0.23529411764705882,-843.5574517530554
7444,0.22549019607843138,-966.8944119098139
7445,0.2107843137254902,-963.5406867008584
7446,0.24509803921568626,-948.6430593471902
7447,0.23039215686274508,-1023.2731617385266
7448,0.25980392156862747,-807.8784867454978
7449,0.23039215686274508,-877.820788121691
7450,0.2107843137254902,-1025.7341389749565
7451,0.22058823529411764,-994.1345802568921
7452,0.21568627450980393,-965.4123050091314
7453,0.2107843137254902,-915.0045691658469
7454,0.20098039215686275,-1019.5324949376724
7455,0.24019607843137256,-945.969066806868
7456,0.2107843137254902,-960.6904431885364
7457,0.24019607843137256,-972.7180808011224
7458,0.18137254901960784,-1134.6061417542253
7459,0.24019607843137256,-973.1898187562531
7460,0.24509803921568626,-877.5630355722764
7461,0.20098039215686275,-994.2228126432382
7462,0.20588235294117646,-1068.8480050984551
7463,0.23039215686274508,-931.732452916164
7464,0.20098039215686275,-939.3388024217942
7465,0.20098039215686275,-1001.4420720268698
7466,0.18137254901960784,-919.2433795928955
7467,0.20098039215686275,-932.0322336683087
7468,0.25980392156862747,-882.7070641985126
7469,0.22058823529411764,-959.304711042666
7470,0.2107843137254902,-971.2186805594201
7471,0.23529411764705882,-835.3829403297574
7472,0.19607843137254902,-1027.8211163352516
7473,0.20588235294117646,-892.5324803520651
7474,0.2107843137254902,-948.8786585938697
7475,0.22058823529411764,-867.3566768029157
7476,0.20588235294117646,-1047.8279462702135
7477,0.21568627450980393,-1018.7304752013263
7478,0.22058823529411764,-908.4378163767796
7479,0.18627450980392157,-1120.1695159276326
7480,0.24019607843137256,-870.1357566983093
7481,0.23039215686274508,-962.7670696108949
7482,0.2647058823529412,-908.2735687891642
7483,0.18137254901960784,-991.4580352072622
7484,0.22549019607843138,-978.4274727970947
7485,0.19607843137254902,-977.2631177154242
7486,0.22058823529411764,-841.032879894855
7487,0.22058823529411764,-941.283207874672
7488,0.24019607843137256,-958.9147651709762
7489,0.23039215686274508,-833.1878796465256
7490,0.18627450980392157,-1023.8463390574735
7491,0.17647058823529413,-929.1505550964206
7492,0.20098039215686275,-1005.4844656925576
7493,0.21568627450980393,-877.3584752176322
7494,0.22058823529411764,-908.0618050519158
7495,0.18137254901960784,-1024.5788182651295
7496,0.24509803921568626,-850.8709934085023
7497,0.19607843137254902,-1118.3123789301105
7498,0.19117647058823528,-1058.214604097254
7499,0.2549019607843137,-881.7601856904871
7500,0.2107843137254902,-1133.4266978245155
7501,0.22058823529411764,-862.9718381937812
7502,0.2549019607843137,-947.164358288634
7503,0.24509803921568626,-975.45012513329
7504,0.23039215686274508,-1076.0737348444322
7505,0.23529411764705882,-834.5830744949042
7506,0.21568627450980393,-987.1943184347714
7507,0.2696078431372549,-744.8649931608462
7508,0.16176470588235295,-992.1068003224392
7509,0.25,-877.5300531761319
7510,0.24509803921568626,-835.7309713550643
7511,0.20588235294117646,-1095.9208388983034
7512,0.19607843137254902,-1090.5612082948871
7513,0.20098039215686275,-1051.2678541950152
7514,0.24509803921568626,-855.1561725840849
7515,0.25,-821.2346245167303
7516,0.23529411764705882,-845.8285637088851
7517,0.28921568627450983,-729.3833217807845
7518,0.20098039215686275,-1028.6185575560028
7519,0.21568627450980393,-814.3244280908622
7520,0.24019607843137256,-1000.2634385146347
7521,0.22549019607843138,-966.0768458796482
7522,0.23039215686274508,-860.161800253625
7523,0.2107843137254902,-971.3318180196426
7524,0.22058823529411764,-866.3480387294994
7525,0.2107843137254902,-855.9959476882336
7526,0.22058823529411764,-810.5867213267906
7527,0.20588235294117646,-984.9456189286475
7528,0.16176470588235295,-1069.1677848965514
7529,0.22058823529411764,-886.0547663931753
7530,0.21568627450980393,-1075.3982907650518
7531,0.23529411764705882,-863.6515042361091
7532,0.20588235294117646,-957.1348341773538
7533,0.21568627450980393,-816.6994303909003
7534,0.23039215686274508,-1000.8809514326208
7535,0.24019607843137256,-970.2762998506134
7536,0.18627450980392157,-1027.4244788020264
7537,0.20098039215686275,-905.4995899761425
7538,0.18627450980392157,-1104.9768230587829
7539,0.23039215686274508,-945.3263484169455
7540,0.21568627450980393,-907.702586996789
7541,0.23039215686274508,-856.4292222191306
7542,0.23039215686274508,-830.6083840949863
7543,0.23529411764705882,-980.5854473488004
7544,0.21568627450980393,-860.763116051169
7545,0.22058823529411764,-985.4197691094641
7546,0.22058823529411764,-903.6428218822854
7547,0.18137254901960784,-1102.6096735281103
7548,0.18627450980392157,-1006.9290140563367
7549,0.2549019607843137,-915.4345528284708
7550,0.24019607843137256,-930.8887118545233
7551,0.27450980392156865,-875.6697050169403
7552,0.20588235294117646,-994.2737387675865
7553,0.23039215686274508,-951.0688352397843
7554,0.22058823529411764,-927.2481848492342
7555,0.20588235294117646,-819.0272323384005
7556,0.2107843137254902,-844.5805261088352
7557,0.19117647058823528,-905.0261499741498
7558,0.23529411764705882,-1008.82586145401
7559,0.21568627450980393,-905.6345994799744
7560,0.23529411764705882,-782.9926099216236
7561,0.2696078431372549,-679.7524591614218
7562,0.24509803921568626,-945.3472241233377
7563,0.2107843137254902,-1117.5356929629456
7564,0.25,-843.6331670237522
7565,0.16176470588235295,-1106.8617895350737
7566,0.25,-884.3667343551037
7567,0.20098039215686275,-962.1621481390561
7568,0.20588235294117646,-867.9767388549506
7569,0.23039215686274508,-1072.4610371496162
7570,0.22549019607843138,-844.7804520363901
7571,0.19607843137254902,-1039.6853086995143
7572,0.24019607843137256,-915.5663448408538
7573,0.20098039215686275,-829.9685841541665
7574,0.21568627450980393,-895.9713490523544
7575,0.20098039215686275,-1003.2586641311646
7576,0.20588235294117646,-994.4110095641192
7577,0.20098039215686275,-1060.1206112094953
7578,0.2549019607843137,-786.9244056776458
7579,0.17647058823529413,-1101.2585349550434
7580,0.22058823529411764,-881.4401862013574
7581,0.1715686274509804,-1144.8937722000421
7582,0.18627450980392157,-1103.1533144315083
7583,0.1715686274509804,-1017.4837640313541
7584,0.2647058823529412,-949.9686232922124
7585,0.20588235294117646,-914.4552636614033
7586,0.23039215686274508,-1014.3408845265707
7587,0.17647058823529413,-1141.8973563138177
7588,0.19607843137254902,-1120.4827210482429
7589,0.23039215686274508,-850.8417685639624
7590,0.23529411764705882,-886.2833317401362
7591,0.23039215686274508,-949.9168081938052
7592,0.23529411764705882,-885.9630310769174
7593,0.24019607843137256,-838.4200993332208
7594,0.22549019607843138,-819.3373523225971
7595,0.19607843137254902,-1038.822602889117
7596,0.23529411764705882,-1025.0381980222814
7597,0.23529411764705882,-727.108510166991
7598,0.22549019607843138,-889.1476973552329
7599,0.15196078431372548,-1078.2963454583112
7600,0.19117647058823528,-1064.2911354513728
7601,0.2107843137254902,-933.2776116202859
7602,0.18137254901960784,-1087.6103499543433
7603,0.24509803921568626,-967.3786811267628
7604,0.23529411764705882,-932.216063452702
7605,0.23039215686274508,-940.1241295664918
7606,0.2107843137254902,-1001.8917060552859
7607,0.25,-861.4326900220385
7608,0.21568627450980393,-880.7128984039905
7609,0.22549019607843138,-975.3999146480186
7610,0.19607843137254902,-984.5899648292392
7611,0.22549019607843138,-1009.9780434627158
7612,0.21568627450980393,-907.6739469789991
7613,0.19607843137254902,-934.8044085970112
7614,0.2107843137254902,-994.0053711965973
7615,0.18627450980392157,-1029.4845158633063
7616,0.18137254901960784,-984.5356645023121
7617,0.24019607843137256,-879.1705658295575
7618,0.19607843137254902,-1050.290802749933
7619,0.23529411764705882,-947.8369485817703
7620,0.22549019607843138,-1013.0343006732417
7621,0.2549019607843137,-849.0795318005132
7622,0.2107843137254902,-868.0279532133364
7623,0.19607843137254902,-1036.0295965157304
7624,0.18627450980392157,-1119.674334862653
7625,0.16666666666666666,-988.8987119899076
7626,0.22058823529411764,-891.4193872002994
7627,0.19607843137254902,-995.6291064094095
7628,0.19607843137254902,-1136.9676948622161
7629,0.20588235294117646,-1098.2864488526886
7630,0.23039215686274508,-973.2281355203367
7631,0.24019607843137256,-920.8384050294464
7632,0.18137254901960784,-984.0216958850037
7633,0.22058823529411764,-977.3335584191715
7634,0.18627450980392157,-1017.7926525228164
7635,0.2549019607843137,-927.3711948955761
7636,0.18627450980392157,-926.9545095294129
7637,0.1715686274509804,-976.0828070547067
7638,0.22549019607843138,-959.7733626085169
7639,0.19117647058823528,-1041.7558857412898
7640,0.19607843137254902,-1055.7779655456543
7641,0.19117647058823528,-1141.6638427248188
7642,0.23039215686274508,-695.2544129783032
7643,0.24019607843137256,-888.6728365468044
7644,0.19117647058823528,-981.3896424349616
7645,0.23039215686274508,-924.3742727952845
7646,0.23529411764705882,-867.7579971949259
7647,0.16176470588235295,-990.0484314806321
7648,0.21568627450980393,-856.2711980296116
7649,0.20098039215686275,-973.8299616645364
7650,0.24509803921568626,-728.4267589718688
7651,0.2107843137254902,-830.5464877334296
7652,0.20588235294117646,-1024.3585217606787
7653,0.20098039215686275,-1055.224450784571
7654,0.1568627450980392,-976.9174589736789
7655,0.18627450980392157,-1054.3697254050012
7656,0.25,-953.6308782427918
7657,0.2549019607843137,-822.2419222943923
7658,0.19607843137254902,-1113.2396700615977
7659,0.21568627450980393,-885.9827586342307
7660,0.20098039215686275,-1030.9495489831065
7661,0.25980392156862747,-812.8499345779419
7662,0.19607843137254902,-999.1567260891784
7663,0.18627450980392157,-1091.7124536364686
7664,0.20588235294117646,-928.053648331586
7665,0.24509803921568626,-911.137223514856
7666,0.18137254901960784,-1040.3521681766883
7667,0.28921568627450983,-798.0532093609081
7668,0.20098039215686275,-966.2043651880002
7669,0.23529411764705882,-871.866758926242
7670,0.23039215686274508,-897.8247184566422
7671,0.18627450980392157,-861.1360528048347
7672,0.2647058823529412,-730.9228402680042
7673,0.18137254901960784,-1091.260326535094
7674,0.22058823529411764,-987.8084383384854
7675,0.24509803921568626,-704.638745990454
7676,0.25,-935.885295419132
7677,0.2107843137254902,-926.887328708873
7678,0.24509803921568626,-950.2110123353846
7679,0.17647058823529413,-1037.7664716477489
7680,0.22058823529411764,-1010.5782510720047
7681,0.21568627450980393,-1007.2854805179671
7682,0.20098039215686275,-935.6963765948426
7683,0.25,-863.2797137802722
7684,0.23039215686274508,-941.6091526816873
7685,0.23039215686274508,-933.3033571056291
7686,0.22058823529411764,-937.1557512470321
7687,0.27941176470588236,-864.3715588812735
7688,0.23039215686274508,-763.4759628632489
7689,0.21568627450980393,-915.0695611168356
7690,0.17647058823529413,-964.6354739899729
7691,0.25,-918.9085639691821
7692,0.20588235294117646,-947.6626163744459
7693,0.24019607843137256,-914.8923813128004
7694,0.18627450980392157,-995.924194728627
7695,0.20588235294117646,-969.8322851330627
7696,0.22549019607843138,-938.2271058325674
7697,0.21568627450980393,-908.174594262067
7698,0.24019607843137256,-800.0851420421226
7699,0.19117647058823528,-908.7987935683307
7700,0.1568627450980392,-1048.7896549561444
7701,0.1715686274509804,-1116.7818037575366
7702,0.22549019607843138,-929.6539726070329
7703,0.2647058823529412,-825.0174817103965
7704,0.22549019607843138,-953.2799840066947
7705,0.20588235294117646,-943.6871585845947
7706,0.23529411764705882,-924.7820291145175
7707,0.2549019607843137,-1040.9624671936035
7708,0.24019607843137256,-995.6811451257444
7709,0.28921568627450983,-686.1231034222772
7710,0.23039215686274508,-901.8167212430169
7711,0.25980392156862747,-883.2928749346265
7712,0.2107843137254902,-892.8796245350558
7713,0.2107843137254902,-1028.7252011673124
7714,0.24019607843137256,-1109.2306154288497
7715,0.2696078431372549,-800.1870928558649
7716,0.2107843137254902,-861.0741846608181
7717,0.2696078431372549,-795.0780931921566
7718,0.20588235294117646,-946.169259632335
7719,0.2107843137254902,-917.6663298139385
7720,0.22549019607843138,-951.4079034842697
7721,0.23039215686274508,-816.653414810405
7722,0.22058823529411764,-936.4638681972729
7723,0.19117647058823528,-894.6852567523133
7724,0.24509803921568626,-925.1040700276693
7725,0.23529411764705882,-952.9297024408976
7726,0.23039215686274508,-913.0444478240668
7727,0.23039215686274508,-902.3133933590908
7728,0.19117647058823528,-940.6788274166631
7729,0.24509803921568626,-890.434401474747
7730,0.22549019607843138,-1043.1123962682836
7731,0.18627450980392157,-1025.4728736690447
7732,0.2549019607843137,-875.3110117444805
7733,0.24019607843137256,-878.1096579140308
7734,0.24509803921568626,-848.4989232455982
7735,0.25980392156862747,-878.5609747288274
7736,0.14705882352941177,-1032.1384438159419
7737,0.22058823529411764,-1010.8818929148655
7738,0.20588235294117646,-1018.6879759769814
7739,0.22549019607843138,-802.9113985136444
7740,0.19607843137254902,-1001.8673648273243
7741,0.2696078431372549,-994.2887310140273
7742,0.18627450980392157,-967.8241664662081
7743,0.25,-930.8151502422257
7744,0.2647058823529412,-960.9140345255533
7745,0.19117647058823528,-995.3699552311617
7746,0.19117647058823528,-1005.3484770643945
7747,0.25980392156862747,-817.5938290427713
7748,0.19117647058823528,-975.8951015285417
7749,0.23529411764705882,-902.8309616575054
7750,0.25,-961.045324119867
7751,0.21568627450980393,-919.099868073183
7752,0.22549019607843138,-987.810245588714
7753,0.25,-925.1931719499476
7754,0.2107843137254902,-973.6348666116303
7755,0.20588235294117646,-1058.0068049243853
7756,0.21568627450980393,-844.8171928536658
7757,0.24019607843137256,-782.5216033879449
7758,0.21568627450980393,-982.3485639890035
7759,0.29901960784313725,-676.4918076571296
7760,0.24509803921568626,-824.4351442374435
7761,0.18627450980392157,-820.0026554593853
7762,0.21568627450980393,-1012.0314718695248
7763,0.2107843137254902,-804.7745406580906
7764,0.2107843137254902,-991.7791430342431
7765,0.20098039215686275,-993.9473621050516
7766,0.23039215686274508,-953.1812050763299
7767,0.28431372549019607,-845.6313372780295
7768,0.21568627450980393,-950.7786218979779
7769,0.23039215686274508,-861.9266360039804
7770,0.18627450980392157,-1064.8360027144936
7771,0.18627450980392157,-892.2500088261623
7772,0.25980392156862747,-773.6438155828738
7773,0.22549019607843138,-967.7428799610512
7774,0.2696078431372549,-839.8648164225559
7775,0.23039215686274508,-966.7058770329345
7776,0.22058823529411764,-937.7970547676086
7777,0.24019607843137256,-735.186798656688
7778,0.20098039215686275,-994.1218800638236
7779,0.23039215686274508,-975.7736915513581
7780,0.2696078431372549,-958.6828843098061
7781,0.1568627450980392,-1172.377918103162
7782,0.24509803921568626,-856.5094605988147
7783,0.20098039215686275,-964.7122660992193
7784,0.25,-818.6304162904328
7785,0.22549019607843138,-823.898399736367
7786,0.23039215686274508,-1001.5637698921503
7787,0.23039215686274508,-912.9413351919137
7788,0.20098039215686275,-998.0902428533517
7789,0.2549019607843137,-875.2364104214837
7790,0.25980392156862747,-878.339775833429
7791,0.20098039215686275,-875.3216100580552
7792,0.23529411764705882,-818.9543463389078
7793,0.25980392156862747,-793.4778560002645
7794,0.16176470588235295,-1100.060988444908
7795,0.22549019607843138,-998.8687961615768
7796,0.23039215686274508,-973.0364792580698
7797,0.25,-892.6360704010608
7798,0.23039215686274508,-838.7942161840551
7799,0.20098039215686275,-1076.886889476402
7800,0.20588235294117646,-984.0747690948785
7801,0.2107843137254902,-876.6791773029403
7802,0.22058823529411764,-905.0754151437797
7803,0.20588235294117646,-1051.702857017517
7804,0.19117647058823528,-1014.6593816233616
7805,0.24509803921568626,-849.3589887899511
7806,0.19117647058823528,-1026.257454217649
7807,0.24509803921568626,-755.340272174162
7808,0.23529411764705882,-967.8447259454166
7809,0.14705882352941177,-1157.4609144809199
7810,0.24509803921568626,-933.9148815566418
7811,0.2107843137254902,-918.2566761690027
7812,0.21568627450980393,-872.4230986202465
7813,0.24019607843137256,-751.9161519443287
7814,0.21568627450980393,-970.9313509885003
7815,0.23529411764705882,-951.2692340402042
7816,0.18137254901960784,-1153.1278859119789
7817,0.24019607843137256,-926.811250929739
7818,0.25,-669.7402034647324
7819,0.20588235294117646,-930.0223486657236
7820,0.20588235294117646,-934.4631865445306
7821,0.22549019607843138,-849.0611504012463
7822,0.18137254901960784,-1004.0632111792471
7823,0.23039215686274508,-913.4587485182519
7824,0.24509803921568626,-851.782675892699
7825,0.23529411764705882,-896.8218983014425
7826,0.23039215686274508,-904.2399168201522
7827,0.22058823529411764,-987.4838303865171
7828,0.22549019607843138,-771.0716130686741
7829,0.21568627450980393,-1022.7500484877942
7830,0.24509803921568626,-909.1328512079575
7831,0.22058823529411764,-930.300990600212
7832,0.25,-786.4243478214039
7833,0.2107843137254902,-947.6640121235567
7834,0.20098039215686275,-1014.1104672188852
7835,0.1715686274509804,-1106.2702839795281
7836,0.23529411764705882,-800.837232430776
7837,0.22549019607843138,-850.9368061738855
7838,0.25,-919.0631947984882
7839,0.25980392156862747,-865.4254160862343
7840,0.19607843137254902,-1004.0610296679478
7841,0.23039215686274508,-882.2342571370742
7842,0.22058823529411764,-892.9347576160056
7843,0.24019607843137256,-939.8144605580499
7844,0.19607843137254902,-1044.7259407043457
7845,0.2647058823529412,-779.3262884476605
7846,0.2107843137254902,-731.1516340854121
7847,0.22058823529411764,-887.1921513875326
7848,0.20098039215686275,-1024.010032373316
7849,0.20098039215686275,-1024.461519690121
7850,0.19117647058823528,-982.9398698245777
7851,0.23039215686274508,-788.9306313196818
7852,0.23529411764705882,-958.7400591420193
7853,0.20098039215686275,-981.4610326991361
7854,0.22549019607843138,-923.6778507793651
7855,0.22549019607843138,-929.568112747342
7856,0.2107843137254902,-894.9236373714372
7857,0.2107843137254902,-973.7396390204336
7858,0.3088235294117647,-823.9971518423043
7859,0.22058823529411764,-971.149390744228
7860,0.16176470588235295,-966.9246010406345
7861,0.22549019607843138,-1127.7285692551557
7862,0.20588235294117646,-1098.6044933094697
7863,0.22549019607843138,-906.9289481125626
7864,0.2549019607843137,-813.0481978397744
7865,0.18627450980392157,-1056.2969278447767
7866,0.24019607843137256,-892.3219348309087
7867,0.22549019607843138,-815.0267117818197
7868,0.2107843137254902,-969.8064626712425
7869,0.24019607843137256,-978.0288842332129
7870,0.22058823529411764,-881.3776362550025
7871,0.23529411764705882,-888.326288728153
7872,0.21568627450980393,-906.2216977792627
7873,0.20588235294117646,-1035.2170534694897
7874,0.25,-850.8586928984698
7875,0.22058823529411764,-930.3739410101199
7876,0.20588235294117646,-974.7229753756055
7877,0.21568627450980393,-919.693235023349
7878,0.24509803921568626,-930.0308866500854
7879,0.20588235294117646,-927.2808089723774
7880,0.20588235294117646,-942.7975329417808
7881,0.21568627450980393,-842.6228162447611
7882,0.2549019607843137,-988.6559414022109
7883,0.2107843137254902,-973.7501524195951
7884,0.19117647058823528,-822.4801640978046
7885,0.20098039215686275,-1126.8386449252857
7886,0.23039215686274508,-894.2926308314005
7887,0.21568627450980393,-925.6486112183215
7888,0.20098039215686275,-1052.7890967948763
7889,0.17647058823529413,-1150.271848940382
7890,0.23529411764705882,-891.5339367062438
7891,0.20588235294117646,-852.9450299132104
7892,0.23529411764705882,-793.3888814589557
7893,0.18627450980392157,-943.0928037680832
7894,0.18627450980392157,-1084.9229680416631
7895,0.22549019607843138,-969.1548953617321
7896,0.18627450980392157,-1086.0901488790325
7897,0.20098039215686275,-937.120719610476
7898,0.2549019607843137,-880.7260168580448
7899,0.2107843137254902,-1086.917087573631
7900,0.21568627450980393,-940.971502865062
7901,0.22549019607843138,-856.8163012897267
7902,0.19117647058823528,-983.0094105776618
7903,0.23039215686274508,-937.1623572555243
7904,0.22058823529411764,-887.4772681815952
7905,0.16666666666666666,-1160.181773886961
7906,0.20098039215686275,-962.234182582182
7907,0.21568627450980393,-838.1681264054541
7908,0.19607843137254902,-881.6734996122473
7909,0.22549019607843138,-813.3240730809231
7910,0.25,-876.1693692113839
7911,0.22549019607843138,-930.0949779772291
7912,0.2549019607843137,-937.6349442425897
7913,0.24509803921568626,-721.7247576807059
7914,0.25980392156862747,-838.3188078824212
7915,0.23529411764705882,-899.8668684304929
7916,0.2107843137254902,-906.6778846815521
7917,0.18627450980392157,-1081.8487020754346
7918,0.2107843137254902,-796.319558059468
7919,0.20588235294117646,-907.3104940302231
7920,0.23039215686274508,-942.7501649482577
7921,0.20098039215686275,-1020.7703089246563
7922,0.23529411764705882,-918.3721650067498
7923,0.19607843137254902,-1128.0090830933814
7924,0.20098039215686275,-1080.6399493030474
7925,0.24509803921568626,-861.9325608085184
7926,0.16666666666666666,-911.4709698639664
7927,0.23039215686274508,-960.3233892216402
7928,0.23039215686274508,-884.6165252012365
7929,0.2107843137254902,-894.4216548695284
7930,0.28921568627450983,-810.0298824871288
7931,0.18137254901960784,-1091.225221596512
7932,0.22549019607843138,-876.6206103399688
7933,0.23039215686274508,-1015.7019682678522
7934,0.18137254901960784,-1040.041903140498
7935,0.17647058823529413,-1160.3345033795226
7936,0.19117647058823528,-992.806453517839
7937,0.20588235294117646,-930.141850377999
7938,0.2696078431372549,-801.8174952712714
7939,0.20098039215686275,-1147.7672411226758
7940,0.21568627450980393,-837.9572292963663
7941,0.24509803921568626,-902.4245988995422
7942,0.23039215686274508,-845.8861483966602
7943,0.1715686274509804,-1023.8227912678439
7944,0.20098039215686275,-974.4592163048538
7945,0.20098039215686275,-935.5705325369742
7946,0.25,-923.9964540144977
7947,0.22549019607843138,-957.1077167286593
7948,0.25980392156862747,-866.1503144432517
7949,0.24019607843137256,-1005.67328785915
7950,0.2647058823529412,-837.9196572210275
7951,0.2647058823529412,-954.0234442692177
7952,0.24509803921568626,-870.6148338691861
7953,0.22549019607843138,-851.1807043973138
7954,0.21568627450980393,-860.256038310481
7955,0.22549019607843138,-861.0708377501544
7956,0.23039215686274508,-849.9225505941055
7957,0.27450980392156865,-886.0843298949447
7958,0.19607843137254902,-987.2201950970818
7959,0.22058823529411764,-925.0015551155689
7960,0.22058823529411764,-856.5451847431707
7961,0.2107843137254902,-991.5638033361996
7962,0.20098039215686275,-964.0803937351002
7963,0.18627450980392157,-907.6738686094097
7964,0.23529411764705882,-882.7309129939359
7965,0.24019607843137256,-875.3657974168366
7966,0.20098039215686275,-972.7443740134146
7967,0.24019607843137256,-897.286280669418
7968,0.22549019607843138,-966.9416075126798
7969,0.22549019607843138,-821.1823412951301
7970,0.22058823529411764,-966.0347613633847
7971,0.22549019607843138,-860.6945762821273
7972,0.21568627450980393,-991.9332219853121
7973,0.24509803921568626,-895.4063207682441
7974,0.18627450980392157,-1001.2098467770745
7975,0.20588235294117646,-1078.6719262179206
7976,0.19117647058823528,-1061.365083731857
7977,0.2549019607843137,-863.5200508903055
7978,0.20098039215686275,-1081.372542811375
7979,0.22058823529411764,-969.69213106118
7980,0.20588235294117646,-885.1844381818585
7981,0.1568627450980392,-1196.2456923092113
7982,0.19607843137254902,-906.6245026120953
7983,0.24019607843137256,-947.8683683357987
7984,0.24509803921568626,-835.4354272169226
7985,0.19607843137254902,-925.7043789321301
7986,0.2549019607843137,-768.8520105025348
7987,0.22058823529411764,-1064.648742133496
7988,0.2107843137254902,-973.9460574318381
7989,0.20588235294117646,-958.4270057584725
7990,0.24509803921568626,-967.8141338030497
7991,0.23529411764705882,-1027.6743898391724
7992,0.21568627450980393,-976.7029058045032
7993,0.20098039215686275,-875.111972434848
7994,0.18627450980392157,-1109.2636607674992
7995,0.23529411764705882,-894.2973171121934
7996,0.20588235294117646,-883.6400449135724
7997,0.22058823529411764,-854.8773573333142
7998,0.16666666666666666,-1025.5542814030366
7999,0.20588235294117646,-1040.4799404705273
8000,0.24509803921568626,-810.04962571462
8001,0.16666666666666666,-1051.0592339646582
8002,0.23529411764705882,-733.3137231714585
8003,0.22058823529411764,-918.6716768975351
8004,0.23529411764705882,-837.6223819022085
8005,0.2647058823529412,-786.8364011166143
8006,0.17647058823529413,-1004.79157928392
8007,0.21568627450980393,-875.6739019880108
8008,0.21568627450980393,-926.40024284288
8009,0.2549019607843137,-934.7864530133266
8010,0.20098039215686275,-1010.4375896266862
8011,0.3088235294117647,-616.9978554482553
8012,0.1715686274509804,-1013.6823321136774
8013,0.22549019607843138,-1062.2468700034945
8014,0.25,-853.6789308061786
8015,0.25,-813.6405426100189
8016,0.20098039215686275,-936.5827262167837
8017,0.2549019607843137,-852.7202733918732
8018,0.22549019607843138,-956.6695906508203
8019,0.22549019607843138,-827.1400572739395
8020,0.21568627450980393,-1007.8026411954095
8021,0.23529411764705882,-985.7856186511469
8022,0.2107843137254902,-1028.6180330912273
8023,0.2107843137254902,-1052.2394858809078
8024,0.23039215686274508,-833.3479709999234
8025,0.17647058823529413,-1155.266959657856
8026,0.2107843137254902,-836.8504023458444
8027,0.23529411764705882,-908.8256402109183
8028,0.24019607843137256,-1084.6308928657982
8029,0.27450980392156865,-776.6943170323092
8030,0.22549019607843138,-991.494756044126
8031,0.19607843137254902,-925.1006130517698
8032,0.22058823529411764,-823.8040552513272
8033,0.25,-958.6093558143167
8034,0.21568627450980393,-1113.8827167959773
8035,0.22549019607843138,-972.5256427783592
8036,0.22549019607843138,-774.1777270821964
8037,0.2107843137254902,-925.7053974376005
8038,0.23529411764705882,-1032.8582320680805
8039,0.24509803921568626,-1041.9127560409845
8040,0.19607843137254902,-997.3158938277002
8041,0.18137254901960784,-995.7301817875283
8042,0.23039215686274508,-960.8196878620223
8043,0.23039215686274508,-850.5488119125366
8044,0.23039215686274508,-948.6302657220878
8045,0.2107843137254902,-1008.6844899046655
8046,0.25,-1016.835506476608
8047,0.22058823529411764,-1005.5101926840988
8048,0.20588235294117646,-903.9591763720792
8049,0.20098039215686275,-982.4736294465906
8050,0.23039215686274508,-870.1897650326
8051,0.21568627450980393,-948.4553015278835
8052,0.24509803921568626,-929.0862090727862
8053,0.22058823529411764,-1024.7439735823987
8054,0.22549019607843138,-960.9110141361462
8055,0.18627450980392157,-1059.387610136294
8056,0.24019607843137256,-853.4366159065097
8057,0.22058823529411764,-1020.8912854288138
8058,0.24019607843137256,-823.4149503053403
8059,0.27450980392156865,-754.6204713372623
8060,0.24509803921568626,-857.2180713204776
8061,0.22549019607843138,-940.9803547765695
8062,0.20098039215686275,-911.6212328555537
8063,0.23529411764705882,-856.8241608470094
8064,0.20588235294117646,-974.8279566297344
8065,0.27941176470588236,-805.8229061949487
8066,0.2549019607843137,-787.6357811198515
8067,0.21568627450980393,-1040.5314298891553
8068,0.2107843137254902,-876.3061955021877
8069,0.2107843137254902,-1026.5567923527137
8070,0.2549019607843137,-896.960245066998
8071,0.25980392156862747,-792.7605114357144
8072,0.21568627450980393,-979.9842314626657
8073,0.2107843137254902,-978.3797135072596
8074,0.20098039215686275,-1004.9137398401896
8075,0.1715686274509804,-1134.069530692755
8076,0.27941176470588236,-810.6986974080404
8077,0.20098039215686275,-850.2645182516061
8078,0.24019607843137256,-945.2128705043418
8079,0.23039215686274508,-877.2970735699523
8080,0.2696078431372549,-863.8154620563282
8081,0.2107843137254902,-909.8321694018794
8082,0.20098039215686275,-994.6484735245798
8083,0.18137254901960784,-1040.186988288281
8084,0.2107843137254902,-1084.5795031902837
8085,0.18627450980392157,-997.4760866539151
8086,0.22058823529411764,-836.5416733236874
8087,0.1715686274509804,-1206.5887203029558
8088,0.22549019607843138,-1058.0440366408404
8089,0.25980392156862747,-872.2508546324337
8090,0.19607843137254902,-1043.3561765633378
8091,0.22058823529411764,-962.2112201522378
8092,0.22549019607843138,-863.1449919120938
8093,0.22549019607843138,-772.5446623820884
8094,0.22549019607843138,-820.3057957817526
8095,0.17647058823529413,-970.3974410038369
8096,0.27450980392156865,-887.4538739709293
8097,0.19117647058823528,-1015.8168104770136
8098,0.2107843137254902,-1015.4592370238959
8099,0.2549019607843137,-894.8296841172611
8100,0.22058823529411764,-1000.4682554731182
8101,0.22549019607843138,-877.0867865973828
8102,0.19117647058823528,-1046.8385903882045
8103,0.21568627450980393,-986.034880469827
8104,0.20588235294117646,-887.5434568629545
8105,0.24509803921568626,-937.3774645375271
8106,0.22549019607843138,-898.070513940325
8107,0.17647058823529413,-997.2079985936483
8108,0.20588235294117646,-910.2678516986323
8109,0.21568627450980393,-1024.7324236327527
8110,0.21568627450980393,-783.0351581199496
8111,0.20588235294117646,-933.5731444265328
8112,0.25,-814.4486917981915
8113,0.25980392156862747,-1048.509490667605
8114,0.24509803921568626,-819.9488346436444
8115,0.25,-838.7500008227778
8116,0.18627450980392157,-1049.043537719577
8117,0.2107843137254902,-994.0059036460577
8118,0.20588235294117646,-924.7448206882851
8119,0.23529411764705882,-834.8639735240562
8120,0.1715686274509804,-926.5361447147294
8121,0.20098039215686275,-918.4949225818409
8122,0.20588235294117646,-1040.1229678322288
8123,0.2549019607843137,-793.6464318855136
8124,0.25980392156862747,-792.5814631592993
8125,0.21568627450980393,-883.0370984918931
8126,0.20588235294117646,-939.142061663609
8127,0.20588235294117646,-1023.3204662285599
8128,0.22549019607843138,-993.9883084484176
8129,0.19117647058823528,-1126.077872089311
8130,0.25,-923.7482510548012
8131,0.27450980392156865,-775.3350811285131
8132,0.2549019607843137,-857.3698439504586
8133,0.2549019607843137,-847.9403701483035
8134,0.15196078431372548,-1147.5463173249188
8135,0.24019607843137256,-945.8704136867149
8136,0.20098039215686275,-1076.2731091368432
8137,0.24509803921568626,-798.7318427515964
8138,0.17647058823529413,-978.2700403063905
8139,0.2549019607843137,-859.2836891436109
8140,0.22058823529411764,-829.7993072808957
8141,0.24509803921568626,-889.183833178352
8142,0.2107843137254902,-981.5688531258527
8143,0.23529411764705882,-972.5097557703654
8144,0.24019607843137256,-712.7278787762511
8145,0.23039215686274508,-874.682193961798
8146,0.22058823529411764,-933.8911971671909
8147,0.25,-839.7990432720559
8148,0.24509803921568626,-804.0768813151939
8149,0.20588235294117646,-944.9031859192194
8150,0.24509803921568626,-903.1844758987427
8151,0.19607843137254902,-1086.9012572718602
8152,0.23529411764705882,-1060.6832764849944
8153,0.23039215686274508,-936.5720101150812
8154,0.20588235294117646,-1005.2013265198352
8155,0.2107843137254902,-937.1970642688227
8156,0.25,-760.3471482033823
8157,0.27450980392156865,-791.0965647790946
8158,0.19607843137254902,-991.7946473289938
8159,0.20098039215686275,-995.7484830407535
8160,0.23039215686274508,-978.1817435283286
8161,0.18137254901960784,-996.8460234847723
8162,0.22058823529411764,-1088.7286597607183
8163,0.2107843137254902,-864.6969377854291
8164,0.18137254901960784,-1044.3177555121626
8165,0.22058823529411764,-973.3474646736594
8166,0.22058823529411764,-914.1363436755012
8167,0.23039215686274508,-849.3998278075574
8168,0.22549019607843138,-1046.7155744515214
8169,0.2107843137254902,-1005.4012424057605
8170,0.23039215686274508,-633.5509431502398
8171,0.24509803921568626,-825.3631240059348
8172,0.22549019607843138,-913.4337974249148
8173,0.19607843137254902,-998.2012260287415
8174,0.25980392156862747,-810.6787999284034
8175,0.2696078431372549,-761.7991934383617
8176,0.2107843137254902,-1063.3734288683124
8177,0.24019607843137256,-843.3755324120615
8178,0.18627450980392157,-977.641632678462
8179,0.20588235294117646,-935.6878994679919
8180,0.20588235294117646,-954.1886434648551
8181,0.23039215686274508,-889.6605652734345
8182,0.23039215686274508,-862.788022518158
8183,0.24509803921568626,-878.6882529726215
8184,0.2107843137254902,-896.1186402919245
8185,0.23529411764705882,-1039.961562755061
8186,0.2549019607843137,-949.7618037953097
8187,0.22058823529411764,-944.3358851788091
8188,0.28431372549019607,-762.603450868644
8189,0.20588235294117646,-928.3487646719989
8190,0.24509803921568626,-694.141513226079
8191,0.18137254901960784,-1025.8928166370765
8192,0.20588235294117646,-872.0705712636312
8193,0.18627450980392157,-1044.437016842412
8194,0.22549019607843138,-839.2314399083456
8195,0.23039215686274508,-966.8681866514917
8196,0.19607843137254902,-951.2428214690265
8197,0.22058823529411764,-861.0972748176724
8198,0.21568627450980393,-1005.9052780749751
8199,0.17647058823529413,-1105.4768129984539
8200,0.2549019607843137,-898.5871366052066
8201,0.23039215686274508,-849.4480298079696
8202,0.24019607843137256,-878.1586583642398
8203,0.21568627450980393,-1022.8009941811655
8204,0.22058823529411764,-1005.07801583234
8205,0.25980392156862747,-743.7855726877848
8206,0.22058823529411764,-986.1905271866742
8207,0.20588235294117646,-902.2455774569044
8208,0.23529411764705882,-1010.5249773474301
8209,0.20588235294117646,-903.7339264832291
8210,0.22549019607843138,-868.0374215817919
8211,0.19117647058823528,-1003.6950676674936
8212,0.21568627450980393,-908.1254222533282
8213,0.20098039215686275,-1068.715129515704
8214,0.27941176470588236,-737.136632751016
8215,0.22549019607843138,-1009.2926069240945
8216,0.2549019607843137,-958.0732243762296
8217,0.23529411764705882,-1011.3943303239112
8218,0.19117647058823528,-1033.7541050256468
8219,0.22549019607843138,-969.0310971503164
8220,0.25,-897.8453368766635
8221,0.18627450980392157,-928.2796085395065
8222,0.20588235294117646,-956.5925233317356
8223,0.21568627450980393,-931.7236554762897
8224,0.22058823529411764,-971.6192465856964
8225,0.24019607843137256,-802.609907505559
8226,0.23529411764705882,-804.9301225063848
8227,0.23529411764705882,-1027.1375560106017
8228,0.19117647058823528,-1018.7953862021951
8229,0.23039215686274508,-855.5324586606494
8230,0.22549019607843138,-1039.061352150113
8231,0.20588235294117646,-1053.7801652235144
8232,0.22549019607843138,-998.8040921828326
8233,0.20588235294117646,-866.882762665842
8234,0.24019607843137256,-833.0506894167731
8235,0.19117647058823528,-932.123958307154
8236,0.19607843137254902,-975.3372356938381
8237,0.22549019607843138,-923.4839917538213
8238,0.22058823529411764,-891.9021598965514
8239,0.24509803921568626,-1014.873280730902
8240,0.25,-957.5639930051916
8241,0.23529411764705882,-962.8610664442474
8242,0.23529411764705882,-977.0081061288422
8243,0.2549019607843137,-942.7569496491376
8244,0.2549019607843137,-867.0038370431638
8245,0.2107843137254902,-1063.2902757420259
8246,0.27941176470588236,-721.5673843832577
8247,0.21568627450980393,-1013.1172103133856
8248,0.20588235294117646,-796.6305497300391
8249,0.23039215686274508,-965.3252714381498
8250,0.19607843137254902,-854.6469067966236
8251,0.18137254901960784,-974.8631604793025
8252,0.1568627450980392,-1123.777728323843
8253,0.19117647058823528,-937.3995932410745
8254,0.25,-942.0388243058148
8255,0.20098039215686275,-941.9490101290684
8256,0.19607843137254902,-1063.875910244736
8257,0.21568627450980393,-996.6402931961359
8258,0.19607843137254902,-1032.4353205736945
8259,0.23039215686274508,-912.7454412871716
8260,0.24509803921568626,-913.3051567451627
8261,0.20098039215686275,-1015.8391507466634
8262,0.22058823529411764,-978.5242874762591
8263,0.20098039215686275,-905.8560803357293
8264,0.19607843137254902,-1080.817473710752
8265,0.2107843137254902,-1106.8336980015624
8266,0.22058823529411764,-888.5607906883838
8267,0.22549019607843138,-896.2568574980194
8268,0.20588235294117646,-1058.6365477618049
8269,0.22549019607843138,-1094.0589980237623
8270,0.19607843137254902,-914.2452194269965
8271,0.19607843137254902,-1014.2699543448056
8272,0.22058823529411764,-929.5917475083295
8273,0.23529411764705882,-845.0125606574264
8274,0.23039215686274508,-843.4693824356677
8275,0.22058823529411764,-969.7719981436636
8276,0.22549019607843138,-1002.0834444831399
8277,0.21568627450980393,-962.7405403455099
8278,0.23529411764705882,-948.3338987313065
8279,0.25,-782.5746674537659
8280,0.23529411764705882,-874.3158955854528
8281,0.2107843137254902,-963.1542452737397
8282,0.2647058823529412,-792.7044161441279
8283,0.22058823529411764,-958.5712703817031
8284,0.23529411764705882,-822.6381285237331
8285,0.16176470588235295,-986.8698795916987
8286,0.2107843137254902,-954.4412076800477
8287,0.23039215686274508,-937.7550370646458
8288,0.18137254901960784,-992.6711239534266
8289,0.24509803921568626,-858.3714136235855
8290,0.17647058823529413,-981.2049993253222
8291,0.18137254901960784,-874.7742360993927
8292,0.23039215686274508,-871.9980103455338
8293,0.24509803921568626,-953.799216448092
8294,0.23039215686274508,-840.7701103266547
8295,0.22549019607843138,-923.6334072187835
8296,0.17647058823529413,-921.9666811064178
8297,0.23039215686274508,-921.9653829499787
8298,0.18137254901960784,-1003.995067951726
8299,0.22549019607843138,-893.082662264506
8300,0.2107843137254902,-1073.8831650603051
8301,0.22549019607843138,-861.7120104584039
8302,0.21568627450980393,-1044.055085668377
8303,0.28431372549019607,-923.3336874550464
8304,0.21568627450980393,-934.5712362177231
8305,0.22058823529411764,-1011.6773580476349
8306,0.20588235294117646,-1060.9291713938994
8307,0.2696078431372549,-671.8872309198566
8308,0.19117647058823528,-1067.018791554021
8309,0.19117647058823528,-1080.5533432867012
8310,0.22549019607843138,-1025.7059807309918
8311,0.2696078431372549,-983.1399569417916
8312,0.2107843137254902,-1037.8373525843901
8313,0.2107843137254902,-980.980699520485
8314,0.20098039215686275,-883.1023247475717
8315,0.22549019607843138,-890.7523588012247
8316,0.22058823529411764,-998.3475244372498
8317,0.23039215686274508,-992.2188210019879
8318,0.20588235294117646,-950.2799788456338
8319,0.21568627450980393,-965.5097170063094
8320,0.20098039215686275,-918.4825121374691
8321,0.20588235294117646,-813.6904297061996
8322,0.2549019607843137,-841.200883584864
8323,0.19607843137254902,-960.7268180660172
8324,0.3284313725490196,-515.9856878729428
8325,0.19607843137254902,-925.1176922087576
8326,0.21568627450980393,-984.1964274574729
8327,0.20588235294117646,-974.2659208821316
8328,0.2107843137254902,-881.3505312975715
8329,0.23039215686274508,-872.0045573290656
8330,0.1715686274509804,-1133.5318350978926
8331,0.18627450980392157,-996.2198000608706
8332,0.19607843137254902,-1004.0379230274874
8333,0.22058823529411764,-774.7689881979251
8334,0.23529411764705882,-852.9643308976117
8335,0.25,-1020.2487648608637
8336,0.21568627450980393,-993.0921880684647
8337,0.19607843137254902,-957.4026084600711
8338,0.22549019607843138,-987.8858327491611
8339,0.22058823529411764,-866.6617969718634
8340,0.24509803921568626,-1008.748440209557
8341,0.22058823529411764,-919.1951885036393
8342,0.23529411764705882,-904.8716440574796
8343,0.22549019607843138,-1149.3962755764232
8344,0.17647058823529413,-1004.9428689807069
8345,0.16666666666666666,-886.9856157489852
8346,0.19117647058823528,-961.654702467077
8347,0.23529411764705882,-935.7350588405834
8348,0.22549019607843138,-982.9532109428854
8349,0.28431372549019607,-840.4805607328228
8350,0.22058823529411764,-866.9543847850724
8351,0.20588235294117646,-1047.2163556697321
8352,0.2107843137254902,-969.4220659405578
8353,0.22058823529411764,-1042.5627169422075
8354,0.23039215686274508,-1033.2835060755413
8355,0.24509803921568626,-916.7520225188312
8356,0.2696078431372549,-869.0029855428958
8357,0.18137254901960784,-1037.8105131411085
8358,0.19607843137254902,-815.0279818329157
8359,0.2107843137254902,-1039.7611486584533
8360,0.2647058823529412,-743.8776971218633
8361,0.25980392156862747,-864.9004182254566
8362,0.16666666666666666,-1037.5862428253772
8363,0.22058823529411764,-924.2665843028648
8364,0.2647058823529412,-860.676092521817
8365,0.22549019607843138,-927.7656304509032
8366,0.16666666666666666,-974.0732969396255
8367,0.22549019607843138,-903.1335912405276
8368,0.2647058823529412,-851.6234373017853
8369,0.2107843137254902,-1087.4435626198265
8370,0.24509803921568626,-814.0789861679077
8371,0.18627450980392157,-952.7976001851699
8372,0.19607843137254902,-984.1248849232992
8373,0.24019607843137256,-808.840123204624
8374,0.20588235294117646,-1041.0494379155775
8375,0.19607843137254902,-975.6677623449588
8376,0.24509803921568626,-899.253341067071
8377,0.18627450980392157,-877.0712368909051
8378,0.23529411764705882,-867.5922483930401
8379,0.22549019607843138,-954.652398034638
8380,0.24019607843137256,-902.2971927605423
8381,0.17647058823529413,-1064.1471745921117
8382,0.23529411764705882,-1014.4521567961749
8383,0.25980392156862747,-818.9272679815106
8384,0.2647058823529412,-830.9040907504511
8385,0.20098039215686275,-1013.840533396777
8386,0.2107843137254902,-951.4206800834805
8387,0.2549019607843137,-929.8855713021521
8388,0.19607843137254902,-926.4719181434781
8389,0.20588235294117646,-997.2735742868161
8390,0.19607843137254902,-1002.7790818120919
8391,0.20098039215686275,-944.2457426950043
8392,0.23039215686274508,-981.881395742005
8393,0.25,-873.5976428611606
8394,0.19607843137254902,-933.718352729199
8395,0.20588235294117646,-893.814182692883
8396,0.23039215686274508,-873.4735007473067
8397,0.22549019607843138,-1029.3270461138557
8398,0.2107843137254902,-948.9529508235407
8399,0.20098039215686275,-1042.520658306047
8400,0.23529411764705882,-830.2120631909838
8401,0.24019607843137256,-961.7279081999087
8402,0.22058823529411764,-967.8186932171093
8403,0.17647058823529413,-1028.9807006611543
8404,0.21568627450980393,-889.021629819683
8405,0.22549019607843138,-935.2314996906356
8406,0.22058823529411764,-1023.5769776176004
8407,0.22058823529411764,-923.7426298739863
8408,0.23039215686274508,-948.1316716437246
8409,0.24509803921568626,-800.6153686934827
8410,0.24509803921568626,-862.5783659991096
8411,0.25980392156862747,-939.9152639800427
8412,0.1715686274509804,-1025.2284993003395
8413,0.20098039215686275,-1016.2603874767528
8414,0.20588235294117646,-888.2933611776315
8415,0.25980392156862747,-794.9946710175159
8416,0.20098039215686275,-1009.3185202093686
8417,0.20588235294117646,-1176.7890920826032
8418,0.2107843137254902,-1011.8521600798065
8419,0.24509803921568626,-845.4400486478619
8420,0.20588235294117646,-849.2827272789151
8421,0.27450980392156865,-791.8473616113849
8422,0.23529411764705882,-969.4649005777695
8423,0.25980392156862747,-829.0361355052274
8424,0.18627450980392157,-947.0128027411068
8425,0.20098039215686275,-844.0714725793576
8426,0.23039215686274508,-888.7387708495645
8427,0.20588235294117646,-1019.6542190663955
8428,0.27450980392156865,-725.764292791778
8429,0.24509803921568626,-828.099335455427
8430,0.23529411764705882,-773.6624359243057
8431,0.22058823529411764,-765.2194294462017
8432,0.18627450980392157,-897.87154044357
8433,0.24019607843137256,-1069.1880971684175
8434,0.22549019607843138,-893.3502991433237
8435,0.1715686274509804,-1105.2983351875755
8436,0.16666666666666666,-1011.5810837652169
8437,0.20098039215686275,-975.1002859601788
8438,0.25,-802.5438513381808
8439,0.24509803921568626,-757.3677642672669
8440,0.20588235294117646,-902.1072991689047
8441,0.24019607843137256,-903.0215921027988
8442,0.25,-990.6779083177155
8443,0.23039215686274508,-875.5792171253878
8444,0.1715686274509804,-1103.3028634576237
8445,0.15196078431372548,-1121.7956147661396
8446,0.20098039215686275,-1040.365582223032
8447,0.23039215686274508,-1029.567862473282
8448,0.23529411764705882,-872.2946649439194
8449,0.21568627450980393,-832.7582316492118
8450,0.24509803921568626,-956.1978907678641
8451,0.22549019607843138,-980.2839477950452
8452,0.23529411764705882,-791.8800217684577
8453,0.19607843137254902,-1014.3821505939259
8454,0.23039215686274508,-942.7364799462113
8455,0.22549019607843138,-902.6849038741168
8456,0.21568627450980393,-960.0152228953791
8457,0.20588235294117646,-883.6205220128976
8458,0.20588235294117646,-938.6370235517913
8459,0.21568627450980393,-836.2133036220775
8460,0.24019607843137256,-892.2687773424036
8461,0.25980392156862747,-790.5632919797711
8462,0.18627450980392157,-926.4115460900699
8463,0.22058823529411764,-903.6093983369715
8464,0.19117647058823528,-1002.2290932898428
8465,0.19117647058823528,-1104.1308002471924
8466,0.18627450980392157,-1037.9314114252727
8467,0.2107843137254902,-969.5453752910389
8468,0.20098039215686275,-1000.2080347397748
8469,0.23529411764705882,-900.2015493243348
8470,0.24019607843137256,-915.1235027687222
8471,0.25,-1020.2283598020965
8472,0.16666666666666666,-1120.4223618787878
8473,0.20588235294117646,-991.2089295854755
8474,0.24019607843137256,-950.2439801085229
8475,0.19607843137254902,-961.7947881175022
8476,0.22549019607843138,-1044.7897586261524
8477,0.22058823529411764,-989.0129744211832
8478,0.2107843137254902,-899.0662799162023
8479,0.23529411764705882,-900.044198700026
8480,0.2696078431372549,-703.5248991554859
8481,0.22549019607843138,-939.032959208769
8482,0.23039215686274508,-947.1781988891901
8483,0.2549019607843137,-795.7040887813943
8484,0.18627450980392157,-928.6148995885662
8485,0.24019607843137256,-967.4011912439383
8486,0.27941176470588236,-798.2141540190753
8487,0.2107843137254902,-978.661179336847
8488,0.24509803921568626,-906.228232421127
8489,0.2107843137254902,-949.323026563607
8490,0.2107843137254902,-955.2806564405853
8491,0.20588235294117646,-1014.1674797020706
8492,0.20588235294117646,-1033.8558671240712
8493,0.21568627450980393,-916.9248275850333
8494,0.24509803921568626,-858.3854209862503
8495,0.22058823529411764,-909.4142886517095
8496,0.2647058823529412,-870.023136176315
8497,0.25980392156862747,-824.781690083298
8498,0.25,-794.5249154333975
8499,0.1715686274509804,-1051.8910127340578
8500,0.24019607843137256,-817.1589689815746
8501,0.23529411764705882,-938.2150002460854
8502,0.24509803921568626,-894.9724144468121
8503,0.19607843137254902,-1033.4760078074885
8504,0.22058823529411764,-919.0063172789181
8505,0.23529411764705882,-875.2864204388039
8506,0.21568627450980393,-1001.1866414593716
8507,0.20098039215686275,-1045.753164431628
8508,0.23529411764705882,-934.2297773548202
8509,0.22549019607843138,-1029.8820500841327
8510,0.2107843137254902,-1039.3004890329698
8511,0.22058823529411764,-1018.4813085256839
8512,0.20098039215686275,-886.3422532362097
8513,0.17647058823529413,-1147.5492862626618
8514,0.19607843137254902,-904.1668663024902
8515,0.2107843137254902,-994.6477637010462
8516,0.20098039215686275,-897.6771345699535
8517,0.23529411764705882,-931.4796229530783
8518,0.22058823529411764,-906.9290941649792
8519,0.22058823529411764,-1020.7159181482651
8520,0.22058823529411764,-887.5904865264893
8521,0.18627450980392157,-912.5984723147224
8522,0.2549019607843137,-810.7889951257145
8523,0.23039215686274508,-852.4470585093778
8524,0.16666666666666666,-1058.66605536143
8525,0.19117647058823528,-972.9303089403638
8526,0.22058823529411764,-1113.7049424040551
8527,0.19607843137254902,-1038.8564794577803
8528,0.23529411764705882,-967.8414499058443
8529,0.19607843137254902,-1089.4780372264338
8530,0.23039215686274508,-952.6558700823316
8531,0.20098039215686275,-987.4775109010584
8532,0.25,-802.8981945935418
8533,0.2107843137254902,-804.0167207343906
8534,0.19607843137254902,-1066.1530778735291
8535,0.22549019607843138,-875.4415685429293
8536,0.19117647058823528,-1077.1809523806853
8537,0.22549019607843138,-1002.119344701954
8538,0.24019607843137256,-951.3939660203223
8539,0.20098039215686275,-962.6872541203219
8540,0.2549019607843137,-901.669916639141
8541,0.2107843137254902,-1052.5896469471502
8542,0.19607843137254902,-823.0357041826435
8543,0.21568627450980393,-974.8121143415863
8544,0.20098039215686275,-1082.4979493197272
8545,0.19117647058823528,-1083.369237058303
8546,0.22549019607843138,-981.1385040844189
8547,0.19607843137254902,-1027.8050318138273
8548,0.24509803921568626,-923.0520875594195
8549,0.23039215686274508,-1032.8352864957324
8550,0.20098039215686275,-885.4945431784088
8551,0.20098039215686275,-981.5644476460476
8552,0.21568627450980393,-950.9076028898651
8553,0.20098039215686275,-956.3797728033627
8554,0.20588235294117646,-877.8731241039201
8555,0.24019607843137256,-995.3487981160482
8556,0.22058823529411764,-796.5027370265885
8557,0.2696078431372549,-866.7918551201914
8558,0.23529411764705882,-908.8581404124989
8559,0.20098039215686275,-983.0784141783621
8560,0.20588235294117646,-945.109668451197
8561,0.21568627450980393,-1044.6139067014058
8562,0.23529411764705882,-895.5559968387379
8563,0.22549019607843138,-746.3873555613499
8564,0.23529411764705882,-801.7356149075079
8565,0.23039215686274508,-957.3738425011728
8566,0.20588235294117646,-952.9301927790922
8567,0.20588235294117646,-1065.106162594814
8568,0.23529411764705882,-1027.1945359847125
8569,0.20588235294117646,-1040.3797143300374
8570,0.20098039215686275,-1067.7982880648444
8571,0.23529411764705882,-903.8670043571323
8572,0.18627450980392157,-940.9668261397119
8573,0.24509803921568626,-819.7603559494019
8574,0.23039215686274508,-887.6148103078207
8575,0.21568627450980393,-945.3368606006397
8576,0.23039215686274508,-962.9867423375448
8577,0.21568627450980393,-825.23644249112
8578,0.22549019607843138,-893.2983987658631
8579,0.18627450980392157,-1124.027595950108
8580,0.2696078431372549,-900.9699944701849
8581,0.18627450980392157,-1060.499264717102
8582,0.19117647058823528,-1045.3413619621126
8583,0.2107843137254902,-955.7060649441738
8584,0.21568627450980393,-1019.3147361979765
8585,0.1568627450980392,-987.3206078024472
8586,0.24019607843137256,-961.9836719363343
8587,0.18627450980392157,-987.8353336932612
8588,0.2107843137254902,-939.1496431126315
8589,0.28431372549019607,-789.6631574817733
8590,0.21568627450980393,-1021.424867330813
8591,0.18137254901960784,-981.4155228745703
8592,0.21568627450980393,-980.909860162174
8593,0.24509803921568626,-947.0664618997013
8594,0.23529411764705882,-940.5375470367132
8595,0.23039215686274508,-951.1955004299389
8596,0.24509803921568626,-872.4176225101246
8597,0.20098039215686275,-1000.4367633333393
8598,0.24509803921568626,-840.0256520065607
8599,0.2107843137254902,-1016.9887243158677
8600,0.25980392156862747,-845.1142873203053
8601,0.20098039215686275,-961.7760292315015
8602,0.23529411764705882,-818.7449012083166
8603,0.19607843137254902,-943.494940589456
8604,0.20588235294117646,-856.1154621348661
8605,0.22058823529411764,-931.5987735823089
8606,0.21568627450980393,-1122.6332140529857
8607,0.20588235294117646,-897.6251883226282
8608,0.2107843137254902,-1050.005639151031
8609,0.24509803921568626,-766.5980426002951
8610,0.19607843137254902,-1013.9635629466935
8611,0.22549019607843138,-1008.6036140404495
8612,0.17647058823529413,-1134.688134838553
8613,0.20588235294117646,-987.2267044385275
8614,0.24509803921568626,-945.8138640721639
8615,0.21568627450980393,-965.618221282959
8616,0.24019607843137256,-823.5714078604007
8617,0.25980392156862747,-850.6150797488642
8618,0.22058823529411764,-914.3437977024154
8619,0.25,-943.5862497067919
8620,0.22058823529411764,-719.1483823271359
8621,0.2107843137254902,-838.1617458754895
8622,0.22058823529411764,-871.6131677814559
8623,0.25,-969.5067229925418
8624,0.20588235294117646,-846.0580371781891
8625,0.24509803921568626,-852.8462461864247
8626,0.2549019607843137,-728.9810208526312
8627,0.21568627450980393,-981.5279172448551
8628,0.20588235294117646,-972.2946134268069
8629,0.19117647058823528,-1002.0641992793363
8630,0.2107843137254902,-840.0030884181751
8631,0.20588235294117646,-991.3667151133219
8632,0.23039215686274508,-853.3431811145707
8633,0.19117647058823528,-799.7326072992063
8634,0.20098039215686275,-1018.18204610488
8635,0.23529411764705882,-876.4075527004167
8636,0.19607843137254902,-919.2622556873397
8637,0.27450980392156865,-733.0047944199805
8638,0.20588235294117646,-1049.9508087120805
8639,0.22549019607843138,-1015.9730748008279
8640,0.25,-720.2849722750046
8641,0.22549019607843138,-1039.294400617188
8642,0.2107843137254902,-995.1219583212161
8643,0.21568627450980393,-919.206774038427
8644,0.23529411764705882,-853.9785655900544
8645,0.22058823529411764,-756.1780723870969
8646,0.16666666666666666,-1151.9408496781891
8647,0.20098039215686275,-1054.2569859635596
8648,0.2549019607843137,-784.6321596070832
8649,0.2107843137254902,-878.4206106616001
8650,0.2107843137254902,-984.5475209273544
8651,0.22549019607843138,-903.3167231503655
8652,0.22058823529411764,-1020.038322766622
8653,0.22549019607843138,-826.8677264381857
8654,0.19117647058823528,-1000.1996217147977
8655,0.25,-936.3158010594985
8656,0.23039215686274508,-924.6538630840826
8657,0.24019607843137256,-967.241171724656
8658,0.18137254901960784,-993.417512108298
8659,0.2107843137254902,-947.1875218971103
8660,0.25980392156862747,-860.3149617326026
8661,0.22058823529411764,-912.5250915452546
8662,0.16666666666666666,-1051.5277110829072
8663,0.18627450980392157,-1093.5188587413115
8664,0.22549019607843138,-891.4169390435312
8665,0.20588235294117646,-1002.8189601711198
8666,0.20588235294117646,-1015.8438647120606
8667,0.25980392156862747,-873.9169387817383
8668,0.2107843137254902,-1084.3853280684527
8669,0.24019607843137256,-991.6498068734711
8670,0.22058823529411764,-798.9554176985049
8671,0.23039215686274508,-877.6551394182093
8672,0.21568627450980393,-797.9922530417349
8673,0.20098039215686275,-1100.0735495137233
8674,0.18137254901960784,-1028.4060143676459
8675,0.18627450980392157,-1034.4930274813782
8676,0.23039215686274508,-915.1610741989285
8677,0.20098039215686275,-937.0203497643564
8678,0.21568627450980393,-909.1999794829126
8679,0.24509803921568626,-930.4621480118994
8680,0.20098039215686275,-948.034865248437
8681,0.19607843137254902,-1031.1470563177968
8682,0.24019607843137256,-883.365174667508
8683,0.19607843137254902,-1110.8199831270704
8684,0.22549019607843138,-891.8212283265357
8685,0.18137254901960784,-948.5012523987714
8686,0.20588235294117646,-1035.5339210921643
8687,0.20588235294117646,-1022.7796125411987
8688,0.19117647058823528,-971.952106625426
8689,0.22058823529411764,-1004.904404668247
8690,0.22549019607843138,-881.8209222905776
8691,0.22549019607843138,-938.090683039497
8692,0.22058823529411764,-950.3654874165853
8693,0.20588235294117646,-948.7348246667899
8694,0.20588235294117646,-975.3461590935202
8695,0.20098039215686275,-972.4970019751904
8696,0.22549019607843138,-901.7363636540432
8697,0.18627450980392157,-955.5981531891168
8698,0.21568627450980393,-926.2558002097934
8699,0.22058823529411764,-847.6927763808008
8700,0.22549019607843138,-949.6152053533816
8701,0.20588235294117646,-1036.277875769372
8702,0.24019607843137256,-839.1318369098739
8703,0.20588235294117646,-990.1710667142681
8704,0.20588235294117646,-826.7147180519852
8705,0.23039215686274508,-809.4808744729734
8706,0.17647058823529413,-991.3427578234205
8707,0.25980392156862747,-1055.0356087404139
8708,0.2647058823529412,-849.8195642957501
8709,0.24509803921568626,-838.7135149637858
8710,0.23039215686274508,-861.3480190950281
8711,0.21568627450980393,-1031.6511756111595
8712,0.2549019607843137,-685.5714880344915
8713,0.19607843137254902,-958.1235304720261
8714,0.20098039215686275,-972.9976420122034
8715,0.25,-876.972093965493
8716,0.24019607843137256,-821.4078543419931
8717,0.2107843137254902,-1070.0706718856213
8718,0.23529411764705882,-1065.8846624598784
8719,0.2107843137254902,-941.0101051143571
8720,0.22549019607843138,-995.2491448720297
8721,0.22058823529411764,-889.911044737872
8722,0.20098039215686275,-1065.6446394452862
8723,0.25980392156862747,-878.2841519000483
8724,0.2107843137254902,-991.4827278548596
8725,0.22549019607843138,-926.741408404182
8726,0.23039215686274508,-899.4706127129349
8727,0.24509803921568626,-883.4287055333456
8728,0.25980392156862747,-901.742275724224
8729,0.20098039215686275,-978.5475916955985
8730,0.20098039215686275,-1006.0402120515412
8731,0.22058823529411764,-885.3001299465404
8732,0.23039215686274508,-1015.9462618173337
8733,0.17647058823529413,-1035.0983063566919
8734,0.18137254901960784,-961.0033177020503
8735,0.20588235294117646,-999.4272617452285
8736,0.18627450980392157,-926.820424042496
8737,0.20098039215686275,-1078.8606823378918
8738,0.20588235294117646,-1026.4282057425555
8739,0.21568627450980393,-978.7617610108618
8740,0.23039215686274508,-939.0183841948416
8741,0.21568627450980393,-905.6208074981091
8742,0.23529411764705882,-992.3184379502839
8743,0.22549019607843138,-937.2314294740265
8744,0.24509803921568626,-860.1268336913165
8745,0.23529411764705882,-883.118787354114
8746,0.18627450980392157,-1068.7357167262658
8747,0.22058823529411764,-1040.445335556479
8748,0.25980392156862747,-905.5019021501728
8749,0.22549019607843138,-972.3041307598937
8750,0.21568627450980393,-907.6686689993915
8751,0.1715686274509804,-994.1513287600349
8752,0.2696078431372549,-924.4250634511312
8753,0.25,-886.4409243826773
8754,0.18137254901960784,-1072.4290963060716
8755,0.23529411764705882,-1090.8718764361213
8756,0.22549019607843138,-933.261412639244
8757,0.23529411764705882,-915.1886716075973
8758,0.27450980392156865,-803.1052901137109
8759,0.19607843137254902,-1012.1141248777801
8760,0.24509803921568626,-784.2209077348896
8761,0.2647058823529412,-714.0375774794934
8762,0.20098039215686275,-875.348352394852
8763,0.22058823529411764,-961.9646021151075
8764,0.23529411764705882,-905.9494811787325
8765,0.23529411764705882,-810.8956957985373
8766,0.24509803921568626,-834.8994575949276
8767,0.18137254901960784,-1019.5437842163385
8768,0.2107843137254902,-988.022024341658
8769,0.20098039215686275,-989.8532312804577
8770,0.2107843137254902,-929.319375000748
8771,0.22549019607843138,-841.0732079487221
8772,0.24019607843137256,-823.7640596464569
8773,0.22058823529411764,-827.311197533327
8774,0.23039215686274508,-807.9305213385937
8775,0.24509803921568626,-850.6027629702699
8776,0.24509803921568626,-889.6180808684405
8777,0.24509803921568626,-962.0288646174412
8778,0.23529411764705882,-997.038839078417
8779,0.25980392156862747,-904.9874979467953
8780,0.18137254901960784,-1040.8043097514733
8781,0.19607843137254902,-1136.3893372591804
8782,0.23039215686274508,-972.1574157640046
8783,0.2647058823529412,-822.2486479329128
8784,0.22058823529411764,-956.2613608042399
8785,0.19607843137254902,-850.3898701574288
8786,0.25,-884.7940799862731
8787,0.22549019607843138,-912.6866463679893
8788,0.22549019607843138,-842.8563665689206
8789,0.20588235294117646,-920.6714660981122
8790,0.25,-894.8733699274998
8791,0.20098039215686275,-1076.4108298339095
8792,0.25,-867.4577468610278
8793,0.24509803921568626,-931.9843888189279
8794,0.25,-824.7586075838874
8795,0.24509803921568626,-895.0817672318103
8796,0.19607843137254902,-989.4272645501529
8797,0.19607843137254902,-937.3166658925076
8798,0.23039215686274508,-1022.4074722551832
8799,0.20588235294117646,-1024.8792071903454
8800,0.23039215686274508,-900.5107011608048
8801,0.2107843137254902,-974.2704714326297
8802,0.21568627450980393,-921.4337828954061
8803,0.20098039215686275,-1085.2073135188982
8804,0.23529411764705882,-855.718760322122
8805,0.23529411764705882,-851.7520674724204
8806,0.18137254901960784,-929.9192608010535
8807,0.22549019607843138,-991.3327224207859
8808,0.27450980392156865,-710.1599414114859
8809,0.2549019607843137,-730.9852336621752
8810,0.18137254901960784,-1113.4414060069066
8811,0.19607843137254902,-1002.9644236658133
8812,0.19607843137254902,-943.330849497926
8813,0.20588235294117646,-921.867485962662
8814,0.23529411764705882,-781.505417393703
8815,0.23039215686274508,-994.2531546424417
8816,0.21568627450980393,-929.4267592149622
8817,0.23529411764705882,-976.6713324902105
8818,0.19117647058823528,-1038.8907388892828
8819,0.24019607843137256,-926.027798390856
8820,0.24019607843137256,-819.8009465909472
8821,0.20588235294117646,-1010.0079775417553
8822,0.20098039215686275,-964.467473263834
8823,0.23039215686274508,-898.4999720816519
8824,0.20098039215686275,-964.9342327304915
8825,0.22549019607843138,-939.9911373175827
8826,0.18627450980392157,-954.1174944896323
8827,0.21568627450980393,-1064.684142449323
8828,0.2549019607843137,-891.5957559697769
8829,0.25980392156862747,-842.124761319628
8830,0.18627450980392157,-1081.308118240506
8831,0.22058823529411764,-963.6929415628022
8832,0.24019607843137256,-860.8976525792889
8833,0.24019607843137256,-1011.6536537432203
8834,0.21568627450980393,-838.2418543030234
8835,0.22549019607843138,-913.627067341524
8836,0.23039215686274508,-904.4425713875714
8837,0.22549019607843138,-1014.0724150152768
8838,0.23529411764705882,-912.8241955439249
8839,0.25980392156862747,-821.1647265565161
8840,0.25980392156862747,-774.9775852035074
8841,0.19607843137254902,-871.5876002592199
8842,0.18627450980392157,-997.9889913633758
8843,0.20588235294117646,-975.7388213195053
8844,0.19117647058823528,-1035.8021744933783
8845,0.23039215686274508,-918.001028397504
8846,0.20588235294117646,-1067.785494262097
8847,0.22549019607843138,-1005.2244684929941
8848,0.23529411764705882,-956.4717847412708
8849,0.23529411764705882,-942.868182144913
8850,0.14705882352941177,-1182.4933102738623
8851,0.23039215686274508,-826.5166487039304
8852,0.2107843137254902,-993.3339761846206
8853,0.25980392156862747,-882.4356623724395
8854,0.19117647058823528,-896.2200675104178
8855,0.19117647058823528,-947.2739145054537
8856,0.19117647058823528,-1012.2668505836936
8857,0.22058823529411764,-788.4665406731998
8858,0.18137254901960784,-960.589903420093
8859,0.24509803921568626,-861.5921714446124
8860,0.18627450980392157,-946.73836962382
8861,0.18137254901960784,-1103.1419901006361
8862,0.24509803921568626,-793.6647056691787
8863,0.20588235294117646,-1038.8360139435413
8864,0.19117647058823528,-1075.7337802812165
8865,0.20588235294117646,-948.3963943743238
8866,0.24509803921568626,-989.5923950344909
8867,0.21568627450980393,-963.3871672948202
8868,0.24509803921568626,-959.2732519729465
8869,0.23039215686274508,-935.9922471046448
8870,0.22058823529411764,-817.2469188839782
8871,0.18137254901960784,-1057.878486586552
8872,0.21568627450980393,-815.6350738861981
8873,0.19117647058823528,-971.8509958117615
8874,0.24019607843137256,-871.2863840215347
8875,0.2107843137254902,-939.1983243624369
8876,0.19607843137254902,-1092.6107856152105
8877,0.18627450980392157,-960.7201690673828
8878,0.17647058823529413,-854.3201875406153
8879,0.18627450980392157,-1097.1435790529438
8880,0.20588235294117646,-973.2455287914651
8881,0.2549019607843137,-841.0825211207072
8882,0.24019607843137256,-1065.053411025627
8883,0.27450980392156865,-931.1188233412948
8884,0.23039215686274508,-837.9785542020611
8885,0.22058823529411764,-973.9439893236347
8886,0.24509803921568626,-889.6379451003729
8887,0.22549019607843138,-960.4571489633298
8888,0.22549019607843138,-995.4432989195282
8889,0.20588235294117646,-1042.0065721998028
8890,0.24019607843137256,-826.4342476526896
8891,0.24509803921568626,-912.0018007428039
8892,0.24019607843137256,-991.8037595561906
8893,0.24509803921568626,-834.7754501828961
8894,0.23529411764705882,-891.2650143118466
8895,0.20588235294117646,-979.1946492849612
8896,0.21568627450980393,-949.6163734174243
8897,0.18627450980392157,-997.4085812381669
8898,0.20098039215686275,-1017.4916508431528
8899,0.2107843137254902,-896.7671180425906
8900,0.24019607843137256,-785.3831307747785
8901,0.25980392156862747,-871.4035404055726
8902,0.20588235294117646,-962.5341638396768
8903,0.18627450980392157,-1072.3255595599903
8904,0.2107843137254902,-976.6822306128109
8905,0.27941176470588236,-766.4621395971261
8906,0.23529411764705882,-958.1179790309831
8907,0.2696078431372549,-890.7370177998263
8908,0.21568627450980393,-922.8684412451352
8909,0.2107843137254902,-973.2747881459255
8910,0.21568627450980393,-1009.5379759283627
8911,0.2107843137254902,-909.5709908055325
8912,0.20098039215686275,-961.0922893729864
8913,0.17647058823529413,-974.3575400745167
8914,0.20098039215686275,-958.0364780800015
8915,0.24019607843137256,-1006.05733275881
8916,0.22549019607843138,-846.5850594464471
8917,0.18627450980392157,-1064.4871663299261
8918,0.24509803921568626,-699.3292565065271
8919,0.24019607843137256,-975.7494871850107
8920,0.2107843137254902,-972.4580039791032
8921,0.23039215686274508,-998.5322097516528
8922,0.24019607843137256,-750.7378218501221
8923,0.24509803921568626,-932.1914332427231
8924,0.24509803921568626,-909.6210603713989
8925,0.22549019607843138,-1015.5984195447436
8926,0.24509803921568626,-834.7596909953098
8927,0.19117647058823528,-986.3578236430299
8928,0.23039215686274508,-939.1743515052048
8929,0.2696078431372549,-742.196420622807
8930,0.2107843137254902,-982.2746198411081
8931,0.2107843137254902,-984.2702573514453
8932,0.23039215686274508,-862.1068354774924
8933,0.22058823529411764,-896.8808715203229
8934,0.1715686274509804,-994.7920664805991
8935,0.21568627450980393,-868.127148029851
8936,0.23039215686274508,-950.5292049669752
8937,0.2107843137254902,-831.9747893576529
8938,0.27450980392156865,-856.0272045135498
8939,0.23529411764705882,-837.3527226167566
8940,0.18137254901960784,-1081.1079988105623
8941,0.23039215686274508,-882.8872855130364
8942,0.22058823529411764,-952.3025667527143
8943,0.2107843137254902,-807.9063220304602
8944,0.24019607843137256,-981.7449173740312
8945,0.23529411764705882,-1001.9541749767228
8946,0.20098039215686275,-928.8742384443096
8947,0.21568627450980393,-1017.7843081810895
8948,0.22549019607843138,-889.6407582713108
8949,0.22058823529411764,-1020.9492923886169
8950,0.2696078431372549,-851.4333983589621
8951,0.2647058823529412,-852.5252183278402
8952,0.23529411764705882,-1019.4071124020745
8953,0.20098039215686275,-923.6034903806799
8954,0.20098039215686275,-1003.9809740290922
8955,0.23039215686274508,-1046.9798616428002
8956,0.22058823529411764,-851.3987783918194
8957,0.22058823529411764,-953.9850546331967
8958,0.23039215686274508,-780.6663338343302
8959,0.20098039215686275,-974.0075986806085
8960,0.21568627450980393,-993.2762436586268
8961,0.23039215686274508,-899.5329923629761
8962,0.21568627450980393,-847.9085982453589
8963,0.21568627450980393,-913.0510075887045
8964,0.22058823529411764,-902.859273929222
8965,0.2107843137254902,-898.5366844663433
8966,0.2696078431372549,-889.1010994630701
8967,0.18627450980392157,-1101.1890880173328
8968,0.25980392156862747,-847.0765617594999
8969,0.24019607843137256,-874.097711796854
8970,0.22549019607843138,-1023.6845329696057
8971,0.23039215686274508,-1017.0968687768076
8972,0.20588235294117646,-1183.9756172965554
8973,0.21568627450980393,-942.0305616715375
8974,0.24019607843137256,-780.3712659910614
8975,0.22058823529411764,-840.5114050098495
8976,0.18627450980392157,-877.7530260273055
8977,0.17647058823529413,-992.5169696994857
8978,0.23529411764705882,-923.4189602533976
8979,0.22549019607843138,-915.9094519428178
8980,0.22549019607843138,-775.3922800643771
8981,0.19607843137254902,-970.0919961181341
8982,0.24019607843137256,-859.7070560829312
8983,0.19117647058823528,-991.8638726215737
8984,0.24509803921568626,-816.5353885351443
8985,0.22058823529411764,-920.3520816634683
8986,0.18137254901960784,-1123.5500838148828
8987,0.20588235294117646,-834.0110410428515
8988,0.22549019607843138,-859.2861991957122
8989,0.2107843137254902,-1059.7248548432892
8990,0.23529411764705882,-886.053204386842
8991,0.20588235294117646,-998.849564888898
8992,0.20588235294117646,-1046.3930630777397
8993,0.25,-796.2927095375809
8994,0.24509803921568626,-820.4064017744626
8995,0.20588235294117646,-884.2460024123098
8996,0.2647058823529412,-824.2241043203018
8997,0.20098039215686275,-982.9685436884562
8998,0.22058823529411764,-1102.2433440825519
8999,0.23039215686274508,-976.7315190446143
9000,0.24019607843137256,-917.2910550622379
9001,0.20098039215686275,-925.6334305744546
9002,0.24509803921568626,-877.8622185202206
9003,0.22549019607843138,-1019.5571777680341
9004,0.21568627450980393,-924.4406749687943
9005,0.22549019607843138,-926.0409068687289
9006,0.23039215686274508,-883.4964809791715
9007,0.24509803921568626,-907.5031189264035
9008,0.20588235294117646,-1075.6972360423968
9009,0.21568627450980393,-919.5330717049393
9010,0.21568627450980393,-1016.0822131774005
9011,0.22549019607843138,-949.9809525433709
9012,0.18137254901960784,-963.9349014338325
9013,0.21568627450980393,-964.0234979554718
9014,0.21568627450980393,-915.5563899956497
9015,0.19117647058823528,-1011.7107405569039
9016,0.23039215686274508,-877.2378669626572
9017,0.22058823529411764,-906.394204158409
9018,0.19607843137254902,-981.6102883769016
9019,0.1715686274509804,-1132.8506449905096
9020,0.24019607843137256,-884.3175335865395
9021,0.23529411764705882,-1006.5904380573946
9022,0.23039215686274508,-881.082213083903
9023,0.2107843137254902,-927.9083983664419
9024,0.23529411764705882,-883.9048580936357
9025,0.19607843137254902,-1027.036103697384
9026,0.16666666666666666,-1042.1282015220793
9027,0.22549019607843138,-871.9124495936375
9028,0.20588235294117646,-1017.7257017247817
9029,0.20098039215686275,-1017.3858504388846
9030,0.22058823529411764,-946.9414751950433
9031,0.19607843137254902,-1065.708198594112
9032,0.24019607843137256,-898.8395938499301
9033,0.19117647058823528,-952.6675540512683
9034,0.22058823529411764,-876.9589024338068
9035,0.20098039215686275,-1040.5049417252635
9036,0.2107843137254902,-1066.1662631315344
9037,0.19117647058823528,-873.2353407728906
9038,0.18627450980392157,-987.5284806232827
9039,0.19607843137254902,-1011.9266627629598
9040,0.19607843137254902,-1023.1127847783706
9041,0.23039215686274508,-997.4536411434997
9042,0.24019607843137256,-916.6156663520663
9043,0.23039215686274508,-1024.570520513198
9044,0.2549019607843137,-833.3042722683327
9045,0.28431372549019607,-852.6742337731754
9046,0.2107843137254902,-1024.1831783032885
9047,0.2107843137254902,-980.9471027897854
9048,0.23529411764705882,-1003.1812681310317
9049,0.21568627450980393,-1002.3017070433673
9050,0.23039215686274508,-875.2696097317864
9051,0.22058823529411764,-825.7271245507633
9052,0.17647058823529413,-1019.5398547228644
9053,0.25,-860.5081460242178
9054,0.2696078431372549,-910.9341278450162
9055,0.18627450980392157,-943.5504940257352
9056,0.20098039215686275,-1013.2063926808975
9057,0.22058823529411764,-889.1048472909366
9058,0.22058823529411764,-913.6053145539527
9059,0.24509803921568626,-908.5181006263284
9060,0.2549019607843137,-946.8947482763552
9061,0.17647058823529413,-866.1786935656678
9062,0.2107843137254902,-920.4883351419486
9063,0.20588235294117646,-1081.5260312603968
9064,0.19607843137254902,-995.2873650532143
9065,0.22058823529411764,-882.2206211464078
9066,0.23529411764705882,-691.162766643599
9067,0.20098039215686275,-938.2090720382391
9068,0.17647058823529413,-911.299885375827
9069,0.21568627450980393,-909.9375993971731
9070,0.21568627450980393,-848.7832330722434
9071,0.13725490196078433,-1122.818027122348
9072,0.22058823529411764,-976.0391537348429
9073,0.24509803921568626,-867.738532776926
9074,0.22058823529411764,-841.8558762494256
9075,0.2647058823529412,-816.5674603780111
9076,0.2549019607843137,-851.586342306698
9077,0.2107843137254902,-921.4513289881687
9078,0.20588235294117646,-1101.6689191425548
9079,0.20588235294117646,-894.6275077707627
9080,0.2107843137254902,-1223.736208111632
9081,0.27450980392156865,-835.8306588565601
9082,0.15196078431372548,-1057.925656599157
9083,0.23039215686274508,-884.2391018587
9084,0.23529411764705882,-853.5433524636661
9085,0.21568627450980393,-966.6162786857755
9086,0.18627450980392157,-758.1167857974183
9087,0.21568627450980393,-899.2449394487867
9088,0.23039215686274508,-885.3237010918411
9089,0.23039215686274508,-1005.6395509476755
9090,0.22058823529411764,-925.5432644264371
9091,0.25,-848.1948160096711
9092,0.24509803921568626,-836.1168546676636
9093,0.2696078431372549,-834.4833809721704
9094,0.22549019607843138,-906.8533307991776
9095,0.16666666666666666,-979.0481115415985
9096,0.23039215686274508,-886.7976065990972
9097,0.2107843137254902,-873.2281446924396
9098,0.19117647058823528,-1010.3926535961675
9099,0.16666666666666666,-1024.4048419933692
9100,0.18627450980392157,-1015.4170407874911
9101,0.24019607843137256,-890.8350036471497
9102,0.24509803921568626,-807.334899042167
9103,0.24019607843137256,-833.7470147375967
9104,0.28431372549019607,-872.2353913363288
9105,0.18627450980392157,-1052.8269252964094
9106,0.22058823529411764,-911.460564510495
9107,0.22058823529411764,-1043.646076071496
9108,0.20588235294117646,-886.7648155548993
9109,0.24019607843137256,-913.6487651619257
9110,0.22058823529411764,-909.2190679475373
9111,0.24509803921568626,-931.2058827736798
9112,0.22058823529411764,-960.2469362371108
9113,0.20098039215686275,-961.0957092584348
9114,0.24019607843137256,-849.6443237136392
9115,0.24019607843137256,-869.2243410372266
9116,0.24509803921568626,-839.8454209402496
9117,0.27450980392156865,-791.6972808089911
9118,0.24509803921568626,-787.2205994736914
9119,0.16176470588235295,-1039.0960203619563
9120,0.22549019607843138,-942.2878490148806
9121,0.22549019607843138,-932.5464218738032
9122,0.19607843137254902,-1020.2303589839561
9123,0.25,-937.0008788202323
9124,0.24019607843137256,-821.093211996789
9125,0.18137254901960784,-1096.8248463237987
9126,0.24509803921568626,-735.6961605408612
9127,0.20588235294117646,-939.8703940522437
9128,0.16176470588235295,-1107.6859304016712
9129,0.17647058823529413,-988.3505127383213
9130,0.23039215686274508,-903.5493769365198
9131,0.17647058823529413,-1057.5324391851238
9132,0.19607843137254902,-921.1994002192628
9133,0.23039215686274508,-844.143892437804
9134,0.2107843137254902,-1050.4843986361634
9135,0.21568627450980393,-1016.27917248595
9136,0.21568627450980393,-862.3165174372056
9137,0.2107843137254902,-992.2424641029507
9138,0.22549019607843138,-857.2295500437418
9139,0.20098039215686275,-1051.095700787563
9140,0.19607843137254902,-918.5429787261813
9141,0.21568627450980393,-1009.9374154969757
9142,0.1568627450980392,-1048.3449767243628
9143,0.22549019607843138,-890.0031639173919
9144,0.23529411764705882,-774.8401030652664
9145,0.17647058823529413,-1082.6792585522521
9146,0.2107843137254902,-916.8012389575733
9147,0.22549019607843138,-917.0212959214753
9148,0.22549019607843138,-874.4083732997669
9149,0.22058823529411764,-934.3453639067856
9150,0.22549019607843138,-810.7677882512411
9151,0.22058823529411764,-898.506482629215
9152,0.2549019607843137,-877.375451742434
9153,0.23039215686274508,-938.0346832088395
9154,0.2696078431372549,-890.6168635125254
9155,0.21568627450980393,-921.2452142191868
9156,0.19607843137254902,-921.5340890884399
9157,0.18627450980392157,-1008.8740856507245
9158,0.27941176470588236,-802.0486330144546
9159,0.2107843137254902,-929.3475335065057
9160,0.22549019607843138,-927.1932537415448
9161,0.23529411764705882,-867.8272558100083
9162,0.15196078431372548,-1192.0497219609279
9163,0.23529411764705882,-983.8329048717724
9164,0.22549019607843138,-921.1740834853229
9165,0.16176470588235295,-1131.4155795340444
9166,0.2696078431372549,-826.7251568214566
9167,0.24019607843137256,-839.5064324491165
9168,0.2107843137254902,-860.9109916032529
9169,0.2107843137254902,-969.8089913760914
9170,0.2107843137254902,-750.3291341183233
9171,0.2107843137254902,-978.1180000492171
9172,0.25,-871.4229283426322
9173,0.24509803921568626,-866.07998937719
9174,0.2107843137254902,-888.1985999088662
9175,0.20588235294117646,-1133.6634369924957
9176,0.23039215686274508,-974.4590788074569
9177,0.18137254901960784,-1012.117956198898
9178,0.22549019607843138,-1067.7024709103155
9179,0.20588235294117646,-1012.1860730601292
9180,0.20098039215686275,-881.8575642810148
9181,0.18627450980392157,-1047.2711089826098
9182,0.19117647058823528,-918.1787788353714
9183,0.22549019607843138,-931.2847648882398
9184,0.25,-1025.664257479649
9185,0.23529411764705882,-1022.333711867239
9186,0.22058823529411764,-941.8541703691669
9187,0.24019607843137256,-782.7341567955765
9188,0.2107843137254902,-1014.3615162419338
9189,0.24019607843137256,-883.4505964914957
9190,0.20588235294117646,-964.799679999258
9191,0.23529411764705882,-900.1739035213695
9192,0.19607843137254902,-841.8643546197928
9193,0.2696078431372549,-798.2096821280087
9194,0.24509803921568626,-926.7184353248746
9195,0.23529411764705882,-912.1327425264844
9196,0.2696078431372549,-807.2820053661571
9197,0.22058823529411764,-920.4476335562912
9198,0.21568627450980393,-1033.6774176896788
9199,0.21568627450980393,-978.1868555966546
9200,0.23039215686274508,-894.0020952037736
9201,0.2549019607843137,-822.8229804506489
9202,0.18137254901960784,-980.8805983674292
9203,0.18627450980392157,-951.9614231259216
9204,0.23529411764705882,-901.3384658402088
9205,0.24509803921568626,-888.2798236304639
9206,0.23039215686274508,-797.6215415655398
9207,0.20098039215686275,-1020.8358843747308
9208,0.16666666666666666,-969.911410443923
9209,0.17647058823529413,-1022.5867130148645
9210,0.21568627450980393,-946.7100003373389
9211,0.19117647058823528,-1103.748722487805
9212,0.2696078431372549,-793.2919406984366
9213,0.2647058823529412,-946.4152907577216
9214,0.21568627450980393,-960.3367749569463
9215,0.22058823529411764,-959.1690826603011
9216,0.22549019607843138,-851.1231368943756
9217,0.23039215686274508,-930.9352812206043
9218,0.22549019607843138,-1065.5436045048284
9219,0.21568627450980393,-1098.1451524472704
9220,0.19607843137254902,-995.1466342982123
9221,0.24509803921568626,-835.8392822695713
9222,0.20588235294117646,-1004.9226900175506
9223,0.24019607843137256,-847.9112730400235
9224,0.23529411764705882,-855.3440061083027
9225,0.20098039215686275,-1025.3395766837923
9226,0.2549019607843137,-812.8210022870232
9227,0.25980392156862747,-833.2221705118815
9228,0.20098039215686275,-961.8863634595684
9229,0.2107843137254902,-1063.3011115205054
9230,0.24019607843137256,-795.4868126383014
9231,0.18137254901960784,-1083.181209227618
9232,0.19607843137254902,-978.8965264488669
9233,0.20588235294117646,-845.3105818804572
9234,0.17647058823529413,-1079.455113803639
9235,0.22058823529411764,-975.6492887945736
9236,0.16666666666666666,-1084.5263643451765
9237,0.20588235294117646,-858.6903543285295
9238,0.24509803921568626,-843.7164941395031
9239,0.25,-897.765575315438
9240,0.25,-910.8374794604731
9241,0.27941176470588236,-729.8435160506006
9242,0.20588235294117646,-1033.5444356132957
9243,0.19117647058823528,-869.8285052168603
9244,0.23529411764705882,-947.2129992690741
9245,0.20098039215686275,-1152.0915123995612
9246,0.25980392156862747,-867.9264611262901
9247,0.2647058823529412,-832.7105408836813
9248,0.2549019607843137,-787.8555814144659
9249,0.19117647058823528,-974.4806137832941
9250,0.1715686274509804,-1029.2354775784063
9251,0.22549019607843138,-858.4545694238999
9252,0.20588235294117646,-901.2744978268942
9253,0.20588235294117646,-1065.6569346446618
9254,0.21568627450980393,-866.7878096711402
9255,0.24509803921568626,-907.3374883614334
9256,0.22549019607843138,-912.7207667406867
9257,0.18137254901960784,-1018.1798799832662
9258,0.20588235294117646,-864.4574694165997
9259,0.18627450980392157,-1045.9777971716487
9260,0.24019607843137256,-904.7912428238812
9261,0.1715686274509804,-1147.1053238476024
9262,0.27450980392156865,-729.1914844886929
9263,0.21568627450980393,-998.6154793571023
9264,0.2107843137254902,-1015.4791544184965
9265,0.22058823529411764,-740.1379545249191
9266,0.21568627450980393,-982.0982022939944
9267,0.20588235294117646,-1071.0355466206868
9268,0.23039215686274508,-838.8526773639754
9269,0.21568627450980393,-816.5119105133356
9270,0.23529411764705882,-916.044106614356
9271,0.22549019607843138,-863.4460695117127
9272,0.24019607843137256,-758.3543886109894
9273,0.22549019607843138,-875.8757730371811
9274,0.21568627450980393,-1012.6511271981632
9275,0.25,-1010.5015690560434
9276,0.24019607843137256,-955.5425111920226
9277,0.22058823529411764,-866.0269653843899
9278,0.21568627450980393,-857.0340505394281
9279,0.23529411764705882,-933.336841471055
9280,0.17647058823529413,-949.81312084198
9281,0.19117647058823528,-1010.0868156096515
9282,0.20098039215686275,-980.2142768747666
9283,0.23039215686274508,-956.8399884093042
9284,0.21568627450980393,-1063.6524243074305
9285,0.23039215686274508,-1022.5135482713288
9286,0.24019607843137256,-876.8170029135312
9287,0.23039215686274508,-894.518453616722
9288,0.19117647058823528,-980.8807926551968
9289,0.19607843137254902,-851.5949822126651
9290,0.23529411764705882,-933.7403582404642
9291,0.22549019607843138,-982.5428191727283
9292,0.25980392156862747,-795.4848374572455
9293,0.21568627450980393,-920.9262706719193
9294,0.18627450980392157,-1039.8738712048998
9295,0.21568627450980393,-1011.1175722421384
9296,0.24509803921568626,-849.4309070624557
9297,0.17647058823529413,-975.1864533517875
9298,0.2107843137254902,-978.2408234932843
9299,0.14705882352941177,-1245.4198870752373
9300,0.24019607843137256,-953.8811715817919
9301,0.21568627450980393,-925.0072177064185
9302,0.25,-921.3351974300309
9303,0.2549019607843137,-964.1706110075409
9304,0.22549019607843138,-895.1431690664853
9305,0.25,-953.1447313907099
9306,0.2107843137254902,-1012.99169104707
9307,0.20588235294117646,-1087.256209597868
9308,0.21568627450980393,-920.2617015838623
9309,0.23039215686274508,-952.81807903215
9310,0.2549019607843137,-896.1549480475632
9311,0.22549019607843138,-886.6225515533896
9312,0.18137254901960784,-928.6425711313883
9313,0.21568627450980393,-954.3418890448178
9314,0.19607843137254902,-1001.3413593254837
9315,0.25,-856.8665139628391
9316,0.23529411764705882,-887.9397934558344
9317,0.23529411764705882,-943.2547893056683
9318,0.24019607843137256,-862.5498648998785
9319,0.22058823529411764,-847.3779928356994
9320,0.20098039215686275,-1023.6782875061035
9321,0.30392156862745096,-814.1412603527892
9322,0.19607843137254902,-1069.270596298517
9323,0.24509803921568626,-846.0306453798331
9324,0.23529411764705882,-945.9760103412704
9325,0.23039215686274508,-901.417888136471
9326,0.24509803921568626,-689.081807791018
9327,0.25980392156862747,-853.7452643525367
9328,0.25,-839.0781408945719
9329,0.22549019607843138,-854.1072615081189
9330,0.2549019607843137,-803.2430454889933
9331,0.19117647058823528,-977.6997093967362
9332,0.24019607843137256,-1044.041454408683
9333,0.21568627450980393,-872.7858768350937
9334,0.18137254901960784,-1031.8256714951758
9335,0.19607843137254902,-1126.0896358116
9336,0.2696078431372549,-817.4179473671259
9337,0.23039215686274508,-852.9240553425808
9338,0.22058823529411764,-963.0372831307205
9339,0.20098039215686275,-1075.5914180793013
9340,0.23039215686274508,-927.0131153592877
9341,0.2107843137254902,-855.3151017170327
9342,0.20098039215686275,-1012.4415266186584
9343,0.1715686274509804,-1097.4042640386842
9344,0.18137254901960784,-1139.4045736275468
9345,0.18627450980392157,-941.324035354689
9346,0.23529411764705882,-842.0097648209216
9347,0.22058823529411764,-916.6520649779077
9348,0.22549019607843138,-897.7640118505441
9349,0.20588235294117646,-880.1794779721429
9350,0.2107843137254902,-885.489795142529
9351,0.22058823529411764,-962.1452734330121
9352,0.2107843137254902,-993.3965493370505
9353,0.21568627450980393,-927.880452932096
9354,0.23529411764705882,-764.9869290520163
9355,0.28921568627450983,-775.2924870696722
9356,0.2107843137254902,-1011.8394176913242
9357,0.19607843137254902,-1081.3940514022229
9358,0.24509803921568626,-914.625482858396
9359,0.22549019607843138,-907.0143023098217
9360,0.17647058823529413,-1183.9785140355427
9361,0.22058823529411764,-999.1681565770916
9362,0.23039215686274508,-892.9516817728678
9363,0.23039215686274508,-780.0256437974817
9364,0.27450980392156865,-802.7317042631262
9365,0.20588235294117646,-1022.4693364068573
9366,0.2107843137254902,-892.4149707345401
9367,0.24509803921568626,-895.049581340715
9368,0.18627450980392157,-986.5798523472805
9369,0.18137254901960784,-884.8637348997827
9370,0.25980392156862747,-877.4121249142815
9371,0.21568627450980393,-847.3113640523425
9372,0.24019607843137256,-939.972342042362
9373,0.20588235294117646,-911.5313155978333
9374,0.20588235294117646,-827.857954530155
9375,0.22058823529411764,-928.4015867195877
9376,0.20098039215686275,-997.4871991755915
9377,0.2647058823529412,-696.6516371427798
9378,0.19607843137254902,-926.3360694623461
9379,0.21568627450980393,-964.3968144959094
9380,0.21568627450980393,-914.0782732122085
9381,0.21568627450980393,-1079.5867354823095
9382,0.2549019607843137,-908.8272449082019
9383,0.22058823529411764,-939.3798593913807
9384,0.23529411764705882,-874.838357111987
9385,0.24019607843137256,-969.903949176564
9386,0.23039215686274508,-848.5451754588706
9387,0.2107843137254902,-879.6858401953006
9388,0.25980392156862747,-790.957703777388
9389,0.21568627450980393,-867.0622712771097
9390,0.18627450980392157,-913.2848088694553
9391,0.19607843137254902,-940.4333743301092
9392,0.19117647058823528,-942.2216793135101
9393,0.22549019607843138,-1017.6047584776785
9394,0.23529411764705882,-873.673669871162
9395,0.2549019607843137,-842.1693684073056
9396,0.22549019607843138,-889.8598956874772
9397,0.19607843137254902,-1043.4522499196669
9398,0.21568627450980393,-1021.7548263306711
9399,0.20098039215686275,-1007.6131787580603
9400,0.23039215686274508,-874.5742788875805
9401,0.21568627450980393,-1063.786242615943
9402,0.20588235294117646,-929.7321173911001
9403,0.23529411764705882,-957.4433997472128
9404,0.22549019607843138,-843.8918451234406
9405,0.19117647058823528,-1018.4887784135108
9406,0.25980392156862747,-775.3919774223776
9407,0.2107843137254902,-855.9372049032473
9408,0.21568627450980393,-869.1680738037708
9409,0.22058823529411764,-997.4480091730753
9410,0.20588235294117646,-1038.6571337568994
9411,0.22058823529411764,-975.0123822829303
9412,0.18137254901960784,-1068.2226525101007
9413,0.20588235294117646,-994.0754362648609
9414,0.22549019607843138,-1024.4069352804445
9415,0.21568627450980393,-948.5248323608847
9416,0.20098039215686275,-973.9060134513705
9417,0.23039215686274508,-1015.7157289093616
9418,0.20588235294117646,-923.7979158887676
9419,0.21568627450980393,-932.3986926733279
9420,0.20098039215686275,-896.7839094704273
9421,0.23529411764705882,-854.6512062409345
9422,0.24019607843137256,-905.9110194748523
9423,0.22058823529411764,-848.1002652130875
9424,0.18137254901960784,-1003.48138293098
9425,0.22058823529411764,-845.0424055679172
9426,0.25980392156862747,-789.9511489494174
9427,0.20098039215686275,-889.5037806828817
9428,0.19117647058823528,-984.3057585884543
9429,0.20588235294117646,-896.2211514267267
9430,0.24019607843137256,-872.8124041463815
9431,0.21568627450980393,-804.2357783037073
9432,0.20098039215686275,-967.1247698839973
9433,0.22549019607843138,-907.8463352801753
9434,0.2549019607843137,-779.7353647082459
9435,0.24509803921568626,-785.6962278683981
9436,0.2107843137254902,-914.6189885513455
9437,0.20588235294117646,-1042.554925581988
9438,0.23039215686274508,-856.6685078377817
9439,0.25,-782.4551263697007
9440,0.23529411764705882,-870.9985438702154
9441,0.25980392156862747,-891.5033410203223
9442,0.20098039215686275,-944.9727427164713
9443,0.2549019607843137,-987.0801512213314
9444,0.24019607843137256,-753.3889883826761
9445,0.18137254901960784,-1019.9700984580844
9446,0.2696078431372549,-807.1626298006843
9447,0.25,-873.1991372201957
9448,0.24019607843137256,-1080.588705960442
9449,0.2696078431372549,-968.3588412228753
9450,0.2107843137254902,-1071.1278306362676
9451,0.18137254901960784,-906.6261007084566
9452,0.31862745098039214,-811.793854563844
9453,0.20098039215686275,-847.3568616754868
9454,0.25,-755.7882963068345
9455,0.23529411764705882,-975.0618237140131
9456,0.18627450980392157,-855.5447828068453
9457,0.2647058823529412,-913.0065726111917
9458,0.2696078431372549,-898.2903476228901
9459,0.19607843137254902,-890.0762858484305
9460,0.22549019607843138,-838.8836574928433
9461,0.23529411764705882,-979.1742867675482
9462,0.20098039215686275,-901.0697937572704
9463,0.23529411764705882,-975.7096345003913
9464,0.21568627450980393,-977.0076527876013
9465,0.23529411764705882,-933.2574915979422
9466,0.23529411764705882,-840.7732739542045
9467,0.25,-880.653735740512
9468,0.22058823529411764,-888.3287355759564
9469,0.24509803921568626,-851.2140771267461
9470,0.22058823529411764,-942.9445380790561
9471,0.22058823529411764,-1103.7371765585506
9472,0.18137254901960784,-1013.2466941627802
9473,0.22549019607843138,-1076.8831551682715
9474,0.22058823529411764,-1007.641332841387
9475,0.20588235294117646,-1058.3877566655476
9476,0.2107843137254902,-1112.083758728177
9477,0.22549019607843138,-1054.2436600479425
9478,0.24509803921568626,-867.8405211579566
9479,0.23529411764705882,-828.2234526802512
9480,0.19607843137254902,-953.2526633131738
9481,0.23039215686274508,-791.2311848659141
9482,0.2107843137254902,-1147.4236267688227
9483,0.27941176470588236,-707.533846836464
9484,0.20588235294117646,-916.2872830185236
9485,0.19607843137254902,-950.1288718429266
9486,0.19117647058823528,-1008.7508024795383
9487,0.20588235294117646,-959.3686026404886
9488,0.23529411764705882,-830.3057693032657
9489,0.20588235294117646,-885.7043109033622
9490,0.25,-818.9458760654225
9491,0.22549019607843138,-914.4260497560688
9492,0.23039215686274508,-1018.0864197132635
9493,0.23039215686274508,-889.2527982487399
9494,0.19607843137254902,-1111.0373361250934
9495,0.22058823529411764,-828.8405756295896
9496,0.20098039215686275,-946.7155595293232
9497,0.24019607843137256,-838.0716287388522
9498,0.23039215686274508,-873.6409733903174
9499,0.19607843137254902,-962.4007456349392
9500,0.23039215686274508,-917.7318572811051
9501,0.22549019607843138,-880.7789666792926
9502,0.23529411764705882,-792.4030985364727
9503,0.21568627450980393,-938.6409058290369
9504,0.19607843137254902,-913.2188154575872
9505,0.25,-932.8363604078106
9506,0.1715686274509804,-1025.2750655529546
9507,0.17647058823529413,-1014.6530039357204
9508,0.20588235294117646,-918.81878045026
9509,0.23039215686274508,-879.9551337934008
9510,0.22058823529411764,-995.7352511275049
9511,0.25,-867.5132052851658
9512,0.22549019607843138,-979.3908528720631
9513,0.20098039215686275,-1006.9627487332214
9514,0.18627450980392157,-1134.3782770025964
9515,0.2549019607843137,-880.8674473669015
9516,0.2107843137254902,-850.0517991383871
9517,0.19607843137254902,-980.94860830494
9518,0.1715686274509804,-1010.1032644720639
9519,0.24509803921568626,-914.149951542125
9520,0.21568627450980393,-899.6355923484354
9521,0.22058823529411764,-1033.6600352268592
9522,0.21568627450980393,-820.2475674573113
9523,0.22058823529411764,-1059.9666205948474
9524,0.21568627450980393,-1012.017102765102
9525,0.27450980392156865,-776.0097227844537
9526,0.17647058823529413,-996.2815731272977
9527,0.19117647058823528,-1017.5491688672234
9528,0.20588235294117646,-1128.9404109693041
9529,0.18627450980392157,-1134.4527380606708
9530,0.18627450980392157,-965.1240664182925
9531,0.2647058823529412,-851.9915207881553
9532,0.18627450980392157,-998.7266392614328
9533,0.20588235294117646,-846.153158085019
9534,0.20588235294117646,-1053.4757639006073
9535,0.21568627450980393,-835.3572089999329
9536,0.20588235294117646,-837.1950983159683
9537,0.20588235294117646,-998.4582698485431
9538,0.22058823529411764,-1117.4508770213408
9539,0.20588235294117646,-909.365600604637
9540,0.2549019607843137,-1023.2440484832315
9541,0.18137254901960784,-1061.83990946938
9542,0.25,-818.6323342229806
9543,0.2107843137254902,-905.1798162927814
9544,0.2107843137254902,-1023.7294278238334
9545,0.21568627450980393,-938.4427163460675
9546,0.2549019607843137,-883.3494361989639
9547,0.20588235294117646,-945.9457155115464
9548,0.2696078431372549,-831.9492568034751
9549,0.25980392156862747,-965.2476122052062
9550,0.20098039215686275,-1051.4715972414203
9551,0.2647058823529412,-903.2151288986206
9552,0.23039215686274508,-898.5108310849059
9553,0.23039215686274508,-832.736174620834
9554,0.23529411764705882,-978.0445758314694
9555,0.23039215686274508,-877.5000104156195
9556,0.2107843137254902,-897.431939125061
9557,0.23529411764705882,-836.9084713505764
9558,0.24019607843137256,-919.7901258842618
9559,0.24019607843137256,-909.5356804997314
9560,0.24019607843137256,-915.9849237180224
9561,0.25,-962.5625786313824
9562,0.22549019607843138,-982.3291432436774
9563,0.21568627450980393,-997.3860254848705
9564,0.18627450980392157,-1029.6434046614404
9565,0.21568627450980393,-941.4023495468439
9566,0.21568627450980393,-1023.9425240684958
9567,0.23039215686274508,-1039.4340559454524
9568,0.1715686274509804,-1164.2072701360664
9569,0.24019607843137256,-928.7279758079379
9570,0.2107843137254902,-973.2500035903033
9571,0.19117647058823528,-899.7656605477426
9572,0.22058823529411764,-900.221279443479
9573,0.22058823529411764,-1001.6258096881942
9574,0.23529411764705882,-958.7749156951904
9575,0.2549019607843137,-885.7131058936026
9576,0.24019607843137256,-970.0104223139145
9577,0.20098039215686275,-967.8418175005445
9578,0.22058823529411764,-852.1299185846366
9579,0.22058823529411764,-972.2587034188065
9580,0.23039215686274508,-958.7155366037406
9581,0.25,-880.2647647296681
9582,0.19117647058823528,-1015.4205669889263
9583,0.17647058823529413,-1051.075423044317
9584,0.21568627450980393,-956.6636129828061
9585,0.20098039215686275,-1089.1988876286675
9586,0.2107843137254902,-1001.4679280823352
9587,0.20588235294117646,-1039.0650239645265
9588,0.21568627450980393,-850.3392570159015
9589,0.25,-796.0395714441935
9590,0.20098039215686275,-996.896827286365
9591,0.23529411764705882,-1003.8534720551734
9592,0.21568627450980393,-954.431160328435
9593,0.25,-961.9378436406454
9594,0.20588235294117646,-1013.6269527323105
9595,0.22549019607843138,-969.6305752735512
9596,0.19607843137254902,-741.7836356630512
9597,0.2696078431372549,-821.3495476853614
9598,0.22549019607843138,-995.5394944677166
9599,0.23039215686274508,-1043.9238454033348
9600,0.23529411764705882,-811.5216938561084
9601,0.17647058823529413,-1031.9883427713432
9602,0.23039215686274508,-1017.1087955961041
9603,0.21568627450980393,-938.6459112167358
9604,0.19607843137254902,-1152.4791629267675
9605,0.25,-830.9522302477967
9606,0.22549019607843138,-917.3562499775607
9607,0.24019607843137256,-879.6918949052399
9608,0.19607843137254902,-996.0242149315628
9609,0.22058823529411764,-992.452131879096
9610,0.22549019607843138,-1068.6271256091547
9611,0.17647058823529413,-977.2727963690664
9612,0.19117647058823528,-1080.0737371257708
9613,0.23529411764705882,-1023.0524959003224
9614,0.22058823529411764,-981.5504172082041
9615,0.25,-805.454445810879
9616,0.22058823529411764,-927.2136490859237
9617,0.22058823529411764,-920.2397012523576
9618,0.2549019607843137,-668.3250211827896
9619,0.29901960784313725,-728.7709645103006
9620,0.27450980392156865,-761.5150264104208
9621,0.2107843137254902,-948.0850951811847
9622,0.25,-925.042524244271
9623,0.2107843137254902,-898.6344870025036
9624,0.2647058823529412,-1027.252724909315
9625,0.19607843137254902,-905.5971624991473
9626,0.19117647058823528,-874.1397086311789
9627,0.20588235294117646,-928.1177011377671
9628,0.22058823529411764,-941.8012896706076
9629,0.16176470588235295,-1135.7735803267535
9630,0.19607843137254902,-930.9334308586868
9631,0.25,-762.0395944352243
9632,0.18627450980392157,-1078.47751232222
9633,0.2107843137254902,-933.707350805694
9634,0.17647058823529413,-1033.8610221731897
9635,0.2549019607843137,-889.2445065367456
9636,0.22058823529411764,-1103.6648152762768
9637,0.23039215686274508,-832.0824301476572
9638,0.19117647058823528,-987.4689241951587
9639,0.23039215686274508,-928.045737808826
9640,0.27450980392156865,-771.4343626919915
9641,0.20098039215686275,-1139.3947919770783
9642,0.14215686274509803,-1085.5475076974608
9643,0.2549019607843137,-876.3261395809698
9644,0.23529411764705882,-1003.4909727433148
9645,0.21568627450980393,-857.086966570686
9646,0.24019607843137256,-790.6227636524276
9647,0.1715686274509804,-1027.2678282307643
9648,0.19117647058823528,-1049.0890083312988
9649,0.19607843137254902,-1022.4642724990845
9650,0.21568627450980393,-965.1188046324487
9651,0.23039215686274508,-755.0799582799276
9652,0.27450980392156865,-686.8454502984589
9653,0.23529411764705882,-941.2577409557267
9654,0.24509803921568626,-865.9567968144137
9655,0.19607843137254902,-1019.5845814125211
9656,0.23529411764705882,-936.0484912348728
9657,0.22549019607843138,-902.1834124770819
9658,0.19117647058823528,-1058.5699327038783
9659,0.2549019607843137,-887.2154064365462
9660,0.22058823529411764,-917.5803823658065
9661,0.2107843137254902,-1012.5846262819626
9662,0.21568627450980393,-1037.8273622662414
9663,0.24019607843137256,-910.9214035856958
9664,0.2549019607843137,-840.3075769648832
9665,0.20098039215686275,-917.1288401846792
9666,0.2107843137254902,-968.3093205620261
9667,0.23039215686274508,-913.0710111131855
9668,0.20588235294117646,-971.1088746201758
9669,0.18137254901960784,-1064.8131228615257
9670,0.2107843137254902,-967.6769213208966
9671,0.22058823529411764,-889.9231116537954
9672,0.20588235294117646,-930.0652223100849
9673,0.20588235294117646,-897.1957755556293
9674,0.24509803921568626,-888.494011000091
9675,0.19117647058823528,-971.0767689312206
9676,0.24509803921568626,-848.166364071416
9677,0.23039215686274508,-936.2059646120258
9678,0.23529411764705882,-904.7602724561505
9679,0.24509803921568626,-785.3266076667636
9680,0.19607843137254902,-890.4096646402396
9681,0.22058823529411764,-917.3419451807059
9682,0.19607843137254902,-1032.6497970094867
9683,0.23529411764705882,-835.1998201632032
9684,0.23529411764705882,-910.4743239271875
9685,0.23039215686274508,-915.3261894899256
9686,0.19607843137254902,-993.4679245107315
9687,0.20098039215686275,-1073.0790708392274
9688,0.23529411764705882,-889.6413461647782
9689,0.17647058823529413,-1087.6346897424437
9690,0.22549019607843138,-1033.6938824186138
9691,0.25,-765.8009027406281
9692,0.2696078431372549,-777.170140060724
9693,0.20098039215686275,-985.9935064315796
9694,0.22058823529411764,-839.2687428605323
9695,0.1715686274509804,-972.2945199854233
9696,0.16666666666666666,-1020.4724884781183
9697,0.2107843137254902,-945.2379793653301
9698,0.22549019607843138,-956.5741053375543
9699,0.19117647058823528,-943.9372882656022
9700,0.23529411764705882,-893.4297629711675
9701,0.17647058823529413,-1045.8981768477197
9702,0.20098039215686275,-983.4668558532117
9703,0.19607843137254902,-904.9988295330721
9704,0.20098039215686275,-1010.6053493163165
9705,0.21568627450980393,-1020.8571680106369
9706,0.22058823529411764,-956.0194933648203
9707,0.22549019607843138,-1022.8904815281139
9708,0.24509803921568626,-824.4047533484066
9709,0.19607843137254902,-1085.2707793852862
9710,0.2549019607843137,-761.4353901732202
9711,0.22058823529411764,-935.6669835109336
9712,0.22549019607843138,-939.5232791059158
9713,0.24019607843137256,-997.0293475693347
9714,0.22549019607843138,-881.3460517116622
9715,0.20588235294117646,-1107.086446462893
9716,0.19607843137254902,-1009.1714817308912
9717,0.23529411764705882,-874.6610147812787
9718,0.14705882352941177,-1149.2899128221998
9719,0.20098039215686275,-819.9611697851443
9720,0.22058823529411764,-968.3275169484756
9721,0.24509803921568626,-876.2174502167047
9722,0.20098039215686275,-866.1654849613415
9723,0.20098039215686275,-944.4981081999985
9724,0.2549019607843137,-926.1552192463595
9725,0.23039215686274508,-998.1490186803481
9726,0.18627450980392157,-1011.9655582390579
9727,0.19117647058823528,-728.5174699297138
9728,0.20588235294117646,-1060.1477546691895
9729,0.19607843137254902,-1073.1594343559416
9730,0.22058823529411764,-955.5107372134339
9731,0.16176470588235295,-947.8364614037906
9732,0.22058823529411764,-977.5313955007815
9733,0.25980392156862747,-782.5547203363157
9734,0.24509803921568626,-958.0205973082898
9735,0.18627450980392157,-959.1631966759177
9736,0.20588235294117646,-1040.7569572598327
9737,0.20098039215686275,-890.7330962162392
9738,0.2647058823529412,-775.564209021774
9739,0.20588235294117646,-876.8540446711521
9740,0.22058823529411764,-917.7398844139249
9741,0.22058823529411764,-988.0694755479401
9742,0.18137254901960784,-953.9669666103288
9743,0.18627450980392157,-1009.0342928194532
9744,0.24019607843137256,-794.8338247000003
9745,0.23039215686274508,-934.6269515729418
9746,0.23529411764705882,-954.1736042920281
9747,0.21568627450980393,-1036.0837251999799
9748,0.2107843137254902,-1047.30132226383
9749,0.2107843137254902,-964.0132336710013
9750,0.20588235294117646,-1000.0686971066045
9751,0.21568627450980393,-903.6922798904718
9752,0.18137254901960784,-1067.8843509823669
9753,0.2549019607843137,-827.308006735409
9754,0.22549019607843138,-970.292316305871
9755,0.2107843137254902,-926.5022203595031
9756,0.22058823529411764,-925.6104747734818
9757,0.22549019607843138,-959.1455270916808
9758,0.23039215686274508,-855.9439838259827
9759,0.22058823529411764,-1015.0316017094781
9760,0.19117647058823528,-967.6048980787689
9761,0.19607843137254902,-1075.8501235270032
9762,0.19117647058823528,-1029.153057678073
9763,0.18137254901960784,-1043.7117054976668
9764,0.20098039215686275,-978.8058895410276
9765,0.20588235294117646,-1116.0342342619801
9766,0.19607843137254902,-1068.0848530040068
9767,0.2107843137254902,-848.2918637967578
9768,0.16666666666666666,-1099.0997631409589
9769,0.29411764705882354,-900.7732128255508
9770,0.18627450980392157,-1007.4198055080338
9771,0.27941176470588236,-843.8393546085732
9772,0.22549019607843138,-928.4202274995691
9773,0.20098039215686275,-985.9238655613918
9774,0.20588235294117646,-1034.5203407698987
9775,0.24509803921568626,-858.3596127360474
9776,0.21568627450980393,-990.9170999713973
9777,0.2107843137254902,-1026.249562927321
9778,0.18627450980392157,-1004.2173751195272
9779,0.20588235294117646,-1030.186154421638
9780,0.21568627450980393,-887.4870714299819
9781,0.20588235294117646,-944.7577693602618
9782,0.20588235294117646,-1066.3109056248384
9783,0.22549019607843138,-941.3367665608724
9784,0.20098039215686275,-1072.1220699572095
9785,0.18627450980392157,-1027.7379250245936
9786,0.20098039215686275,-922.5120132390191
9787,0.24019607843137256,-912.1202446619669
9788,0.25980392156862747,-915.2722772897458
9789,0.20098039215686275,-1031.43896261851
9790,0.19117647058823528,-973.838465830859
9791,0.22058823529411764,-807.1587380988925
9792,0.23529411764705882,-918.8953370206497
9793,0.19607843137254902,-866.1338096319461
9794,0.25980392156862747,-826.4915159449857
9795,0.24019607843137256,-873.0440229528091
9796,0.21568627450980393,-913.3676921620089
9797,0.19607843137254902,-1048.2544824562822
9798,0.2107843137254902,-945.7040076068803
9799,0.22058823529411764,-850.8992366042792
9800,0.23039215686274508,-856.4085931590959
9801,0.2107843137254902,-1027.3621939116833
9802,0.22549019607843138,-1056.7470495373595
9803,0.22058823529411764,-789.8308043199427
9804,0.2107843137254902,-921.5426921096503
9805,0.23039215686274508,-842.9050451353485
9806,0.19607843137254902,-1005.237115055907
9807,0.20588235294117646,-1023.1938034506405
9808,0.22058823529411764,-929.9903342022616
9809,0.23039215686274508,-873.2870490691241
9810,0.18627450980392157,-993.4660998138727
9811,0.20098039215686275,-999.7834442363065
9812,0.24019607843137256,-904.3619111939972
9813,0.25,-732.0118507029963
9814,0.2647058823529412,-804.2542459450516
9815,0.22058823529411764,-966.3440884608848
9816,0.24019607843137256,-935.7268284629373
9817,0.2107843137254902,-1011.6568660175099
9818,0.24019607843137256,-827.562292136398
9819,0.19607843137254902,-987.2361117344277
9820,0.19607843137254902,-992.4110869332856
9821,0.2549019607843137,-916.5267042085236
9822,0.20098039215686275,-918.5217451207778
9823,0.2549019607843137,-765.9320373161166
9824,0.2107843137254902,-961.8452951019885
9825,0.22058823529411764,-980.8232854581347
9826,0.24509803921568626,-886.4018530752145
9827,0.27450980392156865,-857.9225489111508
9828,0.17647058823529413,-1070.4342514112884
9829,0.2549019607843137,-894.1622394486969
9830,0.22549019607843138,-957.1997572954963
9831,0.2647058823529412,-825.5742560367959
9832,0.21568627450980393,-950.8967708325854
9833,0.20098039215686275,-979.7578928143371
9834,0.19607843137254902,-1119.5226099163879
9835,0.20098039215686275,-968.0814083510754
9836,0.23529411764705882,-950.1685930139878
9837,0.22058823529411764,-835.7517521802117
9838,0.21568627450980393,-977.2657631892783
9839,0.21568627450980393,-1123.246859550476
9840,0.20098039215686275,-1084.3547820296942
9841,0.16666666666666666,-1122.174331814635
9842,0.23039215686274508,-968.9577213923136
9843,0.2696078431372549,-579.9068295347925
9844,0.18627450980392157,-952.9334608526791
9845,0.19607843137254902,-1038.753173528933
9846,0.18137254901960784,-899.2737187310761
9847,0.23529411764705882,-847.2568479519265
9848,0.24019607843137256,-1039.8303380947486
9849,0.25980392156862747,-850.9568717993942
9850,0.2107843137254902,-931.5656069961249
9851,0.21568627450980393,-923.7052018595676
9852,0.2549019607843137,-844.4660459406235
9853,0.25980392156862747,-867.4199051763497
9854,0.23529411764705882,-783.4270728616153
9855,0.20098039215686275,-963.7080461090686
9856,0.27941176470588236,-742.2340577256446
9857,0.22549019607843138,-906.7967395034491
9858,0.20098039215686275,-937.8936720455395
9859,0.21568627450980393,-1212.8100161832922
9860,0.2107843137254902,-1046.8139309135138
9861,0.22549019607843138,-987.0922401839612
9862,0.22549019607843138,-872.3006927452835
9863,0.17647058823529413,-992.5912955041025
9864,0.24509803921568626,-878.0939464008106
9865,0.27450980392156865,-768.6582714342603
9866,0.19117647058823528,-1082.2782576504876
9867,0.1715686274509804,-1141.8520107643278
9868,0.23039215686274508,-898.1593971065446
9869,0.22058823529411764,-986.7040239408905
9870,0.22549019607843138,-946.2878996344174
9871,0.17647058823529413,-953.7931651134116
9872,0.23039215686274508,-860.5619816873588
9873,0.19607843137254902,-949.3535197762882
9874,0.2107843137254902,-1026.3533242356543
9875,0.22058823529411764,-927.0041079521179
9876,0.19607843137254902,-918.4822214163986
9877,0.2647058823529412,-859.0693907176747
9878,0.21568627450980393,-974.3386955074235
9879,0.22549019607843138,-861.0947607825784
9880,0.22549019607843138,-851.3946056365967
9881,0.24509803921568626,-927.347289683772
9882,0.23039215686274508,-763.8513349832273
9883,0.23529411764705882,-955.3860470266903
9884,0.21568627450980393,-954.966318579281
9885,0.20098039215686275,-925.431035415799
9886,0.22549019607843138,-933.5759646097819
9887,0.23039215686274508,-997.4467357373705
9888,0.22549019607843138,-1060.7626252641865
9889,0.22549019607843138,-957.2010435590557
9890,0.25,-904.5799372429941
9891,0.2107843137254902,-975.2651280421836
9892,0.20588235294117646,-944.8327373523338
9893,0.24509803921568626,-930.2190096799065
9894,0.2107843137254902,-961.2707402659397
9895,0.18627450980392157,-1035.7304169804443
9896,0.2107843137254902,-901.1680917178883
9897,0.25980392156862747,-888.4669832996293
9898,0.2647058823529412,-937.1235775293088
9899,0.19117647058823528,-907.8592851489198
9900,0.23039215686274508,-812.332633785173
9901,0.27941176470588236,-761.8046191720401
9902,0.22549019607843138,-873.5690243851905
9903,0.19117647058823528,-1026.52866860932
9904,0.25,-891.9834309933233
9905,0.21568627450980393,-990.0338071187338
9906,0.16176470588235295,-1111.7705632004083
9907,0.23039215686274508,-889.8743637683344
9908,0.19117647058823528,-1036.6782801198024
9909,0.22549019607843138,-817.4430182961856
9910,0.21568627450980393,-886.4828195945889
9911,0.19607843137254902,-965.981892043469
9912,0.18627450980392157,-992.477282000523
9913,0.2107843137254902,-955.9321254655426
9914,0.23039215686274508,-892.4025561575796
9915,0.22058823529411764,-909.742400449865
9916,0.24509803921568626,-812.2362004167893
9917,0.2107843137254902,-837.904299324634
9918,0.27450980392156865,-802.4286815605911
9919,0.21568627450980393,-1004.1100588592828
9920,0.20098039215686275,-979.8855186163211
9921,0.21568627450980393,-995.0518839593027
9922,0.23039215686274508,-777.8815625321631
9923,0.19607843137254902,-878.6576008142209
9924,0.23039215686274508,-849.5598376218011
9925,0.2107843137254902,-1041.737151145935
9926,0.23529411764705882,-723.2564101686664
9927,0.22549019607843138,-840.5725621990129
9928,0.21568627450980393,-969.6179050744748
9929,0.24509803921568626,-927.663631514007
9930,0.25980392156862747,-851.251451959797
9931,0.23529411764705882,-979.4111121495565
9932,0.22058823529411764,-928.2655675177481
9933,0.28921568627450983,-670.7741729885925
9934,0.23039215686274508,-1032.4313359728046
9935,0.17647058823529413,-1013.999348004659
9936,0.24019607843137256,-1027.247938567517
9937,0.1568627450980392,-1106.5135152012695
9938,0.21568627450980393,-878.9813146778182
9939,0.15196078431372548,-1072.9544900819367
9940,0.27941176470588236,-776.0094872829961
9941,0.18627450980392157,-1027.4985547720216
9942,0.20098039215686275,-992.0735537024105
9943,0.1715686274509804,-1061.679255728628
9944,0.19117647058823528,-1059.8209862428553
9945,0.18627450980392157,-1059.3672725172603
9946,0.22058823529411764,-836.5496862261903
9947,0.23039215686274508,-886.4683746076098
9948,0.19607843137254902,-947.1754637699502
9949,0.18137254901960784,-1042.7061879962098
9950,0.18137254901960784,-1032.5088297806535
9951,0.22058823529411764,-915.2209982217527
9952,0.23529411764705882,-815.1714112524893
9953,0.23529411764705882,-844.5005907357908
9954,0.2107843137254902,-868.733180550968
9955,0.23039215686274508,-1019.1600697461297
9956,0.23039215686274508,-1040.843823264627
9957,0.22549019607843138,-883.7597417831421
9958,0.2107843137254902,-1050.727224593069
9959,0.1568627450980392,-1051.6732391376122
9960,0.27941176470588236,-834.1810570137173
9961,0.25,-820.0401539522059
9962,0.22549019607843138,-854.4637641906738
9963,0.2107843137254902,-1089.7416486927107
9964,0.22549019607843138,-924.0267650940839
9965,0.2549019607843137,-931.9739376890893
9966,0.20588235294117646,-898.312732593686
9967,0.24019607843137256,-979.5609725316366
9968,0.1715686274509804,-1017.0140215555826
9969,0.20588235294117646,-1038.2704882341272
9970,0.19117647058823528,-986.139619995566
9971,0.23039215686274508,-986.5622342895059
9972,0.23529411764705882,-867.5197528670816
9973,0.23039215686274508,-865.0439227048089
9974,0.21568627450980393,-957.8331432529525
9975,0.25,-626.6982063218659
9976,0.18627450980392157,-1022.9614184136484
9977,0.25,-912.7586030960083
9978,0.2107843137254902,-875.9987718170764
9979,0.23529411764705882,-912.348518558577
9980,0.22058823529411764,-833.5323685664756
9981,0.24019607843137256,-894.7965366700116
9982,0.25,-910.1623880348953
9983,0.23039215686274508,-966.7754650676952
9984,0.19607843137254902,-920.9265986704359
9985,0.24509803921568626,-756.1041859832465
9986,0.22058823529411764,-1030.4412694818834
9987,0.23529411764705882,-1016.7052991717469
9988,0.20098039215686275,-951.0009224087585
9989,0.19117647058823528,-1148.1158124512317
9990,0.25,-798.7116061752918
9991,0.20588235294117646,-832.626836346645
9992,0.23039215686274508,-994.8856520185284
9993,0.24019607843137256,-974.3316220115213
9994,0.27450980392156865,-820.5100489597695
9995,0.20098039215686275,-1030.2174558639526
9996,0.19607843137254902,-908.5542339063159
9997,0.21568627450980393,-927.3878450393677
9998,0.22549019607843138,-903.3987634509217
9999,0.20588235294117646,-920.3842220399894
